Initializing AMReX (26.09-214-gfe5bcbff5c13)...
MPI initialized with 448 MPI processes
MPI initialized with thread support level 0
AMReX (26.09-214-gfe5bcbff5c13) initialized
AMG setup messages level=0 phase=strength sends=0 bytes=0 collective_rank_calls=448
AMG setup messages level=0 phase=strength-transpose sends=3519 bytes=144134252 collective_rank_calls=448
AMG setup messages level=0 phase=PMIS sends=66692 bytes=420798496 collective_rank_calls=4032
AMG setup messages level=0 phase=numbering sends=0 bytes=0 collective_rank_calls=448
AMG setup messages level=0 phase=interpolation sends=21114 bytes=192675812 collective_rank_calls=448
AMG setup messages level=0 phase=interpolation-transpose sends=7766 bytes=120630208 collective_rank_calls=448
AMG setup messages level=0 phase=A*P sends=11562 bytes=466043600 collective_rank_calls=448
AMG setup messages level=0 phase=R*(A*P) sends=23298 bytes=892177792 collective_rank_calls=448
AMG setup messages level=1 phase=strength sends=0 bytes=0 collective_rank_calls=448
AMG setup messages level=1 phase=strength-transpose sends=8624 bytes=175306760 collective_rank_calls=448
AMG setup messages level=1 phase=PMIS sends=190160 bytes=316390176 collective_rank_calls=4928
AMG setup messages level=1 phase=numbering sends=0 bytes=0 collective_rank_calls=448
AMG setup messages level=1 phase=interpolation sends=51372 bytes=197633776 collective_rank_calls=448
AMG setup messages level=1 phase=interpolation-transpose sends=8727 bytes=99582768 collective_rank_calls=448
AMG setup messages level=1 phase=A*P sends=31002 bytes=569620832 collective_rank_calls=448
AMG setup messages level=1 phase=R*(A*P) sends=26181 bytes=1834559312 collective_rank_calls=448
AMG setup messages level=2 phase=strength sends=0 bytes=0 collective_rank_calls=448
AMG setup messages level=2 phase=strength-transpose sends=10112 bytes=93587088 collective_rank_calls=448
AMG setup messages level=2 phase=PMIS sends=223856 bytes=109198264 collective_rank_calls=4928
AMG setup messages level=2 phase=numbering sends=0 bytes=0 collective_rank_calls=448
AMG setup messages level=2 phase=interpolation sends=59937 bytes=83289408 collective_rank_calls=448
AMG setup messages level=2 phase=interpolation-transpose sends=8817 bytes=27385072 collective_rank_calls=448
AMG setup messages level=2 phase=A*P sends=32988 bytes=222068592 collective_rank_calls=448
AMG setup messages level=2 phase=R*(A*P) sends=26451 bytes=775303200 collective_rank_calls=448
AMG setup messages level=3 phase=strength sends=0 bytes=0 collective_rank_calls=448
AMG setup messages level=3 phase=strength-transpose sends=10197 bytes=19771528 collective_rank_calls=448
AMG setup messages level=3 phase=PMIS sends=226458 bytes=26604664 collective_rank_calls=4928
AMG setup messages level=3 phase=numbering sends=0 bytes=0 collective_rank_calls=448
AMG setup messages level=3 phase=interpolation sends=60456 bytes=21056800 collective_rank_calls=448
AMG setup messages level=3 phase=interpolation-transpose sends=8129 bytes=5491184 collective_rank_calls=448
AMG setup messages level=3 phase=A*P sends=37374 bytes=67077408 collective_rank_calls=448
AMG setup messages level=3 phase=R*(A*P) sends=24387 bytes=196152384 collective_rank_calls=448
AMG setup messages level=4 phase=strength sends=0 bytes=0 collective_rank_calls=448
AMG setup messages level=4 phase=strength-transpose sends=11275 bytes=3515844 collective_rank_calls=448
AMG setup messages level=4 phase=PMIS sends=214560 bytes=6068272 collective_rank_calls=4032
AMG setup messages level=4 phase=numbering sends=0 bytes=0 collective_rank_calls=448
AMG setup messages level=4 phase=interpolation sends=65562 bytes=4884228 collective_rank_calls=448
AMG setup messages level=4 phase=interpolation-transpose sends=6554 bytes=1256992 collective_rank_calls=448
AMG setup messages level=4 phase=A*P sends=78414 bytes=27023680 collective_rank_calls=448
AMG setup messages level=4 phase=R*(A*P) sends=19662 bytes=42390640 collective_rank_calls=448
AMG setup messages level=5 phase=strength sends=0 bytes=0 collective_rank_calls=448
AMG setup messages level=5 phase=strength-transpose sends=7860 bytes=613436 collective_rank_calls=448
AMG setup messages level=5 phase=PMIS sends=131224 bytes=1260968 collective_rank_calls=3136
AMG setup messages level=5 phase=numbering sends=0 bytes=0 collective_rank_calls=448
AMG setup messages level=5 phase=interpolation sends=41721 bytes=800436 collective_rank_calls=448
AMG setup messages level=5 phase=interpolation-transpose sends=3200 bytes=290416 collective_rank_calls=448
AMG setup messages level=5 phase=A*P sends=115692 bytes=9583520 collective_rank_calls=448
AMG setup messages level=5 phase=R*(A*P) sends=9600 bytes=6891984 collective_rank_calls=448
AMG setup messages level=6 phase=strength sends=0 bytes=0 collective_rank_calls=448
AMG setup messages level=6 phase=strength-transpose sends=1517 bytes=112540 collective_rank_calls=448
AMG setup messages level=6 phase=PMIS sends=14770 bytes=166456 collective_rank_calls=1344
AMG setup messages level=6 phase=numbering sends=0 bytes=0 collective_rank_calls=448
AMG setup messages level=6 phase=interpolation sends=6573 bytes=87216 collective_rank_calls=448
AMG setup messages level=6 phase=interpolation-transpose sends=1038 bytes=93504 collective_rank_calls=448
AMG setup messages level=6 phase=A*P sends=34380 bytes=1917968 collective_rank_calls=448
AMG setup messages level=6 phase=R*(A*P) sends=3114 bytes=607776 collective_rank_calls=448
AMG setup messages level=7 phase=strength sends=0 bytes=0 collective_rank_calls=448
AMG setup messages level=7 phase=strength-transpose sends=248 bytes=18412 collective_rank_calls=448
AMG setup messages level=7 phase=PMIS sends=1712 bytes=23252 collective_rank_calls=896
AMG setup messages level=7 phase=numbering sends=0 bytes=0 collective_rank_calls=448
AMG setup messages level=7 phase=interpolation sends=1296 bytes=10848 collective_rank_calls=448
AMG setup messages level=7 phase=interpolation-transpose sends=61 bytes=5376 collective_rank_calls=448
AMG setup messages level=7 phase=A*P sends=1902 bytes=45536 collective_rank_calls=448
AMG setup messages level=7 phase=R*(A*P) sends=183 bytes=6848 collective_rank_calls=448
AMG setup messages level=0 phase=strength sends=0 bytes=0 collective_rank_calls=448
AMG setup messages level=0 phase=strength-transpose sends=3519 bytes=144095864 collective_rank_calls=448
AMG setup messages level=0 phase=PMIS sends=66692 bytes=420754624 collective_rank_calls=4032
AMG setup messages level=0 phase=numbering sends=0 bytes=0 collective_rank_calls=448
AMG setup messages level=0 phase=interpolation sends=21114 bytes=192489864 collective_rank_calls=448
AMG setup messages level=0 phase=interpolation-transpose sends=7779 bytes=121417136 collective_rank_calls=448
AMG setup messages level=0 phase=A*P sends=11562 bytes=465902752 collective_rank_calls=448
AMG setup messages level=0 phase=R*(A*P) sends=23337 bytes=894412752 collective_rank_calls=448
AMG setup messages level=1 phase=strength sends=0 bytes=0 collective_rank_calls=448
AMG setup messages level=1 phase=strength-transpose sends=8605 bytes=175224692 collective_rank_calls=448
AMG setup messages level=1 phase=PMIS sends=189706 bytes=316334032 collective_rank_calls=4928
AMG setup messages level=1 phase=numbering sends=0 bytes=0 collective_rank_calls=448
AMG setup messages level=1 phase=interpolation sends=51339 bytes=197706960 collective_rank_calls=448
AMG setup messages level=1 phase=interpolation-transpose sends=8757 bytes=99471136 collective_rank_calls=448
AMG setup messages level=1 phase=A*P sends=31044 bytes=569940176 collective_rank_calls=448
AMG setup messages level=1 phase=R*(A*P) sends=26271 bytes=1832636400 collective_rank_calls=448
AMG setup messages level=2 phase=strength sends=0 bytes=0 collective_rank_calls=448
AMG setup messages level=2 phase=strength-transpose sends=10119 bytes=93552896 collective_rank_calls=448
AMG setup messages level=2 phase=PMIS sends=224046 bytes=109281712 collective_rank_calls=4928
AMG setup messages level=2 phase=numbering sends=0 bytes=0 collective_rank_calls=448
AMG setup messages level=2 phase=interpolation sends=60021 bytes=83285436 collective_rank_calls=448
AMG setup messages level=2 phase=interpolation-transpose sends=8859 bytes=27378208 collective_rank_calls=448
AMG setup messages level=2 phase=A*P sends=32988 bytes=222056208 collective_rank_calls=448
AMG setup messages level=2 phase=R*(A*P) sends=26577 bytes=777812544 collective_rank_calls=448
AMG setup messages level=3 phase=strength sends=0 bytes=0 collective_rank_calls=448
AMG setup messages level=3 phase=strength-transpose sends=10205 bytes=19721712 collective_rank_calls=448
AMG setup messages level=3 phase=PMIS sends=267780 bytes=31047824 collective_rank_calls=5824
AMG setup messages level=3 phase=numbering sends=0 bytes=0 collective_rank_calls=448
AMG setup messages level=3 phase=interpolation sends=60573 bytes=21107836 collective_rank_calls=448
AMG setup messages level=3 phase=interpolation-transpose sends=8135 bytes=5505520 collective_rank_calls=448
AMG setup messages level=3 phase=A*P sends=37200 bytes=67484256 collective_rank_calls=448
AMG setup messages level=3 phase=R*(A*P) sends=24405 bytes=197704720 collective_rank_calls=448
AMG setup messages level=4 phase=strength sends=0 bytes=0 collective_rank_calls=448
AMG setup messages level=4 phase=strength-transpose sends=11084 bytes=3470112 collective_rank_calls=448
AMG setup messages level=4 phase=PMIS sends=258584 bytes=7283368 collective_rank_calls=4928
AMG setup messages level=4 phase=numbering sends=0 bytes=0 collective_rank_calls=448
AMG setup messages level=4 phase=interpolation sends=64359 bytes=4776540 collective_rank_calls=448
AMG setup messages level=4 phase=interpolation-transpose sends=6510 bytes=1287168 collective_rank_calls=448
AMG setup messages level=4 phase=A*P sends=78270 bytes=27718144 collective_rank_calls=448
AMG setup messages level=4 phase=R*(A*P) sends=19530 bytes=44780800 collective_rank_calls=448
AMG setup messages level=5 phase=strength sends=0 bytes=0 collective_rank_calls=448
AMG setup messages level=5 phase=strength-transpose sends=7310 bytes=617636 collective_rank_calls=448
AMG setup messages level=5 phase=PMIS sends=106536 bytes=1154148 collective_rank_calls=2688
AMG setup messages level=5 phase=numbering sends=0 bytes=0 collective_rank_calls=448
AMG setup messages level=5 phase=interpolation sends=38529 bytes=754060 collective_rank_calls=448
AMG setup messages level=5 phase=interpolation-transpose sends=2920 bytes=303792 collective_rank_calls=448
AMG setup messages level=5 phase=A*P sends=115308 bytes=10179936 collective_rank_calls=448
AMG setup messages level=5 phase=R*(A*P) sends=8760 bytes=7216928 collective_rank_calls=448
AMG setup messages level=6 phase=strength sends=0 bytes=0 collective_rank_calls=448
AMG setup messages level=6 phase=strength-transpose sends=1523 bytes=125824 collective_rank_calls=448
AMG setup messages level=6 phase=PMIS sends=18969 bytes=213888 collective_rank_calls=1792
AMG setup messages level=6 phase=numbering sends=0 bytes=0 collective_rank_calls=448
AMG setup messages level=6 phase=interpolation sends=7074 bytes=89636 collective_rank_calls=448
AMG setup messages level=6 phase=interpolation-transpose sends=861 bytes=78784 collective_rank_calls=448
AMG setup messages level=6 phase=A*P sends=33204 bytes=1957712 collective_rank_calls=448
AMG setup messages level=6 phase=R*(A*P) sends=2583 bytes=906656 collective_rank_calls=448
AMG setup messages level=7 phase=strength sends=0 bytes=0 collective_rank_calls=448
AMG setup messages level=7 phase=strength-transpose sends=259 bytes=21980 collective_rank_calls=448
AMG setup messages level=7 phase=PMIS sends=1795 bytes=28916 collective_rank_calls=896
AMG setup messages level=7 phase=numbering sends=0 bytes=0 collective_rank_calls=448
AMG setup messages level=7 phase=interpolation sends=1269 bytes=10428 collective_rank_calls=448
AMG setup messages level=7 phase=interpolation-transpose sends=93 bytes=9568 collective_rank_calls=448
AMG setup messages level=7 phase=A*P sends=3480 bytes=102272 collective_rank_calls=448
AMG setup messages level=7 phase=R*(A*P) sends=279 bytes=13184 collective_rank_calls=448
AMG setup messages level=0 phase=strength sends=0 bytes=0 collective_rank_calls=448
AMG setup messages level=0 phase=strength-transpose sends=3519 bytes=144076068 collective_rank_calls=448
AMG setup messages level=0 phase=PMIS sends=66692 bytes=420732000 collective_rank_calls=4032
AMG setup messages level=0 phase=numbering sends=0 bytes=0 collective_rank_calls=448
AMG setup messages level=0 phase=interpolation sends=21114 bytes=192484924 collective_rank_calls=448
AMG setup messages level=0 phase=interpolation-transpose sends=7770 bytes=121480432 collective_rank_calls=448
AMG setup messages level=0 phase=A*P sends=11562 bytes=465895632 collective_rank_calls=448
AMG setup messages level=0 phase=R*(A*P) sends=23310 bytes=894723808 collective_rank_calls=448
AMG setup messages level=1 phase=strength sends=0 bytes=0 collective_rank_calls=448
AMG setup messages level=1 phase=strength-transpose sends=8658 bytes=175109368 collective_rank_calls=448
AMG setup messages level=1 phase=PMIS sends=190908 bytes=316165920 collective_rank_calls=4928
AMG setup messages level=1 phase=numbering sends=0 bytes=0 collective_rank_calls=448
AMG setup messages level=1 phase=interpolation sends=51561 bytes=197571532 collective_rank_calls=448
AMG setup messages level=1 phase=interpolation-transpose sends=8743 bytes=99373712 collective_rank_calls=448
AMG setup messages level=1 phase=A*P sends=30876 bytes=570018400 collective_rank_calls=448
AMG setup messages level=1 phase=R*(A*P) sends=26229 bytes=1831109568 collective_rank_calls=448
AMG setup messages level=2 phase=strength sends=0 bytes=0 collective_rank_calls=448
AMG setup messages level=2 phase=strength-transpose sends=10124 bytes=93306996 collective_rank_calls=448
AMG setup messages level=2 phase=PMIS sends=244484 bytes=118261928 collective_rank_calls=5376
AMG setup messages level=2 phase=numbering sends=0 bytes=0 collective_rank_calls=448
AMG setup messages level=2 phase=interpolation sends=60111 bytes=83121636 collective_rank_calls=448
AMG setup messages level=2 phase=interpolation-transpose sends=8811 bytes=27383120 collective_rank_calls=448
AMG setup messages level=2 phase=A*P sends=33000 bytes=222077936 collective_rank_calls=448
AMG setup messages level=2 phase=R*(A*P) sends=26433 bytes=778604976 collective_rank_calls=448
AMG setup messages level=3 phase=strength sends=0 bytes=0 collective_rank_calls=448
AMG setup messages level=3 phase=strength-transpose sends=10184 bytes=19483168 collective_rank_calls=448
AMG setup messages level=3 phase=PMIS sends=225944 bytes=26566376 collective_rank_calls=4928
AMG setup messages level=3 phase=numbering sends=0 bytes=0 collective_rank_calls=448
AMG setup messages level=3 phase=interpolation sends=60357 bytes=20858948 collective_rank_calls=448
AMG setup messages level=3 phase=interpolation-transpose sends=8118 bytes=5532384 collective_rank_calls=448
AMG setup messages level=3 phase=A*P sends=37296 bytes=67793360 collective_rank_calls=448
AMG setup messages level=3 phase=R*(A*P) sends=24354 bytes=198952816 collective_rank_calls=448
AMG setup messages level=4 phase=strength sends=0 bytes=0 collective_rank_calls=448
AMG setup messages level=4 phase=strength-transpose sends=10986 bytes=3324072 collective_rank_calls=448
AMG setup messages level=4 phase=PMIS sends=234416 bytes=6553176 collective_rank_calls=4480
AMG setup messages level=4 phase=numbering sends=0 bytes=0 collective_rank_calls=448
AMG setup messages level=4 phase=interpolation sends=63786 bytes=4556896 collective_rank_calls=448
AMG setup messages level=4 phase=interpolation-transpose sends=6321 bytes=1234064 collective_rank_calls=448
AMG setup messages level=4 phase=A*P sends=79014 bytes=27607600 collective_rank_calls=448
AMG setup messages level=4 phase=R*(A*P) sends=18963 bytes=44600720 collective_rank_calls=448
AMG setup messages level=5 phase=strength sends=0 bytes=0 collective_rank_calls=448
AMG setup messages level=5 phase=strength-transpose sends=6971 bytes=630264 collective_rank_calls=448
AMG setup messages level=5 phase=PMIS sends=119490 bytes=1362208 collective_rank_calls=3136
AMG setup messages level=5 phase=numbering sends=0 bytes=0 collective_rank_calls=448
AMG setup messages level=5 phase=interpolation sends=36354 bytes=674684 collective_rank_calls=448
AMG setup messages level=5 phase=interpolation-transpose sends=3220 bytes=344112 collective_rank_calls=448
AMG setup messages level=5 phase=A*P sends=109242 bytes=10825648 collective_rank_calls=448
AMG setup messages level=5 phase=R*(A*P) sends=9660 bytes=9348192 collective_rank_calls=448
AMG setup messages level=6 phase=strength sends=0 bytes=0 collective_rank_calls=448
AMG setup messages level=6 phase=strength-transpose sends=1764 bytes=139232 collective_rank_calls=448
AMG setup messages level=6 phase=PMIS sends=21552 bytes=250232 collective_rank_calls=1792
AMG setup messages level=6 phase=numbering sends=0 bytes=0 collective_rank_calls=448
AMG setup messages level=6 phase=interpolation sends=8301 bytes=99752 collective_rank_calls=448
AMG setup messages level=6 phase=interpolation-transpose sends=997 bytes=95280 collective_rank_calls=448
AMG setup messages level=6 phase=A*P sends=40560 bytes=2637952 collective_rank_calls=448
AMG setup messages level=6 phase=R*(A*P) sends=2991 bytes=1198960 collective_rank_calls=448
AMG setup messages level=7 phase=strength sends=0 bytes=0 collective_rank_calls=448
AMG setup messages level=7 phase=strength-transpose sends=350 bytes=28312 collective_rank_calls=448
AMG setup messages level=7 phase=PMIS sends=2414 bytes=36680 collective_rank_calls=896
AMG setup messages level=7 phase=numbering sends=0 bytes=0 collective_rank_calls=448
AMG setup messages level=7 phase=interpolation sends=1761 bytes=14584 collective_rank_calls=448
AMG setup messages level=7 phase=interpolation-transpose sends=109 bytes=10784 collective_rank_calls=448
AMG setup messages level=7 phase=A*P sends=5346 bytes=147648 collective_rank_calls=448
AMG setup messages level=7 phase=R*(A*P) sends=327 bytes=14592 collective_rank_calls=448
AMG setup messages level=0 phase=strength sends=0 bytes=0 collective_rank_calls=448
AMG setup messages level=0 phase=strength-transpose sends=3519 bytes=144063076 collective_rank_calls=448
AMG setup messages level=0 phase=PMIS sends=66692 bytes=420717152 collective_rank_calls=4032
AMG setup messages level=0 phase=numbering sends=0 bytes=0 collective_rank_calls=448
AMG setup messages level=0 phase=interpolation sends=21114 bytes=192374860 collective_rank_calls=448
AMG setup messages level=0 phase=interpolation-transpose sends=7770 bytes=121436960 collective_rank_calls=448
AMG setup messages level=0 phase=A*P sends=11562 bytes=465779632 collective_rank_calls=448
AMG setup messages level=0 phase=R*(A*P) sends=23310 bytes=893893440 collective_rank_calls=448
AMG setup messages level=1 phase=strength sends=0 bytes=0 collective_rank_calls=448
AMG setup messages level=1 phase=strength-transpose sends=8612 bytes=175101772 collective_rank_calls=448
AMG setup messages level=1 phase=PMIS sends=172680 bytes=290108236 collective_rank_calls=4480
AMG setup messages level=1 phase=numbering sends=0 bytes=0 collective_rank_calls=448
AMG setup messages level=1 phase=interpolation sends=51312 bytes=197614112 collective_rank_calls=448
AMG setup messages level=1 phase=interpolation-transpose sends=8739 bytes=99415856 collective_rank_calls=448
AMG setup messages level=1 phase=A*P sends=30972 bytes=570144976 collective_rank_calls=448
AMG setup messages level=1 phase=R*(A*P) sends=26217 bytes=1832444112 collective_rank_calls=448
AMG setup messages level=2 phase=strength sends=0 bytes=0 collective_rank_calls=448
AMG setup messages level=2 phase=strength-transpose sends=10116 bytes=93133532 collective_rank_calls=448
AMG setup messages level=2 phase=PMIS sends=244370 bytes=118321108 collective_rank_calls=5376
AMG setup messages level=2 phase=numbering sends=0 bytes=0 collective_rank_calls=448
AMG setup messages level=2 phase=interpolation sends=60114 bytes=83019148 collective_rank_calls=448
AMG setup messages level=2 phase=interpolation-transpose sends=8846 bytes=27460896 collective_rank_calls=448
AMG setup messages level=2 phase=A*P sends=32994 bytes=222213680 collective_rank_calls=448
AMG setup messages level=2 phase=R*(A*P) sends=26538 bytes=779734704 collective_rank_calls=448
AMG setup messages level=3 phase=strength sends=0 bytes=0 collective_rank_calls=448
AMG setup messages level=3 phase=strength-transpose sends=10205 bytes=19213256 collective_rank_calls=448
AMG setup messages level=3 phase=PMIS sends=226874 bytes=26549360 collective_rank_calls=4928
AMG setup messages level=3 phase=numbering sends=0 bytes=0 collective_rank_calls=448
AMG setup messages level=3 phase=interpolation sends=60420 bytes=20746924 collective_rank_calls=448
AMG setup messages level=3 phase=interpolation-transpose sends=8163 bytes=5566624 collective_rank_calls=448
AMG setup messages level=3 phase=A*P sends=37386 bytes=67849296 collective_rank_calls=448
AMG setup messages level=3 phase=R*(A*P) sends=24489 bytes=202432480 collective_rank_calls=448
AMG setup messages level=4 phase=strength sends=0 bytes=0 collective_rank_calls=448
AMG setup messages level=4 phase=strength-transpose sends=10758 bytes=3180620 collective_rank_calls=448
AMG setup messages level=4 phase=PMIS sends=184188 bytes=5334396 collective_rank_calls=3584
AMG setup messages level=4 phase=numbering sends=0 bytes=0 collective_rank_calls=448
AMG setup messages level=4 phase=interpolation sends=61992 bytes=4307196 collective_rank_calls=448
AMG setup messages level=4 phase=interpolation-transpose sends=6318 bytes=1259664 collective_rank_calls=448
AMG setup messages level=4 phase=A*P sends=78258 bytes=27972560 collective_rank_calls=448
AMG setup messages level=4 phase=R*(A*P) sends=18954 bytes=45345904 collective_rank_calls=448
AMG setup messages level=5 phase=strength sends=0 bytes=0 collective_rank_calls=448
AMG setup messages level=5 phase=strength-transpose sends=7009 bytes=618944 collective_rank_calls=448
AMG setup messages level=5 phase=PMIS sends=103281 bytes=1180580 collective_rank_calls=2688
AMG setup messages level=5 phase=numbering sends=0 bytes=0 collective_rank_calls=448
AMG setup messages level=5 phase=interpolation sends=36495 bytes=650656 collective_rank_calls=448
AMG setup messages level=5 phase=interpolation-transpose sends=2754 bytes=271712 collective_rank_calls=448
AMG setup messages level=5 phase=A*P sends=113460 bytes=9987328 collective_rank_calls=448
AMG setup messages level=5 phase=R*(A*P) sends=8262 bytes=8518560 collective_rank_calls=448
AMG setup messages level=6 phase=strength sends=0 bytes=0 collective_rank_calls=448
AMG setup messages level=6 phase=strength-transpose sends=1777 bytes=178664 collective_rank_calls=448
AMG setup messages level=6 phase=PMIS sends=22091 bytes=331308 collective_rank_calls=1792
AMG setup messages level=6 phase=numbering sends=0 bytes=0 collective_rank_calls=448
AMG setup messages level=6 phase=interpolation sends=8526 bytes=114420 collective_rank_calls=448
AMG setup messages level=6 phase=interpolation-transpose sends=1219 bytes=154832 collective_rank_calls=448
AMG setup messages level=6 phase=A*P sends=35154 bytes=3493216 collective_rank_calls=448
AMG setup messages level=6 phase=R*(A*P) sends=3657 bytes=1681008 collective_rank_calls=448
AMG setup messages level=7 phase=strength sends=0 bytes=0 collective_rank_calls=448
AMG setup messages level=7 phase=strength-transpose sends=573 bytes=48900 collective_rank_calls=448
AMG setup messages level=7 phase=PMIS sends=3921 bytes=64092 collective_rank_calls=896
AMG setup messages level=7 phase=numbering sends=0 bytes=0 collective_rank_calls=448
AMG setup messages level=7 phase=interpolation sends=3084 bytes=26020 collective_rank_calls=448
AMG setup messages level=7 phase=interpolation-transpose sends=112 bytes=11872 collective_rank_calls=448
AMG setup messages level=7 phase=A*P sends=5232 bytes=155328 collective_rank_calls=448
AMG setup messages level=7 phase=R*(A*P) sends=336 bytes=16576 collective_rank_calls=448
AMG setup messages level=0 phase=strength sends=0 bytes=0 collective_rank_calls=448
AMG setup messages level=0 phase=strength-transpose sends=3519 bytes=144052072 collective_rank_calls=448
AMG setup messages level=0 phase=PMIS sends=66692 bytes=420704480 collective_rank_calls=4032
AMG setup messages level=0 phase=numbering sends=0 bytes=0 collective_rank_calls=448
AMG setup messages level=0 phase=interpolation sends=21114 bytes=192453560 collective_rank_calls=448
AMG setup messages level=0 phase=interpolation-transpose sends=7768 bytes=121434864 collective_rank_calls=448
AMG setup messages level=0 phase=A*P sends=11562 bytes=465846896 collective_rank_calls=448
AMG setup messages level=0 phase=R*(A*P) sends=23304 bytes=894272768 collective_rank_calls=448
AMG setup messages level=1 phase=strength sends=0 bytes=0 collective_rank_calls=448
AMG setup messages level=1 phase=strength-transpose sends=8609 bytes=174974772 collective_rank_calls=448
AMG setup messages level=1 phase=PMIS sends=189746 bytes=316185648 collective_rank_calls=4928
AMG setup messages level=1 phase=numbering sends=0 bytes=0 collective_rank_calls=448
AMG setup messages level=1 phase=interpolation sends=51357 bytes=197511840 collective_rank_calls=448
AMG setup messages level=1 phase=interpolation-transpose sends=8761 bytes=99306384 collective_rank_calls=448
AMG setup messages level=1 phase=A*P sends=31002 bytes=569843984 collective_rank_calls=448
AMG setup messages level=1 phase=R*(A*P) sends=26283 bytes=1831548496 collective_rank_calls=448
AMG setup messages level=2 phase=strength sends=0 bytes=0 collective_rank_calls=448
AMG setup messages level=2 phase=strength-transpose sends=10060 bytes=92816824 collective_rank_calls=448
AMG setup messages level=2 phase=PMIS sends=243078 bytes=118337844 collective_rank_calls=5376
AMG setup messages level=2 phase=numbering sends=0 bytes=0 collective_rank_calls=448
AMG setup messages level=2 phase=interpolation sends=59709 bytes=83012004 collective_rank_calls=448
AMG setup messages level=2 phase=interpolation-transpose sends=8830 bytes=27497696 collective_rank_calls=448
AMG setup messages level=2 phase=A*P sends=32988 bytes=222387952 collective_rank_calls=448
AMG setup messages level=2 phase=R*(A*P) sends=26490 bytes=783154864 collective_rank_calls=448
AMG setup messages level=3 phase=strength sends=0 bytes=0 collective_rank_calls=448
AMG setup messages level=3 phase=strength-transpose sends=10214 bytes=18949096 collective_rank_calls=448
AMG setup messages level=3 phase=PMIS sends=227084 bytes=26578816 collective_rank_calls=4928
AMG setup messages level=3 phase=numbering sends=0 bytes=0 collective_rank_calls=448
AMG setup messages level=3 phase=interpolation sends=60618 bytes=20631436 collective_rank_calls=448
AMG setup messages level=3 phase=interpolation-transpose sends=8101 bytes=5615248 collective_rank_calls=448
AMG setup messages level=3 phase=A*P sends=37368 bytes=68208480 collective_rank_calls=448
AMG setup messages level=3 phase=R*(A*P) sends=24303 bytes=206104864 collective_rank_calls=448
AMG setup messages level=4 phase=strength sends=0 bytes=0 collective_rank_calls=448
AMG setup messages level=4 phase=strength-transpose sends=10400 bytes=2950484 collective_rank_calls=448
AMG setup messages level=4 phase=PMIS sends=179180 bytes=5141288 collective_rank_calls=3584
AMG setup messages level=4 phase=numbering sends=0 bytes=0 collective_rank_calls=448
AMG setup messages level=4 phase=interpolation sends=59637 bytes=3888028 collective_rank_calls=448
AMG setup messages level=4 phase=interpolation-transpose sends=6497 bytes=1254144 collective_rank_calls=448
AMG setup messages level=4 phase=A*P sends=79512 bytes=28232640 collective_rank_calls=448
AMG setup messages level=4 phase=R*(A*P) sends=19491 bytes=46990864 collective_rank_calls=448
AMG setup messages level=5 phase=strength sends=0 bytes=0 collective_rank_calls=448
AMG setup messages level=5 phase=strength-transpose sends=6813 bytes=562620 collective_rank_calls=448
AMG setup messages level=5 phase=PMIS sends=100033 bytes=1088748 collective_rank_calls=2688
AMG setup messages level=5 phase=numbering sends=0 bytes=0 collective_rank_calls=448
AMG setup messages level=5 phase=interpolation sends=35124 bytes=556604 collective_rank_calls=448
AMG setup messages level=5 phase=interpolation-transpose sends=2500 bytes=249584 collective_rank_calls=448
AMG setup messages level=5 phase=A*P sends=117102 bytes=9765632 collective_rank_calls=448
AMG setup messages level=5 phase=R*(A*P) sends=7500 bytes=8469552 collective_rank_calls=448
AMG setup messages level=6 phase=strength sends=0 bytes=0 collective_rank_calls=448
AMG setup messages level=6 phase=strength-transpose sends=1752 bytes=177560 collective_rank_calls=448
AMG setup messages level=6 phase=PMIS sends=22116 bytes=328892 collective_rank_calls=1792
AMG setup messages level=6 phase=numbering sends=0 bytes=0 collective_rank_calls=448
AMG setup messages level=6 phase=interpolation sends=8301 bytes=105280 collective_rank_calls=448
AMG setup messages level=6 phase=interpolation-transpose sends=985 bytes=116544 collective_rank_calls=448
AMG setup messages level=6 phase=A*P sends=39918 bytes=3050880 collective_rank_calls=448
AMG setup messages level=6 phase=R*(A*P) sends=2955 bytes=1256928 collective_rank_calls=448
AMG setup messages level=7 phase=strength sends=0 bytes=0 collective_rank_calls=448
AMG setup messages level=7 phase=strength-transpose sends=313 bytes=32504 collective_rank_calls=448
AMG setup messages level=7 phase=PMIS sends=2161 bytes=44792 collective_rank_calls=896
AMG setup messages level=7 phase=numbering sends=0 bytes=0 collective_rank_calls=448
AMG setup messages level=7 phase=interpolation sends=1569 bytes=12980 collective_rank_calls=448
AMG setup messages level=7 phase=interpolation-transpose sends=103 bytes=13216 collective_rank_calls=448
AMG setup messages level=7 phase=A*P sends=4338 bytes=156096 collective_rank_calls=448
AMG setup messages level=7 phase=R*(A*P) sends=309 bytes=19840 collective_rank_calls=448
AMG setup messages level=0 phase=strength sends=0 bytes=0 collective_rank_calls=448
AMG setup messages level=0 phase=strength-transpose sends=3519 bytes=144032220 collective_rank_calls=448
AMG setup messages level=0 phase=PMIS sends=66692 bytes=420667200 collective_rank_calls=4032
AMG setup messages level=0 phase=numbering sends=0 bytes=0 collective_rank_calls=448
AMG setup messages level=0 phase=interpolation sends=21114 bytes=192293716 collective_rank_calls=448
AMG setup messages level=0 phase=interpolation-transpose sends=7766 bytes=121411216 collective_rank_calls=448
AMG setup messages level=0 phase=A*P sends=11562 bytes=465730256 collective_rank_calls=448
AMG setup messages level=0 phase=R*(A*P) sends=23298 bytes=893708400 collective_rank_calls=448
AMG setup messages level=1 phase=strength sends=0 bytes=0 collective_rank_calls=448
AMG setup messages level=1 phase=strength-transpose sends=8604 bytes=174876684 collective_rank_calls=448
AMG setup messages level=1 phase=PMIS sends=189600 bytes=316063680 collective_rank_calls=4928
AMG setup messages level=1 phase=numbering sends=0 bytes=0 collective_rank_calls=448
AMG setup messages level=1 phase=interpolation sends=51246 bytes=197498540 collective_rank_calls=448
AMG setup messages level=1 phase=interpolation-transpose sends=8750 bytes=99306272 collective_rank_calls=448
AMG setup messages level=1 phase=A*P sends=30972 bytes=569943152 collective_rank_calls=448
AMG setup messages level=1 phase=R*(A*P) sends=26250 bytes=1831452688 collective_rank_calls=448
AMG setup messages level=2 phase=strength sends=0 bytes=0 collective_rank_calls=448
AMG setup messages level=2 phase=strength-transpose sends=10038 bytes=92595652 collective_rank_calls=448
AMG setup messages level=2 phase=PMIS sends=222588 bytes=109291552 collective_rank_calls=4928
AMG setup messages level=2 phase=numbering sends=0 bytes=0 collective_rank_calls=448
AMG setup messages level=2 phase=interpolation sends=59586 bytes=82828968 collective_rank_calls=448
AMG setup messages level=2 phase=interpolation-transpose sends=8838 bytes=27520000 collective_rank_calls=448
AMG setup messages level=2 phase=A*P sends=32988 bytes=222731472 collective_rank_calls=448
AMG setup messages level=2 phase=R*(A*P) sends=26514 bytes=785835888 collective_rank_calls=448
AMG setup messages level=3 phase=strength sends=0 bytes=0 collective_rank_calls=448
AMG setup messages level=3 phase=strength-transpose sends=10171 bytes=18598076 collective_rank_calls=448
AMG setup messages level=3 phase=PMIS sends=247211 bytes=28733252 collective_rank_calls=5376
AMG setup messages level=3 phase=numbering sends=0 bytes=0 collective_rank_calls=448
AMG setup messages level=3 phase=interpolation sends=60300 bytes=20316820 collective_rank_calls=448
AMG setup messages level=3 phase=interpolation-transpose sends=8152 bytes=5689056 collective_rank_calls=448
AMG setup messages level=3 phase=A*P sends=37584 bytes=68489552 collective_rank_calls=448
AMG setup messages level=3 phase=R*(A*P) sends=24456 bytes=210662704 collective_rank_calls=448
AMG setup messages level=4 phase=strength sends=0 bytes=0 collective_rank_calls=448
AMG setup messages level=4 phase=strength-transpose sends=10198 bytes=2687532 collective_rank_calls=448
AMG setup messages level=4 phase=PMIS sends=199184 bytes=5392336 collective_rank_calls=4032
AMG setup messages level=4 phase=numbering sends=0 bytes=0 collective_rank_calls=448
AMG setup messages level=4 phase=interpolation sends=58266 bytes=3437848 collective_rank_calls=448
AMG setup messages level=4 phase=interpolation-transpose sends=6222 bytes=1208416 collective_rank_calls=448
AMG setup messages level=4 phase=A*P sends=79506 bytes=28159664 collective_rank_calls=448
AMG setup messages level=4 phase=R*(A*P) sends=18666 bytes=45902816 collective_rank_calls=448
AMG setup messages level=5 phase=strength sends=0 bytes=0 collective_rank_calls=448
AMG setup messages level=5 phase=strength-transpose sends=5749 bytes=494440 collective_rank_calls=448
AMG setup messages level=5 phase=PMIS sends=85767 bytes=965544 collective_rank_calls=2688
AMG setup messages level=5 phase=numbering sends=0 bytes=0 collective_rank_calls=448
AMG setup messages level=5 phase=interpolation sends=29409 bytes=468500 collective_rank_calls=448
AMG setup messages level=5 phase=interpolation-transpose sends=2324 bytes=249200 collective_rank_calls=448
AMG setup messages level=5 phase=A*P sends=108984 bytes=9603200 collective_rank_calls=448
AMG setup messages level=5 phase=R*(A*P) sends=6972 bytes=8295552 collective_rank_calls=448
AMG setup messages level=6 phase=strength sends=0 bytes=0 collective_rank_calls=448
AMG setup messages level=6 phase=strength-transpose sends=1401 bytes=154656 collective_rank_calls=448
AMG setup messages level=6 phase=PMIS sends=21552 bytes=312576 collective_rank_calls=2240
AMG setup messages level=6 phase=numbering sends=0 bytes=0 collective_rank_calls=448
AMG setup messages level=6 phase=interpolation sends=7059 bytes=89080 collective_rank_calls=448
AMG setup messages level=6 phase=interpolation-transpose sends=971 bytes=110096 collective_rank_calls=448
AMG setup messages level=6 phase=A*P sends=40668 bytes=2852176 collective_rank_calls=448
AMG setup messages level=6 phase=R*(A*P) sends=2913 bytes=1273856 collective_rank_calls=448
AMG setup messages level=7 phase=strength sends=0 bytes=0 collective_rank_calls=448
AMG setup messages level=7 phase=strength-transpose sends=329 bytes=34876 collective_rank_calls=448
AMG setup messages level=7 phase=PMIS sends=2279 bytes=48316 collective_rank_calls=896
AMG setup messages level=7 phase=numbering sends=0 bytes=0 collective_rank_calls=448
AMG setup messages level=7 phase=interpolation sends=1698 bytes=14164 collective_rank_calls=448
AMG setup messages level=7 phase=interpolation-transpose sends=88 bytes=11216 collective_rank_calls=448
AMG setup messages level=7 phase=A*P sends=4602 bytes=171840 collective_rank_calls=448
AMG setup messages level=7 phase=R*(A*P) sends=264 bytes=16800 collective_rank_calls=448
AMG setup messages level=0 phase=strength sends=0 bytes=0 collective_rank_calls=448
AMG setup messages level=0 phase=strength-transpose sends=3519 bytes=144008336 collective_rank_calls=448
AMG setup messages level=0 phase=PMIS sends=74065 bytes=462236896 collective_rank_calls=4480
AMG setup messages level=0 phase=numbering sends=0 bytes=0 collective_rank_calls=448
AMG setup messages level=0 phase=interpolation sends=21114 bytes=192361072 collective_rank_calls=448
AMG setup messages level=0 phase=interpolation-transpose sends=7771 bytes=121378752 collective_rank_calls=448
AMG setup messages level=0 phase=A*P sends=11562 bytes=465706528 collective_rank_calls=448
AMG setup messages level=0 phase=R*(A*P) sends=23313 bytes=893677936 collective_rank_calls=448
AMG setup messages level=1 phase=strength sends=0 bytes=0 collective_rank_calls=448
AMG setup messages level=1 phase=strength-transpose sends=8635 bytes=174686360 collective_rank_calls=448
AMG setup messages level=1 phase=PMIS sends=190270 bytes=315915144 collective_rank_calls=4928
AMG setup messages level=1 phase=numbering sends=0 bytes=0 collective_rank_calls=448
AMG setup messages level=1 phase=interpolation sends=51435 bytes=197335792 collective_rank_calls=448
AMG setup messages level=1 phase=interpolation-transpose sends=8753 bytes=99312640 collective_rank_calls=448
AMG setup messages level=1 phase=A*P sends=30924 bytes=569549072 collective_rank_calls=448
AMG setup messages level=1 phase=R*(A*P) sends=26259 bytes=1831378080 collective_rank_calls=448
AMG setup messages level=2 phase=strength sends=0 bytes=0 collective_rank_calls=448
AMG setup messages level=2 phase=strength-transpose sends=10090 bytes=92357180 collective_rank_calls=448
AMG setup messages level=2 phase=PMIS sends=223636 bytes=109454032 collective_rank_calls=4928
AMG setup messages level=2 phase=numbering sends=0 bytes=0 collective_rank_calls=448
AMG setup messages level=2 phase=interpolation sends=59853 bytes=82898648 collective_rank_calls=448
AMG setup messages level=2 phase=interpolation-transpose sends=8828 bytes=27570496 collective_rank_calls=448
AMG setup messages level=2 phase=A*P sends=32988 bytes=222987104 collective_rank_calls=448
AMG setup messages level=2 phase=R*(A*P) sends=26484 bytes=789641760 collective_rank_calls=448
AMG setup messages level=3 phase=strength sends=0 bytes=0 collective_rank_calls=448
AMG setup messages level=3 phase=strength-transpose sends=10122 bytes=18292500 collective_rank_calls=448
AMG setup messages level=3 phase=PMIS sends=245918 bytes=28723044 collective_rank_calls=5376
AMG setup messages level=3 phase=numbering sends=0 bytes=0 collective_rank_calls=448
AMG setup messages level=3 phase=interpolation sends=60012 bytes=20144680 collective_rank_calls=448
AMG setup messages level=3 phase=interpolation-transpose sends=8165 bytes=5710832 collective_rank_calls=448
AMG setup messages level=3 phase=A*P sends=37404 bytes=68991056 collective_rank_calls=448
AMG setup messages level=3 phase=R*(A*P) sends=24495 bytes=215114640 collective_rank_calls=448
AMG setup messages level=4 phase=strength sends=0 bytes=0 collective_rank_calls=448
AMG setup messages level=4 phase=strength-transpose sends=9811 bytes=2500776 collective_rank_calls=448
AMG setup messages level=4 phase=PMIS sends=171169 bytes=4656308 collective_rank_calls=3584
AMG setup messages level=4 phase=numbering sends=0 bytes=0 collective_rank_calls=448
AMG setup messages level=4 phase=interpolation sends=55953 bytes=3070892 collective_rank_calls=448
AMG setup messages level=4 phase=interpolation-transpose sends=6317 bytes=1193216 collective_rank_calls=448
AMG setup messages level=4 phase=A*P sends=79596 bytes=28049520 collective_rank_calls=448
AMG setup messages level=4 phase=R*(A*P) sends=18951 bytes=47377520 collective_rank_calls=448
AMG setup messages level=5 phase=strength sends=0 bytes=0 collective_rank_calls=448
AMG setup messages level=5 phase=strength-transpose sends=5317 bytes=439152 collective_rank_calls=448
AMG setup messages level=5 phase=PMIS sends=92846 bytes=982256 collective_rank_calls=3136
AMG setup messages level=5 phase=numbering sends=0 bytes=0 collective_rank_calls=448
AMG setup messages level=5 phase=interpolation sends=27126 bytes=408756 collective_rank_calls=448
AMG setup messages level=5 phase=interpolation-transpose sends=2230 bytes=219008 collective_rank_calls=448
AMG setup messages level=5 phase=A*P sends=108936 bytes=9061296 collective_rank_calls=448
AMG setup messages level=5 phase=R*(A*P) sends=6690 bytes=8268672 collective_rank_calls=448
AMG setup messages level=6 phase=strength sends=0 bytes=0 collective_rank_calls=448
AMG setup messages level=6 phase=strength-transpose sends=1650 bytes=176500 collective_rank_calls=448
AMG setup messages level=6 phase=PMIS sends=15908 bytes=280376 collective_rank_calls=1344
AMG setup messages level=6 phase=numbering sends=0 bytes=0 collective_rank_calls=448
AMG setup messages level=6 phase=interpolation sends=7851 bytes=85528 collective_rank_calls=448
AMG setup messages level=6 phase=interpolation-transpose sends=790 bytes=99760 collective_rank_calls=448
AMG setup messages level=6 phase=A*P sends=43680 bytes=2859920 collective_rank_calls=448
AMG setup messages level=6 phase=R*(A*P) sends=2370 bytes=760128 collective_rank_calls=448
AMG setup messages level=7 phase=strength sends=0 bytes=0 collective_rank_calls=448
AMG setup messages level=7 phase=strength-transpose sends=268 bytes=22352 collective_rank_calls=448
AMG setup messages level=7 phase=PMIS sends=2640 bytes=35888 collective_rank_calls=1344
AMG setup messages level=7 phase=numbering sends=0 bytes=0 collective_rank_calls=448
AMG setup messages level=7 phase=interpolation sends=1344 bytes=11120 collective_rank_calls=448
AMG setup messages level=7 phase=interpolation-transpose sends=64 bytes=7040 collective_rank_calls=448
AMG setup messages level=7 phase=A*P sends=3102 bytes=96960 collective_rank_calls=448
AMG setup messages level=7 phase=R*(A*P) sends=192 bytes=18464 collective_rank_calls=448
AMG setup messages level=8 phase=strength sends=0 bytes=0 collective_rank_calls=448
AMG setup messages level=8 phase=strength-transpose sends=24 bytes=2080 collective_rank_calls=448
AMG setup messages level=8 phase=PMIS sends=156 bytes=2640 collective_rank_calls=896
AMG setup messages level=8 phase=numbering sends=0 bytes=0 collective_rank_calls=448
AMG setup messages level=8 phase=interpolation sends=72 bytes=500 collective_rank_calls=448
AMG setup messages level=8 phase=interpolation-transpose sends=22 bytes=2384 collective_rank_calls=448
AMG setup messages level=8 phase=A*P sends=276 bytes=8352 collective_rank_calls=448
AMG setup messages level=8 phase=R*(A*P) sends=66 bytes=3360 collective_rank_calls=448
AMG setup messages level=0 phase=strength sends=0 bytes=0 collective_rank_calls=448
AMG setup messages level=0 phase=strength-transpose sends=3519 bytes=143979860 collective_rank_calls=448
AMG setup messages level=0 phase=PMIS sends=66692 bytes=420546496 collective_rank_calls=4032
AMG setup messages level=0 phase=numbering sends=0 bytes=0 collective_rank_calls=448
AMG setup messages level=0 phase=interpolation sends=21114 bytes=192323452 collective_rank_calls=448
AMG setup messages level=0 phase=interpolation-transpose sends=7775 bytes=121316720 collective_rank_calls=448
AMG setup messages level=0 phase=A*P sends=11562 bytes=465717904 collective_rank_calls=448
AMG setup messages level=0 phase=R*(A*P) sends=23325 bytes=893412528 collective_rank_calls=448
AMG setup messages level=1 phase=strength sends=0 bytes=0 collective_rank_calls=448
AMG setup messages level=1 phase=strength-transpose sends=8612 bytes=174571520 collective_rank_calls=448
AMG setup messages level=1 phase=PMIS sends=189920 bytes=315879040 collective_rank_calls=4928
AMG setup messages level=1 phase=numbering sends=0 bytes=0 collective_rank_calls=448
AMG setup messages level=1 phase=interpolation sends=51333 bytes=197287548 collective_rank_calls=448
AMG setup messages level=1 phase=interpolation-transpose sends=8765 bytes=99304464 collective_rank_calls=448
AMG setup messages level=1 phase=A*P sends=31032 bytes=569565904 collective_rank_calls=448
AMG setup messages level=1 phase=R*(A*P) sends=26295 bytes=1833083728 collective_rank_calls=448
AMG setup messages level=2 phase=strength sends=0 bytes=0 collective_rank_calls=448
AMG setup messages level=2 phase=strength-transpose sends=10078 bytes=92141660 collective_rank_calls=448
AMG setup messages level=2 phase=PMIS sends=243692 bytes=118614764 collective_rank_calls=5376
AMG setup messages level=2 phase=numbering sends=0 bytes=0 collective_rank_calls=448
AMG setup messages level=2 phase=interpolation sends=59820 bytes=82900500 collective_rank_calls=448
AMG setup messages level=2 phase=interpolation-transpose sends=8820 bytes=27660032 collective_rank_calls=448
AMG setup messages level=2 phase=A*P sends=32988 bytes=223464656 collective_rank_calls=448
AMG setup messages level=2 phase=R*(A*P) sends=26460 bytes=793019616 collective_rank_calls=448
AMG setup messages level=3 phase=strength sends=0 bytes=0 collective_rank_calls=448
AMG setup messages level=3 phase=strength-transpose sends=10116 bytes=18143396 collective_rank_calls=448
AMG setup messages level=3 phase=PMIS sends=266768 bytes=30949104 collective_rank_calls=5824
AMG setup messages level=3 phase=numbering sends=0 bytes=0 collective_rank_calls=448
AMG setup messages level=3 phase=interpolation sends=59883 bytes=20108148 collective_rank_calls=448
AMG setup messages level=3 phase=interpolation-transpose sends=8229 bytes=5756816 collective_rank_calls=448
AMG setup messages level=3 phase=A*P sends=37356 bytes=69184352 collective_rank_calls=448
AMG setup messages level=3 phase=R*(A*P) sends=24687 bytes=217709792 collective_rank_calls=448
AMG setup messages level=4 phase=strength sends=0 bytes=0 collective_rank_calls=448
AMG setup messages level=4 phase=strength-transpose sends=9953 bytes=2609876 collective_rank_calls=448
AMG setup messages level=4 phase=PMIS sends=152006 bytes=4288616 collective_rank_calls=3136
AMG setup messages level=4 phase=numbering sends=0 bytes=0 collective_rank_calls=448
AMG setup messages level=4 phase=interpolation sends=56658 bytes=3305072 collective_rank_calls=448
AMG setup messages level=4 phase=interpolation-transpose sends=5907 bytes=1212528 collective_rank_calls=448
AMG setup messages level=4 phase=A*P sends=80328 bytes=28822352 collective_rank_calls=448
AMG setup messages level=4 phase=R*(A*P) sends=17721 bytes=46881104 collective_rank_calls=448
AMG setup messages level=5 phase=strength sends=0 bytes=0 collective_rank_calls=448
AMG setup messages level=5 phase=strength-transpose sends=5322 bytes=486944 collective_rank_calls=448
AMG setup messages level=5 phase=PMIS sends=92508 bytes=1054120 collective_rank_calls=3136
AMG setup messages level=5 phase=numbering sends=0 bytes=0 collective_rank_calls=448
AMG setup messages level=5 phase=interpolation sends=27375 bytes=473344 collective_rank_calls=448
AMG setup messages level=5 phase=interpolation-transpose sends=2317 bytes=244624 collective_rank_calls=448
AMG setup messages level=5 phase=A*P sends=106842 bytes=9427776 collective_rank_calls=448
AMG setup messages level=5 phase=R*(A*P) sends=6951 bytes=9053328 collective_rank_calls=448
AMG setup messages level=6 phase=strength sends=0 bytes=0 collective_rank_calls=448
AMG setup messages level=6 phase=strength-transpose sends=1624 bytes=180160 collective_rank_calls=448
AMG setup messages level=6 phase=PMIS sends=15472 bytes=277848 collective_rank_calls=1344
AMG setup messages level=6 phase=numbering sends=0 bytes=0 collective_rank_calls=448
AMG setup messages level=6 phase=interpolation sends=8070 bytes=87528 collective_rank_calls=448
AMG setup messages level=6 phase=interpolation-transpose sends=657 bytes=109360 collective_rank_calls=448
AMG setup messages level=6 phase=A*P sends=43068 bytes=2878928 collective_rank_calls=448
AMG setup messages level=6 phase=R*(A*P) sends=1971 bytes=377744 collective_rank_calls=448
AMG setup messages level=7 phase=strength sends=0 bytes=0 collective_rank_calls=448
AMG setup messages level=7 phase=strength-transpose sends=62 bytes=5576 collective_rank_calls=448
AMG setup messages level=7 phase=PMIS sends=604 bytes=8496 collective_rank_calls=1344
AMG setup messages level=7 phase=numbering sends=0 bytes=0 collective_rank_calls=448
AMG setup messages level=7 phase=interpolation sends=297 bytes=3336 collective_rank_calls=448
AMG setup messages level=7 phase=interpolation-transpose sends=55 bytes=5712 collective_rank_calls=448
AMG setup messages level=7 phase=A*P sends=618 bytes=28624 collective_rank_calls=448
AMG setup messages level=7 phase=R*(A*P) sends=165 bytes=11856 collective_rank_calls=448
AMG setup messages level=0 phase=strength sends=0 bytes=0 collective_rank_calls=448
AMG setup messages level=0 phase=strength-transpose sends=3519 bytes=143951916 collective_rank_calls=448
AMG setup messages level=0 phase=PMIS sends=66692 bytes=420477312 collective_rank_calls=4032
AMG setup messages level=0 phase=numbering sends=0 bytes=0 collective_rank_calls=448
AMG setup messages level=0 phase=interpolation sends=21114 bytes=192195828 collective_rank_calls=448
AMG setup messages level=0 phase=interpolation-transpose sends=7775 bytes=121224576 collective_rank_calls=448
AMG setup messages level=0 phase=A*P sends=11562 bytes=465582288 collective_rank_calls=448
AMG setup messages level=0 phase=R*(A*P) sends=23325 bytes=893056096 collective_rank_calls=448
AMG setup messages level=1 phase=strength sends=0 bytes=0 collective_rank_calls=448
AMG setup messages level=1 phase=strength-transpose sends=8644 bytes=174404844 collective_rank_calls=448
AMG setup messages level=1 phase=PMIS sends=190600 bytes=315788856 collective_rank_calls=4928
AMG setup messages level=1 phase=numbering sends=0 bytes=0 collective_rank_calls=448
AMG setup messages level=1 phase=interpolation sends=51492 bytes=197194356 collective_rank_calls=448
AMG setup messages level=1 phase=interpolation-transpose sends=8752 bytes=99128272 collective_rank_calls=448
AMG setup messages level=1 phase=A*P sends=30888 bytes=569314112 collective_rank_calls=448
AMG setup messages level=1 phase=R*(A*P) sends=26256 bytes=1831223904 collective_rank_calls=448
AMG setup messages level=2 phase=strength sends=0 bytes=0 collective_rank_calls=448
AMG setup messages level=2 phase=strength-transpose sends=10090 bytes=91935652 collective_rank_calls=448
AMG setup messages level=2 phase=PMIS sends=243772 bytes=118655064 collective_rank_calls=5376
AMG setup messages level=2 phase=numbering sends=0 bytes=0 collective_rank_calls=448
AMG setup messages level=2 phase=interpolation sends=59859 bytes=82964344 collective_rank_calls=448
AMG setup messages level=2 phase=interpolation-transpose sends=8828 bytes=27707440 collective_rank_calls=448
AMG setup messages level=2 phase=A*P sends=33000 bytes=223802656 collective_rank_calls=448
AMG setup messages level=2 phase=R*(A*P) sends=26484 bytes=793974656 collective_rank_calls=448
AMG setup messages level=3 phase=strength sends=0 bytes=0 collective_rank_calls=448
AMG setup messages level=3 phase=strength-transpose sends=10129 bytes=18030524 collective_rank_calls=448
AMG setup messages level=3 phase=PMIS sends=246567 bytes=28729076 collective_rank_calls=5376
AMG setup messages level=3 phase=numbering sends=0 bytes=0 collective_rank_calls=448
AMG setup messages level=3 phase=interpolation sends=60075 bytes=20157140 collective_rank_calls=448
AMG setup messages level=3 phase=interpolation-transpose sends=8119 bytes=5788928 collective_rank_calls=448
AMG setup messages level=3 phase=A*P sends=37236 bytes=69454464 collective_rank_calls=448
AMG setup messages level=3 phase=R*(A*P) sends=24357 bytes=218050976 collective_rank_calls=448
AMG setup messages level=4 phase=strength sends=0 bytes=0 collective_rank_calls=448
AMG setup messages level=4 phase=strength-transpose sends=9762 bytes=2704308 collective_rank_calls=448
AMG setup messages level=4 phase=PMIS sends=149196 bytes=4327896 collective_rank_calls=3136
AMG setup messages level=4 phase=numbering sends=0 bytes=0 collective_rank_calls=448
AMG setup messages level=4 phase=interpolation sends=55710 bytes=3428036 collective_rank_calls=448
AMG setup messages level=4 phase=interpolation-transpose sends=5897 bytes=1267136 collective_rank_calls=448
AMG setup messages level=4 phase=A*P sends=79488 bytes=29460944 collective_rank_calls=448
AMG setup messages level=4 phase=R*(A*P) sends=17691 bytes=47254448 collective_rank_calls=448
AMG setup messages level=5 phase=strength sends=0 bytes=0 collective_rank_calls=448
AMG setup messages level=5 phase=strength-transpose sends=5644 bytes=511640 collective_rank_calls=448
AMG setup messages level=5 phase=PMIS sends=82974 bytes=958376 collective_rank_calls=2688
AMG setup messages level=5 phase=numbering sends=0 bytes=0 collective_rank_calls=448
AMG setup messages level=5 phase=interpolation sends=29010 bytes=496636 collective_rank_calls=448
AMG setup messages level=5 phase=interpolation-transpose sends=2322 bytes=232752 collective_rank_calls=448
AMG setup messages level=5 phase=A*P sends=104568 bytes=9245728 collective_rank_calls=448
AMG setup messages level=5 phase=R*(A*P) sends=6966 bytes=8689536 collective_rank_calls=448
AMG setup messages level=6 phase=strength sends=0 bytes=0 collective_rank_calls=448
AMG setup messages level=6 phase=strength-transpose sends=1605 bytes=174096 collective_rank_calls=448
AMG setup messages level=6 phase=PMIS sends=15666 bytes=273816 collective_rank_calls=1344
AMG setup messages level=6 phase=numbering sends=0 bytes=0 collective_rank_calls=448
AMG setup messages level=6 phase=interpolation sends=8274 bytes=79952 collective_rank_calls=448
AMG setup messages level=6 phase=interpolation-transpose sends=414 bytes=68688 collective_rank_calls=448
AMG setup messages level=6 phase=A*P sends=37914 bytes=2038480 collective_rank_calls=448
AMG setup messages level=6 phase=R*(A*P) sends=1242 bytes=284368 collective_rank_calls=448
AMG setup messages level=7 phase=strength sends=0 bytes=0 collective_rank_calls=448
AMG setup messages level=7 phase=strength-transpose sends=108 bytes=14812 collective_rank_calls=448
AMG setup messages level=7 phase=PMIS sends=1064 bytes=17048 collective_rank_calls=1344
AMG setup messages level=7 phase=numbering sends=0 bytes=0 collective_rank_calls=448
AMG setup messages level=7 phase=interpolation sends=609 bytes=6948 collective_rank_calls=448
AMG setup messages level=7 phase=interpolation-transpose sends=95 bytes=10240 collective_rank_calls=448
AMG setup messages level=7 phase=A*P sends=1974 bytes=84848 collective_rank_calls=448
AMG setup messages level=7 phase=R*(A*P) sends=285 bytes=25696 collective_rank_calls=448
AMG setup messages level=8 phase=strength sends=0 bytes=0 collective_rank_calls=448
AMG setup messages level=8 phase=strength-transpose sends=24 bytes=1704 collective_rank_calls=448
AMG setup messages level=8 phase=PMIS sends=162 bytes=2096 collective_rank_calls=896
AMG setup messages level=8 phase=numbering sends=0 bytes=0 collective_rank_calls=448
AMG setup messages level=8 phase=interpolation sends=105 bytes=832 collective_rank_calls=448
AMG setup messages level=8 phase=interpolation-transpose sends=12 bytes=1008 collective_rank_calls=448
AMG setup messages level=8 phase=A*P sends=174 bytes=4288 collective_rank_calls=448
AMG setup messages level=8 phase=R*(A*P) sends=36 bytes=1248 collective_rank_calls=448
AMG setup messages level=0 phase=strength sends=0 bytes=0 collective_rank_calls=448
AMG setup messages level=0 phase=strength-transpose sends=3519 bytes=143926772 collective_rank_calls=448
AMG setup messages level=0 phase=PMIS sends=66692 bytes=420414784 collective_rank_calls=4032
AMG setup messages level=0 phase=numbering sends=0 bytes=0 collective_rank_calls=448
AMG setup messages level=0 phase=interpolation sends=21114 bytes=192169772 collective_rank_calls=448
AMG setup messages level=0 phase=interpolation-transpose sends=7771 bytes=121189504 collective_rank_calls=448
AMG setup messages level=0 phase=A*P sends=11562 bytes=465556464 collective_rank_calls=448
AMG setup messages level=0 phase=R*(A*P) sends=23313 bytes=892712032 collective_rank_calls=448
AMG setup messages level=1 phase=strength sends=0 bytes=0 collective_rank_calls=448
AMG setup messages level=1 phase=strength-transpose sends=8593 bytes=174333608 collective_rank_calls=448
AMG setup messages level=1 phase=PMIS sends=189418 bytes=315738568 collective_rank_calls=4928
AMG setup messages level=1 phase=numbering sends=0 bytes=0 collective_rank_calls=448
AMG setup messages level=1 phase=interpolation sends=51336 bytes=197272892 collective_rank_calls=448
AMG setup messages level=1 phase=interpolation-transpose sends=8756 bytes=99068560 collective_rank_calls=448
AMG setup messages level=1 phase=A*P sends=31038 bytes=569108368 collective_rank_calls=448
AMG setup messages level=1 phase=R*(A*P) sends=26268 bytes=1830559536 collective_rank_calls=448
AMG setup messages level=2 phase=strength sends=0 bytes=0 collective_rank_calls=448
AMG setup messages level=2 phase=strength-transpose sends=10091 bytes=91791184 collective_rank_calls=448
AMG setup messages level=2 phase=PMIS sends=244043 bytes=118776244 collective_rank_calls=5376
AMG setup messages level=2 phase=numbering sends=0 bytes=0 collective_rank_calls=448
AMG setup messages level=2 phase=interpolation sends=59955 bytes=82865836 collective_rank_calls=448
AMG setup messages level=2 phase=interpolation-transpose sends=8813 bytes=27712656 collective_rank_calls=448
AMG setup messages level=2 phase=A*P sends=32988 bytes=224099712 collective_rank_calls=448
AMG setup messages level=2 phase=R*(A*P) sends=26439 bytes=798264592 collective_rank_calls=448
AMG setup messages level=3 phase=strength sends=0 bytes=0 collective_rank_calls=448
AMG setup messages level=3 phase=strength-transpose sends=10089 bytes=17953244 collective_rank_calls=448
AMG setup messages level=3 phase=PMIS sends=265912 bytes=30941728 collective_rank_calls=5824
AMG setup messages level=3 phase=numbering sends=0 bytes=0 collective_rank_calls=448
AMG setup messages level=3 phase=interpolation sends=59814 bytes=20160760 collective_rank_calls=448
AMG setup messages level=3 phase=interpolation-transpose sends=8139 bytes=5807056 collective_rank_calls=448
AMG setup messages level=3 phase=A*P sends=37542 bytes=69913792 collective_rank_calls=448
AMG setup messages level=3 phase=R*(A*P) sends=24417 bytes=222513696 collective_rank_calls=448
AMG setup messages level=4 phase=strength sends=0 bytes=0 collective_rank_calls=448
AMG setup messages level=4 phase=strength-transpose sends=9925 bytes=2801676 collective_rank_calls=448
AMG setup messages level=4 phase=PMIS sends=151438 bytes=4467712 collective_rank_calls=3136
AMG setup messages level=4 phase=numbering sends=0 bytes=0 collective_rank_calls=448
AMG setup messages level=4 phase=interpolation sends=56634 bytes=3626504 collective_rank_calls=448
AMG setup messages level=4 phase=interpolation-transpose sends=6187 bytes=1345296 collective_rank_calls=448
AMG setup messages level=4 phase=A*P sends=80106 bytes=30666544 collective_rank_calls=448
AMG setup messages level=4 phase=R*(A*P) sends=18561 bytes=53087920 collective_rank_calls=448
AMG setup messages level=5 phase=strength sends=0 bytes=0 collective_rank_calls=448
AMG setup messages level=5 phase=strength-transpose sends=6514 bytes=579976 collective_rank_calls=448
AMG setup messages level=5 phase=PMIS sends=93162 bytes=1093008 collective_rank_calls=2688
AMG setup messages level=5 phase=numbering sends=0 bytes=0 collective_rank_calls=448
AMG setup messages level=5 phase=interpolation sends=33444 bytes=611152 collective_rank_calls=448
AMG setup messages level=5 phase=interpolation-transpose sends=2393 bytes=257536 collective_rank_calls=448
AMG setup messages level=5 phase=A*P sends=116568 bytes=10388496 collective_rank_calls=448
AMG setup messages level=5 phase=R*(A*P) sends=7179 bytes=8983248 collective_rank_calls=448
AMG setup messages level=6 phase=strength sends=0 bytes=0 collective_rank_calls=448
AMG setup messages level=6 phase=strength-transpose sends=1513 bytes=153852 collective_rank_calls=448
AMG setup messages level=6 phase=PMIS sends=14586 bytes=235768 collective_rank_calls=1344
AMG setup messages level=6 phase=numbering sends=0 bytes=0 collective_rank_calls=448
AMG setup messages level=6 phase=interpolation sends=7425 bytes=71344 collective_rank_calls=448
AMG setup messages level=6 phase=interpolation-transpose sends=516 bytes=59104 collective_rank_calls=448
AMG setup messages level=6 phase=A*P sends=39858 bytes=1955200 collective_rank_calls=448
AMG setup messages level=6 phase=R*(A*P) sends=1548 bytes=432144 collective_rank_calls=448
AMG setup messages level=7 phase=strength sends=0 bytes=0 collective_rank_calls=448
AMG setup messages level=7 phase=strength-transpose sends=167 bytes=15580 collective_rank_calls=448
AMG setup messages level=7 phase=PMIS sends=1638 bytes=25624 collective_rank_calls=1344
AMG setup messages level=7 phase=numbering sends=0 bytes=0 collective_rank_calls=448
AMG setup messages level=7 phase=interpolation sends=603 bytes=4428 collective_rank_calls=448
AMG setup messages level=7 phase=interpolation-transpose sends=127 bytes=14928 collective_rank_calls=448
AMG setup messages level=7 phase=A*P sends=3492 bytes=130032 collective_rank_calls=448
AMG setup messages level=7 phase=R*(A*P) sends=381 bytes=32496 collective_rank_calls=448
AMG setup messages level=0 phase=strength sends=0 bytes=0 collective_rank_calls=448
AMG setup messages level=0 phase=strength-transpose sends=3519 bytes=143901936 collective_rank_calls=448
AMG setup messages level=0 phase=PMIS sends=74065 bytes=461947424 collective_rank_calls=4480
AMG setup messages level=0 phase=numbering sends=0 bytes=0 collective_rank_calls=448
AMG setup messages level=0 phase=interpolation sends=21114 bytes=192133296 collective_rank_calls=448
AMG setup messages level=0 phase=interpolation-transpose sends=7767 bytes=121149840 collective_rank_calls=448
AMG setup messages level=0 phase=A*P sends=11562 bytes=465506416 collective_rank_calls=448
AMG setup messages level=0 phase=R*(A*P) sends=23301 bytes=892326800 collective_rank_calls=448
AMG setup messages level=1 phase=strength sends=0 bytes=0 collective_rank_calls=448
AMG setup messages level=1 phase=strength-transpose sends=8606 bytes=174230104 collective_rank_calls=448
AMG setup messages level=1 phase=PMIS sends=189788 bytes=315596760 collective_rank_calls=4928
AMG setup messages level=1 phase=numbering sends=0 bytes=0 collective_rank_calls=448
AMG setup messages level=1 phase=interpolation sends=51318 bytes=196979104 collective_rank_calls=448
AMG setup messages level=1 phase=interpolation-transpose sends=8775 bytes=99017664 collective_rank_calls=448
AMG setup messages level=1 phase=A*P sends=30906 bytes=569249552 collective_rank_calls=448
AMG setup messages level=1 phase=R*(A*P) sends=26325 bytes=1830077568 collective_rank_calls=448
AMG setup messages level=2 phase=strength sends=0 bytes=0 collective_rank_calls=448
AMG setup messages level=2 phase=strength-transpose sends=10133 bytes=91599292 collective_rank_calls=448
AMG setup messages level=2 phase=PMIS sends=265292 bytes=127769152 collective_rank_calls=5824
AMG setup messages level=2 phase=numbering sends=0 bytes=0 collective_rank_calls=448
AMG setup messages level=2 phase=interpolation sends=60021 bytes=83064416 collective_rank_calls=448
AMG setup messages level=2 phase=interpolation-transpose sends=8819 bytes=27620128 collective_rank_calls=448
AMG setup messages level=2 phase=A*P sends=32982 bytes=224219584 collective_rank_calls=448
AMG setup messages level=2 phase=R*(A*P) sends=26457 bytes=797824848 collective_rank_calls=448
AMG setup messages level=3 phase=strength sends=0 bytes=0 collective_rank_calls=448
AMG setup messages level=3 phase=strength-transpose sends=10072 bytes=18042180 collective_rank_calls=448
AMG setup messages level=3 phase=PMIS sends=265456 bytes=31073904 collective_rank_calls=5824
AMG setup messages level=3 phase=numbering sends=0 bytes=0 collective_rank_calls=448
AMG setup messages level=3 phase=interpolation sends=59733 bytes=20347812 collective_rank_calls=448
AMG setup messages level=3 phase=interpolation-transpose sends=8141 bytes=5861280 collective_rank_calls=448
AMG setup messages level=3 phase=A*P sends=37278 bytes=70319296 collective_rank_calls=448
AMG setup messages level=3 phase=R*(A*P) sends=24423 bytes=224522960 collective_rank_calls=448
AMG setup messages level=4 phase=strength sends=0 bytes=0 collective_rank_calls=448
AMG setup messages level=4 phase=strength-transpose sends=10033 bytes=2936052 collective_rank_calls=448
AMG setup messages level=4 phase=PMIS sends=174937 bytes=5127820 collective_rank_calls=3584
AMG setup messages level=4 phase=numbering sends=0 bytes=0 collective_rank_calls=448
AMG setup messages level=4 phase=interpolation sends=57696 bytes=3794484 collective_rank_calls=448
AMG setup messages level=4 phase=interpolation-transpose sends=5982 bytes=1365936 collective_rank_calls=448
AMG setup messages level=4 phase=A*P sends=80112 bytes=31089744 collective_rank_calls=448
AMG setup messages level=4 phase=R*(A*P) sends=17946 bytes=52712208 collective_rank_calls=448
AMG setup messages level=5 phase=strength sends=0 bytes=0 collective_rank_calls=448
AMG setup messages level=5 phase=strength-transpose sends=6187 bytes=598412 collective_rank_calls=448
AMG setup messages level=5 phase=PMIS sends=89427 bytes=1120160 collective_rank_calls=2688
AMG setup messages level=5 phase=numbering sends=0 bytes=0 collective_rank_calls=448
AMG setup messages level=5 phase=interpolation sends=32550 bytes=641820 collective_rank_calls=448
AMG setup messages level=5 phase=interpolation-transpose sends=2236 bytes=281440 collective_rank_calls=448
AMG setup messages level=5 phase=A*P sends=113898 bytes=10934624 collective_rank_calls=448
AMG setup messages level=5 phase=R*(A*P) sends=6708 bytes=8565728 collective_rank_calls=448
AMG setup messages level=6 phase=strength sends=0 bytes=0 collective_rank_calls=448
AMG setup messages level=6 phase=strength-transpose sends=1292 bytes=165300 collective_rank_calls=448
AMG setup messages level=6 phase=PMIS sends=16086 bytes=265956 collective_rank_calls=1792
AMG setup messages level=6 phase=numbering sends=0 bytes=0 collective_rank_calls=448
AMG setup messages level=6 phase=interpolation sends=6177 bytes=77408 collective_rank_calls=448
AMG setup messages level=6 phase=interpolation-transpose sends=328 bytes=78832 collective_rank_calls=448
AMG setup messages level=6 phase=A*P sends=39372 bytes=2320224 collective_rank_calls=448
AMG setup messages level=6 phase=R*(A*P) sends=984 bytes=282080 collective_rank_calls=448
AMG setup messages level=7 phase=strength sends=0 bytes=0 collective_rank_calls=448
AMG setup messages level=7 phase=strength-transpose sends=83 bytes=12792 collective_rank_calls=448
AMG setup messages level=7 phase=PMIS sends=581 bytes=11332 collective_rank_calls=896
AMG setup messages level=7 phase=numbering sends=0 bytes=0 collective_rank_calls=448
AMG setup messages level=7 phase=interpolation sends=489 bytes=5820 collective_rank_calls=448
AMG setup messages level=7 phase=interpolation-transpose sends=83 bytes=8592 collective_rank_calls=448
AMG setup messages level=7 phase=A*P sends=1626 bytes=57488 collective_rank_calls=448
AMG setup messages level=7 phase=R*(A*P) sends=249 bytes=17808 collective_rank_calls=448
AMG setup messages level=0 phase=strength sends=0 bytes=0 collective_rank_calls=448
AMG setup messages level=0 phase=strength-transpose sends=3519 bytes=143879480 collective_rank_calls=448
AMG setup messages level=0 phase=PMIS sends=74065 bytes=461883920 collective_rank_calls=4480
AMG setup messages level=0 phase=numbering sends=0 bytes=0 collective_rank_calls=448
AMG setup messages level=0 phase=interpolation sends=21114 bytes=192098472 collective_rank_calls=448
AMG setup messages level=0 phase=interpolation-transpose sends=7780 bytes=121136624 collective_rank_calls=448
AMG setup messages level=0 phase=A*P sends=11562 bytes=465486128 collective_rank_calls=448
AMG setup messages level=0 phase=R*(A*P) sends=23340 bytes=892302032 collective_rank_calls=448
AMG setup messages level=1 phase=strength sends=0 bytes=0 collective_rank_calls=448
AMG setup messages level=1 phase=strength-transpose sends=8601 bytes=174167320 collective_rank_calls=448
AMG setup messages level=1 phase=PMIS sends=172339 bytes=289432612 collective_rank_calls=4480
AMG setup messages level=1 phase=numbering sends=0 bytes=0 collective_rank_calls=448
AMG setup messages level=1 phase=interpolation sends=51336 bytes=197094728 collective_rank_calls=448
AMG setup messages level=1 phase=interpolation-transpose sends=8726 bytes=98942032 collective_rank_calls=448
AMG setup messages level=1 phase=A*P sends=30966 bytes=569017040 collective_rank_calls=448
AMG setup messages level=1 phase=R*(A*P) sends=26178 bytes=1829033056 collective_rank_calls=448
AMG setup messages level=2 phase=strength sends=0 bytes=0 collective_rank_calls=448
AMG setup messages level=2 phase=strength-transpose sends=10041 bytes=91570248 collective_rank_calls=448
AMG setup messages level=2 phase=PMIS sends=262760 bytes=127919440 collective_rank_calls=5824
AMG setup messages level=2 phase=numbering sends=0 bytes=0 collective_rank_calls=448
AMG setup messages level=2 phase=interpolation sends=59664 bytes=83186860 collective_rank_calls=448
AMG setup messages level=2 phase=interpolation-transpose sends=8823 bytes=27592656 collective_rank_calls=448
AMG setup messages level=2 phase=A*P sends=32994 bytes=224501136 collective_rank_calls=448
AMG setup messages level=2 phase=R*(A*P) sends=26469 bytes=799118784 collective_rank_calls=448
AMG setup messages level=3 phase=strength sends=0 bytes=0 collective_rank_calls=448
AMG setup messages level=3 phase=strength-transpose sends=10077 bytes=18056784 collective_rank_calls=448
AMG setup messages level=3 phase=PMIS sends=265572 bytes=31018608 collective_rank_calls=5824
AMG setup messages level=3 phase=numbering sends=0 bytes=0 collective_rank_calls=448
AMG setup messages level=3 phase=interpolation sends=59748 bytes=20366116 collective_rank_calls=448
AMG setup messages level=3 phase=interpolation-transpose sends=8140 bytes=5836560 collective_rank_calls=448
AMG setup messages level=3 phase=A*P sends=37380 bytes=70419488 collective_rank_calls=448
AMG setup messages level=3 phase=R*(A*P) sends=24420 bytes=223649872 collective_rank_calls=448
AMG setup messages level=4 phase=strength sends=0 bytes=0 collective_rank_calls=448
AMG setup messages level=4 phase=strength-transpose sends=9969 bytes=2978676 collective_rank_calls=448
AMG setup messages level=4 phase=PMIS sends=173499 bytes=5164340 collective_rank_calls=3584
AMG setup messages level=4 phase=numbering sends=0 bytes=0 collective_rank_calls=448
AMG setup messages level=4 phase=interpolation sends=57573 bytes=3779704 collective_rank_calls=448
AMG setup messages level=4 phase=interpolation-transpose sends=5999 bytes=1378352 collective_rank_calls=448
AMG setup messages level=4 phase=A*P sends=79788 bytes=31424752 collective_rank_calls=448
AMG setup messages level=4 phase=R*(A*P) sends=17997 bytes=55092464 collective_rank_calls=448
AMG setup messages level=5 phase=strength sends=0 bytes=0 collective_rank_calls=448
AMG setup messages level=5 phase=strength-transpose sends=6270 bytes=601872 collective_rank_calls=448
AMG setup messages level=5 phase=PMIS sends=119292 bytes=1429068 collective_rank_calls=3584
AMG setup messages level=5 phase=numbering sends=0 bytes=0 collective_rank_calls=448
AMG setup messages level=5 phase=interpolation sends=32064 bytes=667768 collective_rank_calls=448
AMG setup messages level=5 phase=interpolation-transpose sends=2811 bytes=319200 collective_rank_calls=448
AMG setup messages level=5 phase=A*P sends=111282 bytes=11500592 collective_rank_calls=448
AMG setup messages level=5 phase=R*(A*P) sends=8433 bytes=11533536 collective_rank_calls=448
AMG setup messages level=6 phase=strength sends=0 bytes=0 collective_rank_calls=448
AMG setup messages level=6 phase=strength-transpose sends=1650 bytes=150608 collective_rank_calls=448
AMG setup messages level=6 phase=PMIS sends=15524 bytes=238816 collective_rank_calls=1344
AMG setup messages level=6 phase=numbering sends=0 bytes=0 collective_rank_calls=448
AMG setup messages level=6 phase=interpolation sends=8079 bytes=76328 collective_rank_calls=448
AMG setup messages level=6 phase=interpolation-transpose sends=471 bytes=53888 collective_rank_calls=448
AMG setup messages level=6 phase=A*P sends=48012 bytes=2181408 collective_rank_calls=448
AMG setup messages level=6 phase=R*(A*P) sends=1413 bytes=543040 collective_rank_calls=448
AMG setup messages level=7 phase=strength sends=0 bytes=0 collective_rank_calls=448
AMG setup messages level=7 phase=strength-transpose sends=161 bytes=13264 collective_rank_calls=448
AMG setup messages level=7 phase=PMIS sends=1522 bytes=20872 collective_rank_calls=1344
AMG setup messages level=7 phase=numbering sends=0 bytes=0 collective_rank_calls=448
AMG setup messages level=7 phase=interpolation sends=600 bytes=4468 collective_rank_calls=448
AMG setup messages level=7 phase=interpolation-transpose sends=112 bytes=11984 collective_rank_calls=448
AMG setup messages level=7 phase=A*P sends=3270 bytes=108704 collective_rank_calls=448
AMG setup messages level=7 phase=R*(A*P) sends=336 bytes=25120 collective_rank_calls=448
AMG setup messages level=0 phase=strength sends=0 bytes=0 collective_rank_calls=448
AMG setup messages level=0 phase=strength-transpose sends=3519 bytes=143859936 collective_rank_calls=448
AMG setup messages level=0 phase=PMIS sends=74065 bytes=461829672 collective_rank_calls=4480
AMG setup messages level=0 phase=numbering sends=0 bytes=0 collective_rank_calls=448
AMG setup messages level=0 phase=interpolation sends=21114 bytes=192103408 collective_rank_calls=448
AMG setup messages level=0 phase=interpolation-transpose sends=7775 bytes=121182512 collective_rank_calls=448
AMG setup messages level=0 phase=A*P sends=11562 bytes=465460304 collective_rank_calls=448
AMG setup messages level=0 phase=R*(A*P) sends=23325 bytes=892037040 collective_rank_calls=448
AMG setup messages level=1 phase=strength sends=0 bytes=0 collective_rank_calls=448
AMG setup messages level=1 phase=strength-transpose sends=8643 bytes=174206284 collective_rank_calls=448
AMG setup messages level=1 phase=PMIS sends=190590 bytes=315654688 collective_rank_calls=4928
AMG setup messages level=1 phase=numbering sends=0 bytes=0 collective_rank_calls=448
AMG setup messages level=1 phase=interpolation sends=51468 bytes=197188540 collective_rank_calls=448
AMG setup messages level=1 phase=interpolation-transpose sends=8716 bytes=98978368 collective_rank_calls=448
AMG setup messages level=1 phase=A*P sends=30840 bytes=568923216 collective_rank_calls=448
AMG setup messages level=1 phase=R*(A*P) sends=26148 bytes=1830295840 collective_rank_calls=448
AMG setup messages level=2 phase=strength sends=0 bytes=0 collective_rank_calls=448
AMG setup messages level=2 phase=strength-transpose sends=10064 bytes=91528476 collective_rank_calls=448
AMG setup messages level=2 phase=PMIS sends=243174 bytes=118881896 collective_rank_calls=5376
AMG setup messages level=2 phase=numbering sends=0 bytes=0 collective_rank_calls=448
AMG setup messages level=2 phase=interpolation sends=59682 bytes=83098292 collective_rank_calls=448
AMG setup messages level=2 phase=interpolation-transpose sends=8774 bytes=27578720 collective_rank_calls=448
AMG setup messages level=2 phase=A*P sends=32988 bytes=224643744 collective_rank_calls=448
AMG setup messages level=2 phase=R*(A*P) sends=26322 bytes=798971120 collective_rank_calls=448
AMG setup messages level=3 phase=strength sends=0 bytes=0 collective_rank_calls=448
AMG setup messages level=3 phase=strength-transpose sends=10007 bytes=18061640 collective_rank_calls=448
AMG setup messages level=3 phase=PMIS sends=283961 bytes=33141604 collective_rank_calls=6272
AMG setup messages level=3 phase=numbering sends=0 bytes=0 collective_rank_calls=448
AMG setup messages level=3 phase=interpolation sends=59358 bytes=20415896 collective_rank_calls=448
AMG setup messages level=3 phase=interpolation-transpose sends=8015 bytes=5797872 collective_rank_calls=448
AMG setup messages level=3 phase=A*P sends=37296 bytes=70402128 collective_rank_calls=448
AMG setup messages level=3 phase=R*(A*P) sends=24045 bytes=221581456 collective_rank_calls=448
AMG setup messages level=4 phase=strength sends=0 bytes=0 collective_rank_calls=448
AMG setup messages level=4 phase=strength-transpose sends=9907 bytes=3009892 collective_rank_calls=448
AMG setup messages level=4 phase=PMIS sends=193656 bytes=5755536 collective_rank_calls=4032
AMG setup messages level=4 phase=numbering sends=0 bytes=0 collective_rank_calls=448
AMG setup messages level=4 phase=interpolation sends=57324 bytes=3821024 collective_rank_calls=448
AMG setup messages level=4 phase=interpolation-transpose sends=6090 bytes=1422080 collective_rank_calls=448
AMG setup messages level=4 phase=A*P sends=79176 bytes=31800000 collective_rank_calls=448
AMG setup messages level=4 phase=R*(A*P) sends=18270 bytes=56110112 collective_rank_calls=448
AMG setup messages level=5 phase=strength sends=0 bytes=0 collective_rank_calls=448
AMG setup messages level=5 phase=strength-transpose sends=6549 bytes=614420 collective_rank_calls=448
AMG setup messages level=5 phase=PMIS sends=109438 bytes=1303872 collective_rank_calls=3136
AMG setup messages level=5 phase=numbering sends=0 bytes=0 collective_rank_calls=448
AMG setup messages level=5 phase=interpolation sends=34545 bytes=648560 collective_rank_calls=448
AMG setup messages level=5 phase=interpolation-transpose sends=2578 bytes=293728 collective_rank_calls=448
AMG setup messages level=5 phase=A*P sends=114930 bytes=11256768 collective_rank_calls=448
AMG setup messages level=5 phase=R*(A*P) sends=7734 bytes=9669568 collective_rank_calls=448
AMG setup messages level=6 phase=strength sends=0 bytes=0 collective_rank_calls=448
AMG setup messages level=6 phase=strength-transpose sends=1268 bytes=129016 collective_rank_calls=448
AMG setup messages level=6 phase=PMIS sends=15724 bytes=232524 collective_rank_calls=1792
AMG setup messages level=6 phase=numbering sends=0 bytes=0 collective_rank_calls=448
AMG setup messages level=6 phase=interpolation sends=6072 bytes=66604 collective_rank_calls=448
AMG setup messages level=6 phase=interpolation-transpose sends=546 bytes=59440 collective_rank_calls=448
AMG setup messages level=6 phase=A*P sends=40266 bytes=1993424 collective_rank_calls=448
AMG setup messages level=6 phase=R*(A*P) sends=1638 bytes=481152 collective_rank_calls=448
AMG setup messages level=7 phase=strength sends=0 bytes=0 collective_rank_calls=448
AMG setup messages level=7 phase=strength-transpose sends=159 bytes=14688 collective_rank_calls=448
AMG setup messages level=7 phase=PMIS sends=1566 bytes=24168 collective_rank_calls=1344
AMG setup messages level=7 phase=numbering sends=0 bytes=0 collective_rank_calls=448
AMG setup messages level=7 phase=interpolation sends=744 bytes=6028 collective_rank_calls=448
AMG setup messages level=7 phase=interpolation-transpose sends=56 bytes=6848 collective_rank_calls=448
AMG setup messages level=7 phase=A*P sends=2214 bytes=75424 collective_rank_calls=448
AMG setup messages level=7 phase=R*(A*P) sends=168 bytes=12688 collective_rank_calls=448
AMG setup messages level=8 phase=strength sends=0 bytes=0 collective_rank_calls=448
AMG setup messages level=8 phase=strength-transpose sends=16 bytes=1172 collective_rank_calls=448
AMG setup messages level=8 phase=PMIS sends=100 bytes=1404 collective_rank_calls=896
AMG setup messages level=8 phase=numbering sends=0 bytes=0 collective_rank_calls=448
AMG setup messages level=8 phase=interpolation sends=48 bytes=320 collective_rank_calls=448
AMG setup messages level=8 phase=interpolation-transpose sends=14 bytes=1296 collective_rank_calls=448
AMG setup messages level=8 phase=A*P sends=126 bytes=3136 collective_rank_calls=448
AMG setup messages level=8 phase=R*(A*P) sends=42 bytes=1696 collective_rank_calls=448
AMG setup messages level=0 phase=strength sends=0 bytes=0 collective_rank_calls=448
AMG setup messages level=0 phase=strength-transpose sends=3519 bytes=143845292 collective_rank_calls=448
AMG setup messages level=0 phase=PMIS sends=66692 bytes=420208096 collective_rank_calls=4032
AMG setup messages level=0 phase=numbering sends=0 bytes=0 collective_rank_calls=448
AMG setup messages level=0 phase=interpolation sends=21114 bytes=192134740 collective_rank_calls=448
AMG setup messages level=0 phase=interpolation-transpose sends=7772 bytes=121149760 collective_rank_calls=448
AMG setup messages level=0 phase=A*P sends=11562 bytes=465491536 collective_rank_calls=448
AMG setup messages level=0 phase=R*(A*P) sends=23316 bytes=892581056 collective_rank_calls=448
AMG setup messages level=1 phase=strength sends=0 bytes=0 collective_rank_calls=448
AMG setup messages level=1 phase=strength-transpose sends=8606 bytes=174043228 collective_rank_calls=448
AMG setup messages level=1 phase=PMIS sends=189716 bytes=315474096 collective_rank_calls=4928
AMG setup messages level=1 phase=numbering sends=0 bytes=0 collective_rank_calls=448
AMG setup messages level=1 phase=interpolation sends=51333 bytes=197004592 collective_rank_calls=448
AMG setup messages level=1 phase=interpolation-transpose sends=8745 bytes=98791328 collective_rank_calls=448
AMG setup messages level=1 phase=A*P sends=30912 bytes=568926208 collective_rank_calls=448
AMG setup messages level=1 phase=R*(A*P) sends=26235 bytes=1828606144 collective_rank_calls=448
AMG setup messages level=2 phase=strength sends=0 bytes=0 collective_rank_calls=448
AMG setup messages level=2 phase=strength-transpose sends=10069 bytes=91360856 collective_rank_calls=448
AMG setup messages level=2 phase=PMIS sends=263488 bytes=127914976 collective_rank_calls=5824
AMG setup messages level=2 phase=numbering sends=0 bytes=0 collective_rank_calls=448
AMG setup messages level=2 phase=interpolation sends=59673 bytes=83260520 collective_rank_calls=448
AMG setup messages level=2 phase=interpolation-transpose sends=8813 bytes=27487216 collective_rank_calls=448
AMG setup messages level=2 phase=A*P sends=32982 bytes=224734784 collective_rank_calls=448
AMG setup messages level=2 phase=R*(A*P) sends=26439 bytes=799484992 collective_rank_calls=448
AMG setup messages level=3 phase=strength sends=0 bytes=0 collective_rank_calls=448
AMG setup messages level=3 phase=strength-transpose sends=10055 bytes=18179996 collective_rank_calls=448
AMG setup messages level=3 phase=PMIS sends=264916 bytes=31033776 collective_rank_calls=5824
AMG setup messages level=3 phase=numbering sends=0 bytes=0 collective_rank_calls=448
AMG setup messages level=3 phase=interpolation sends=59481 bytes=20572100 collective_rank_calls=448
AMG setup messages level=3 phase=interpolation-transpose sends=8067 bytes=5762064 collective_rank_calls=448
AMG setup messages level=3 phase=A*P sends=37548 bytes=70642752 collective_rank_calls=448
AMG setup messages level=3 phase=R*(A*P) sends=24201 bytes=223209424 collective_rank_calls=448
AMG setup messages level=4 phase=strength sends=0 bytes=0 collective_rank_calls=448
AMG setup messages level=4 phase=strength-transpose sends=10005 bytes=3094020 collective_rank_calls=448
AMG setup messages level=4 phase=PMIS sends=194700 bytes=5835936 collective_rank_calls=4032
AMG setup messages level=4 phase=numbering sends=0 bytes=0 collective_rank_calls=448
AMG setup messages level=4 phase=interpolation sends=57864 bytes=3919136 collective_rank_calls=448
AMG setup messages level=4 phase=interpolation-transpose sends=6015 bytes=1458848 collective_rank_calls=448
AMG setup messages level=4 phase=A*P sends=78846 bytes=32347168 collective_rank_calls=448
AMG setup messages level=4 phase=R*(A*P) sends=18045 bytes=56605312 collective_rank_calls=448
AMG setup messages level=5 phase=strength sends=0 bytes=0 collective_rank_calls=448
AMG setup messages level=5 phase=strength-transpose sends=6291 bytes=627076 collective_rank_calls=448
AMG setup messages level=5 phase=PMIS sends=90969 bytes=1184684 collective_rank_calls=2688
AMG setup messages level=5 phase=numbering sends=0 bytes=0 collective_rank_calls=448
AMG setup messages level=5 phase=interpolation sends=33921 bytes=636588 collective_rank_calls=448
AMG setup messages level=5 phase=interpolation-transpose sends=2656 bytes=313216 collective_rank_calls=448
AMG setup messages level=5 phase=A*P sends=113286 bytes=11549424 collective_rank_calls=448
AMG setup messages level=5 phase=R*(A*P) sends=7968 bytes=9947840 collective_rank_calls=448
AMG setup messages level=6 phase=strength sends=0 bytes=0 collective_rank_calls=448
AMG setup messages level=6 phase=strength-transpose sends=1275 bytes=134720 collective_rank_calls=448
AMG setup messages level=6 phase=PMIS sends=12430 bytes=208960 collective_rank_calls=1344
AMG setup messages level=6 phase=numbering sends=0 bytes=0 collective_rank_calls=448
AMG setup messages level=6 phase=interpolation sends=6639 bytes=59664 collective_rank_calls=448
AMG setup messages level=6 phase=interpolation-transpose sends=380 bytes=45440 collective_rank_calls=448
AMG setup messages level=6 phase=A*P sends=38862 bytes=1616784 collective_rank_calls=448
AMG setup messages level=6 phase=R*(A*P) sends=1140 bytes=238304 collective_rank_calls=448
AMG setup messages level=7 phase=strength sends=0 bytes=0 collective_rank_calls=448
AMG setup messages level=7 phase=strength-transpose sends=70 bytes=5420 collective_rank_calls=448
AMG setup messages level=7 phase=PMIS sends=660 bytes=8360 collective_rank_calls=1344
AMG setup messages level=7 phase=numbering sends=0 bytes=0 collective_rank_calls=448
AMG setup messages level=7 phase=interpolation sends=228 bytes=1784 collective_rank_calls=448
AMG setup messages level=7 phase=interpolation-transpose sends=47 bytes=3888 collective_rank_calls=448
AMG setup messages level=7 phase=A*P sends=1302 bytes=39552 collective_rank_calls=448
AMG setup messages level=7 phase=R*(A*P) sends=141 bytes=15968 collective_rank_calls=448
AMG setup messages level=8 phase=strength sends=0 bytes=0 collective_rank_calls=448
AMG setup messages level=8 phase=strength-transpose sends=102 bytes=7784 collective_rank_calls=448
AMG setup messages level=8 phase=PMIS sends=606 bytes=9176 collective_rank_calls=896
AMG setup messages level=8 phase=numbering sends=0 bytes=0 collective_rank_calls=448
AMG setup messages level=8 phase=interpolation sends=504 bytes=4224 collective_rank_calls=448
AMG setup messages level=8 phase=interpolation-transpose sends=29 bytes=2848 collective_rank_calls=448
AMG setup messages level=8 phase=A*P sends=600 bytes=16384 collective_rank_calls=448
AMG setup messages level=8 phase=R*(A*P) sends=87 bytes=3840 collective_rank_calls=448
AMG setup messages level=0 phase=strength sends=0 bytes=0 collective_rank_calls=448
AMG setup messages level=0 phase=strength-transpose sends=3519 bytes=143832608 collective_rank_calls=448
AMG setup messages level=0 phase=PMIS sends=74065 bytes=461753560 collective_rank_calls=4480
AMG setup messages level=0 phase=numbering sends=0 bytes=0 collective_rank_calls=448
AMG setup messages level=0 phase=interpolation sends=21114 bytes=192133408 collective_rank_calls=448
AMG setup messages level=0 phase=interpolation-transpose sends=7775 bytes=121185104 collective_rank_calls=448
AMG setup messages level=0 phase=A*P sends=11562 bytes=465496896 collective_rank_calls=448
AMG setup messages level=0 phase=R*(A*P) sends=23325 bytes=892690656 collective_rank_calls=448
AMG setup messages level=1 phase=strength sends=0 bytes=0 collective_rank_calls=448
AMG setup messages level=1 phase=strength-transpose sends=8637 bytes=174023344 collective_rank_calls=448
AMG setup messages level=1 phase=PMIS sends=207795 bytes=341611304 collective_rank_calls=5376
AMG setup messages level=1 phase=numbering sends=0 bytes=0 collective_rank_calls=448
AMG setup messages level=1 phase=interpolation sends=51492 bytes=197035656 collective_rank_calls=448
AMG setup messages level=1 phase=interpolation-transpose sends=8793 bytes=98792240 collective_rank_calls=448
AMG setup messages level=1 phase=A*P sends=30948 bytes=568975984 collective_rank_calls=448
AMG setup messages level=1 phase=R*(A*P) sends=26379 bytes=1828022992 collective_rank_calls=448
AMG setup messages level=2 phase=strength sends=0 bytes=0 collective_rank_calls=448
AMG setup messages level=2 phase=strength-transpose sends=10070 bytes=91310140 collective_rank_calls=448
AMG setup messages level=2 phase=PMIS sends=283970 bytes=137048684 collective_rank_calls=6272
AMG setup messages level=2 phase=numbering sends=0 bytes=0 collective_rank_calls=448
AMG setup messages level=2 phase=interpolation sends=59775 bytes=83216132 collective_rank_calls=448
AMG setup messages level=2 phase=interpolation-transpose sends=8784 bytes=27464016 collective_rank_calls=448
AMG setup messages level=2 phase=A*P sends=32994 bytes=224744560 collective_rank_calls=448
AMG setup messages level=2 phase=R*(A*P) sends=26352 bytes=796192288 collective_rank_calls=448
AMG setup messages level=3 phase=strength sends=0 bytes=0 collective_rank_calls=448
AMG setup messages level=3 phase=strength-transpose sends=10037 bytes=18145220 collective_rank_calls=448
AMG setup messages level=3 phase=PMIS sends=264392 bytes=30893696 collective_rank_calls=5824
AMG setup messages level=3 phase=numbering sends=0 bytes=0 collective_rank_calls=448
AMG setup messages level=3 phase=interpolation sends=59337 bytes=20371408 collective_rank_calls=448
AMG setup messages level=3 phase=interpolation-transpose sends=8098 bytes=5766432 collective_rank_calls=448
AMG setup messages level=3 phase=A*P sends=37272 bytes=70428688 collective_rank_calls=448
AMG setup messages level=3 phase=R*(A*P) sends=24294 bytes=222624480 collective_rank_calls=448
AMG setup messages level=4 phase=strength sends=0 bytes=0 collective_rank_calls=448
AMG setup messages level=4 phase=strength-transpose sends=10040 bytes=3102800 collective_rank_calls=448
AMG setup messages level=4 phase=PMIS sends=217388 bytes=6410488 collective_rank_calls=4480
AMG setup messages level=4 phase=numbering sends=0 bytes=0 collective_rank_calls=448
AMG setup messages level=4 phase=interpolation sends=58134 bytes=4009380 collective_rank_calls=448
AMG setup messages level=4 phase=interpolation-transpose sends=6170 bytes=1457104 collective_rank_calls=448
AMG setup messages level=4 phase=A*P sends=79224 bytes=32347216 collective_rank_calls=448
AMG setup messages level=4 phase=R*(A*P) sends=18510 bytes=58686064 collective_rank_calls=448
AMG setup messages level=5 phase=strength sends=0 bytes=0 collective_rank_calls=448
AMG setup messages level=5 phase=strength-transpose sends=6975 bytes=683948 collective_rank_calls=448
AMG setup messages level=5 phase=PMIS sends=100227 bytes=1307920 collective_rank_calls=2688
AMG setup messages level=5 phase=numbering sends=0 bytes=0 collective_rank_calls=448
AMG setup messages level=5 phase=interpolation sends=36918 bytes=739808 collective_rank_calls=448
AMG setup messages level=5 phase=interpolation-transpose sends=3125 bytes=375984 collective_rank_calls=448
AMG setup messages level=5 phase=A*P sends=124638 bytes=13346144 collective_rank_calls=448
AMG setup messages level=5 phase=R*(A*P) sends=9375 bytes=12327472 collective_rank_calls=448
AMG setup messages level=6 phase=strength sends=0 bytes=0 collective_rank_calls=448
AMG setup messages level=6 phase=strength-transpose sends=1557 bytes=136560 collective_rank_calls=448
AMG setup messages level=6 phase=PMIS sends=18771 bytes=251688 collective_rank_calls=1792
AMG setup messages level=6 phase=numbering sends=0 bytes=0 collective_rank_calls=448
AMG setup messages level=6 phase=interpolation sends=7356 bytes=81160 collective_rank_calls=448
AMG setup messages level=6 phase=interpolation-transpose sends=774 bytes=92080 collective_rank_calls=448
AMG setup messages level=6 phase=A*P sends=44850 bytes=2881072 collective_rank_calls=448
AMG setup messages level=6 phase=R*(A*P) sends=2322 bytes=816128 collective_rank_calls=448
AMG setup messages level=7 phase=strength sends=0 bytes=0 collective_rank_calls=448
AMG setup messages level=7 phase=strength-transpose sends=140 bytes=12256 collective_rank_calls=448
AMG setup messages level=7 phase=PMIS sends=968 bytes=16240 collective_rank_calls=896
AMG setup messages level=7 phase=numbering sends=0 bytes=0 collective_rank_calls=448
AMG setup messages level=7 phase=interpolation sends=633 bytes=5072 collective_rank_calls=448
AMG setup messages level=7 phase=interpolation-transpose sends=67 bytes=7152 collective_rank_calls=448
AMG setup messages level=7 phase=A*P sends=3084 bytes=101888 collective_rank_calls=448
AMG setup messages level=7 phase=R*(A*P) sends=201 bytes=15008 collective_rank_calls=448
AMG setup messages level=0 phase=strength sends=0 bytes=0 collective_rank_calls=448
AMG setup messages level=0 phase=strength-transpose sends=3519 bytes=143821492 collective_rank_calls=448
AMG setup messages level=0 phase=PMIS sends=66692 bytes=420148736 collective_rank_calls=4032
AMG setup messages level=0 phase=numbering sends=0 bytes=0 collective_rank_calls=448
AMG setup messages level=0 phase=interpolation sends=21114 bytes=192208268 collective_rank_calls=448
AMG setup messages level=0 phase=interpolation-transpose sends=7773 bytes=121174992 collective_rank_calls=448
AMG setup messages level=0 phase=A*P sends=11562 bytes=465561808 collective_rank_calls=448
AMG setup messages level=0 phase=R*(A*P) sends=23319 bytes=893047344 collective_rank_calls=448
AMG setup messages level=1 phase=strength sends=0 bytes=0 collective_rank_calls=448
AMG setup messages level=1 phase=strength-transpose sends=8624 bytes=173926320 collective_rank_calls=448
AMG setup messages level=1 phase=PMIS sends=190064 bytes=315340872 collective_rank_calls=4928
AMG setup messages level=1 phase=numbering sends=0 bytes=0 collective_rank_calls=448
AMG setup messages level=1 phase=interpolation sends=51369 bytes=196907888 collective_rank_calls=448
AMG setup messages level=1 phase=interpolation-transpose sends=8779 bytes=98790528 collective_rank_calls=448
AMG setup messages level=1 phase=A*P sends=30936 bytes=569030960 collective_rank_calls=448
AMG setup messages level=1 phase=R*(A*P) sends=26337 bytes=1827654336 collective_rank_calls=448
AMG setup messages level=2 phase=strength sends=0 bytes=0 collective_rank_calls=448
AMG setup messages level=2 phase=strength-transpose sends=10068 bytes=91179096 collective_rank_calls=448
AMG setup messages level=2 phase=PMIS sends=283824 bytes=136983388 collective_rank_calls=6272
AMG setup messages level=2 phase=numbering sends=0 bytes=0 collective_rank_calls=448
AMG setup messages level=2 phase=interpolation sends=59805 bytes=83172004 collective_rank_calls=448
AMG setup messages level=2 phase=interpolation-transpose sends=8793 bytes=27459888 collective_rank_calls=448
AMG setup messages level=2 phase=A*P sends=33000 bytes=224825184 collective_rank_calls=448
AMG setup messages level=2 phase=R*(A*P) sends=26379 bytes=798078016 collective_rank_calls=448
AMG setup messages level=3 phase=strength sends=0 bytes=0 collective_rank_calls=448
AMG setup messages level=3 phase=strength-transpose sends=10000 bytes=18166256 collective_rank_calls=448
AMG setup messages level=3 phase=PMIS sends=243146 bytes=28687640 collective_rank_calls=5376
AMG setup messages level=3 phase=numbering sends=0 bytes=0 collective_rank_calls=448
AMG setup messages level=3 phase=interpolation sends=59271 bytes=20453472 collective_rank_calls=448
AMG setup messages level=3 phase=interpolation-transpose sends=7993 bytes=5756800 collective_rank_calls=448
AMG setup messages level=3 phase=A*P sends=37590 bytes=70509920 collective_rank_calls=448
AMG setup messages level=3 phase=R*(A*P) sends=23979 bytes=221430064 collective_rank_calls=448
AMG setup messages level=4 phase=strength sends=0 bytes=0 collective_rank_calls=448
AMG setup messages level=4 phase=strength-transpose sends=10014 bytes=3154892 collective_rank_calls=448
AMG setup messages level=4 phase=PMIS sends=194792 bytes=5876608 collective_rank_calls=4032
AMG setup messages level=4 phase=numbering sends=0 bytes=0 collective_rank_calls=448
AMG setup messages level=4 phase=interpolation sends=57945 bytes=4039000 collective_rank_calls=448
AMG setup messages level=4 phase=interpolation-transpose sends=6093 bytes=1485184 collective_rank_calls=448
AMG setup messages level=4 phase=A*P sends=78606 bytes=32657088 collective_rank_calls=448
AMG setup messages level=4 phase=R*(A*P) sends=18279 bytes=57620160 collective_rank_calls=448
AMG setup messages level=5 phase=strength sends=0 bytes=0 collective_rank_calls=448
AMG setup messages level=5 phase=strength-transpose sends=6469 bytes=638300 collective_rank_calls=448
AMG setup messages level=5 phase=PMIS sends=108814 bytes=1370056 collective_rank_calls=3136
AMG setup messages level=5 phase=numbering sends=0 bytes=0 collective_rank_calls=448
AMG setup messages level=5 phase=interpolation sends=33351 bytes=675292 collective_rank_calls=448
AMG setup messages level=5 phase=interpolation-transpose sends=2903 bytes=342352 collective_rank_calls=448
AMG setup messages level=5 phase=A*P sends=116148 bytes=12283808 collective_rank_calls=448
AMG setup messages level=5 phase=R*(A*P) sends=8709 bytes=11745040 collective_rank_calls=448
AMG setup messages level=6 phase=strength sends=0 bytes=0 collective_rank_calls=448
AMG setup messages level=6 phase=strength-transpose sends=1444 bytes=146816 collective_rank_calls=448
AMG setup messages level=6 phase=PMIS sends=13872 bytes=231056 collective_rank_calls=1344
AMG setup messages level=6 phase=numbering sends=0 bytes=0 collective_rank_calls=448
AMG setup messages level=6 phase=interpolation sends=6846 bytes=78196 collective_rank_calls=448
AMG setup messages level=6 phase=interpolation-transpose sends=665 bytes=98272 collective_rank_calls=448
AMG setup messages level=6 phase=A*P sends=44664 bytes=2946240 collective_rank_calls=448
AMG setup messages level=6 phase=R*(A*P) sends=1995 bytes=621696 collective_rank_calls=448
AMG setup messages level=7 phase=strength sends=0 bytes=0 collective_rank_calls=448
AMG setup messages level=7 phase=strength-transpose sends=110 bytes=10348 collective_rank_calls=448
AMG setup messages level=7 phase=PMIS sends=752 bytes=13812 collective_rank_calls=896
AMG setup messages level=7 phase=numbering sends=0 bytes=0 collective_rank_calls=448
AMG setup messages level=7 phase=interpolation sends=471 bytes=3828 collective_rank_calls=448
AMG setup messages level=7 phase=interpolation-transpose sends=60 bytes=6640 collective_rank_calls=448
AMG setup messages level=7 phase=A*P sends=1974 bytes=70272 collective_rank_calls=448
AMG setup messages level=7 phase=R*(A*P) sends=180 bytes=14160 collective_rank_calls=448
AMG setup messages level=0 phase=strength sends=0 bytes=0 collective_rank_calls=448
AMG setup messages level=0 phase=strength-transpose sends=3519 bytes=143810264 collective_rank_calls=448
AMG setup messages level=0 phase=PMIS sends=74065 bytes=461693736 collective_rank_calls=4480
AMG setup messages level=0 phase=numbering sends=0 bytes=0 collective_rank_calls=448
AMG setup messages level=0 phase=interpolation sends=21114 bytes=192043688 collective_rank_calls=448
AMG setup messages level=0 phase=interpolation-transpose sends=7777 bytes=121213424 collective_rank_calls=448
AMG setup messages level=0 phase=A*P sends=11562 bytes=465431520 collective_rank_calls=448
AMG setup messages level=0 phase=R*(A*P) sends=23331 bytes=892258416 collective_rank_calls=448
AMG setup messages level=1 phase=strength sends=0 bytes=0 collective_rank_calls=448
AMG setup messages level=1 phase=strength-transpose sends=8627 bytes=174030084 collective_rank_calls=448
AMG setup messages level=1 phase=PMIS sends=190070 bytes=315521704 collective_rank_calls=4928
AMG setup messages level=1 phase=numbering sends=0 bytes=0 collective_rank_calls=448
AMG setup messages level=1 phase=interpolation sends=51417 bytes=197094052 collective_rank_calls=448
AMG setup messages level=1 phase=interpolation-transpose sends=8750 bytes=98785696 collective_rank_calls=448
AMG setup messages level=1 phase=A*P sends=30900 bytes=569043840 collective_rank_calls=448
AMG setup messages level=1 phase=R*(A*P) sends=26250 bytes=1827561280 collective_rank_calls=448
AMG setup messages level=2 phase=strength sends=0 bytes=0 collective_rank_calls=448
AMG setup messages level=2 phase=strength-transpose sends=10116 bytes=91266620 collective_rank_calls=448
AMG setup messages level=2 phase=PMIS sends=285258 bytes=137108468 collective_rank_calls=6272
AMG setup messages level=2 phase=numbering sends=0 bytes=0 collective_rank_calls=448
AMG setup messages level=2 phase=interpolation sends=60024 bytes=83330384 collective_rank_calls=448
AMG setup messages level=2 phase=interpolation-transpose sends=8799 bytes=27408928 collective_rank_calls=448
AMG setup messages level=2 phase=A*P sends=32994 bytes=224943264 collective_rank_calls=448
AMG setup messages level=2 phase=R*(A*P) sends=26397 bytes=797068160 collective_rank_calls=448
AMG setup messages level=3 phase=strength sends=0 bytes=0 collective_rank_calls=448
AMG setup messages level=3 phase=strength-transpose sends=9964 bytes=18229720 collective_rank_calls=448
AMG setup messages level=3 phase=PMIS sends=282682 bytes=33050768 collective_rank_calls=6272
AMG setup messages level=3 phase=numbering sends=0 bytes=0 collective_rank_calls=448
AMG setup messages level=3 phase=interpolation sends=59055 bytes=20404540 collective_rank_calls=448
AMG setup messages level=3 phase=interpolation-transpose sends=8046 bytes=5708960 collective_rank_calls=448
AMG setup messages level=3 phase=A*P sends=37584 bytes=70570256 collective_rank_calls=448
AMG setup messages level=3 phase=R*(A*P) sends=24138 bytes=222348368 collective_rank_calls=448
AMG setup messages level=4 phase=strength sends=0 bytes=0 collective_rank_calls=448
AMG setup messages level=4 phase=strength-transpose sends=10157 bytes=3195596 collective_rank_calls=448
AMG setup messages level=4 phase=PMIS sends=197296 bytes=5993760 collective_rank_calls=4032
AMG setup messages level=4 phase=numbering sends=0 bytes=0 collective_rank_calls=448
AMG setup messages level=4 phase=interpolation sends=58728 bytes=4085592 collective_rank_calls=448
AMG setup messages level=4 phase=interpolation-transpose sends=6025 bytes=1508000 collective_rank_calls=448
AMG setup messages level=4 phase=A*P sends=78786 bytes=32900384 collective_rank_calls=448
AMG setup messages level=4 phase=R*(A*P) sends=18075 bytes=58280032 collective_rank_calls=448
AMG setup messages level=5 phase=strength sends=0 bytes=0 collective_rank_calls=448
AMG setup messages level=5 phase=strength-transpose sends=6425 bytes=661868 collective_rank_calls=448
AMG setup messages level=5 phase=PMIS sends=92885 bytes=1260708 collective_rank_calls=2688
AMG setup messages level=5 phase=numbering sends=0 bytes=0 collective_rank_calls=448
AMG setup messages level=5 phase=interpolation sends=33978 bytes=748548 collective_rank_calls=448
AMG setup messages level=5 phase=interpolation-transpose sends=2742 bytes=392336 collective_rank_calls=448
AMG setup messages level=5 phase=A*P sends=115884 bytes=13247488 collective_rank_calls=448
AMG setup messages level=5 phase=R*(A*P) sends=8226 bytes=11428624 collective_rank_calls=448
AMG setup messages level=6 phase=strength sends=0 bytes=0 collective_rank_calls=448
AMG setup messages level=6 phase=strength-transpose sends=1423 bytes=143736 collective_rank_calls=448
AMG setup messages level=6 phase=PMIS sends=12854 bytes=201568 collective_rank_calls=1344
AMG setup messages level=6 phase=numbering sends=0 bytes=0 collective_rank_calls=448
AMG setup messages level=6 phase=interpolation sends=6693 bytes=86864 collective_rank_calls=448
AMG setup messages level=6 phase=interpolation-transpose sends=694 bytes=86816 collective_rank_calls=448
AMG setup messages level=6 phase=A*P sends=40092 bytes=2448064 collective_rank_calls=448
AMG setup messages level=6 phase=R*(A*P) sends=2082 bytes=558256 collective_rank_calls=448
AMG setup messages level=7 phase=strength sends=0 bytes=0 collective_rank_calls=448
AMG setup messages level=7 phase=strength-transpose sends=81 bytes=7644 collective_rank_calls=448
AMG setup messages level=7 phase=PMIS sends=543 bytes=10204 collective_rank_calls=896
AMG setup messages level=7 phase=numbering sends=0 bytes=0 collective_rank_calls=448
AMG setup messages level=7 phase=interpolation sends=363 bytes=2900 collective_rank_calls=448
AMG setup messages level=7 phase=interpolation-transpose sends=38 bytes=4544 collective_rank_calls=448
AMG setup messages level=7 phase=A*P sends=1194 bytes=44704 collective_rank_calls=448
AMG setup messages level=7 phase=R*(A*P) sends=114 bytes=9968 collective_rank_calls=448
AMG setup messages level=0 phase=strength sends=0 bytes=0 collective_rank_calls=448
AMG setup messages level=0 phase=strength-transpose sends=3519 bytes=143800212 collective_rank_calls=448
AMG setup messages level=0 phase=PMIS sends=74065 bytes=461665420 collective_rank_calls=4480
AMG setup messages level=0 phase=numbering sends=0 bytes=0 collective_rank_calls=448
AMG setup messages level=0 phase=interpolation sends=21114 bytes=192100156 collective_rank_calls=448
AMG setup messages level=0 phase=interpolation-transpose sends=7775 bytes=121138688 collective_rank_calls=448
AMG setup messages level=0 phase=A*P sends=11562 bytes=465446880 collective_rank_calls=448
AMG setup messages level=0 phase=R*(A*P) sends=23325 bytes=892400816 collective_rank_calls=448
AMG setup messages level=1 phase=strength sends=0 bytes=0 collective_rank_calls=448
AMG setup messages level=1 phase=strength-transpose sends=8601 bytes=173894048 collective_rank_calls=448
AMG setup messages level=1 phase=PMIS sends=189594 bytes=315492840 collective_rank_calls=4928
AMG setup messages level=1 phase=numbering sends=0 bytes=0 collective_rank_calls=448
AMG setup messages level=1 phase=interpolation sends=51342 bytes=197037436 collective_rank_calls=448
AMG setup messages level=1 phase=interpolation-transpose sends=8742 bytes=98667360 collective_rank_calls=448
AMG setup messages level=1 phase=A*P sends=30834 bytes=569058288 collective_rank_calls=448
AMG setup messages level=1 phase=R*(A*P) sends=26226 bytes=1826814256 collective_rank_calls=448
AMG setup messages level=2 phase=strength sends=0 bytes=0 collective_rank_calls=448
AMG setup messages level=2 phase=strength-transpose sends=10069 bytes=91098764 collective_rank_calls=448
AMG setup messages level=2 phase=PMIS sends=284047 bytes=137023976 collective_rank_calls=6272
AMG setup messages level=2 phase=numbering sends=0 bytes=0 collective_rank_calls=448
AMG setup messages level=2 phase=interpolation sends=59682 bytes=83355108 collective_rank_calls=448
AMG setup messages level=2 phase=interpolation-transpose sends=8745 bytes=27315840 collective_rank_calls=448
AMG setup messages level=2 phase=A*P sends=32982 bytes=225045616 collective_rank_calls=448
AMG setup messages level=2 phase=R*(A*P) sends=26235 bytes=795715040 collective_rank_calls=448
AMG setup messages level=3 phase=strength sends=0 bytes=0 collective_rank_calls=448
AMG setup messages level=3 phase=strength-transpose sends=9985 bytes=18259276 collective_rank_calls=448
AMG setup messages level=3 phase=PMIS sends=263376 bytes=30810672 collective_rank_calls=5824
AMG setup messages level=3 phase=numbering sends=0 bytes=0 collective_rank_calls=448
AMG setup messages level=3 phase=interpolation sends=59076 bytes=20463972 collective_rank_calls=448
AMG setup messages level=3 phase=interpolation-transpose sends=7945 bytes=5711536 collective_rank_calls=448
AMG setup messages level=3 phase=A*P sends=37416 bytes=70840128 collective_rank_calls=448
AMG setup messages level=3 phase=R*(A*P) sends=23835 bytes=222295312 collective_rank_calls=448
AMG setup messages level=4 phase=strength sends=0 bytes=0 collective_rank_calls=448
AMG setup messages level=4 phase=strength-transpose sends=10128 bytes=3255240 collective_rank_calls=448
AMG setup messages level=4 phase=PMIS sends=197204 bytes=6048384 collective_rank_calls=4032
AMG setup messages level=4 phase=numbering sends=0 bytes=0 collective_rank_calls=448
AMG setup messages level=4 phase=interpolation sends=58728 bytes=4265536 collective_rank_calls=448
AMG setup messages level=4 phase=interpolation-transpose sends=6044 bytes=1522032 collective_rank_calls=448
AMG setup messages level=4 phase=A*P sends=78456 bytes=33138288 collective_rank_calls=448
AMG setup messages level=4 phase=R*(A*P) sends=18132 bytes=58298848 collective_rank_calls=448
AMG setup messages level=5 phase=strength sends=0 bytes=0 collective_rank_calls=448
AMG setup messages level=5 phase=strength-transpose sends=6709 bytes=691568 collective_rank_calls=448
AMG setup messages level=5 phase=PMIS sends=112286 bytes=1459896 collective_rank_calls=3136
AMG setup messages level=5 phase=numbering sends=0 bytes=0 collective_rank_calls=448
AMG setup messages level=5 phase=interpolation sends=36072 bytes=730356 collective_rank_calls=448
AMG setup messages level=5 phase=interpolation-transpose sends=2488 bytes=356704 collective_rank_calls=448
AMG setup messages level=5 phase=A*P sends=117960 bytes=12943168 collective_rank_calls=448
AMG setup messages level=5 phase=R*(A*P) sends=7464 bytes=9881760 collective_rank_calls=448
AMG setup messages level=6 phase=strength sends=0 bytes=0 collective_rank_calls=448
AMG setup messages level=6 phase=strength-transpose sends=1119 bytes=128956 collective_rank_calls=448
AMG setup messages level=6 phase=PMIS sends=10646 bytes=176936 collective_rank_calls=1344
AMG setup messages level=6 phase=numbering sends=0 bytes=0 collective_rank_calls=448
AMG setup messages level=6 phase=interpolation sends=5748 bytes=65916 collective_rank_calls=448
AMG setup messages level=6 phase=interpolation-transpose sends=333 bytes=49808 collective_rank_calls=448
AMG setup messages level=6 phase=A*P sends=37182 bytes=1811952 collective_rank_calls=448
AMG setup messages level=6 phase=R*(A*P) sends=999 bytes=408032 collective_rank_calls=448
AMG setup messages level=7 phase=strength sends=0 bytes=0 collective_rank_calls=448
AMG setup messages level=7 phase=strength-transpose sends=107 bytes=14464 collective_rank_calls=448
AMG setup messages level=7 phase=PMIS sends=1006 bytes=17224 collective_rank_calls=1344
AMG setup messages level=7 phase=numbering sends=0 bytes=0 collective_rank_calls=448
AMG setup messages level=7 phase=interpolation sends=510 bytes=5804 collective_rank_calls=448
AMG setup messages level=7 phase=interpolation-transpose sends=84 bytes=8320 collective_rank_calls=448
AMG setup messages level=7 phase=A*P sends=2952 bytes=112592 collective_rank_calls=448
AMG setup messages level=7 phase=R*(A*P) sends=252 bytes=58064 collective_rank_calls=448
AMG setup messages level=8 phase=strength sends=0 bytes=0 collective_rank_calls=448
AMG setup messages level=8 phase=strength-transpose sends=228 bytes=20108 collective_rank_calls=448
AMG setup messages level=8 phase=PMIS sends=1434 bytes=25276 collective_rank_calls=896
AMG setup messages level=8 phase=numbering sends=0 bytes=0 collective_rank_calls=448
AMG setup messages level=8 phase=interpolation sends=1239 bytes=10988 collective_rank_calls=448
AMG setup messages level=8 phase=interpolation-transpose sends=36 bytes=3920 collective_rank_calls=448
AMG setup messages level=8 phase=A*P sends=1302 bytes=42432 collective_rank_calls=448
AMG setup messages level=8 phase=R*(A*P) sends=108 bytes=5536 collective_rank_calls=448
AMG setup messages level=0 phase=strength sends=0 bytes=0 collective_rank_calls=448
AMG setup messages level=0 phase=strength-transpose sends=3519 bytes=143792232 collective_rank_calls=448
AMG setup messages level=0 phase=PMIS sends=74065 bytes=461644032 collective_rank_calls=4480
AMG setup messages level=0 phase=numbering sends=0 bytes=0 collective_rank_calls=448
AMG setup messages level=0 phase=interpolation sends=21114 bytes=192114904 collective_rank_calls=448
AMG setup messages level=0 phase=interpolation-transpose sends=7771 bytes=121188624 collective_rank_calls=448
AMG setup messages level=0 phase=A*P sends=11562 bytes=465511840 collective_rank_calls=448
AMG setup messages level=0 phase=R*(A*P) sends=23313 bytes=892851456 collective_rank_calls=448
AMG setup messages level=1 phase=strength sends=0 bytes=0 collective_rank_calls=448
AMG setup messages level=1 phase=strength-transpose sends=8600 bytes=173761084 collective_rank_calls=448
AMG setup messages level=1 phase=PMIS sends=189584 bytes=315301528 collective_rank_calls=4928
AMG setup messages level=1 phase=numbering sends=0 bytes=0 collective_rank_calls=448
AMG setup messages level=1 phase=interpolation sends=51354 bytes=196942664 collective_rank_calls=448
AMG setup messages level=1 phase=interpolation-transpose sends=8727 bytes=98637488 collective_rank_calls=448
AMG setup messages level=1 phase=A*P sends=31152 bytes=568826080 collective_rank_calls=448
AMG setup messages level=1 phase=R*(A*P) sends=26181 bytes=1825441088 collective_rank_calls=448
AMG setup messages level=2 phase=strength sends=0 bytes=0 collective_rank_calls=448
AMG setup messages level=2 phase=strength-transpose sends=10033 bytes=91071720 collective_rank_calls=448
AMG setup messages level=2 phase=PMIS sends=282919 bytes=136928252 collective_rank_calls=6272
AMG setup messages level=2 phase=numbering sends=0 bytes=0 collective_rank_calls=448
AMG setup messages level=2 phase=interpolation sends=59535 bytes=83299556 collective_rank_calls=448
AMG setup messages level=2 phase=interpolation-transpose sends=8776 bytes=27351088 collective_rank_calls=448
AMG setup messages level=2 phase=A*P sends=32976 bytes=225100320 collective_rank_calls=448
AMG setup messages level=2 phase=R*(A*P) sends=26328 bytes=795608336 collective_rank_calls=448
AMG setup messages level=3 phase=strength sends=0 bytes=0 collective_rank_calls=448
AMG setup messages level=3 phase=strength-transpose sends=10026 bytes=18277212 collective_rank_calls=448
AMG setup messages level=3 phase=PMIS sends=243900 bytes=28597080 collective_rank_calls=5376
AMG setup messages level=3 phase=numbering sends=0 bytes=0 collective_rank_calls=448
AMG setup messages level=3 phase=interpolation sends=59280 bytes=20384028 collective_rank_calls=448
AMG setup messages level=3 phase=interpolation-transpose sends=7979 bytes=5737376 collective_rank_calls=448
AMG setup messages level=3 phase=A*P sends=37416 bytes=70703648 collective_rank_calls=448
AMG setup messages level=3 phase=R*(A*P) sends=23937 bytes=221479024 collective_rank_calls=448
AMG setup messages level=4 phase=strength sends=0 bytes=0 collective_rank_calls=448
AMG setup messages level=4 phase=strength-transpose sends=10163 bytes=3248048 collective_rank_calls=448
AMG setup messages level=4 phase=PMIS sends=197244 bytes=6054384 collective_rank_calls=4032
AMG setup messages level=4 phase=numbering sends=0 bytes=0 collective_rank_calls=448
AMG setup messages level=4 phase=interpolation sends=58842 bytes=4160624 collective_rank_calls=448
AMG setup messages level=4 phase=interpolation-transpose sends=6134 bytes=1529264 collective_rank_calls=448
AMG setup messages level=4 phase=A*P sends=78192 bytes=33199792 collective_rank_calls=448
AMG setup messages level=4 phase=R*(A*P) sends=18402 bytes=59965472 collective_rank_calls=448
AMG setup messages level=5 phase=strength sends=0 bytes=0 collective_rank_calls=448
AMG setup messages level=5 phase=strength-transpose sends=7109 bytes=708340 collective_rank_calls=448
AMG setup messages level=5 phase=PMIS sends=118510 bytes=1533904 collective_rank_calls=3136
AMG setup messages level=5 phase=numbering sends=0 bytes=0 collective_rank_calls=448
AMG setup messages level=5 phase=interpolation sends=37872 bytes=770652 collective_rank_calls=448
AMG setup messages level=5 phase=interpolation-transpose sends=2963 bytes=370400 collective_rank_calls=448
AMG setup messages level=5 phase=A*P sends=121860 bytes=13284848 collective_rank_calls=448
AMG setup messages level=5 phase=R*(A*P) sends=8889 bytes=12618320 collective_rank_calls=448
AMG setup messages level=6 phase=strength sends=0 bytes=0 collective_rank_calls=448
AMG setup messages level=6 phase=strength-transpose sends=1556 bytes=170568 collective_rank_calls=448
AMG setup messages level=6 phase=PMIS sends=14320 bytes=255032 collective_rank_calls=1344
AMG setup messages level=6 phase=numbering sends=0 bytes=0 collective_rank_calls=448
AMG setup messages level=6 phase=interpolation sends=7641 bytes=83852 collective_rank_calls=448
AMG setup messages level=6 phase=interpolation-transpose sends=564 bytes=73712 collective_rank_calls=448
AMG setup messages level=6 phase=A*P sends=45492 bytes=2432080 collective_rank_calls=448
AMG setup messages level=6 phase=R*(A*P) sends=1692 bytes=429744 collective_rank_calls=448
AMG setup messages level=7 phase=strength sends=0 bytes=0 collective_rank_calls=448
AMG setup messages level=7 phase=strength-transpose sends=76 bytes=6632 collective_rank_calls=448
AMG setup messages level=7 phase=PMIS sends=508 bytes=8664 collective_rank_calls=896
AMG setup messages level=7 phase=numbering sends=0 bytes=0 collective_rank_calls=448
AMG setup messages level=7 phase=interpolation sends=306 bytes=2352 collective_rank_calls=448
AMG setup messages level=7 phase=interpolation-transpose sends=46 bytes=5184 collective_rank_calls=448
AMG setup messages level=7 phase=A*P sends=1344 bytes=46928 collective_rank_calls=448
AMG setup messages level=7 phase=R*(A*P) sends=138 bytes=11136 collective_rank_calls=448
AMG setup messages level=0 phase=strength sends=0 bytes=0 collective_rank_calls=448
AMG setup messages level=0 phase=strength-transpose sends=3519 bytes=143784308 collective_rank_calls=448
AMG setup messages level=0 phase=PMIS sends=66692 bytes=420057952 collective_rank_calls=4032
AMG setup messages level=0 phase=numbering sends=0 bytes=0 collective_rank_calls=448
AMG setup messages level=0 phase=interpolation sends=21114 bytes=192025708 collective_rank_calls=448
AMG setup messages level=0 phase=interpolation-transpose sends=7771 bytes=121137680 collective_rank_calls=448
AMG setup messages level=0 phase=A*P sends=11562 bytes=465430048 collective_rank_calls=448
AMG setup messages level=0 phase=R*(A*P) sends=23313 bytes=892282080 collective_rank_calls=448
AMG setup messages level=1 phase=strength sends=0 bytes=0 collective_rank_calls=448
AMG setup messages level=1 phase=strength-transpose sends=8613 bytes=173795656 collective_rank_calls=448
AMG setup messages level=1 phase=PMIS sends=189834 bytes=315338040 collective_rank_calls=4928
AMG setup messages level=1 phase=numbering sends=0 bytes=0 collective_rank_calls=448
AMG setup messages level=1 phase=interpolation sends=51417 bytes=196962688 collective_rank_calls=448
AMG setup messages level=1 phase=interpolation-transpose sends=8763 bytes=98573328 collective_rank_calls=448
AMG setup messages level=1 phase=A*P sends=30972 bytes=568798560 collective_rank_calls=448
AMG setup messages level=1 phase=R*(A*P) sends=26289 bytes=1825706080 collective_rank_calls=448
AMG setup messages level=2 phase=strength sends=0 bytes=0 collective_rank_calls=448
AMG setup messages level=2 phase=strength-transpose sends=10066 bytes=91035992 collective_rank_calls=448
AMG setup messages level=2 phase=PMIS sends=304444 bytes=146182448 collective_rank_calls=6720
AMG setup messages level=2 phase=numbering sends=0 bytes=0 collective_rank_calls=448
AMG setup messages level=2 phase=interpolation sends=59841 bytes=83384932 collective_rank_calls=448
AMG setup messages level=2 phase=interpolation-transpose sends=8739 bytes=27256336 collective_rank_calls=448
AMG setup messages level=2 phase=A*P sends=32994 bytes=225092656 collective_rank_calls=448
AMG setup messages level=2 phase=R*(A*P) sends=26217 bytes=795288144 collective_rank_calls=448
AMG setup messages level=3 phase=strength sends=0 bytes=0 collective_rank_calls=448
AMG setup messages level=3 phase=strength-transpose sends=9952 bytes=18285616 collective_rank_calls=448
AMG setup messages level=3 phase=PMIS sends=242124 bytes=28602060 collective_rank_calls=5376
AMG setup messages level=3 phase=numbering sends=0 bytes=0 collective_rank_calls=448
AMG setup messages level=3 phase=interpolation sends=59025 bytes=20498024 collective_rank_calls=448
AMG setup messages level=3 phase=interpolation-transpose sends=8018 bytes=5745008 collective_rank_calls=448
AMG setup messages level=3 phase=A*P sends=37404 bytes=70751024 collective_rank_calls=448
AMG setup messages level=3 phase=R*(A*P) sends=24054 bytes=222584672 collective_rank_calls=448
AMG setup messages level=4 phase=strength sends=0 bytes=0 collective_rank_calls=448
AMG setup messages level=4 phase=strength-transpose sends=10156 bytes=3310224 collective_rank_calls=448
AMG setup messages level=4 phase=PMIS sends=175978 bytes=5560856 collective_rank_calls=3584
AMG setup messages level=4 phase=numbering sends=0 bytes=0 collective_rank_calls=448
AMG setup messages level=4 phase=interpolation sends=58797 bytes=4166872 collective_rank_calls=448
AMG setup messages level=4 phase=interpolation-transpose sends=6042 bytes=1563216 collective_rank_calls=448
AMG setup messages level=4 phase=A*P sends=78840 bytes=33841232 collective_rank_calls=448
AMG setup messages level=4 phase=R*(A*P) sends=18126 bytes=59991712 collective_rank_calls=448
AMG setup messages level=5 phase=strength sends=0 bytes=0 collective_rank_calls=448
AMG setup messages level=5 phase=strength-transpose sends=6459 bytes=680820 collective_rank_calls=448
AMG setup messages level=5 phase=PMIS sends=92817 bytes=1310928 collective_rank_calls=2688
AMG setup messages level=5 phase=numbering sends=0 bytes=0 collective_rank_calls=448
AMG setup messages level=5 phase=interpolation sends=34158 bytes=705388 collective_rank_calls=448
AMG setup messages level=5 phase=interpolation-transpose sends=2767 bytes=363424 collective_rank_calls=448
AMG setup messages level=5 phase=A*P sends=113988 bytes=12639072 collective_rank_calls=448
AMG setup messages level=5 phase=R*(A*P) sends=8301 bytes=12236112 collective_rank_calls=448
AMG setup messages level=6 phase=strength sends=0 bytes=0 collective_rank_calls=448
AMG setup messages level=6 phase=strength-transpose sends=1398 bytes=152392 collective_rank_calls=448
AMG setup messages level=6 phase=PMIS sends=13236 bytes=236120 collective_rank_calls=1344
AMG setup messages level=6 phase=numbering sends=0 bytes=0 collective_rank_calls=448
AMG setup messages level=6 phase=interpolation sends=6744 bytes=78680 collective_rank_calls=448
AMG setup messages level=6 phase=interpolation-transpose sends=595 bytes=84160 collective_rank_calls=448
AMG setup messages level=6 phase=A*P sends=44040 bytes=2709824 collective_rank_calls=448
AMG setup messages level=6 phase=R*(A*P) sends=1785 bytes=532624 collective_rank_calls=448
AMG setup messages level=7 phase=strength sends=0 bytes=0 collective_rank_calls=448
AMG setup messages level=7 phase=strength-transpose sends=99 bytes=8520 collective_rank_calls=448
AMG setup messages level=7 phase=PMIS sends=681 bytes=11216 collective_rank_calls=896
AMG setup messages level=7 phase=numbering sends=0 bytes=0 collective_rank_calls=448
AMG setup messages level=7 phase=interpolation sends=441 bytes=3516 collective_rank_calls=448
AMG setup messages level=7 phase=interpolation-transpose sends=50 bytes=5136 collective_rank_calls=448
AMG setup messages level=7 phase=A*P sends=1626 bytes=52176 collective_rank_calls=448
AMG setup messages level=7 phase=R*(A*P) sends=150 bytes=10608 collective_rank_calls=448
AMG setup messages level=0 phase=strength sends=0 bytes=0 collective_rank_calls=448
AMG setup messages level=0 phase=strength-transpose sends=3519 bytes=143777728 collective_rank_calls=448
AMG setup messages level=0 phase=PMIS sends=74065 bytes=461605520 collective_rank_calls=4480
AMG setup messages level=0 phase=numbering sends=0 bytes=0 collective_rank_calls=448
AMG setup messages level=0 phase=interpolation sends=21114 bytes=192056288 collective_rank_calls=448
AMG setup messages level=0 phase=interpolation-transpose sends=7773 bytes=121099328 collective_rank_calls=448
AMG setup messages level=0 phase=A*P sends=11562 bytes=465392272 collective_rank_calls=448
AMG setup messages level=0 phase=R*(A*P) sends=23319 bytes=892070480 collective_rank_calls=448
AMG setup messages level=1 phase=strength sends=0 bytes=0 collective_rank_calls=448
AMG setup messages level=1 phase=strength-transpose sends=8588 bytes=173721380 collective_rank_calls=448
AMG setup messages level=1 phase=PMIS sends=189296 bytes=315291224 collective_rank_calls=4928
AMG setup messages level=1 phase=numbering sends=0 bytes=0 collective_rank_calls=448
AMG setup messages level=1 phase=interpolation sends=51300 bytes=196832148 collective_rank_calls=448
AMG setup messages level=1 phase=interpolation-transpose sends=8734 bytes=98684448 collective_rank_calls=448
AMG setup messages level=1 phase=A*P sends=30972 bytes=568859232 collective_rank_calls=448
AMG setup messages level=1 phase=R*(A*P) sends=26202 bytes=1827822352 collective_rank_calls=448
AMG setup messages level=2 phase=strength sends=0 bytes=0 collective_rank_calls=448
AMG setup messages level=2 phase=strength-transpose sends=10037 bytes=90915072 collective_rank_calls=448
AMG setup messages level=2 phase=PMIS sends=283511 bytes=136933136 collective_rank_calls=6272
AMG setup messages level=2 phase=numbering sends=0 bytes=0 collective_rank_calls=448
AMG setup messages level=2 phase=interpolation sends=59643 bytes=83473772 collective_rank_calls=448
AMG setup messages level=2 phase=interpolation-transpose sends=8755 bytes=27256704 collective_rank_calls=448
AMG setup messages level=2 phase=A*P sends=32994 bytes=225133696 collective_rank_calls=448
AMG setup messages level=2 phase=R*(A*P) sends=26265 bytes=796335008 collective_rank_calls=448
AMG setup messages level=3 phase=strength sends=0 bytes=0 collective_rank_calls=448
AMG setup messages level=3 phase=strength-transpose sends=9918 bytes=18392152 collective_rank_calls=448
AMG setup messages level=3 phase=PMIS sends=241204 bytes=28669880 collective_rank_calls=5376
AMG setup messages level=3 phase=numbering sends=0 bytes=0 collective_rank_calls=448
AMG setup messages level=3 phase=interpolation sends=58785 bytes=20510060 collective_rank_calls=448
AMG setup messages level=3 phase=interpolation-transpose sends=7926 bytes=5748080 collective_rank_calls=448
AMG setup messages level=3 phase=A*P sends=37374 bytes=71143920 collective_rank_calls=448
AMG setup messages level=3 phase=R*(A*P) sends=23778 bytes=222397424 collective_rank_calls=448
AMG setup messages level=4 phase=strength sends=0 bytes=0 collective_rank_calls=448
AMG setup messages level=4 phase=strength-transpose sends=10149 bytes=3322016 collective_rank_calls=448
AMG setup messages level=4 phase=PMIS sends=196792 bytes=6144208 collective_rank_calls=4032
AMG setup messages level=4 phase=numbering sends=0 bytes=0 collective_rank_calls=448
AMG setup messages level=4 phase=interpolation sends=58611 bytes=4252152 collective_rank_calls=448
AMG setup messages level=4 phase=interpolation-transpose sends=6022 bytes=1585392 collective_rank_calls=448
AMG setup messages level=4 phase=A*P sends=78156 bytes=33604880 collective_rank_calls=448
AMG setup messages level=4 phase=R*(A*P) sends=18066 bytes=60460528 collective_rank_calls=448
AMG setup messages level=5 phase=strength sends=0 bytes=0 collective_rank_calls=448
AMG setup messages level=5 phase=strength-transpose sends=6731 bytes=722680 collective_rank_calls=448
AMG setup messages level=5 phase=PMIS sends=127055 bytes=1696884 collective_rank_calls=3584
AMG setup messages level=5 phase=numbering sends=0 bytes=0 collective_rank_calls=448
AMG setup messages level=5 phase=interpolation sends=35988 bytes=785180 collective_rank_calls=448
AMG setup messages level=5 phase=interpolation-transpose sends=2720 bytes=384832 collective_rank_calls=448
AMG setup messages level=5 phase=A*P sends=119442 bytes=13446848 collective_rank_calls=448
AMG setup messages level=5 phase=R*(A*P) sends=8160 bytes=11882704 collective_rank_calls=448
AMG setup messages level=6 phase=strength sends=0 bytes=0 collective_rank_calls=448
AMG setup messages level=6 phase=strength-transpose sends=1521 bytes=156160 collective_rank_calls=448
AMG setup messages level=6 phase=PMIS sends=14018 bytes=220832 collective_rank_calls=1344
AMG setup messages level=6 phase=numbering sends=0 bytes=0 collective_rank_calls=448
AMG setup messages level=6 phase=interpolation sends=7260 bytes=89848 collective_rank_calls=448
AMG setup messages level=6 phase=interpolation-transpose sends=714 bytes=80272 collective_rank_calls=448
AMG setup messages level=6 phase=A*P sends=45732 bytes=2698304 collective_rank_calls=448
AMG setup messages level=6 phase=R*(A*P) sends=2142 bytes=972400 collective_rank_calls=448
AMG setup messages level=7 phase=strength sends=0 bytes=0 collective_rank_calls=448
AMG setup messages level=7 phase=strength-transpose sends=182 bytes=18844 collective_rank_calls=448
AMG setup messages level=7 phase=PMIS sends=1256 bytes=25948 collective_rank_calls=896
AMG setup messages level=7 phase=numbering sends=0 bytes=0 collective_rank_calls=448
AMG setup messages level=7 phase=interpolation sends=816 bytes=6520 collective_rank_calls=448
AMG setup messages level=7 phase=interpolation-transpose sends=89 bytes=11488 collective_rank_calls=448
AMG setup messages level=7 phase=A*P sends=3306 bytes=135488 collective_rank_calls=448
AMG setup messages level=7 phase=R*(A*P) sends=267 bytes=25920 collective_rank_calls=448
GMRES: iter = 0, residual = 3.000095798, 1 (rel.)
GMRES: iter = 1, residual = 2.923500597, 0.9744690816 (rel.)
GMRES: iter = 2, residual = 2.631371149, 0.8770957086 (rel.)
GMRES: iter = 3, residual = 2.287795883, 0.7625742766 (rel.)
GMRES: iter = 4, residual = 2.081679458, 0.6938709958 (rel.)
GMRES: iter = 5, residual = 1.892025145, 0.6306549099 (rel.)
GMRES: iter = 6, residual = 1.669990874, 0.5566458495 (rel.)
GMRES: iter = 7, residual = 1.486328507, 0.4954270154 (rel.)
GMRES: iter = 8, residual = 1.320955357, 0.4403043922 (rel.)
GMRES: iter = 9, residual = 1.162483705, 0.3874821949 (rel.)
GMRES: iter = 10, residual = 1.015719323, 0.3385622965 (rel.)
GMRES: iter = 11, residual = 0.8919902448, 0.2973205874 (rel.)
GMRES: iter = 12, residual = 0.7870032731, 0.2623260476 (rel.)
GMRES: iter = 13, residual = 0.7016143095, 0.2338639686 (rel.)
GMRES: iter = 14, residual = 0.6434217774, 0.2144670773 (rel.)
GMRES: iter = 15, residual = 0.607690974, 0.2025571899 (rel.)
GMRES: iter = 16, residual = 0.5903998745, 0.1967936741 (rel.)
GMRES: iter = 17, residual = 0.5850830345, 0.1950214507 (rel.)
GMRES: iter = 18, residual = 0.5842313909, 0.1947375785 (rel.)
GMRES: iter = 19, residual = 0.5841246602, 0.1947020027 (rel.)
GMRES: iter = 20, residual = 0.5834577789, 0.1944797161 (rel.)
GMRES: iter = 21, residual = 0.5791368762, 0.1930394612 (rel.)
GMRES: iter = 22, residual = 0.5648693538, 0.1882837722 (rel.)
GMRES: iter = 23, residual = 0.5407273234, 0.1802366857 (rel.)
GMRES: iter = 24, residual = 0.5170591934, 0.172347561 (rel.)
GMRES: iter = 25, residual = 0.4999514552, 0.1666451637 (rel.)
GMRES: iter = 26, residual = 0.4863035859, 0.1620960192 (rel.)
GMRES: iter = 27, residual = 0.4710807479, 0.1570219019 (rel.)
GMRES: iter = 28, residual = 0.4525811979, 0.1508555821 (rel.)
GMRES: iter = 29, residual = 0.4317110702, 0.143899095 (rel.)
GMRES: iter = 30, residual = 0.407912513, 0.1359664959 (rel.)
GMRES: iter = 31, residual = 0.379151843, 0.1263799121 (rel.)
GMRES: iter = 32, residual = 0.3438454721, 0.1146114975 (rel.)
GMRES: iter = 33, residual = 0.3042174722, 0.101402586 (rel.)
GMRES: iter = 34, residual = 0.2612284912, 0.08707338327 (rel.)
GMRES: iter = 35, residual = 0.2178657015, 0.07261958157 (rel.)
GMRES: iter = 36, residual = 0.1808671567, 0.0602871271 (rel.)
GMRES: iter = 37, residual = 0.1553683585, 0.05178779912 (rel.)
GMRES: iter = 38, residual = 0.1372693179, 0.04575497822 (rel.)
GMRES: iter = 39, residual = 0.1194120039, 0.03980273031 (rel.)
GMRES: iter = 40, residual = 0.09963980011, 0.03321220615 (rel.)
GMRES: iter = 41, residual = 0.08248576528, 0.02749437713 (rel.)
GMRES: iter = 42, residual = 0.06900651526, 0.02300143726 (rel.)
GMRES: iter = 43, residual = 0.05859782514, 0.01953198468 (rel.)
GMRES: iter = 44, residual = 0.0509465961, 0.01698165643 (rel.)
GMRES: iter = 45, residual = 0.04530938448, 0.01510264589 (rel.)
GMRES: iter = 46, residual = 0.03952393402, 0.01317422399 (rel.)
GMRES: iter = 47, residual = 0.0326659646, 0.01088830717 (rel.)
GMRES: iter = 48, residual = 0.02703611906, 0.00901175192 (rel.)
GMRES: iter = 49, residual = 0.02332149868, 0.007773584663 (rel.)
GMRES: iter = 50, residual = 0.0204594441, 0.006819596932 (rel.)
GMRES: iter = 51, residual = 0.01794729554, 0.005982240818 (rel.)
GMRES: iter = 52, residual = 0.01549784107, 0.005165782067 (rel.)
GMRES: iter = 53, residual = 0.01291561032, 0.004305065967 (rel.)
GMRES: iter = 54, residual = 0.01096644471, 0.003655364847 (rel.)
GMRES: iter = 55, residual = 0.009315467759, 0.003105056767 (rel.)
GMRES: iter = 56, residual = 0.007906628251, 0.002635458594 (rel.)
GMRES: iter = 57, residual = 0.006774366001, 0.002258049895 (rel.)
GMRES: iter = 58, residual = 0.005755402472, 0.001918406231 (rel.)
GMRES: iter = 59, residual = 0.004965437128, 0.001655092858 (rel.)
GMRES: iter = 60, residual = 0.004357551559, 0.001452470805 (rel.)
GMRES: iter = 61, residual = 0.003830988574, 0.001276955415 (rel.)
GMRES: iter = 62, residual = 0.003299128015, 0.001099674223 (rel.)
GMRES: iter = 63, residual = 0.002894815044, 0.0009649075359 (rel.)
GMRES: iter = 64, residual = 0.002530344349, 0.0008434211839 (rel.)
GMRES: iter = 65, residual = 0.002188367459, 0.000729432527 (rel.)
GMRES: iter = 66, residual = 0.001877776772, 0.000625905604 (rel.)
GMRES: iter = 67, residual = 0.001603528335, 0.0005344923772 (rel.)
GMRES: iter = 68, residual = 0.001367276108, 0.0004557441496 (rel.)
GMRES: iter = 69, residual = 0.001184647043, 0.0003948697386 (rel.)
GMRES: iter = 70, residual = 0.001033633426, 0.0003445334736 (rel.)
GMRES: iter = 71, residual = 0.0009008261866, 0.0003002658073 (rel.)
GMRES: iter = 72, residual = 0.000785407022, 0.0002617939809 (rel.)
GMRES: iter = 73, residual = 0.0006930812607, 0.0002310197099 (rel.)
GMRES: iter = 74, residual = 0.0006002644993, 0.0002000817773 (rel.)
GMRES: iter = 75, residual = 0.0005096444775, 0.0001698760679 (rel.)
GMRES: iter = 76, residual = 0.0004357857354, 0.0001452572734 (rel.)
GMRES: iter = 77, residual = 0.000376598136, 0.0001255287035 (rel.)
GMRES: iter = 78, residual = 0.0003272709202, 0.0001090868233 (rel.)
GMRES: iter = 79, residual = 0.0002810170381, 9.366935495e-05 (rel.)
GMRES: Solve Time = 35.6046107
AMG setup messages level=0 phase=strength sends=0 bytes=0 collective_rank_calls=448
AMG setup messages level=0 phase=strength-transpose sends=3519 bytes=143789936 collective_rank_calls=448
AMG setup messages level=0 phase=PMIS sends=66692 bytes=420088576 collective_rank_calls=4032
AMG setup messages level=0 phase=numbering sends=0 bytes=0 collective_rank_calls=448
AMG setup messages level=0 phase=interpolation sends=21114 bytes=191961712 collective_rank_calls=448
AMG setup messages level=0 phase=interpolation-transpose sends=7773 bytes=121117696 collective_rank_calls=448
AMG setup messages level=0 phase=A*P sends=11562 bytes=465389152 collective_rank_calls=448
AMG setup messages level=0 phase=R*(A*P) sends=23319 bytes=891831008 collective_rank_calls=448
AMG setup messages level=1 phase=strength sends=0 bytes=0 collective_rank_calls=448
AMG setup messages level=1 phase=strength-transpose sends=8643 bytes=173747260 collective_rank_calls=448
AMG setup messages level=1 phase=PMIS sends=173179 bytes=289338708 collective_rank_calls=4480
AMG setup messages level=1 phase=numbering sends=0 bytes=0 collective_rank_calls=448
AMG setup messages level=1 phase=interpolation sends=51492 bytes=197001296 collective_rank_calls=448
AMG setup messages level=1 phase=interpolation-transpose sends=8759 bytes=98468544 collective_rank_calls=448
AMG setup messages level=1 phase=A*P sends=30912 bytes=569233664 collective_rank_calls=448
AMG setup messages level=1 phase=R*(A*P) sends=26277 bytes=1825021248 collective_rank_calls=448
AMG setup messages level=2 phase=strength sends=0 bytes=0 collective_rank_calls=448
AMG setup messages level=2 phase=strength-transpose sends=10024 bytes=90753512 collective_rank_calls=448
AMG setup messages level=2 phase=PMIS sends=282772 bytes=136994728 collective_rank_calls=6272
AMG setup messages level=2 phase=numbering sends=0 bytes=0 collective_rank_calls=448
AMG setup messages level=2 phase=interpolation sends=59544 bytes=83112732 collective_rank_calls=448
AMG setup messages level=2 phase=interpolation-transpose sends=8777 bytes=27157008 collective_rank_calls=448
AMG setup messages level=2 phase=A*P sends=32988 bytes=225168080 collective_rank_calls=448
AMG setup messages level=2 phase=R*(A*P) sends=26331 bytes=791832896 collective_rank_calls=448
AMG setup messages level=3 phase=strength sends=0 bytes=0 collective_rank_calls=448
AMG setup messages level=3 phase=strength-transpose sends=9890 bytes=18303488 collective_rank_calls=448
AMG setup messages level=3 phase=PMIS sends=240688 bytes=28443336 collective_rank_calls=5376
AMG setup messages level=3 phase=numbering sends=0 bytes=0 collective_rank_calls=448
AMG setup messages level=3 phase=interpolation sends=58488 bytes=20221928 collective_rank_calls=448
AMG setup messages level=3 phase=interpolation-transpose sends=7968 bytes=5725472 collective_rank_calls=448
AMG setup messages level=3 phase=A*P sends=37386 bytes=70843216 collective_rank_calls=448
AMG setup messages level=3 phase=R*(A*P) sends=23904 bytes=218663904 collective_rank_calls=448
AMG setup messages level=4 phase=strength sends=0 bytes=0 collective_rank_calls=448
AMG setup messages level=4 phase=strength-transpose sends=10108 bytes=3293588 collective_rank_calls=448
AMG setup messages level=4 phase=PMIS sends=174922 bytes=5516508 collective_rank_calls=3584
AMG setup messages level=4 phase=numbering sends=0 bytes=0 collective_rank_calls=448
AMG setup messages level=4 phase=interpolation sends=58527 bytes=4231180 collective_rank_calls=448
AMG setup messages level=4 phase=interpolation-transpose sends=6093 bytes=1546080 collective_rank_calls=448
AMG setup messages level=4 phase=A*P sends=78120 bytes=32930624 collective_rank_calls=448
AMG setup messages level=4 phase=R*(A*P) sends=18279 bytes=59568480 collective_rank_calls=448
AMG setup messages level=5 phase=strength sends=0 bytes=0 collective_rank_calls=448
AMG setup messages level=5 phase=strength-transpose sends=6866 bytes=703036 collective_rank_calls=448
AMG setup messages level=5 phase=PMIS sends=129746 bytes=1660848 collective_rank_calls=3584
AMG setup messages level=5 phase=numbering sends=0 bytes=0 collective_rank_calls=448
AMG setup messages level=5 phase=interpolation sends=36432 bytes=701992 collective_rank_calls=448
AMG setup messages level=5 phase=interpolation-transpose sends=2849 bytes=346816 collective_rank_calls=448
AMG setup messages level=5 phase=A*P sends=119598 bytes=12848848 collective_rank_calls=448
AMG setup messages level=5 phase=R*(A*P) sends=8547 bytes=12147936 collective_rank_calls=448
AMG setup messages level=6 phase=strength sends=0 bytes=0 collective_rank_calls=448
AMG setup messages level=6 phase=strength-transpose sends=1310 bytes=141732 collective_rank_calls=448
AMG setup messages level=6 phase=PMIS sends=12388 bytes=225680 collective_rank_calls=1344
AMG setup messages level=6 phase=numbering sends=0 bytes=0 collective_rank_calls=448
AMG setup messages level=6 phase=interpolation sends=6396 bytes=64552 collective_rank_calls=448
AMG setup messages level=6 phase=interpolation-transpose sends=474 bytes=65296 collective_rank_calls=448
AMG setup messages level=6 phase=A*P sends=41490 bytes=2346080 collective_rank_calls=448
AMG setup messages level=6 phase=R*(A*P) sends=1422 bytes=515792 collective_rank_calls=448
AMG setup messages level=7 phase=strength sends=0 bytes=0 collective_rank_calls=448
AMG setup messages level=7 phase=strength-transpose sends=117 bytes=12792 collective_rank_calls=448
AMG setup messages level=7 phase=PMIS sends=801 bytes=17768 collective_rank_calls=896
AMG setup messages level=7 phase=numbering sends=0 bytes=0 collective_rank_calls=448
AMG setup messages level=7 phase=interpolation sends=453 bytes=3428 collective_rank_calls=448
AMG setup messages level=7 phase=interpolation-transpose sends=80 bytes=10976 collective_rank_calls=448
AMG setup messages level=7 phase=A*P sends=2238 bytes=98208 collective_rank_calls=448
AMG setup messages level=7 phase=R*(A*P) sends=240 bytes=25168 collective_rank_calls=448
GMRES: iter = 0, residual = 2.782108793, 1 (rel.)
GMRES: iter = 1, residual = 2.470265266, 0.8879110954 (rel.)
GMRES: iter = 2, residual = 2.260026405, 0.8123429289 (rel.)
GMRES: iter = 3, residual = 1.959450608, 0.7043040921 (rel.)
GMRES: iter = 4, residual = 1.734098896, 0.6233037688 (rel.)
GMRES: iter = 5, residual = 1.568258912, 0.5636943158 (rel.)
GMRES: iter = 6, residual = 1.407570188, 0.505936429 (rel.)
GMRES: iter = 7, residual = 1.239306782, 0.445455902 (rel.)
GMRES: iter = 8, residual = 1.10841931, 0.3984097648 (rel.)
GMRES: iter = 9, residual = 0.9823347211, 0.3530899739 (rel.)
GMRES: iter = 10, residual = 0.8481884591, 0.3048724986 (rel.)
GMRES: iter = 11, residual = 0.7312766602, 0.2628497714 (rel.)
GMRES: iter = 12, residual = 0.6273019583, 0.2254771488 (rel.)
GMRES: iter = 13, residual = 0.5334232751, 0.1917334349 (rel.)
GMRES: iter = 14, residual = 0.466301837, 0.1676073337 (rel.)
GMRES: iter = 15, residual = 0.4251978335, 0.1528329283 (rel.)
GMRES: iter = 16, residual = 0.4031354829, 0.1449028463 (rel.)
GMRES: iter = 17, residual = 0.3922150753, 0.1409776197 (rel.)
GMRES: iter = 18, residual = 0.3858946906, 0.1387058233 (rel.)
GMRES: iter = 19, residual = 0.3808773478, 0.1369023917 (rel.)
GMRES: iter = 20, residual = 0.374943905, 0.1347696776 (rel.)
GMRES: iter = 21, residual = 0.3671265191, 0.1319597997 (rel.)
GMRES: iter = 22, residual = 0.3584963296, 0.1288577681 (rel.)
GMRES: iter = 23, residual = 0.3510881282, 0.1261949673 (rel.)
GMRES: iter = 24, residual = 0.3454459467, 0.124166944 (rel.)
GMRES: iter = 25, residual = 0.3404378897, 0.1223668501 (rel.)
GMRES: iter = 26, residual = 0.3353091883, 0.1205233919 (rel.)
GMRES: iter = 27, residual = 0.329525032, 0.1184443372 (rel.)
GMRES: iter = 28, residual = 0.3222792353, 0.1158399111 (rel.)
GMRES: iter = 29, residual = 0.3119270854, 0.1121189388 (rel.)
GMRES: iter = 30, residual = 0.2969945039, 0.106751578 (rel.)
GMRES: iter = 31, residual = 0.2772611877, 0.09965864325 (rel.)
GMRES: iter = 32, residual = 0.2526669034, 0.09081848419 (rel.)
GMRES: iter = 33, residual = 0.225052778, 0.08089287471 (rel.)
GMRES: iter = 34, residual = 0.1971666912, 0.07086951153 (rel.)
GMRES: iter = 35, residual = 0.1697121706, 0.06100127036 (rel.)
GMRES: iter = 36, residual = 0.1469886507, 0.05283353803 (rel.)
GMRES: iter = 37, residual = 0.1301578329, 0.04678387604 (rel.)
GMRES: iter = 38, residual = 0.1149203494, 0.04130692148 (rel.)
GMRES: iter = 39, residual = 0.09878982197, 0.03550897155 (rel.)
GMRES: iter = 40, residual = 0.08292156276, 0.02980529121 (rel.)
GMRES: iter = 41, residual = 0.07032698865, 0.02527830286 (rel.)
GMRES: iter = 42, residual = 0.06136219668, 0.02205600185 (rel.)
GMRES: iter = 43, residual = 0.05326059899, 0.01914396702 (rel.)
GMRES: iter = 44, residual = 0.04485404045, 0.0161223172 (rel.)
GMRES: iter = 45, residual = 0.03830995504, 0.01377011393 (rel.)
GMRES: iter = 46, residual = 0.03221582126, 0.01157964108 (rel.)
GMRES: iter = 47, residual = 0.02663239035, 0.009572735048 (rel.)
GMRES: iter = 48, residual = 0.02284731912, 0.008212230657 (rel.)
GMRES: iter = 49, residual = 0.02018618876, 0.007255715094 (rel.)
GMRES: iter = 50, residual = 0.01765253525, 0.006345019755 (rel.)
GMRES: iter = 51, residual = 0.01520667503, 0.005465880798 (rel.)
GMRES: iter = 52, residual = 0.01297025976, 0.004662024644 (rel.)
GMRES: iter = 53, residual = 0.01119643145, 0.004024440554 (rel.)
GMRES: iter = 54, residual = 0.009661193829, 0.003472615397 (rel.)
GMRES: iter = 55, residual = 0.00812162668, 0.002919234036 (rel.)
GMRES: iter = 56, residual = 0.00680321241, 0.002445343772 (rel.)
GMRES: iter = 57, residual = 0.005667450062, 0.002037105837 (rel.)
GMRES: iter = 58, residual = 0.004824671821, 0.001734177985 (rel.)
GMRES: iter = 59, residual = 0.004223274778, 0.001518012088 (rel.)
GMRES: iter = 60, residual = 0.003685486078, 0.001324709547 (rel.)
GMRES: iter = 61, residual = 0.00319447195, 0.001148219638 (rel.)
GMRES: iter = 62, residual = 0.002693460565, 0.0009681363187 (rel.)
GMRES: iter = 63, residual = 0.002260232751, 0.0008124170977 (rel.)
GMRES: iter = 64, residual = 0.001925716403, 0.0006921786841 (rel.)
GMRES: iter = 65, residual = 0.001654802768, 0.0005948016024 (rel.)
GMRES: iter = 66, residual = 0.00139912777, 0.00050290189 (rel.)
GMRES: iter = 67, residual = 0.001186474581, 0.0004264659183 (rel.)
GMRES: iter = 68, residual = 0.001016158935, 0.0003652477348 (rel.)
GMRES: iter = 69, residual = 0.0008844766808, 0.0003179159216 (rel.)
GMRES: iter = 70, residual = 0.0007791941515, 0.0002800732141 (rel.)
GMRES: iter = 71, residual = 0.0006780177369, 0.0002437064067 (rel.)
GMRES: iter = 72, residual = 0.0005848043637, 0.0002102018315 (rel.)
GMRES: iter = 73, residual = 0.0005091946604, 0.0001830247119 (rel.)
GMRES: iter = 74, residual = 0.0004413723348, 0.0001586466841 (rel.)
GMRES: iter = 75, residual = 0.0003749784248, 0.0001347820853 (rel.)
GMRES: iter = 76, residual = 0.0003116489165, 0.0001120189539 (rel.)
GMRES: iter = 77, residual = 0.0002611056031, 9.385168681e-05 (rel.)
GMRES: Solve Time = 34.65528505
AMG setup messages level=0 phase=strength sends=0 bytes=0 collective_rank_calls=448
AMG setup messages level=0 phase=strength-transpose sends=3519 bytes=143802620 collective_rank_calls=448
AMG setup messages level=0 phase=PMIS sends=74065 bytes=461706788 collective_rank_calls=4480
AMG setup messages level=0 phase=numbering sends=0 bytes=0 collective_rank_calls=448
AMG setup messages level=0 phase=interpolation sends=21114 bytes=192002548 collective_rank_calls=448
AMG setup messages level=0 phase=interpolation-transpose sends=7775 bytes=121128384 collective_rank_calls=448
AMG setup messages level=0 phase=A*P sends=11562 bytes=465378512 collective_rank_calls=448
AMG setup messages level=0 phase=R*(A*P) sends=23325 bytes=891957104 collective_rank_calls=448
AMG setup messages level=1 phase=strength sends=0 bytes=0 collective_rank_calls=448
AMG setup messages level=1 phase=strength-transpose sends=8585 bytes=173631216 collective_rank_calls=448
AMG setup messages level=1 phase=PMIS sends=206521 bytes=341511140 collective_rank_calls=5376
AMG setup messages level=1 phase=numbering sends=0 bytes=0 collective_rank_calls=448
AMG setup messages level=1 phase=interpolation sends=51258 bytes=196938864 collective_rank_calls=448
AMG setup messages level=1 phase=interpolation-transpose sends=8727 bytes=98460896 collective_rank_calls=448
AMG setup messages level=1 phase=A*P sends=31080 bytes=569125376 collective_rank_calls=448
AMG setup messages level=1 phase=R*(A*P) sends=26181 bytes=1824028224 collective_rank_calls=448
AMG setup messages level=2 phase=strength sends=0 bytes=0 collective_rank_calls=448
AMG setup messages level=2 phase=strength-transpose sends=10021 bytes=90483460 collective_rank_calls=448
AMG setup messages level=2 phase=PMIS sends=282763 bytes=136843664 collective_rank_calls=6272
AMG setup messages level=2 phase=numbering sends=0 bytes=0 collective_rank_calls=448
AMG setup messages level=2 phase=interpolation sends=59478 bytes=82804192 collective_rank_calls=448
AMG setup messages level=2 phase=interpolation-transpose sends=8720 bytes=27193120 collective_rank_calls=448
AMG setup messages level=2 phase=A*P sends=32994 bytes=224997280 collective_rank_calls=448
AMG setup messages level=2 phase=R*(A*P) sends=26160 bytes=790189520 collective_rank_calls=448
AMG setup messages level=3 phase=strength sends=0 bytes=0 collective_rank_calls=448
AMG setup messages level=3 phase=strength-transpose sends=9847 bytes=18253872 collective_rank_calls=448
AMG setup messages level=3 phase=PMIS sends=239695 bytes=28300792 collective_rank_calls=5376
AMG setup messages level=3 phase=numbering sends=0 bytes=0 collective_rank_calls=448
AMG setup messages level=3 phase=interpolation sends=58401 bytes=20114132 collective_rank_calls=448
AMG setup messages level=3 phase=interpolation-transpose sends=7908 bytes=5692224 collective_rank_calls=448
AMG setup messages level=3 phase=A*P sends=37230 bytes=70636384 collective_rank_calls=448
AMG setup messages level=3 phase=R*(A*P) sends=23724 bytes=216626912 collective_rank_calls=448
AMG setup messages level=4 phase=strength sends=0 bytes=0 collective_rank_calls=448
AMG setup messages level=4 phase=strength-transpose sends=10134 bytes=3291188 collective_rank_calls=448
AMG setup messages level=4 phase=PMIS sends=196732 bytes=6063136 collective_rank_calls=4032
AMG setup messages level=4 phase=numbering sends=0 bytes=0 collective_rank_calls=448
AMG setup messages level=4 phase=interpolation sends=58815 bytes=4231236 collective_rank_calls=448
AMG setup messages level=4 phase=interpolation-transpose sends=6118 bytes=1516128 collective_rank_calls=448
AMG setup messages level=4 phase=A*P sends=78120 bytes=32607840 collective_rank_calls=448
AMG setup messages level=4 phase=R*(A*P) sends=18354 bytes=58798128 collective_rank_calls=448
AMG setup messages level=5 phase=strength sends=0 bytes=0 collective_rank_calls=448
AMG setup messages level=5 phase=strength-transpose sends=6943 bytes=720328 collective_rank_calls=448
AMG setup messages level=5 phase=PMIS sends=114666 bytes=1527272 collective_rank_calls=3136
AMG setup messages level=5 phase=numbering sends=0 bytes=0 collective_rank_calls=448
AMG setup messages level=5 phase=interpolation sends=36846 bytes=738840 collective_rank_calls=448
AMG setup messages level=5 phase=interpolation-transpose sends=2657 bytes=368640 collective_rank_calls=448
AMG setup messages level=5 phase=A*P sends=123414 bytes=13408672 collective_rank_calls=448
AMG setup messages level=5 phase=R*(A*P) sends=7971 bytes=11424944 collective_rank_calls=448
AMG setup messages level=6 phase=strength sends=0 bytes=0 collective_rank_calls=448
AMG setup messages level=6 phase=strength-transpose sends=1252 bytes=150444 collective_rank_calls=448
AMG setup messages level=6 phase=PMIS sends=15286 bytes=252564 collective_rank_calls=1792
AMG setup messages level=6 phase=numbering sends=0 bytes=0 collective_rank_calls=448
AMG setup messages level=6 phase=interpolation sends=6195 bytes=69960 collective_rank_calls=448
AMG setup messages level=6 phase=interpolation-transpose sends=308 bytes=77856 collective_rank_calls=448
AMG setup messages level=6 phase=A*P sends=39876 bytes=2488864 collective_rank_calls=448
AMG setup messages level=6 phase=R*(A*P) sends=924 bytes=361504 collective_rank_calls=448
AMG setup messages level=7 phase=strength sends=0 bytes=0 collective_rank_calls=448
AMG setup messages level=7 phase=strength-transpose sends=77 bytes=15036 collective_rank_calls=448
AMG setup messages level=7 phase=PMIS sends=539 bytes=13152 collective_rank_calls=896
AMG setup messages level=7 phase=numbering sends=0 bytes=0 collective_rank_calls=448
AMG setup messages level=7 phase=interpolation sends=444 bytes=5232 collective_rank_calls=448
AMG setup messages level=7 phase=interpolation-transpose sends=77 bytes=10144 collective_rank_calls=448
AMG setup messages level=7 phase=A*P sends=1848 bytes=81616 collective_rank_calls=448
AMG setup messages level=7 phase=R*(A*P) sends=231 bytes=23040 collective_rank_calls=448
GMRES: iter = 0, residual = 2.442465194, 1 (rel.)
GMRES: iter = 1, residual = 2.106483832, 0.8624416991 (rel.)
GMRES: iter = 2, residual = 1.913124229, 0.7832759432 (rel.)
GMRES: iter = 3, residual = 1.654958898, 0.67757727 (rel.)
GMRES: iter = 4, residual = 1.446000788, 0.5920251356 (rel.)
GMRES: iter = 5, residual = 1.30699196, 0.5351118054 (rel.)
GMRES: iter = 6, residual = 1.180785394, 0.4834400085 (rel.)
GMRES: iter = 7, residual = 1.041339939, 0.4263479132 (rel.)
GMRES: iter = 8, residual = 0.9302604064, 0.3808694628 (rel.)
GMRES: iter = 9, residual = 0.8296551425, 0.3396794126 (rel.)
GMRES: iter = 10, residual = 0.7181933898, 0.2940444726 (rel.)
GMRES: iter = 11, residual = 0.6159056779, 0.2521655905 (rel.)
GMRES: iter = 12, residual = 0.5253169667, 0.2150765415 (rel.)
GMRES: iter = 13, residual = 0.4411507464, 0.1806170043 (rel.)
GMRES: iter = 14, residual = 0.3760783949, 0.1539749249 (rel.)
GMRES: iter = 15, residual = 0.3333721706, 0.1364900394 (rel.)
GMRES: iter = 16, residual = 0.307909191, 0.1260649248 (rel.)
GMRES: iter = 17, residual = 0.2939881624, 0.1203653436 (rel.)
GMRES: iter = 18, residual = 0.2859222687, 0.1170629859 (rel.)
GMRES: iter = 19, residual = 0.2802868692, 0.1147557271 (rel.)
GMRES: iter = 20, residual = 0.2747065743, 0.1124710292 (rel.)
GMRES: iter = 21, residual = 0.2682057721, 0.1098094551 (rel.)
GMRES: iter = 22, residual = 0.2612228249, 0.10695048 (rel.)
GMRES: iter = 23, residual = 0.2552495043, 0.1045048687 (rel.)
GMRES: iter = 24, residual = 0.2507402017, 0.1026586591 (rel.)
GMRES: iter = 25, residual = 0.2468175266, 0.101052628 (rel.)
GMRES: iter = 26, residual = 0.2428030667, 0.09940901809 (rel.)
GMRES: iter = 27, residual = 0.2383418592, 0.09758249975 (rel.)
GMRES: iter = 28, residual = 0.2329641771, 0.09538075616 (rel.)
GMRES: iter = 29, residual = 0.2258452801, 0.09246612013 (rel.)
GMRES: iter = 30, residual = 0.2159937689, 0.08843269063 (rel.)
GMRES: iter = 31, residual = 0.2024045332, 0.08286895294 (rel.)
GMRES: iter = 32, residual = 0.1849247032, 0.0757123187 (rel.)
GMRES: iter = 33, residual = 0.1661794414, 0.06803758834 (rel.)
GMRES: iter = 34, residual = 0.1479508334, 0.06057438763 (rel.)
GMRES: iter = 35, residual = 0.1305725933, 0.05345934656 (rel.)
GMRES: iter = 36, residual = 0.1132141166, 0.04635239709 (rel.)
GMRES: iter = 37, residual = 0.09735528423, 0.03985943565 (rel.)
GMRES: iter = 38, residual = 0.08646996467, 0.03540274182 (rel.)
GMRES: iter = 39, residual = 0.07672915603, 0.03141463642 (rel.)
GMRES: iter = 40, residual = 0.06567959327, 0.02689069774 (rel.)
GMRES: iter = 41, residual = 0.05483495339, 0.02245065908 (rel.)
GMRES: iter = 42, residual = 0.0455389095, 0.01864465033 (rel.)
GMRES: iter = 43, residual = 0.03949205018, 0.01616893058 (rel.)
GMRES: iter = 44, residual = 0.03382574702, 0.01384901906 (rel.)
GMRES: iter = 45, residual = 0.02702683566, 0.01106539234 (rel.)
GMRES: iter = 46, residual = 0.02229875261, 0.009129609162 (rel.)
GMRES: iter = 47, residual = 0.01934883284, 0.00792184588 (rel.)
GMRES: iter = 48, residual = 0.0168612048, 0.006903355199 (rel.)
GMRES: iter = 49, residual = 0.01465164037, 0.005998709996 (rel.)
GMRES: iter = 50, residual = 0.01225018748, 0.005015501349 (rel.)
GMRES: iter = 51, residual = 0.01037561981, 0.004248011328 (rel.)
GMRES: iter = 52, residual = 0.00896226008, 0.003669350172 (rel.)
GMRES: iter = 53, residual = 0.007685008199, 0.003146414621 (rel.)
GMRES: iter = 54, residual = 0.006580257379, 0.002694104872 (rel.)
GMRES: iter = 55, residual = 0.005240097987, 0.002145413576 (rel.)
GMRES: iter = 56, residual = 0.004237520755, 0.001734935984 (rel.)
GMRES: iter = 57, residual = 0.003613112311, 0.00147928917 (rel.)
GMRES: iter = 58, residual = 0.00313277756, 0.001282629356 (rel.)
GMRES: iter = 59, residual = 0.002673399846, 0.001094549823 (rel.)
GMRES: iter = 60, residual = 0.002305054387, 0.0009437409355 (rel.)
GMRES: iter = 61, residual = 0.002012341595, 0.000823897757 (rel.)
GMRES: iter = 62, residual = 0.001741141063, 0.00071286218 (rel.)
GMRES: iter = 63, residual = 0.001469722184, 0.0006017372068 (rel.)
GMRES: iter = 64, residual = 0.001245774102, 0.0005100478423 (rel.)
GMRES: iter = 65, residual = 0.001074749814, 0.0004400266652 (rel.)
GMRES: iter = 66, residual = 0.0009328920684, 0.0003819469242 (rel.)
GMRES: iter = 67, residual = 0.0007957503909, 0.0003257980473 (rel.)
GMRES: iter = 68, residual = 0.0006773771951, 0.0002773334075 (rel.)
GMRES: iter = 69, residual = 0.0005883202159, 0.000240871484 (rel.)
GMRES: iter = 70, residual = 0.0005157659509, 0.0002111661415 (rel.)
GMRES: iter = 71, residual = 0.0004490127749, 0.000183835895 (rel.)
GMRES: iter = 72, residual = 0.0003893370685, 0.0001594033231 (rel.)
GMRES: iter = 73, residual = 0.0003347830215, 0.0001370676734 (rel.)
GMRES: iter = 74, residual = 0.0002800084915, 0.000114641753 (rel.)
GMRES: iter = 75, residual = 0.0002343744618, 9.595815832e-05 (rel.)
GMRES: Solve Time = 33.57552526
AMG setup messages level=0 phase=strength sends=0 bytes=0 collective_rank_calls=448
AMG setup messages level=0 phase=strength-transpose sends=3519 bytes=143826924 collective_rank_calls=448
AMG setup messages level=0 phase=PMIS sends=66692 bytes=420219360 collective_rank_calls=4032
AMG setup messages level=0 phase=numbering sends=0 bytes=0 collective_rank_calls=448
AMG setup messages level=0 phase=interpolation sends=21114 bytes=192099700 collective_rank_calls=448
AMG setup messages level=0 phase=interpolation-transpose sends=7770 bytes=121076784 collective_rank_calls=448
AMG setup messages level=0 phase=A*P sends=11562 bytes=465467632 collective_rank_calls=448
AMG setup messages level=0 phase=R*(A*P) sends=23310 bytes=892499856 collective_rank_calls=448
AMG setup messages level=1 phase=strength sends=0 bytes=0 collective_rank_calls=448
AMG setup messages level=1 phase=strength-transpose sends=8599 bytes=173445820 collective_rank_calls=448
AMG setup messages level=1 phase=PMIS sends=206805 bytes=341492784 collective_rank_calls=5376
AMG setup messages level=1 phase=numbering sends=0 bytes=0 collective_rank_calls=448
AMG setup messages level=1 phase=interpolation sends=51318 bytes=197049364 collective_rank_calls=448
AMG setup messages level=1 phase=interpolation-transpose sends=8707 bytes=98226336 collective_rank_calls=448
AMG setup messages level=1 phase=A*P sends=30870 bytes=569324064 collective_rank_calls=448
AMG setup messages level=1 phase=R*(A*P) sends=26121 bytes=1820830304 collective_rank_calls=448
AMG setup messages level=2 phase=strength sends=0 bytes=0 collective_rank_calls=448
AMG setup messages level=2 phase=strength-transpose sends=9972 bytes=90327448 collective_rank_calls=448
AMG setup messages level=2 phase=PMIS sends=261344 bytes=127523456 collective_rank_calls=5824
AMG setup messages level=2 phase=numbering sends=0 bytes=0 collective_rank_calls=448
AMG setup messages level=2 phase=interpolation sends=59211 bytes=82591136 collective_rank_calls=448
AMG setup messages level=2 phase=interpolation-transpose sends=8706 bytes=27049120 collective_rank_calls=448
AMG setup messages level=2 phase=A*P sends=32982 bytes=224729856 collective_rank_calls=448
AMG setup messages level=2 phase=R*(A*P) sends=26118 bytes=784972896 collective_rank_calls=448
AMG setup messages level=3 phase=strength sends=0 bytes=0 collective_rank_calls=448
AMG setup messages level=3 phase=strength-transpose sends=9865 bytes=18331860 collective_rank_calls=448
AMG setup messages level=3 phase=PMIS sends=240101 bytes=28254100 collective_rank_calls=5376
AMG setup messages level=3 phase=numbering sends=0 bytes=0 collective_rank_calls=448
AMG setup messages level=3 phase=interpolation sends=58500 bytes=20075012 collective_rank_calls=448
AMG setup messages level=3 phase=interpolation-transpose sends=7935 bytes=5697728 collective_rank_calls=448
AMG setup messages level=3 phase=A*P sends=37314 bytes=70577168 collective_rank_calls=448
AMG setup messages level=3 phase=R*(A*P) sends=23805 bytes=216187520 collective_rank_calls=448
AMG setup messages level=4 phase=strength sends=0 bytes=0 collective_rank_calls=448
AMG setup messages level=4 phase=strength-transpose sends=10187 bytes=3300936 collective_rank_calls=448
AMG setup messages level=4 phase=PMIS sends=197736 bytes=6097856 collective_rank_calls=4032
AMG setup messages level=4 phase=numbering sends=0 bytes=0 collective_rank_calls=448
AMG setup messages level=4 phase=interpolation sends=59169 bytes=4219744 collective_rank_calls=448
AMG setup messages level=4 phase=interpolation-transpose sends=6227 bytes=1538256 collective_rank_calls=448
AMG setup messages level=4 phase=A*P sends=78660 bytes=32879456 collective_rank_calls=448
AMG setup messages level=4 phase=R*(A*P) sends=18681 bytes=58208480 collective_rank_calls=448
AMG setup messages level=5 phase=strength sends=0 bytes=0 collective_rank_calls=448
AMG setup messages level=5 phase=strength-transpose sends=7009 bytes=711708 collective_rank_calls=448
AMG setup messages level=5 phase=PMIS sends=99641 bytes=1364596 collective_rank_calls=2688
AMG setup messages level=5 phase=numbering sends=0 bytes=0 collective_rank_calls=448
AMG setup messages level=5 phase=interpolation sends=37524 bytes=750244 collective_rank_calls=448
AMG setup messages level=5 phase=interpolation-transpose sends=2920 bytes=390816 collective_rank_calls=448
AMG setup messages level=5 phase=A*P sends=120132 bytes=13606992 collective_rank_calls=448
AMG setup messages level=5 phase=R*(A*P) sends=8760 bytes=12575200 collective_rank_calls=448
AMG setup messages level=6 phase=strength sends=0 bytes=0 collective_rank_calls=448
AMG setup messages level=6 phase=strength-transpose sends=1332 bytes=145432 collective_rank_calls=448
AMG setup messages level=6 phase=PMIS sends=12480 bytes=216152 collective_rank_calls=1344
AMG setup messages level=6 phase=numbering sends=0 bytes=0 collective_rank_calls=448
AMG setup messages level=6 phase=interpolation sends=6345 bytes=71992 collective_rank_calls=448
AMG setup messages level=6 phase=interpolation-transpose sends=571 bytes=90432 collective_rank_calls=448
AMG setup messages level=6 phase=A*P sends=44424 bytes=2827072 collective_rank_calls=448
AMG setup messages level=6 phase=R*(A*P) sends=1713 bytes=554736 collective_rank_calls=448
AMG setup messages level=7 phase=strength sends=0 bytes=0 collective_rank_calls=448
AMG setup messages level=7 phase=strength-transpose sends=63 bytes=10072 collective_rank_calls=448
AMG setup messages level=7 phase=PMIS sends=429 bytes=11320 collective_rank_calls=896
AMG setup messages level=7 phase=numbering sends=0 bytes=0 collective_rank_calls=448
AMG setup messages level=7 phase=interpolation sends=303 bytes=2916 collective_rank_calls=448
AMG setup messages level=7 phase=interpolation-transpose sends=45 bytes=6784 collective_rank_calls=448
AMG setup messages level=7 phase=A*P sends=1116 bytes=54912 collective_rank_calls=448
AMG setup messages level=7 phase=R*(A*P) sends=135 bytes=16032 collective_rank_calls=448
GMRES: iter = 0, residual = 2.042762609, 1 (rel.)
GMRES: iter = 1, residual = 1.523372671, 0.7457414112 (rel.)
GMRES: iter = 2, residual = 1.279900124, 0.6265535303 (rel.)
GMRES: iter = 3, residual = 1.092014961, 0.534577516 (rel.)
GMRES: iter = 4, residual = 0.9123941963, 0.4466471984 (rel.)
GMRES: iter = 5, residual = 0.8149125014, 0.3989266779 (rel.)
GMRES: iter = 6, residual = 0.7394521207, 0.3619863206 (rel.)
GMRES: iter = 7, residual = 0.6637382675, 0.3249218801 (rel.)
GMRES: iter = 8, residual = 0.5990485111, 0.2932541003 (rel.)
GMRES: iter = 9, residual = 0.5461927538, 0.2673794553 (rel.)
GMRES: iter = 10, residual = 0.4907744593, 0.2402503635 (rel.)
GMRES: iter = 11, residual = 0.4322502665, 0.2116008314 (rel.)
GMRES: iter = 12, residual = 0.3774534053, 0.1847759518 (rel.)
GMRES: iter = 13, residual = 0.3237929383, 0.1585073747 (rel.)
GMRES: iter = 14, residual = 0.274573511, 0.1344128338 (rel.)
GMRES: iter = 15, residual = 0.2336117139, 0.1143606765 (rel.)
GMRES: iter = 16, residual = 0.2017213031, 0.09874926346 (rel.)
GMRES: iter = 17, residual = 0.1776879631, 0.08698414703 (rel.)
GMRES: iter = 18, residual = 0.160309563, 0.0784768442 (rel.)
GMRES: iter = 19, residual = 0.148255213, 0.07257584037 (rel.)
GMRES: iter = 20, residual = 0.1391357791, 0.06811157522 (rel.)
GMRES: iter = 21, residual = 0.1309498213, 0.06410427757 (rel.)
GMRES: iter = 22, residual = 0.1229148404, 0.06017088814 (rel.)
GMRES: iter = 23, residual = 0.115707969, 0.05664288569 (rel.)
GMRES: iter = 24, residual = 0.1100858475, 0.0538906709 (rel.)
GMRES: iter = 25, residual = 0.1056291789, 0.05170898389 (rel.)
GMRES: iter = 26, residual = 0.1017165647, 0.04979362959 (rel.)
GMRES: iter = 27, residual = 0.0978812239, 0.04791610316 (rel.)
GMRES: iter = 28, residual = 0.09383566421, 0.04593566761 (rel.)
GMRES: iter = 29, residual = 0.08947585577, 0.04380139688 (rel.)
GMRES: iter = 30, residual = 0.08469371732, 0.04146038162 (rel.)
GMRES: iter = 31, residual = 0.07907229592, 0.03870850953 (rel.)
GMRES: iter = 32, residual = 0.07272158752, 0.03559962729 (rel.)
GMRES: iter = 33, residual = 0.06650568977, 0.03255673933 (rel.)
GMRES: iter = 34, residual = 0.06074945026, 0.02973886931 (rel.)
GMRES: iter = 35, residual = 0.0552079389, 0.02702611584 (rel.)
GMRES: iter = 36, residual = 0.04965775956, 0.0243091191 (rel.)
GMRES: iter = 37, residual = 0.04424070928, 0.02165729345 (rel.)
GMRES: iter = 38, residual = 0.03884734659, 0.01901706366 (rel.)
GMRES: iter = 39, residual = 0.03346043776, 0.01637999326 (rel.)
GMRES: iter = 40, residual = 0.02831726006, 0.01386223731 (rel.)
GMRES: iter = 41, residual = 0.0236620013, 0.01158333386 (rel.)
GMRES: iter = 42, residual = 0.01978969754, 0.009687712831 (rel.)
GMRES: iter = 43, residual = 0.01619654143, 0.007928743827 (rel.)
GMRES: iter = 44, residual = 0.01323940871, 0.006481129353 (rel.)
GMRES: iter = 45, residual = 0.01092900758, 0.005350111427 (rel.)
GMRES: iter = 46, residual = 0.009269531085, 0.004537742684 (rel.)
GMRES: iter = 47, residual = 0.007829344824, 0.003832723778 (rel.)
GMRES: iter = 48, residual = 0.006572888315, 0.003217646674 (rel.)
GMRES: iter = 49, residual = 0.005437173127, 0.002661676449 (rel.)
GMRES: iter = 50, residual = 0.004504384191, 0.002205045349 (rel.)
GMRES: iter = 51, residual = 0.003737845212, 0.001829799114 (rel.)
GMRES: iter = 52, residual = 0.003119213317, 0.001526958298 (rel.)
GMRES: iter = 53, residual = 0.002571511225, 0.001258839972 (rel.)
GMRES: iter = 54, residual = 0.00208487054, 0.001020613228 (rel.)
GMRES: iter = 55, residual = 0.001633445753, 0.0007996258329 (rel.)
GMRES: iter = 56, residual = 0.00131444175, 0.0006434628011 (rel.)
GMRES: iter = 57, residual = 0.001105123748, 0.0005409947017 (rel.)
GMRES: iter = 58, residual = 0.0009596162596, 0.0004697639634 (rel.)
GMRES: iter = 59, residual = 0.0008170679905, 0.0003999818613 (rel.)
GMRES: iter = 60, residual = 0.0006923603744, 0.00033893335 (rel.)
GMRES: iter = 61, residual = 0.0005919091021, 0.000289759123 (rel.)
GMRES: iter = 62, residual = 0.000513047891, 0.0002511539465 (rel.)
GMRES: iter = 63, residual = 0.0004225211054, 0.0002068380846 (rel.)
GMRES: iter = 64, residual = 0.0003538394065, 0.0001732161167 (rel.)
GMRES: iter = 65, residual = 0.0003063816369, 0.0001499839656 (rel.)
GMRES: iter = 66, residual = 0.0002682241123, 0.0001313045926 (rel.)
GMRES: iter = 67, residual = 0.0002312574053, 0.0001132081644 (rel.)
GMRES: iter = 68, residual = 0.0001985756269, 9.720935073e-05 (rel.)
GMRES: Solve Time = 30.1609002
AMG setup messages level=0 phase=strength sends=0 bytes=0 collective_rank_calls=448
AMG setup messages level=0 phase=strength-transpose sends=3519 bytes=143881132 collective_rank_calls=448
AMG setup messages level=0 phase=PMIS sends=74065 bytes=461987444 collective_rank_calls=4480
AMG setup messages level=0 phase=numbering sends=0 bytes=0 collective_rank_calls=448
AMG setup messages level=0 phase=interpolation sends=21114 bytes=192156612 collective_rank_calls=448
AMG setup messages level=0 phase=interpolation-transpose sends=7773 bytes=121092736 collective_rank_calls=448
AMG setup messages level=0 phase=A*P sends=11562 bytes=465542624 collective_rank_calls=448
AMG setup messages level=0 phase=R*(A*P) sends=23319 bytes=892815264 collective_rank_calls=448
AMG setup messages level=1 phase=strength sends=0 bytes=0 collective_rank_calls=448
AMG setup messages level=1 phase=strength-transpose sends=8619 bytes=173272596 collective_rank_calls=448
AMG setup messages level=1 phase=PMIS sends=190038 bytes=315315008 collective_rank_calls=4928
AMG setup messages level=1 phase=numbering sends=0 bytes=0 collective_rank_calls=448
AMG setup messages level=1 phase=interpolation sends=51396 bytes=196917700 collective_rank_calls=448
AMG setup messages level=1 phase=interpolation-transpose sends=8708 bytes=98217184 collective_rank_calls=448
AMG setup messages level=1 phase=A*P sends=30924 bytes=569387648 collective_rank_calls=448
AMG setup messages level=1 phase=R*(A*P) sends=26124 bytes=1818046448 collective_rank_calls=448
AMG setup messages level=2 phase=strength sends=0 bytes=0 collective_rank_calls=448
AMG setup messages level=2 phase=strength-transpose sends=9968 bytes=90073564 collective_rank_calls=448
AMG setup messages level=2 phase=PMIS sends=260960 bytes=126845200 collective_rank_calls=5824
AMG setup messages level=2 phase=numbering sends=0 bytes=0 collective_rank_calls=448
AMG setup messages level=2 phase=interpolation sends=59229 bytes=81980812 collective_rank_calls=448
AMG setup messages level=2 phase=interpolation-transpose sends=8730 bytes=26953488 collective_rank_calls=448
AMG setup messages level=2 phase=A*P sends=32982 bytes=224176720 collective_rank_calls=448
AMG setup messages level=2 phase=R*(A*P) sends=26190 bytes=779149536 collective_rank_calls=448
AMG setup messages level=3 phase=strength sends=0 bytes=0 collective_rank_calls=448
AMG setup messages level=3 phase=strength-transpose sends=9857 bytes=18434060 collective_rank_calls=448
AMG setup messages level=3 phase=PMIS sends=220106 bytes=26012832 collective_rank_calls=4928
AMG setup messages level=3 phase=numbering sends=0 bytes=0 collective_rank_calls=448
AMG setup messages level=3 phase=interpolation sends=58404 bytes=19980088 collective_rank_calls=448
AMG setup messages level=3 phase=interpolation-transpose sends=8003 bytes=5660128 collective_rank_calls=448
AMG setup messages level=3 phase=A*P sends=37512 bytes=70345040 collective_rank_calls=448
AMG setup messages level=3 phase=R*(A*P) sends=24009 bytes=213042800 collective_rank_calls=448
AMG setup messages level=4 phase=strength sends=0 bytes=0 collective_rank_calls=448
AMG setup messages level=4 phase=strength-transpose sends=10392 bytes=3295692 collective_rank_calls=448
AMG setup messages level=4 phase=PMIS sends=201796 bytes=6085056 collective_rank_calls=4032
AMG setup messages level=4 phase=numbering sends=0 bytes=0 collective_rank_calls=448
AMG setup messages level=4 phase=interpolation sends=60018 bytes=4249132 collective_rank_calls=448
AMG setup messages level=4 phase=interpolation-transpose sends=6103 bytes=1531376 collective_rank_calls=448
AMG setup messages level=4 phase=A*P sends=79368 bytes=32704096 collective_rank_calls=448
AMG setup messages level=4 phase=R*(A*P) sends=18309 bytes=56997680 collective_rank_calls=448
AMG setup messages level=5 phase=strength sends=0 bytes=0 collective_rank_calls=448
AMG setup messages level=5 phase=strength-transpose sends=6560 bytes=693988 collective_rank_calls=448
AMG setup messages level=5 phase=PMIS sends=109392 bytes=1476896 collective_rank_calls=3136
AMG setup messages level=5 phase=numbering sends=0 bytes=0 collective_rank_calls=448
AMG setup messages level=5 phase=interpolation sends=35535 bytes=710272 collective_rank_calls=448
AMG setup messages level=5 phase=interpolation-transpose sends=2877 bytes=385200 collective_rank_calls=448
AMG setup messages level=5 phase=A*P sends=115380 bytes=12908016 collective_rank_calls=448
AMG setup messages level=5 phase=R*(A*P) sends=8631 bytes=11720384 collective_rank_calls=448
AMG setup messages level=6 phase=strength sends=0 bytes=0 collective_rank_calls=448
AMG setup messages level=6 phase=strength-transpose sends=1395 bytes=137332 collective_rank_calls=448
AMG setup messages level=6 phase=PMIS sends=12894 bytes=201512 collective_rank_calls=1344
AMG setup messages level=6 phase=numbering sends=0 bytes=0 collective_rank_calls=448
AMG setup messages level=6 phase=interpolation sends=6111 bytes=79696 collective_rank_calls=448
AMG setup messages level=6 phase=interpolation-transpose sends=998 bytes=123216 collective_rank_calls=448
AMG setup messages level=6 phase=A*P sends=42834 bytes=3295440 collective_rank_calls=448
AMG setup messages level=6 phase=R*(A*P) sends=2994 bytes=1231808 collective_rank_calls=448
AMG setup messages level=7 phase=strength sends=0 bytes=0 collective_rank_calls=448
AMG setup messages level=7 phase=strength-transpose sends=185 bytes=19144 collective_rank_calls=448
AMG setup messages level=7 phase=PMIS sends=1235 bytes=26080 collective_rank_calls=896
AMG setup messages level=7 phase=numbering sends=0 bytes=0 collective_rank_calls=448
AMG setup messages level=7 phase=interpolation sends=894 bytes=7316 collective_rank_calls=448
AMG setup messages level=7 phase=interpolation-transpose sends=71 bytes=8720 collective_rank_calls=448
AMG setup messages level=7 phase=A*P sends=3312 bytes=136720 collective_rank_calls=448
AMG setup messages level=7 phase=R*(A*P) sends=213 bytes=19328 collective_rank_calls=448
GMRES: iter = 0, residual = 1.343941478, 1 (rel.)
GMRES: iter = 1, residual = 0.6608679135, 0.4917386093 (rel.)
GMRES: iter = 2, residual = 0.4521338787, 0.3364237848 (rel.)
GMRES: iter = 3, residual = 0.3585189355, 0.2667667761 (rel.)
GMRES: iter = 4, residual = 0.2920700017, 0.2173234523 (rel.)
GMRES: iter = 5, residual = 0.2508206364, 0.1866306237 (rel.)
GMRES: iter = 6, residual = 0.2302873533, 0.1713522181 (rel.)
GMRES: iter = 7, residual = 0.2166832937, 0.1612297092 (rel.)
GMRES: iter = 8, residual = 0.2042160111, 0.1519530533 (rel.)
GMRES: iter = 9, residual = 0.1939550369, 0.1443180674 (rel.)
GMRES: iter = 10, residual = 0.1854400855, 0.1379822622 (rel.)
GMRES: iter = 11, residual = 0.1770267469, 0.1317220651 (rel.)
GMRES: iter = 12, residual = 0.1679463597, 0.1249655304 (rel.)
GMRES: iter = 13, residual = 0.1571556405, 0.1169363719 (rel.)
GMRES: iter = 14, residual = 0.1432599025, 0.1065968309 (rel.)
GMRES: iter = 15, residual = 0.1251204112, 0.09309959788 (rel.)
GMRES: iter = 16, residual = 0.1036510004, 0.07712463826 (rel.)
GMRES: iter = 17, residual = 0.08137783416, 0.06055162035 (rel.)
GMRES: iter = 18, residual = 0.061336257, 0.04563908324 (rel.)
GMRES: iter = 19, residual = 0.04614470416, 0.03433535233 (rel.)
GMRES: iter = 20, residual = 0.0365553359, 0.02720009501 (rel.)
GMRES: iter = 21, residual = 0.0309412171, 0.02302274139 (rel.)
GMRES: iter = 22, residual = 0.02725012428, 0.02027627298 (rel.)
GMRES: iter = 23, residual = 0.02436192071, 0.01812721841 (rel.)
GMRES: iter = 24, residual = 0.02182586812, 0.01624019235 (rel.)
GMRES: iter = 25, residual = 0.01954433989, 0.01454255278 (rel.)
GMRES: iter = 26, residual = 0.0176028882, 0.01309795737 (rel.)
GMRES: iter = 27, residual = 0.01602328277, 0.01192260454 (rel.)
GMRES: iter = 28, residual = 0.0146910065, 0.01093128439 (rel.)
GMRES: iter = 29, residual = 0.01348487037, 0.0100338226 (rel.)
GMRES: iter = 30, residual = 0.01237345905, 0.009206843642 (rel.)
GMRES: iter = 31, residual = 0.01128799601, 0.008399172282 (rel.)
GMRES: iter = 32, residual = 0.01025445082, 0.007630131956 (rel.)
GMRES: iter = 33, residual = 0.009341027761, 0.006950472109 (rel.)
GMRES: iter = 34, residual = 0.008569721069, 0.006376558211 (rel.)
GMRES: iter = 35, residual = 0.007802565086, 0.005805732774 (rel.)
GMRES: iter = 36, residual = 0.006950958668, 0.005172069454 (rel.)
GMRES: iter = 37, residual = 0.006103849305, 0.004541752304 (rel.)
GMRES: iter = 38, residual = 0.00530052653, 0.003944015878 (rel.)
GMRES: iter = 39, residual = 0.004499815937, 0.003348223125 (rel.)
GMRES: iter = 40, residual = 0.003712183553, 0.002762161607 (rel.)
GMRES: iter = 41, residual = 0.003092443933, 0.002301025739 (rel.)
GMRES: iter = 42, residual = 0.002615337345, 0.00194602026 (rel.)
GMRES: iter = 43, residual = 0.002108685933, 0.001569031068 (rel.)
GMRES: iter = 44, residual = 0.001659669309, 0.00123492677 (rel.)
GMRES: iter = 45, residual = 0.001366165729, 0.001016536621 (rel.)
GMRES: iter = 46, residual = 0.00114784551, 0.0008540889081 (rel.)
GMRES: iter = 47, residual = 0.0009528664862, 0.0007090089126 (rel.)
GMRES: iter = 48, residual = 0.0007678603216, 0.0005713495223 (rel.)
GMRES: iter = 49, residual = 0.0006304060422, 0.0004690725395 (rel.)
GMRES: iter = 50, residual = 0.0005287553452, 0.0003934362871 (rel.)
GMRES: iter = 51, residual = 0.0004340002807, 0.0003229309369 (rel.)
GMRES: iter = 52, residual = 0.0003290687732, 0.0002448534989 (rel.)
GMRES: iter = 53, residual = 0.0002474777765, 0.0001841432685 (rel.)
GMRES: iter = 54, residual = 0.0001963385363, 0.0001460915818 (rel.)
GMRES: iter = 55, residual = 0.0001602282536, 0.0001192226419 (rel.)
GMRES: iter = 56, residual = 0.0001254025945, 9.330956483e-05 (rel.)
GMRES: Solve Time = 24.39188909
AMG setup messages level=0 phase=strength sends=0 bytes=0 collective_rank_calls=448
AMG setup messages level=0 phase=strength-transpose sends=3519 bytes=143917000 collective_rank_calls=448
AMG setup messages level=0 phase=PMIS sends=66692 bytes=420493760 collective_rank_calls=4032
AMG setup messages level=0 phase=numbering sends=0 bytes=0 collective_rank_calls=448
AMG setup messages level=0 phase=interpolation sends=21114 bytes=192105192 collective_rank_calls=448
AMG setup messages level=0 phase=interpolation-transpose sends=7774 bytes=121184416 collective_rank_calls=448
AMG setup messages level=0 phase=A*P sends=11562 bytes=465421536 collective_rank_calls=448
AMG setup messages level=0 phase=R*(A*P) sends=23322 bytes=892559664 collective_rank_calls=448
AMG setup messages level=1 phase=strength sends=0 bytes=0 collective_rank_calls=448
AMG setup messages level=1 phase=strength-transpose sends=8606 bytes=173660000 collective_rank_calls=448
AMG setup messages level=1 phase=PMIS sends=189716 bytes=315677448 collective_rank_calls=4928
AMG setup messages level=1 phase=numbering sends=0 bytes=0 collective_rank_calls=448
AMG setup messages level=1 phase=interpolation sends=51363 bytes=197028796 collective_rank_calls=448
AMG setup messages level=1 phase=interpolation-transpose sends=8719 bytes=98460848 collective_rank_calls=448
AMG setup messages level=1 phase=A*P sends=30906 bytes=570041488 collective_rank_calls=448
AMG setup messages level=1 phase=R*(A*P) sends=26157 bytes=1819840576 collective_rank_calls=448
AMG setup messages level=2 phase=strength sends=0 bytes=0 collective_rank_calls=448
AMG setup messages level=2 phase=strength-transpose sends=9950 bytes=90297508 collective_rank_calls=448
AMG setup messages level=2 phase=PMIS sends=260716 bytes=126881664 collective_rank_calls=5824
AMG setup messages level=2 phase=numbering sends=0 bytes=0 collective_rank_calls=448
AMG setup messages level=2 phase=interpolation sends=59010 bytes=81943280 collective_rank_calls=448
AMG setup messages level=2 phase=interpolation-transpose sends=8700 bytes=26986368 collective_rank_calls=448
AMG setup messages level=2 phase=A*P sends=32994 bytes=223966976 collective_rank_calls=448
AMG setup messages level=2 phase=R*(A*P) sends=26100 bytes=776790672 collective_rank_calls=448
AMG setup messages level=3 phase=strength sends=0 bytes=0 collective_rank_calls=448
AMG setup messages level=3 phase=strength-transpose sends=9851 bytes=18448928 collective_rank_calls=448
AMG setup messages level=3 phase=PMIS sends=219782 bytes=25925160 collective_rank_calls=4928
AMG setup messages level=3 phase=numbering sends=0 bytes=0 collective_rank_calls=448
AMG setup messages level=3 phase=interpolation sends=58482 bytes=20128340 collective_rank_calls=448
AMG setup messages level=3 phase=interpolation-transpose sends=7941 bytes=5591776 collective_rank_calls=448
AMG setup messages level=3 phase=A*P sends=37506 bytes=69796000 collective_rank_calls=448
AMG setup messages level=3 phase=R*(A*P) sends=23823 bytes=207565056 collective_rank_calls=448
AMG setup messages level=4 phase=strength sends=0 bytes=0 collective_rank_calls=448
AMG setup messages level=4 phase=strength-transpose sends=10303 bytes=3340748 collective_rank_calls=448
AMG setup messages level=4 phase=PMIS sends=200104 bytes=6076880 collective_rank_calls=4032
AMG setup messages level=4 phase=numbering sends=0 bytes=0 collective_rank_calls=448
AMG setup messages level=4 phase=interpolation sends=59748 bytes=4350244 collective_rank_calls=448
AMG setup messages level=4 phase=interpolation-transpose sends=6060 bytes=1491280 collective_rank_calls=448
AMG setup messages level=4 phase=A*P sends=78762 bytes=32145200 collective_rank_calls=448
AMG setup messages level=4 phase=R*(A*P) sends=18180 bytes=54028576 collective_rank_calls=448
AMG setup messages level=5 phase=strength sends=0 bytes=0 collective_rank_calls=448
AMG setup messages level=5 phase=strength-transpose sends=6645 bytes=682352 collective_rank_calls=448
AMG setup messages level=5 phase=PMIS sends=110382 bytes=1411472 collective_rank_calls=3136
AMG setup messages level=5 phase=numbering sends=0 bytes=0 collective_rank_calls=448
AMG setup messages level=5 phase=interpolation sends=35466 bytes=810292 collective_rank_calls=448
AMG setup messages level=5 phase=interpolation-transpose sends=2739 bytes=384512 collective_rank_calls=448
AMG setup messages level=5 phase=A*P sends=112428 bytes=12683104 collective_rank_calls=448
AMG setup messages level=5 phase=R*(A*P) sends=8217 bytes=10862624 collective_rank_calls=448
AMG setup messages level=6 phase=strength sends=0 bytes=0 collective_rank_calls=448
AMG setup messages level=6 phase=strength-transpose sends=1430 bytes=152844 collective_rank_calls=448
AMG setup messages level=6 phase=PMIS sends=16960 bytes=238364 collective_rank_calls=1792
AMG setup messages level=6 phase=numbering sends=0 bytes=0 collective_rank_calls=448
AMG setup messages level=6 phase=interpolation sends=6639 bytes=91692 collective_rank_calls=448
AMG setup messages level=6 phase=interpolation-transpose sends=532 bytes=93520 collective_rank_calls=448
AMG setup messages level=6 phase=A*P sends=41736 bytes=2716352 collective_rank_calls=448
AMG setup messages level=6 phase=R*(A*P) sends=1596 bytes=559984 collective_rank_calls=448
AMG setup messages level=7 phase=strength sends=0 bytes=0 collective_rank_calls=448
AMG setup messages level=7 phase=strength-transpose sends=110 bytes=12476 collective_rank_calls=448
AMG setup messages level=7 phase=PMIS sends=1084 bytes=18624 collective_rank_calls=1344
AMG setup messages level=7 phase=numbering sends=0 bytes=0 collective_rank_calls=448
AMG setup messages level=7 phase=interpolation sends=528 bytes=5172 collective_rank_calls=448
AMG setup messages level=7 phase=interpolation-transpose sends=58 bytes=7808 collective_rank_calls=448
AMG setup messages level=7 phase=A*P sends=1584 bytes=72976 collective_rank_calls=448
AMG setup messages level=7 phase=R*(A*P) sends=174 bytes=19104 collective_rank_calls=448
GMRES: iter = 0, residual = 0.8930059214, 1 (rel.)
GMRES: iter = 1, residual = 0.8588828825, 0.9617885636 (rel.)
GMRES: iter = 2, residual = 0.4515706292, 0.5056748431 (rel.)
GMRES: iter = 3, residual = 0.2352981943, 0.2634900717 (rel.)
GMRES: iter = 4, residual = 0.1543909353, 0.1728890387 (rel.)
GMRES: iter = 5, residual = 0.1236138484, 0.1384244443 (rel.)
GMRES: iter = 6, residual = 0.1060295635, 0.1187333264 (rel.)
GMRES: iter = 7, residual = 0.09134120726, 0.1022851082 (rel.)
GMRES: iter = 8, residual = 0.08062710274, 0.09028731032 (rel.)
GMRES: iter = 9, residual = 0.07238220124, 0.08105455911 (rel.)
GMRES: iter = 10, residual = 0.06534800985, 0.07317757731 (rel.)
GMRES: iter = 11, residual = 0.05926355546, 0.06636412373 (rel.)
GMRES: iter = 12, residual = 0.05374218114, 0.06018121477 (rel.)
GMRES: iter = 13, residual = 0.04882271566, 0.05467233139 (rel.)
GMRES: iter = 14, residual = 0.0443069699, 0.04961553876 (rel.)
GMRES: iter = 15, residual = 0.03955571376, 0.04429501845 (rel.)
GMRES: iter = 16, residual = 0.03392114059, 0.03798534789 (rel.)
GMRES: iter = 17, residual = 0.02727302664, 0.03054070078 (rel.)
GMRES: iter = 18, residual = 0.02034784852, 0.0227857935 (rel.)
GMRES: iter = 19, residual = 0.01463985588, 0.01639390683 (rel.)
GMRES: iter = 20, residual = 0.01088274727, 0.01218664626 (rel.)
GMRES: iter = 21, residual = 0.008651148577, 0.009687672131 (rel.)
GMRES: iter = 22, residual = 0.007297370432, 0.008171693219 (rel.)
GMRES: iter = 23, residual = 0.006405678604, 0.007173164758 (rel.)
GMRES: iter = 24, residual = 0.005735379335, 0.006422554652 (rel.)
GMRES: iter = 25, residual = 0.005131961342, 0.005746839096 (rel.)
GMRES: iter = 26, residual = 0.004605232847, 0.005157001468 (rel.)
GMRES: iter = 27, residual = 0.004180225004, 0.004681071989 (rel.)
GMRES: iter = 28, residual = 0.003821263321, 0.004279101884 (rel.)
GMRES: iter = 29, residual = 0.003479150223, 0.003895999051 (rel.)
GMRES: iter = 30, residual = 0.003138831859, 0.003514905987 (rel.)
GMRES: iter = 31, residual = 0.00276501479, 0.003096300622 (rel.)
GMRES: iter = 32, residual = 0.002379098145, 0.002664145991 (rel.)
GMRES: iter = 33, residual = 0.00203010186, 0.002273335272 (rel.)
GMRES: iter = 34, residual = 0.001686095404, 0.001888112233 (rel.)
GMRES: iter = 35, residual = 0.001434433539, 0.001606297903 (rel.)
GMRES: iter = 36, residual = 0.00124820302, 0.001397754471 (rel.)
GMRES: iter = 37, residual = 0.001096092768, 0.001227419372 (rel.)
GMRES: iter = 38, residual = 0.0009683654774, 0.001084388641 (rel.)
GMRES: iter = 39, residual = 0.0008540140477, 0.0009563363773 (rel.)
GMRES: iter = 40, residual = 0.000760811939, 0.0008519674067 (rel.)
GMRES: iter = 41, residual = 0.0006682705337, 0.0007483383007 (rel.)
GMRES: iter = 42, residual = 0.0005713211722, 0.0006397731062 (rel.)
GMRES: iter = 43, residual = 0.0004846723095, 0.0005427425484 (rel.)
GMRES: iter = 44, residual = 0.0004249433014, 0.0004758572046 (rel.)
GMRES: iter = 45, residual = 0.0003705710258, 0.0004149704016 (rel.)
GMRES: iter = 46, residual = 0.000312774464, 0.0003502490369 (rel.)
GMRES: iter = 47, residual = 0.000253819568, 0.0002842305543 (rel.)
GMRES: iter = 48, residual = 0.000208964675, 0.0002340014439 (rel.)
GMRES: iter = 49, residual = 0.0001703946028, 0.0001908101601 (rel.)
GMRES: iter = 50, residual = 0.0001367086426, 0.0001530881703 (rel.)
GMRES: iter = 51, residual = 0.0001030033326, 0.0001153445124 (rel.)
GMRES: iter = 52, residual = 7.782896511e-05, 8.715391829e-05 (rel.)
GMRES: Solve Time = 22.55421597
AMG setup messages level=0 phase=strength sends=0 bytes=0 collective_rank_calls=448
AMG setup messages level=0 phase=strength-transpose sends=3519 bytes=143911876 collective_rank_calls=448
AMG setup messages level=0 phase=PMIS sends=74065 bytes=462085108 collective_rank_calls=4480
AMG setup messages level=0 phase=numbering sends=0 bytes=0 collective_rank_calls=448
AMG setup messages level=0 phase=interpolation sends=21114 bytes=192119068 collective_rank_calls=448
AMG setup messages level=0 phase=interpolation-transpose sends=7765 bytes=121149520 collective_rank_calls=448
AMG setup messages level=0 phase=A*P sends=11562 bytes=465429936 collective_rank_calls=448
AMG setup messages level=0 phase=R*(A*P) sends=23295 bytes=892429696 collective_rank_calls=448
AMG setup messages level=1 phase=strength sends=0 bytes=0 collective_rank_calls=448
AMG setup messages level=1 phase=strength-transpose sends=8603 bytes=173552616 collective_rank_calls=448
AMG setup messages level=1 phase=PMIS sends=189566 bytes=315612184 collective_rank_calls=4928
AMG setup messages level=1 phase=numbering sends=0 bytes=0 collective_rank_calls=448
AMG setup messages level=1 phase=interpolation sends=51339 bytes=197068448 collective_rank_calls=448
AMG setup messages level=1 phase=interpolation-transpose sends=8725 bytes=98459360 collective_rank_calls=448
AMG setup messages level=1 phase=A*P sends=31038 bytes=569631296 collective_rank_calls=448
AMG setup messages level=1 phase=R*(A*P) sends=26175 bytes=1820897552 collective_rank_calls=448
AMG setup messages level=2 phase=strength sends=0 bytes=0 collective_rank_calls=448
AMG setup messages level=2 phase=strength-transpose sends=9991 bytes=90351300 collective_rank_calls=448
AMG setup messages level=2 phase=PMIS sends=261936 bytes=126985120 collective_rank_calls=5824
AMG setup messages level=2 phase=numbering sends=0 bytes=0 collective_rank_calls=448
AMG setup messages level=2 phase=interpolation sends=59307 bytes=82099944 collective_rank_calls=448
AMG setup messages level=2 phase=interpolation-transpose sends=8766 bytes=26948688 collective_rank_calls=448
AMG setup messages level=2 phase=A*P sends=32988 bytes=224026144 collective_rank_calls=448
AMG setup messages level=2 phase=R*(A*P) sends=26298 bytes=777900720 collective_rank_calls=448
AMG setup messages level=3 phase=strength sends=0 bytes=0 collective_rank_calls=448
AMG setup messages level=3 phase=strength-transpose sends=9892 bytes=18483616 collective_rank_calls=448
AMG setup messages level=3 phase=PMIS sends=240684 bytes=28156224 collective_rank_calls=5376
AMG setup messages level=3 phase=numbering sends=0 bytes=0 collective_rank_calls=448
AMG setup messages level=3 phase=interpolation sends=58554 bytes=20002340 collective_rank_calls=448
AMG setup messages level=3 phase=interpolation-transpose sends=7957 bytes=5637008 collective_rank_calls=448
AMG setup messages level=3 phase=A*P sends=37386 bytes=70110464 collective_rank_calls=448
AMG setup messages level=3 phase=R*(A*P) sends=23871 bytes=209578288 collective_rank_calls=448
AMG setup messages level=4 phase=strength sends=0 bytes=0 collective_rank_calls=448
AMG setup messages level=4 phase=strength-transpose sends=10345 bytes=3280992 collective_rank_calls=448
AMG setup messages level=4 phase=PMIS sends=178597 bytes=5462252 collective_rank_calls=3584
AMG setup messages level=4 phase=numbering sends=0 bytes=0 collective_rank_calls=448
AMG setup messages level=4 phase=interpolation sends=60174 bytes=4258060 collective_rank_calls=448
AMG setup messages level=4 phase=interpolation-transpose sends=6241 bytes=1515488 collective_rank_calls=448
AMG setup messages level=4 phase=A*P sends=78216 bytes=32172864 collective_rank_calls=448
AMG setup messages level=4 phase=R*(A*P) sends=18723 bytes=56344688 collective_rank_calls=448
AMG setup messages level=5 phase=strength sends=0 bytes=0 collective_rank_calls=448
AMG setup messages level=5 phase=strength-transpose sends=6807 bytes=677388 collective_rank_calls=448
AMG setup messages level=5 phase=PMIS sends=98253 bytes=1297032 collective_rank_calls=2688
AMG setup messages level=5 phase=numbering sends=0 bytes=0 collective_rank_calls=448
AMG setup messages level=5 phase=interpolation sends=35763 bytes=708112 collective_rank_calls=448
AMG setup messages level=5 phase=interpolation-transpose sends=2817 bytes=347440 collective_rank_calls=448
AMG setup messages level=5 phase=A*P sends=118404 bytes=12347920 collective_rank_calls=448
AMG setup messages level=5 phase=R*(A*P) sends=8451 bytes=11286752 collective_rank_calls=448
AMG setup messages level=6 phase=strength sends=0 bytes=0 collective_rank_calls=448
AMG setup messages level=6 phase=strength-transpose sends=1326 bytes=134560 collective_rank_calls=448
AMG setup messages level=6 phase=PMIS sends=12332 bytes=203552 collective_rank_calls=1344
AMG setup messages level=6 phase=numbering sends=0 bytes=0 collective_rank_calls=448
AMG setup messages level=6 phase=interpolation sends=6195 bytes=69380 collective_rank_calls=448
AMG setup messages level=6 phase=interpolation-transpose sends=688 bytes=89024 collective_rank_calls=448
AMG setup messages level=6 phase=A*P sends=42984 bytes=2782960 collective_rank_calls=448
AMG setup messages level=6 phase=R*(A*P) sends=2064 bytes=853952 collective_rank_calls=448
AMG setup messages level=7 phase=strength sends=0 bytes=0 collective_rank_calls=448
AMG setup messages level=7 phase=strength-transpose sends=127 bytes=10952 collective_rank_calls=448
AMG setup messages level=7 phase=PMIS sends=1222 bytes=17576 collective_rank_calls=1344
AMG setup messages level=7 phase=numbering sends=0 bytes=0 collective_rank_calls=448
AMG setup messages level=7 phase=interpolation sends=480 bytes=3596 collective_rank_calls=448
AMG setup messages level=7 phase=interpolation-transpose sends=87 bytes=9328 collective_rank_calls=448
AMG setup messages level=7 phase=A*P sends=3900 bytes=130288 collective_rank_calls=448
AMG setup messages level=7 phase=R*(A*P) sends=261 bytes=19600 collective_rank_calls=448
GMRES: iter = 0, residual = 0.3206249824, 1 (rel.)
GMRES: iter = 1, residual = 0.1805559866, 0.5631376112 (rel.)
GMRES: iter = 2, residual = 0.07076759638, 0.2207176617 (rel.)
GMRES: iter = 3, residual = 0.02781934564, 0.08676599508 (rel.)
GMRES: iter = 4, residual = 0.01569436558, 0.04894929105 (rel.)
GMRES: iter = 5, residual = 0.01143789984, 0.03567376364 (rel.)
GMRES: iter = 6, residual = 0.01005810111, 0.03137029757 (rel.)
GMRES: iter = 7, residual = 0.008799800462, 0.02744577293 (rel.)
GMRES: iter = 8, residual = 0.007206612769, 0.02247676621 (rel.)
GMRES: iter = 9, residual = 0.005788873834, 0.01805496812 (rel.)
GMRES: iter = 10, residual = 0.004734646882, 0.01476693066 (rel.)
GMRES: iter = 11, residual = 0.003874515911, 0.01208426082 (rel.)
GMRES: iter = 12, residual = 0.003174372511, 0.009900577579 (rel.)
GMRES: iter = 13, residual = 0.002671732064, 0.008332887989 (rel.)
GMRES: iter = 14, residual = 0.002313943272, 0.007216977463 (rel.)
GMRES: iter = 15, residual = 0.002012751267, 0.006277587144 (rel.)
GMRES: iter = 16, residual = 0.001720058745, 0.005364705933 (rel.)
GMRES: iter = 17, residual = 0.001416962889, 0.004419377675 (rel.)
GMRES: iter = 18, residual = 0.001100852581, 0.003433458532 (rel.)
GMRES: iter = 19, residual = 0.0008241437648, 0.002570429038 (rel.)
GMRES: iter = 20, residual = 0.0006288233711, 0.001961242591 (rel.)
GMRES: iter = 21, residual = 0.000501232843, 0.001563299401 (rel.)
GMRES: iter = 22, residual = 0.0004083830322, 0.001273709332 (rel.)
GMRES: iter = 23, residual = 0.000337670305, 0.001053162803 (rel.)
GMRES: iter = 24, residual = 0.0002860298859, 0.0008921010578 (rel.)
GMRES: iter = 25, residual = 0.0002494462312, 0.0007779999842 (rel.)
GMRES: iter = 26, residual = 0.0002245029225, 0.0007002040854 (rel.)
GMRES: iter = 27, residual = 0.0002066987436, 0.0006446744795 (rel.)
GMRES: iter = 28, residual = 0.0001913151348, 0.0005966944103 (rel.)
GMRES: iter = 29, residual = 0.0001761680975, 0.0005494521861 (rel.)
GMRES: iter = 30, residual = 0.0001611276866, 0.0005025425201 (rel.)
GMRES: iter = 31, residual = 0.0001458149621, 0.0004547835324 (rel.)
GMRES: iter = 32, residual = 0.0001297184265, 0.0004045799099 (rel.)
GMRES: iter = 33, residual = 0.0001140752214, 0.0003557901838 (rel.)
GMRES: iter = 34, residual = 9.737933889e-05, 0.000303717253 (rel.)
GMRES: iter = 35, residual = 8.071297311e-05, 0.0002517363822 (rel.)
GMRES: iter = 36, residual = 6.788561361e-05, 0.000211729021 (rel.)
GMRES: iter = 37, residual = 5.61730109e-05, 0.0001751984842 (rel.)
GMRES: iter = 38, residual = 4.494250632e-05, 0.0001401715674 (rel.)
GMRES: iter = 39, residual = 3.779072688e-05, 0.0001178658213 (rel.)
GMRES: iter = 40, residual = 3.320321952e-05, 0.0001035578054 (rel.)
GMRES: iter = 41, residual = 2.926434074e-05, 9.127280266e-05 (rel.)
GMRES: Solve Time = 17.52621968
AMG setup messages level=0 phase=strength sends=0 bytes=0 collective_rank_calls=448
AMG setup messages level=0 phase=strength-transpose sends=3519 bytes=143911428 collective_rank_calls=448
AMG setup messages level=0 phase=PMIS sends=74065 bytes=462084012 collective_rank_calls=4480
AMG setup messages level=0 phase=numbering sends=0 bytes=0 collective_rank_calls=448
AMG setup messages level=0 phase=interpolation sends=21114 bytes=192153420 collective_rank_calls=448
AMG setup messages level=0 phase=interpolation-transpose sends=7765 bytes=121165392 collective_rank_calls=448
AMG setup messages level=0 phase=A*P sends=11562 bytes=465459824 collective_rank_calls=448
AMG setup messages level=0 phase=R*(A*P) sends=23295 bytes=892670656 collective_rank_calls=448
AMG setup messages level=1 phase=strength sends=0 bytes=0 collective_rank_calls=448
AMG setup messages level=1 phase=strength-transpose sends=8610 bytes=173552180 collective_rank_calls=448
AMG setup messages level=1 phase=PMIS sends=189780 bytes=315591688 collective_rank_calls=4928
AMG setup messages level=1 phase=numbering sends=0 bytes=0 collective_rank_calls=448
AMG setup messages level=1 phase=interpolation sends=51324 bytes=197036276 collective_rank_calls=448
AMG setup messages level=1 phase=interpolation-transpose sends=8709 bytes=98433696 collective_rank_calls=448
AMG setup messages level=1 phase=A*P sends=31020 bytes=569800576 collective_rank_calls=448
AMG setup messages level=1 phase=R*(A*P) sends=26127 bytes=1820931984 collective_rank_calls=448
AMG setup messages level=2 phase=strength sends=0 bytes=0 collective_rank_calls=448
AMG setup messages level=2 phase=strength-transpose sends=9936 bytes=90303488 collective_rank_calls=448
AMG setup messages level=2 phase=PMIS sends=240362 bytes=117947176 collective_rank_calls=5376
AMG setup messages level=2 phase=numbering sends=0 bytes=0 collective_rank_calls=448
AMG setup messages level=2 phase=interpolation sends=58863 bytes=82138372 collective_rank_calls=448
AMG setup messages level=2 phase=interpolation-transpose sends=8728 bytes=26966512 collective_rank_calls=448
AMG setup messages level=2 phase=A*P sends=32994 bytes=224043120 collective_rank_calls=448
AMG setup messages level=2 phase=R*(A*P) sends=26184 bytes=777894784 collective_rank_calls=448
AMG setup messages level=3 phase=strength sends=0 bytes=0 collective_rank_calls=448
AMG setup messages level=3 phase=strength-transpose sends=9891 bytes=18460876 collective_rank_calls=448
AMG setup messages level=3 phase=PMIS sends=220614 bytes=25971280 collective_rank_calls=4928
AMG setup messages level=3 phase=numbering sends=0 bytes=0 collective_rank_calls=448
AMG setup messages level=3 phase=interpolation sends=58536 bytes=20156892 collective_rank_calls=448
AMG setup messages level=3 phase=interpolation-transpose sends=8006 bytes=5628624 collective_rank_calls=448
AMG setup messages level=3 phase=A*P sends=37410 bytes=70120032 collective_rank_calls=448
AMG setup messages level=3 phase=R*(A*P) sends=24018 bytes=212009952 collective_rank_calls=448
AMG setup messages level=4 phase=strength sends=0 bytes=0 collective_rank_calls=448
AMG setup messages level=4 phase=strength-transpose sends=10418 bytes=3369048 collective_rank_calls=448
AMG setup messages level=4 phase=PMIS sends=202444 bytes=6151280 collective_rank_calls=4032
AMG setup messages level=4 phase=numbering sends=0 bytes=0 collective_rank_calls=448
AMG setup messages level=4 phase=interpolation sends=60603 bytes=4409308 collective_rank_calls=448
AMG setup messages level=4 phase=interpolation-transpose sends=6140 bytes=1512592 collective_rank_calls=448
AMG setup messages level=4 phase=A*P sends=79020 bytes=32735024 collective_rank_calls=448
AMG setup messages level=4 phase=R*(A*P) sends=18420 bytes=55318288 collective_rank_calls=448
AMG setup messages level=5 phase=strength sends=0 bytes=0 collective_rank_calls=448
AMG setup messages level=5 phase=strength-transpose sends=6515 bytes=665396 collective_rank_calls=448
AMG setup messages level=5 phase=PMIS sends=109618 bytes=1403720 collective_rank_calls=3136
AMG setup messages level=5 phase=numbering sends=0 bytes=0 collective_rank_calls=448
AMG setup messages level=5 phase=interpolation sends=34935 bytes=728472 collective_rank_calls=448
AMG setup messages level=5 phase=interpolation-transpose sends=2808 bytes=352656 collective_rank_calls=448
AMG setup messages level=5 phase=A*P sends=114648 bytes=12325840 collective_rank_calls=448
AMG setup messages level=5 phase=R*(A*P) sends=8424 bytes=11039568 collective_rank_calls=448
AMG setup messages level=6 phase=strength sends=0 bytes=0 collective_rank_calls=448
AMG setup messages level=6 phase=strength-transpose sends=1393 bytes=159512 collective_rank_calls=448
AMG setup messages level=6 phase=PMIS sends=16909 bytes=280380 collective_rank_calls=1792
AMG setup messages level=6 phase=numbering sends=0 bytes=0 collective_rank_calls=448
AMG setup messages level=6 phase=interpolation sends=6420 bytes=78684 collective_rank_calls=448
AMG setup messages level=6 phase=interpolation-transpose sends=557 bytes=84416 collective_rank_calls=448
AMG setup messages level=6 phase=A*P sends=39594 bytes=2657184 collective_rank_calls=448
AMG setup messages level=6 phase=R*(A*P) sends=1671 bytes=792704 collective_rank_calls=448
AMG setup messages level=7 phase=strength sends=0 bytes=0 collective_rank_calls=448
AMG setup messages level=7 phase=strength-transpose sends=157 bytes=21944 collective_rank_calls=448
AMG setup messages level=7 phase=PMIS sends=1087 bytes=24652 collective_rank_calls=896
AMG setup messages level=7 phase=numbering sends=0 bytes=0 collective_rank_calls=448
AMG setup messages level=7 phase=interpolation sends=846 bytes=8160 collective_rank_calls=448
AMG setup messages level=7 phase=interpolation-transpose sends=83 bytes=10640 collective_rank_calls=448
AMG setup messages level=7 phase=A*P sends=2814 bytes=121280 collective_rank_calls=448
AMG setup messages level=7 phase=R*(A*P) sends=249 bytes=23904 collective_rank_calls=448
GMRES: iter = 0, residual = 0.2260886115, 1 (rel.)
GMRES: iter = 1, residual = 0.1275699571, 0.5642476028 (rel.)
GMRES: iter = 2, residual = 0.1127991491, 0.4989156613 (rel.)
GMRES: iter = 3, residual = 0.07798361727, 0.3449250131 (rel.)
GMRES: iter = 4, residual = 0.03184949231, 0.1408717233 (rel.)
GMRES: iter = 5, residual = 0.01282545332, 0.05672755138 (rel.)
GMRES: iter = 6, residual = 0.00766111525, 0.03388545402 (rel.)
GMRES: iter = 7, residual = 0.00515138448, 0.02278480303 (rel.)
GMRES: iter = 8, residual = 0.003948825258, 0.01746583002 (rel.)
GMRES: iter = 9, residual = 0.00257070962, 0.01137036317 (rel.)
GMRES: iter = 10, residual = 0.001397352062, 0.006180550416 (rel.)
GMRES: iter = 11, residual = 0.0006425198173, 0.002841893774 (rel.)
GMRES: iter = 12, residual = 0.000377005429, 0.001667511807 (rel.)
GMRES: iter = 13, residual = 0.0002767403608, 0.001224034944 (rel.)
GMRES: iter = 14, residual = 0.0002149842102, 0.0009508847385 (rel.)
GMRES: iter = 15, residual = 0.0001733881, 0.0007669032899 (rel.)
GMRES: iter = 16, residual = 0.0001448676814, 0.000640756208 (rel.)
GMRES: iter = 17, residual = 0.0001182873265, 0.0005231901143 (rel.)
GMRES: iter = 18, residual = 8.999640899e-05, 0.000398058126 (rel.)
GMRES: iter = 19, residual = 6.432075781e-05, 0.000284493577 (rel.)
GMRES: iter = 20, residual = 4.678273548e-05, 0.000206922123 (rel.)
GMRES: iter = 21, residual = 3.668331086e-05, 0.000162251918 (rel.)
GMRES: iter = 22, residual = 3.058991402e-05, 0.0001353005524 (rel.)
GMRES: iter = 23, residual = 2.628900965e-05, 0.0001162774608 (rel.)
GMRES: iter = 24, residual = 2.278106166e-05, 0.0001007616505 (rel.)
GMRES: iter = 25, residual = 1.928236973e-05, 8.528678025e-05 (rel.)
GMRES: Solve Time = 10.49286269
AMG setup messages level=0 phase=strength sends=0 bytes=0 collective_rank_calls=448
AMG setup messages level=0 phase=strength-transpose sends=3519 bytes=143911428 collective_rank_calls=448
AMG setup messages level=0 phase=PMIS sends=74065 bytes=462084012 collective_rank_calls=4480
AMG setup messages level=0 phase=numbering sends=0 bytes=0 collective_rank_calls=448
AMG setup messages level=0 phase=interpolation sends=21114 bytes=192112924 collective_rank_calls=448
AMG setup messages level=0 phase=interpolation-transpose sends=7775 bytes=121137168 collective_rank_calls=448
AMG setup messages level=0 phase=A*P sends=11562 bytes=465466832 collective_rank_calls=448
AMG setup messages level=0 phase=R*(A*P) sends=23325 bytes=892470400 collective_rank_calls=448
AMG setup messages level=1 phase=strength sends=0 bytes=0 collective_rank_calls=448
AMG setup messages level=1 phase=strength-transpose sends=8600 bytes=173534896 collective_rank_calls=448
AMG setup messages level=1 phase=PMIS sends=189536 bytes=315531560 collective_rank_calls=4928
AMG setup messages level=1 phase=numbering sends=0 bytes=0 collective_rank_calls=448
AMG setup messages level=1 phase=interpolation sends=51288 bytes=197003896 collective_rank_calls=448
AMG setup messages level=1 phase=interpolation-transpose sends=8722 bytes=98397440 collective_rank_calls=448
AMG setup messages level=1 phase=A*P sends=30942 bytes=569607408 collective_rank_calls=448
AMG setup messages level=1 phase=R*(A*P) sends=26166 bytes=1821818832 collective_rank_calls=448
AMG setup messages level=2 phase=strength sends=0 bytes=0 collective_rank_calls=448
AMG setup messages level=2 phase=strength-transpose sends=9937 bytes=90366224 collective_rank_calls=448
AMG setup messages level=2 phase=PMIS sends=260616 bytes=127024256 collective_rank_calls=5824
AMG setup messages level=2 phase=numbering sends=0 bytes=0 collective_rank_calls=448
AMG setup messages level=2 phase=interpolation sends=59040 bytes=82085152 collective_rank_calls=448
AMG setup messages level=2 phase=interpolation-transpose sends=8746 bytes=27022288 collective_rank_calls=448
AMG setup messages level=2 phase=A*P sends=32988 bytes=224154640 collective_rank_calls=448
AMG setup messages level=2 phase=R*(A*P) sends=26238 bytes=778387024 collective_rank_calls=448
AMG setup messages level=3 phase=strength sends=0 bytes=0 collective_rank_calls=448
AMG setup messages level=3 phase=strength-transpose sends=9870 bytes=18464680 collective_rank_calls=448
AMG setup messages level=3 phase=PMIS sends=220332 bytes=26009896 collective_rank_calls=4928
AMG setup messages level=3 phase=numbering sends=0 bytes=0 collective_rank_calls=448
AMG setup messages level=3 phase=interpolation sends=58389 bytes=19975156 collective_rank_calls=448
AMG setup messages level=3 phase=interpolation-transpose sends=8029 bytes=5597088 collective_rank_calls=448
AMG setup messages level=3 phase=A*P sends=37380 bytes=69915520 collective_rank_calls=448
AMG setup messages level=3 phase=R*(A*P) sends=24087 bytes=210625008 collective_rank_calls=448
AMG setup messages level=4 phase=strength sends=0 bytes=0 collective_rank_calls=448
AMG setup messages level=4 phase=strength-transpose sends=10448 bytes=3308360 collective_rank_calls=448
AMG setup messages level=4 phase=PMIS sends=247832 bytes=7248168 collective_rank_calls=4928
AMG setup messages level=4 phase=numbering sends=0 bytes=0 collective_rank_calls=448
AMG setup messages level=4 phase=interpolation sends=60459 bytes=4273740 collective_rank_calls=448
AMG setup messages level=4 phase=interpolation-transpose sends=6069 bytes=1525664 collective_rank_calls=448
AMG setup messages level=4 phase=A*P sends=79200 bytes=32770096 collective_rank_calls=448
AMG setup messages level=4 phase=R*(A*P) sends=18207 bytes=54619568 collective_rank_calls=448
AMG setup messages level=5 phase=strength sends=0 bytes=0 collective_rank_calls=448
AMG setup messages level=5 phase=strength-transpose sends=6339 bytes=643616 collective_rank_calls=448
AMG setup messages level=5 phase=PMIS sends=106962 bytes=1351904 collective_rank_calls=3136
AMG setup messages level=5 phase=numbering sends=0 bytes=0 collective_rank_calls=448
AMG setup messages level=5 phase=interpolation sends=34164 bytes=697272 collective_rank_calls=448
AMG setup messages level=5 phase=interpolation-transpose sends=2942 bytes=339344 collective_rank_calls=448
AMG setup messages level=5 phase=A*P sends=112062 bytes=11799744 collective_rank_calls=448
AMG setup messages level=5 phase=R*(A*P) sends=8826 bytes=11370880 collective_rank_calls=448
AMG setup messages level=6 phase=strength sends=0 bytes=0 collective_rank_calls=448
AMG setup messages level=6 phase=strength-transpose sends=1340 bytes=132032 collective_rank_calls=448
AMG setup messages level=6 phase=PMIS sends=12600 bytes=213456 collective_rank_calls=1344
AMG setup messages level=6 phase=numbering sends=0 bytes=0 collective_rank_calls=448
AMG setup messages level=6 phase=interpolation sends=6417 bytes=59592 collective_rank_calls=448
AMG setup messages level=6 phase=interpolation-transpose sends=464 bytes=60976 collective_rank_calls=448
AMG setup messages level=6 phase=A*P sends=41748 bytes=2098976 collective_rank_calls=448
AMG setup messages level=6 phase=R*(A*P) sends=1392 bytes=322608 collective_rank_calls=448
AMG setup messages level=7 phase=strength sends=0 bytes=0 collective_rank_calls=448
AMG setup messages level=7 phase=strength-transpose sends=77 bytes=8104 collective_rank_calls=448
AMG setup messages level=7 phase=PMIS sends=722 bytes=13456 collective_rank_calls=1344
AMG setup messages level=7 phase=numbering sends=0 bytes=0 collective_rank_calls=448
AMG setup messages level=7 phase=interpolation sends=318 bytes=3188 collective_rank_calls=448
AMG setup messages level=7 phase=interpolation-transpose sends=71 bytes=6528 collective_rank_calls=448
AMG setup messages level=7 phase=A*P sends=1038 bytes=49568 collective_rank_calls=448
AMG setup messages level=7 phase=R*(A*P) sends=213 bytes=44352 collective_rank_calls=448
AMG setup messages level=8 phase=strength sends=0 bytes=0 collective_rank_calls=448
AMG setup messages level=8 phase=strength-transpose sends=101 bytes=9688 collective_rank_calls=448
AMG setup messages level=8 phase=PMIS sends=647 bytes=12784 collective_rank_calls=896
AMG setup messages level=8 phase=numbering sends=0 bytes=0 collective_rank_calls=448
AMG setup messages level=8 phase=interpolation sends=528 bytes=4420 collective_rank_calls=448
AMG setup messages level=8 phase=interpolation-transpose sends=21 bytes=2640 collective_rank_calls=448
AMG setup messages level=8 phase=A*P sends=732 bytes=28224 collective_rank_calls=448
AMG setup messages level=8 phase=R*(A*P) sends=63 bytes=3936 collective_rank_calls=448
GMRES: iter = 0, residual = 0.225110899, 1 (rel.)
GMRES: iter = 1, residual = 0.2215935188, 0.9843749006 (rel.)
GMRES: iter = 2, residual = 0.1835873397, 0.8155417641 (rel.)
GMRES: iter = 3, residual = 0.09049694905, 0.4020105177 (rel.)
GMRES: iter = 4, residual = 0.03231523653, 0.1435525186 (rel.)
GMRES: iter = 5, residual = 0.01298739848, 0.05769333489 (rel.)
GMRES: iter = 6, residual = 0.008528986199, 0.03788793095 (rel.)
GMRES: iter = 7, residual = 0.00642932375, 0.0285606951 (rel.)
GMRES: iter = 8, residual = 0.005249110601, 0.02331788743 (rel.)
GMRES: iter = 9, residual = 0.003684452758, 0.01636727841 (rel.)
GMRES: iter = 10, residual = 0.001806116603, 0.008023230375 (rel.)
GMRES: iter = 11, residual = 0.0008745679908, 0.003885053965 (rel.)
GMRES: iter = 12, residual = 0.0005449389529, 0.002420757748 (rel.)
GMRES: iter = 13, residual = 0.0004202730614, 0.001866960077 (rel.)
GMRES: iter = 14, residual = 0.0003391679675, 0.001506670574 (rel.)
GMRES: iter = 15, residual = 0.0002790710399, 0.001239704702 (rel.)
GMRES: iter = 16, residual = 0.0002289604313, 0.001017100604 (rel.)
GMRES: iter = 17, residual = 0.0001804737406, 0.0008017103633 (rel.)
GMRES: iter = 18, residual = 0.0001346691234, 0.0005982345768 (rel.)
GMRES: iter = 19, residual = 9.746425854e-05, 0.0004329610826 (rel.)
GMRES: iter = 20, residual = 7.200772384e-05, 0.0003198766659 (rel.)
GMRES: iter = 21, residual = 5.487961159e-05, 0.0002437892249 (rel.)
GMRES: iter = 22, residual = 4.174329879e-05, 0.0001854343747 (rel.)
GMRES: iter = 23, residual = 3.10968362e-05, 0.0001381400738 (rel.)
GMRES: iter = 24, residual = 2.311955499e-05, 0.000102702957 (rel.)
GMRES: iter = 25, residual = 1.770737933e-05, 7.866069306e-05 (rel.)
GMRES: Solve Time = 10.52577723
AMG setup messages level=0 phase=strength sends=0 bytes=0 collective_rank_calls=448
AMG setup messages level=0 phase=strength-transpose sends=3519 bytes=143911428 collective_rank_calls=448
AMG setup messages level=0 phase=PMIS sends=74065 bytes=462084012 collective_rank_calls=4480
AMG setup messages level=0 phase=numbering sends=0 bytes=0 collective_rank_calls=448
AMG setup messages level=0 phase=interpolation sends=21114 bytes=192198780 collective_rank_calls=448
AMG setup messages level=0 phase=interpolation-transpose sends=7770 bytes=121214144 collective_rank_calls=448
AMG setup messages level=0 phase=A*P sends=11562 bytes=465524752 collective_rank_calls=448
AMG setup messages level=0 phase=R*(A*P) sends=23310 bytes=893042224 collective_rank_calls=448
AMG setup messages level=1 phase=strength sends=0 bytes=0 collective_rank_calls=448
AMG setup messages level=1 phase=strength-transpose sends=8626 bytes=173494792 collective_rank_calls=448
AMG setup messages level=1 phase=PMIS sends=190252 bytes=315510824 collective_rank_calls=4928
AMG setup messages level=1 phase=numbering sends=0 bytes=0 collective_rank_calls=448
AMG setup messages level=1 phase=interpolation sends=51399 bytes=197002788 collective_rank_calls=448
AMG setup messages level=1 phase=interpolation-transpose sends=8723 bytes=98406672 collective_rank_calls=448
AMG setup messages level=1 phase=A*P sends=30846 bytes=569743440 collective_rank_calls=448
AMG setup messages level=1 phase=R*(A*P) sends=26169 bytes=1820309072 collective_rank_calls=448
AMG setup messages level=2 phase=strength sends=0 bytes=0 collective_rank_calls=448
AMG setup messages level=2 phase=strength-transpose sends=9911 bytes=90270444 collective_rank_calls=448
AMG setup messages level=2 phase=PMIS sends=259828 bytes=126872864 collective_rank_calls=5824
AMG setup messages level=2 phase=numbering sends=0 bytes=0 collective_rank_calls=448
AMG setup messages level=2 phase=interpolation sends=58821 bytes=82001048 collective_rank_calls=448
AMG setup messages level=2 phase=interpolation-transpose sends=8737 bytes=26999488 collective_rank_calls=448
AMG setup messages level=2 phase=A*P sends=32988 bytes=223902992 collective_rank_calls=448
AMG setup messages level=2 phase=R*(A*P) sends=26211 bytes=777120752 collective_rank_calls=448
AMG setup messages level=3 phase=strength sends=0 bytes=0 collective_rank_calls=448
AMG setup messages level=3 phase=strength-transpose sends=9868 bytes=18436160 collective_rank_calls=448
AMG setup messages level=3 phase=PMIS sends=220456 bytes=25935744 collective_rank_calls=4928
AMG setup messages level=3 phase=numbering sends=0 bytes=0 collective_rank_calls=448
AMG setup messages level=3 phase=interpolation sends=58494 bytes=20002472 collective_rank_calls=448
AMG setup messages level=3 phase=interpolation-transpose sends=7971 bytes=5623824 collective_rank_calls=448
AMG setup messages level=3 phase=A*P sends=37362 bytes=70025488 collective_rank_calls=448
AMG setup messages level=3 phase=R*(A*P) sends=23913 bytes=208006288 collective_rank_calls=448
AMG setup messages level=4 phase=strength sends=0 bytes=0 collective_rank_calls=448
AMG setup messages level=4 phase=strength-transpose sends=10228 bytes=3296164 collective_rank_calls=448
AMG setup messages level=4 phase=PMIS sends=220884 bytes=6601204 collective_rank_calls=4480
AMG setup messages level=4 phase=numbering sends=0 bytes=0 collective_rank_calls=448
AMG setup messages level=4 phase=interpolation sends=59226 bytes=4324784 collective_rank_calls=448
AMG setup messages level=4 phase=interpolation-transpose sends=6096 bytes=1507280 collective_rank_calls=448
AMG setup messages level=4 phase=A*P sends=78786 bytes=32102768 collective_rank_calls=448
AMG setup messages level=4 phase=R*(A*P) sends=18288 bytes=55018656 collective_rank_calls=448
AMG setup messages level=5 phase=strength sends=0 bytes=0 collective_rank_calls=448
AMG setup messages level=5 phase=strength-transpose sends=6680 bytes=674816 collective_rank_calls=448
AMG setup messages level=5 phase=PMIS sends=110976 bytes=1428224 collective_rank_calls=3136
AMG setup messages level=5 phase=numbering sends=0 bytes=0 collective_rank_calls=448
AMG setup messages level=5 phase=interpolation sends=35040 bytes=735160 collective_rank_calls=448
AMG setup messages level=5 phase=interpolation-transpose sends=2886 bytes=353008 collective_rank_calls=448
AMG setup messages level=5 phase=A*P sends=116442 bytes=12186784 collective_rank_calls=448
AMG setup messages level=5 phase=R*(A*P) sends=8658 bytes=11288944 collective_rank_calls=448
AMG setup messages level=6 phase=strength sends=0 bytes=0 collective_rank_calls=448
AMG setup messages level=6 phase=strength-transpose sends=1416 bytes=137024 collective_rank_calls=448
AMG setup messages level=6 phase=PMIS sends=13144 bytes=203152 collective_rank_calls=1344
AMG setup messages level=6 phase=numbering sends=0 bytes=0 collective_rank_calls=448
AMG setup messages level=6 phase=interpolation sends=7227 bytes=83804 collective_rank_calls=448
AMG setup messages level=6 phase=interpolation-transpose sends=759 bytes=80752 collective_rank_calls=448
AMG setup messages level=6 phase=A*P sends=46080 bytes=2618496 collective_rank_calls=448
AMG setup messages level=6 phase=R*(A*P) sends=2277 bytes=831952 collective_rank_calls=448
AMG setup messages level=7 phase=strength sends=0 bytes=0 collective_rank_calls=448
AMG setup messages level=7 phase=strength-transpose sends=138 bytes=14340 collective_rank_calls=448
AMG setup messages level=7 phase=PMIS sends=1340 bytes=24024 collective_rank_calls=1344
AMG setup messages level=7 phase=numbering sends=0 bytes=0 collective_rank_calls=448
AMG setup messages level=7 phase=interpolation sends=654 bytes=5320 collective_rank_calls=448
AMG setup messages level=7 phase=interpolation-transpose sends=42 bytes=5776 collective_rank_calls=448
AMG setup messages level=7 phase=A*P sends=2676 bytes=105728 collective_rank_calls=448
AMG setup messages level=7 phase=R*(A*P) sends=126 bytes=17920 collective_rank_calls=448
AMG setup messages level=8 phase=strength sends=0 bytes=0 collective_rank_calls=448
AMG setup messages level=8 phase=strength-transpose sends=15 bytes=1304 collective_rank_calls=448
AMG setup messages level=8 phase=PMIS sends=93 bytes=1568 collective_rank_calls=896
AMG setup messages level=8 phase=numbering sends=0 bytes=0 collective_rank_calls=448
AMG setup messages level=8 phase=interpolation sends=45 bytes=340 collective_rank_calls=448
AMG setup messages level=8 phase=interpolation-transpose sends=13 bytes=1408 collective_rank_calls=448
AMG setup messages level=8 phase=A*P sends=108 bytes=3488 collective_rank_calls=448
AMG setup messages level=8 phase=R*(A*P) sends=39 bytes=1984 collective_rank_calls=448
GMRES: iter = 0, residual = 0.1911967554, 1 (rel.)
GMRES: iter = 1, residual = 0.09405205051, 0.4919123774 (rel.)
GMRES: iter = 2, residual = 0.05990810031, 0.3133322016 (rel.)
GMRES: iter = 3, residual = 0.04660112102, 0.2437338485 (rel.)
GMRES: iter = 4, residual = 0.040745796, 0.213109244 (rel.)
GMRES: iter = 5, residual = 0.02224058768, 0.1163230392 (rel.)
GMRES: iter = 6, residual = 0.007769756395, 0.04063749083 (rel.)
GMRES: iter = 7, residual = 0.003825606291, 0.02000874064 (rel.)
GMRES: iter = 8, residual = 0.002508873996, 0.0131219486 (rel.)
GMRES: iter = 9, residual = 0.001931957191, 0.01010455008 (rel.)
GMRES: iter = 10, residual = 0.001399142788, 0.007317816585 (rel.)
GMRES: iter = 11, residual = 0.0009309625637, 0.004869133693 (rel.)
GMRES: iter = 12, residual = 0.0006612532819, 0.003458496356 (rel.)
GMRES: iter = 13, residual = 0.0005482131524, 0.002867272257 (rel.)
GMRES: iter = 14, residual = 0.0004785358935, 0.002502845262 (rel.)
GMRES: iter = 15, residual = 0.0004174898822, 0.002183561543 (rel.)
GMRES: iter = 16, residual = 0.0003531139632, 0.001846861692 (rel.)
GMRES: iter = 17, residual = 0.0002845554615, 0.001488286037 (rel.)
GMRES: iter = 18, residual = 0.0002236472499, 0.001169723039 (rel.)
GMRES: iter = 19, residual = 0.0001775509428, 0.0009286294758 (rel.)
GMRES: iter = 20, residual = 0.0001421641483, 0.0007435489584 (rel.)
GMRES: iter = 21, residual = 0.0001101992533, 0.0005763657078 (rel.)
GMRES: iter = 22, residual = 7.971702036e-05, 0.0004169370981 (rel.)
GMRES: iter = 23, residual = 5.475024919e-05, 0.000286355535 (rel.)
GMRES: iter = 24, residual = 3.742983839e-05, 0.0001957660751 (rel.)
GMRES: iter = 25, residual = 2.659524607e-05, 0.0001390988357 (rel.)
GMRES: iter = 26, residual = 2.040301464e-05, 0.0001067121385 (rel.)
GMRES: iter = 27, residual = 1.657922771e-05, 8.67129135e-05 (rel.)
GMRES: Solve Time = 11.36153147
AMG setup messages level=0 phase=strength sends=0 bytes=0 collective_rank_calls=448
AMG setup messages level=0 phase=strength-transpose sends=3519 bytes=143911428 collective_rank_calls=448
AMG setup messages level=0 phase=PMIS sends=74065 bytes=462084012 collective_rank_calls=4480
AMG setup messages level=0 phase=numbering sends=0 bytes=0 collective_rank_calls=448
AMG setup messages level=0 phase=interpolation sends=21114 bytes=192124076 collective_rank_calls=448
AMG setup messages level=0 phase=interpolation-transpose sends=7773 bytes=121166800 collective_rank_calls=448
AMG setup messages level=0 phase=A*P sends=11562 bytes=465435856 collective_rank_calls=448
AMG setup messages level=0 phase=R*(A*P) sends=23319 bytes=892673200 collective_rank_calls=448
AMG setup messages level=1 phase=strength sends=0 bytes=0 collective_rank_calls=448
AMG setup messages level=1 phase=strength-transpose sends=8591 bytes=173569384 collective_rank_calls=448
AMG setup messages level=1 phase=PMIS sends=172227 bytes=289511808 collective_rank_calls=4480
AMG setup messages level=1 phase=numbering sends=0 bytes=0 collective_rank_calls=448
AMG setup messages level=1 phase=interpolation sends=51327 bytes=197105428 collective_rank_calls=448
AMG setup messages level=1 phase=interpolation-transpose sends=8727 bytes=98436720 collective_rank_calls=448
AMG setup messages level=1 phase=A*P sends=30930 bytes=569657520 collective_rank_calls=448
AMG setup messages level=1 phase=R*(A*P) sends=26181 bytes=1820869184 collective_rank_calls=448
AMG setup messages level=2 phase=strength sends=0 bytes=0 collective_rank_calls=448
AMG setup messages level=2 phase=strength-transpose sends=9945 bytes=90271876 collective_rank_calls=448
AMG setup messages level=2 phase=PMIS sends=240591 bytes=117846932 collective_rank_calls=5376
AMG setup messages level=2 phase=numbering sends=0 bytes=0 collective_rank_calls=448
AMG setup messages level=2 phase=interpolation sends=59067 bytes=82010736 collective_rank_calls=448
AMG setup messages level=2 phase=interpolation-transpose sends=8742 bytes=26990464 collective_rank_calls=448
AMG setup messages level=2 phase=A*P sends=32988 bytes=224065472 collective_rank_calls=448
AMG setup messages level=2 phase=R*(A*P) sends=26226 bytes=776685168 collective_rank_calls=448
AMG setup messages level=3 phase=strength sends=0 bytes=0 collective_rank_calls=448
AMG setup messages level=3 phase=strength-transpose sends=9878 bytes=18444340 collective_rank_calls=448
AMG setup messages level=3 phase=PMIS sends=220532 bytes=25951488 collective_rank_calls=4928
AMG setup messages level=3 phase=numbering sends=0 bytes=0 collective_rank_calls=448
AMG setup messages level=3 phase=interpolation sends=58527 bytes=19962032 collective_rank_calls=448
AMG setup messages level=3 phase=interpolation-transpose sends=8005 bytes=5601424 collective_rank_calls=448
AMG setup messages level=3 phase=A*P sends=37344 bytes=69828560 collective_rank_calls=448
AMG setup messages level=3 phase=R*(A*P) sends=24015 bytes=210111184 collective_rank_calls=448
AMG setup messages level=4 phase=strength sends=0 bytes=0 collective_rank_calls=448
AMG setup messages level=4 phase=strength-transpose sends=10317 bytes=3290476 collective_rank_calls=448
AMG setup messages level=4 phase=PMIS sends=222609 bytes=6656664 collective_rank_calls=4480
AMG setup messages level=4 phase=numbering sends=0 bytes=0 collective_rank_calls=448
AMG setup messages level=4 phase=interpolation sends=59805 bytes=4221624 collective_rank_calls=448
AMG setup messages level=4 phase=interpolation-transpose sends=6329 bytes=1534960 collective_rank_calls=448
AMG setup messages level=4 phase=A*P sends=78816 bytes=32576064 collective_rank_calls=448
AMG setup messages level=4 phase=R*(A*P) sends=18987 bytes=55947360 collective_rank_calls=448
AMG setup messages level=5 phase=strength sends=0 bytes=0 collective_rank_calls=448
AMG setup messages level=5 phase=strength-transpose sends=6688 bytes=659020 collective_rank_calls=448
AMG setup messages level=5 phase=PMIS sends=112064 bytes=1409568 collective_rank_calls=3136
AMG setup messages level=5 phase=numbering sends=0 bytes=0 collective_rank_calls=448
AMG setup messages level=5 phase=interpolation sends=35361 bytes=702848 collective_rank_calls=448
AMG setup messages level=5 phase=interpolation-transpose sends=3033 bytes=355808 collective_rank_calls=448
AMG setup messages level=5 phase=A*P sends=117552 bytes=12356256 collective_rank_calls=448
AMG setup messages level=5 phase=R*(A*P) sends=9099 bytes=11822832 collective_rank_calls=448
AMG setup messages level=6 phase=strength sends=0 bytes=0 collective_rank_calls=448
AMG setup messages level=6 phase=strength-transpose sends=1421 bytes=133836 collective_rank_calls=448
AMG setup messages level=6 phase=PMIS sends=16803 bytes=244568 collective_rank_calls=1792
AMG setup messages level=6 phase=numbering sends=0 bytes=0 collective_rank_calls=448
AMG setup messages level=6 phase=interpolation sends=7239 bytes=72260 collective_rank_calls=448
AMG setup messages level=6 phase=interpolation-transpose sends=571 bytes=70688 collective_rank_calls=448
AMG setup messages level=6 phase=A*P sends=45396 bytes=2317008 collective_rank_calls=448
AMG setup messages level=6 phase=R*(A*P) sends=1713 bytes=280384 collective_rank_calls=448
AMG setup messages level=7 phase=strength sends=0 bytes=0 collective_rank_calls=448
AMG setup messages level=7 phase=strength-transpose sends=17 bytes=1108 collective_rank_calls=448
AMG setup messages level=7 phase=PMIS sends=146 bytes=1528 collective_rank_calls=1344
AMG setup messages level=7 phase=numbering sends=0 bytes=0 collective_rank_calls=448
AMG setup messages level=7 phase=interpolation sends=60 bytes=468 collective_rank_calls=448
AMG setup messages level=7 phase=interpolation-transpose sends=12 bytes=1056 collective_rank_calls=448
AMG setup messages level=7 phase=A*P sends=210 bytes=6688 collective_rank_calls=448
AMG setup messages level=7 phase=R*(A*P) sends=36 bytes=2016 collective_rank_calls=448
GMRES: iter = 0, residual = 0.1814628969, 1 (rel.)
GMRES: iter = 1, residual = 0.06065172789, 0.3342376262 (rel.)
GMRES: iter = 2, residual = 0.05936886335, 0.3271680568 (rel.)
GMRES: iter = 3, residual = 0.05291773731, 0.2916173952 (rel.)
GMRES: iter = 4, residual = 0.04410255431, 0.2430389632 (rel.)
GMRES: iter = 5, residual = 0.03917606168, 0.2158902032 (rel.)
GMRES: iter = 6, residual = 0.01792452847, 0.09877792531 (rel.)
GMRES: iter = 7, residual = 0.007439452174, 0.04099709804 (rel.)
GMRES: iter = 8, residual = 0.00410681238, 0.02263169194 (rel.)
GMRES: iter = 9, residual = 0.002782863444, 0.01533571597 (rel.)
GMRES: iter = 10, residual = 0.002008918752, 0.011070686 (rel.)
GMRES: iter = 11, residual = 0.001427660546, 0.00786750664 (rel.)
GMRES: iter = 12, residual = 0.001001280663, 0.005517825851 (rel.)
GMRES: iter = 13, residual = 0.0007659170086, 0.004220791257 (rel.)
GMRES: iter = 14, residual = 0.000649890514, 0.003581396116 (rel.)
GMRES: iter = 15, residual = 0.0005679486359, 0.003129833402 (rel.)
GMRES: iter = 16, residual = 0.0004941885693, 0.002723358758 (rel.)
GMRES: iter = 17, residual = 0.000415880459, 0.002291820897 (rel.)
GMRES: iter = 18, residual = 0.0003318939503, 0.001828990697 (rel.)
GMRES: iter = 19, residual = 0.0002586933031, 0.001425598883 (rel.)
GMRES: iter = 20, residual = 0.0002059503036, 0.001134944428 (rel.)
GMRES: iter = 21, residual = 0.0001676309476, 0.0009237753312 (rel.)
GMRES: iter = 22, residual = 0.0001342222912, 0.0007396679624 (rel.)
GMRES: iter = 23, residual = 0.0001015414034, 0.0005595711582 (rel.)
GMRES: iter = 24, residual = 7.263272972e-05, 0.0004002621526 (rel.)
GMRES: iter = 25, residual = 5.079721767e-05, 0.0002799317025 (rel.)
GMRES: iter = 26, residual = 3.707670026e-05, 0.0002043211086 (rel.)
GMRES: iter = 27, residual = 2.917771763e-05, 0.0001607916446 (rel.)
GMRES: iter = 28, residual = 2.408556919e-05, 0.0001327299939 (rel.)
GMRES: iter = 29, residual = 2.013570485e-05, 0.0001109632063 (rel.)
GMRES: iter = 30, residual = 1.683214312e-05, 9.275804262e-05 (rel.)
GMRES: Solve Time = 12.66403348
AMG setup messages level=0 phase=strength sends=0 bytes=0 collective_rank_calls=448
AMG setup messages level=0 phase=strength-transpose sends=3519 bytes=143911428 collective_rank_calls=448
AMG setup messages level=0 phase=PMIS sends=74065 bytes=462084012 collective_rank_calls=4480
AMG setup messages level=0 phase=numbering sends=0 bytes=0 collective_rank_calls=448
AMG setup messages level=0 phase=interpolation sends=21114 bytes=192176380 collective_rank_calls=448
AMG setup messages level=0 phase=interpolation-transpose sends=7773 bytes=121186880 collective_rank_calls=448
AMG setup messages level=0 phase=A*P sends=11562 bytes=465504768 collective_rank_calls=448
AMG setup messages level=0 phase=R*(A*P) sends=23319 bytes=892739504 collective_rank_calls=448
AMG setup messages level=1 phase=strength sends=0 bytes=0 collective_rank_calls=448
AMG setup messages level=1 phase=strength-transpose sends=8602 bytes=173554380 collective_rank_calls=448
AMG setup messages level=1 phase=PMIS sends=189676 bytes=315574352 collective_rank_calls=4928
AMG setup messages level=1 phase=numbering sends=0 bytes=0 collective_rank_calls=448
AMG setup messages level=1 phase=interpolation sends=51267 bytes=197071380 collective_rank_calls=448
AMG setup messages level=1 phase=interpolation-transpose sends=8723 bytes=98459728 collective_rank_calls=448
AMG setup messages level=1 phase=A*P sends=30792 bytes=569719712 collective_rank_calls=448
AMG setup messages level=1 phase=R*(A*P) sends=26169 bytes=1821176992 collective_rank_calls=448
AMG setup messages level=2 phase=strength sends=0 bytes=0 collective_rank_calls=448
AMG setup messages level=2 phase=strength-transpose sends=9922 bytes=90310168 collective_rank_calls=448
AMG setup messages level=2 phase=PMIS sends=259932 bytes=126972704 collective_rank_calls=5824
AMG setup messages level=2 phase=numbering sends=0 bytes=0 collective_rank_calls=448
AMG setup messages level=2 phase=interpolation sends=58857 bytes=82046792 collective_rank_calls=448
AMG setup messages level=2 phase=interpolation-transpose sends=8742 bytes=26957600 collective_rank_calls=448
AMG setup messages level=2 phase=A*P sends=32994 bytes=224038864 collective_rank_calls=448
AMG setup messages level=2 phase=R*(A*P) sends=26226 bytes=776580784 collective_rank_calls=448
AMG setup messages level=3 phase=strength sends=0 bytes=0 collective_rank_calls=448
AMG setup messages level=3 phase=strength-transpose sends=9873 bytes=18406720 collective_rank_calls=448
AMG setup messages level=3 phase=PMIS sends=280389 bytes=32275736 collective_rank_calls=6272
AMG setup messages level=3 phase=numbering sends=0 bytes=0 collective_rank_calls=448
AMG setup messages level=3 phase=interpolation sends=58569 bytes=19924296 collective_rank_calls=448
AMG setup messages level=3 phase=interpolation-transpose sends=7975 bytes=5596144 collective_rank_calls=448
AMG setup messages level=3 phase=A*P sends=37488 bytes=69988048 collective_rank_calls=448
AMG setup messages level=3 phase=R*(A*P) sends=23925 bytes=209237440 collective_rank_calls=448
AMG setup messages level=4 phase=strength sends=0 bytes=0 collective_rank_calls=448
AMG setup messages level=4 phase=strength-transpose sends=10320 bytes=3302572 collective_rank_calls=448
AMG setup messages level=4 phase=PMIS sends=200600 bytes=6074672 collective_rank_calls=4032
AMG setup messages level=4 phase=numbering sends=0 bytes=0 collective_rank_calls=448
AMG setup messages level=4 phase=interpolation sends=59796 bytes=4285368 collective_rank_calls=448
AMG setup messages level=4 phase=interpolation-transpose sends=6230 bytes=1520272 collective_rank_calls=448
AMG setup messages level=4 phase=A*P sends=78738 bytes=32384800 collective_rank_calls=448
AMG setup messages level=4 phase=R*(A*P) sends=18690 bytes=55574800 collective_rank_calls=448
AMG setup messages level=5 phase=strength sends=0 bytes=0 collective_rank_calls=448
AMG setup messages level=5 phase=strength-transpose sends=6709 bytes=665044 collective_rank_calls=448
AMG setup messages level=5 phase=PMIS sends=111502 bytes=1406912 collective_rank_calls=3136
AMG setup messages level=5 phase=numbering sends=0 bytes=0 collective_rank_calls=448
AMG setup messages level=5 phase=interpolation sends=35778 bytes=673756 collective_rank_calls=448
AMG setup messages level=5 phase=interpolation-transpose sends=2784 bytes=323728 collective_rank_calls=448
AMG setup messages level=5 phase=A*P sends=114954 bytes=11700752 collective_rank_calls=448
AMG setup messages level=5 phase=R*(A*P) sends=8352 bytes=10918480 collective_rank_calls=448
AMG setup messages level=6 phase=strength sends=0 bytes=0 collective_rank_calls=448
AMG setup messages level=6 phase=strength-transpose sends=1238 bytes=136612 collective_rank_calls=448
AMG setup messages level=6 phase=PMIS sends=15784 bytes=261932 collective_rank_calls=1792
AMG setup messages level=6 phase=numbering sends=0 bytes=0 collective_rank_calls=448
AMG setup messages level=6 phase=interpolation sends=5697 bytes=61480 collective_rank_calls=448
AMG setup messages level=6 phase=interpolation-transpose sends=667 bytes=91040 collective_rank_calls=448
AMG setup messages level=6 phase=A*P sends=40128 bytes=2500944 collective_rank_calls=448
AMG setup messages level=6 phase=R*(A*P) sends=2001 bytes=476192 collective_rank_calls=448
AMG setup messages level=7 phase=strength sends=0 bytes=0 collective_rank_calls=448
AMG setup messages level=7 phase=strength-transpose sends=83 bytes=6676 collective_rank_calls=448
AMG setup messages level=7 phase=PMIS sends=569 bytes=8612 collective_rank_calls=896
AMG setup messages level=7 phase=numbering sends=0 bytes=0 collective_rank_calls=448
AMG setup messages level=7 phase=interpolation sends=357 bytes=2812 collective_rank_calls=448
AMG setup messages level=7 phase=interpolation-transpose sends=45 bytes=4224 collective_rank_calls=448
AMG setup messages level=7 phase=A*P sends=1032 bytes=32384 collective_rank_calls=448
AMG setup messages level=7 phase=R*(A*P) sends=135 bytes=8352 collective_rank_calls=448
GMRES: iter = 0, residual = 0.1694142315, 1 (rel.)
GMRES: iter = 1, residual = 0.1686602235, 0.9955493233 (rel.)
GMRES: iter = 2, residual = 0.1651999294, 0.9751242737 (rel.)
GMRES: iter = 3, residual = 0.151883517, 0.8965215949 (rel.)
GMRES: iter = 4, residual = 0.0620191281, 0.3660798008 (rel.)
GMRES: iter = 5, residual = 0.01571158875, 0.09274066656 (rel.)
GMRES: iter = 6, residual = 0.004739949571, 0.02797846161 (rel.)
GMRES: iter = 7, residual = 0.0032196466, 0.01900458168 (rel.)
GMRES: iter = 8, residual = 0.002488141493, 0.01468673246 (rel.)
GMRES: iter = 9, residual = 0.001537683808, 0.009076473652 (rel.)
GMRES: iter = 10, residual = 0.0006866914722, 0.004053328143 (rel.)
GMRES: iter = 11, residual = 0.0003319769766, 0.001959557787 (rel.)
GMRES: iter = 12, residual = 0.0002308042044, 0.001362366092 (rel.)
GMRES: iter = 13, residual = 0.0001954007137, 0.001153390197 (rel.)
GMRES: iter = 14, residual = 0.000176730671, 0.001043186688 (rel.)
GMRES: iter = 15, residual = 0.0001600441996, 0.0009446915894 (rel.)
GMRES: iter = 16, residual = 0.0001401994666, 0.0008275542464 (rel.)
GMRES: iter = 17, residual = 0.0001172942018, 0.0006923515266 (rel.)
GMRES: iter = 18, residual = 9.424066751e-05, 0.0005562736182 (rel.)
GMRES: iter = 19, residual = 7.343795029e-05, 0.0004334815892 (rel.)
GMRES: iter = 20, residual = 5.635155234e-05, 0.0003326258476 (rel.)
GMRES: iter = 21, residual = 4.336970417e-05, 0.0002559979985 (rel.)
GMRES: iter = 22, residual = 3.378740396e-05, 0.0001994366333 (rel.)
GMRES: iter = 23, residual = 2.692470606e-05, 0.0001589282425 (rel.)
GMRES: iter = 24, residual = 2.203926388e-05, 0.0001300909829 (rel.)
GMRES: iter = 25, residual = 1.814264981e-05, 0.0001070904708 (rel.)
GMRES: iter = 26, residual = 1.467214371e-05, 8.660514281e-05 (rel.)
GMRES: Solve Time = 10.94055309
AMG setup messages level=0 phase=strength sends=0 bytes=0 collective_rank_calls=448
AMG setup messages level=0 phase=strength-transpose sends=3519 bytes=143911428 collective_rank_calls=448
AMG setup messages level=0 phase=PMIS sends=66692 bytes=420477792 collective_rank_calls=4032
AMG setup messages level=0 phase=numbering sends=0 bytes=0 collective_rank_calls=448
AMG setup messages level=0 phase=interpolation sends=21114 bytes=192202716 collective_rank_calls=448
AMG setup messages level=0 phase=interpolation-transpose sends=7778 bytes=121223008 collective_rank_calls=448
AMG setup messages level=0 phase=A*P sends=11562 bytes=465457744 collective_rank_calls=448
AMG setup messages level=0 phase=R*(A*P) sends=23334 bytes=893013984 collective_rank_calls=448
AMG setup messages level=1 phase=strength sends=0 bytes=0 collective_rank_calls=448
AMG setup messages level=1 phase=strength-transpose sends=8618 bytes=173573204 collective_rank_calls=448
AMG setup messages level=1 phase=PMIS sends=172668 bytes=289440616 collective_rank_calls=4480
AMG setup messages level=1 phase=numbering sends=0 bytes=0 collective_rank_calls=448
AMG setup messages level=1 phase=interpolation sends=51438 bytes=196995828 collective_rank_calls=448
AMG setup messages level=1 phase=interpolation-transpose sends=8790 bytes=98426320 collective_rank_calls=448
AMG setup messages level=1 phase=A*P sends=31014 bytes=569787472 collective_rank_calls=448
AMG setup messages level=1 phase=R*(A*P) sends=26370 bytes=1820609536 collective_rank_calls=448
AMG setup messages level=2 phase=strength sends=0 bytes=0 collective_rank_calls=448
AMG setup messages level=2 phase=strength-transpose sends=9999 bytes=90296088 collective_rank_calls=448
AMG setup messages level=2 phase=PMIS sends=282417 bytes=135892908 collective_rank_calls=6272
AMG setup messages level=2 phase=numbering sends=0 bytes=0 collective_rank_calls=448
AMG setup messages level=2 phase=interpolation sends=59376 bytes=82001604 collective_rank_calls=448
AMG setup messages level=2 phase=interpolation-transpose sends=8755 bytes=26957888 collective_rank_calls=448
AMG setup messages level=2 phase=A*P sends=32994 bytes=223936768 collective_rank_calls=448
AMG setup messages level=2 phase=R*(A*P) sends=26265 bytes=776832960 collective_rank_calls=448
AMG setup messages level=3 phase=strength sends=0 bytes=0 collective_rank_calls=448
AMG setup messages level=3 phase=strength-transpose sends=9844 bytes=18424656 collective_rank_calls=448
AMG setup messages level=3 phase=PMIS sends=259724 bytes=30219360 collective_rank_calls=5824
AMG setup messages level=3 phase=numbering sends=0 bytes=0 collective_rank_calls=448
AMG setup messages level=3 phase=interpolation sends=58317 bytes=20044808 collective_rank_calls=448
AMG setup messages level=3 phase=interpolation-transpose sends=7936 bytes=5618032 collective_rank_calls=448
AMG setup messages level=3 phase=A*P sends=37176 bytes=70052640 collective_rank_calls=448
AMG setup messages level=3 phase=R*(A*P) sends=23808 bytes=208716048 collective_rank_calls=448
AMG setup messages level=4 phase=strength sends=0 bytes=0 collective_rank_calls=448
AMG setup messages level=4 phase=strength-transpose sends=10214 bytes=3319748 collective_rank_calls=448
AMG setup messages level=4 phase=PMIS sends=219306 bytes=6621224 collective_rank_calls=4480
AMG setup messages level=4 phase=numbering sends=0 bytes=0 collective_rank_calls=448
AMG setup messages level=4 phase=interpolation sends=59127 bytes=4278668 collective_rank_calls=448
AMG setup messages level=4 phase=interpolation-transpose sends=6312 bytes=1532704 collective_rank_calls=448
AMG setup messages level=4 phase=A*P sends=78282 bytes=32245824 collective_rank_calls=448
AMG setup messages level=4 phase=R*(A*P) sends=18936 bytes=56434832 collective_rank_calls=448
AMG setup messages level=5 phase=strength sends=0 bytes=0 collective_rank_calls=448
AMG setup messages level=5 phase=strength-transpose sends=6722 bytes=658836 collective_rank_calls=448
AMG setup messages level=5 phase=PMIS sends=96652 bytes=1255208 collective_rank_calls=2688
AMG setup messages level=5 phase=numbering sends=0 bytes=0 collective_rank_calls=448
AMG setup messages level=5 phase=interpolation sends=35541 bytes=768796 collective_rank_calls=448
AMG setup messages level=5 phase=interpolation-transpose sends=2815 bytes=369984 collective_rank_calls=448
AMG setup messages level=5 phase=A*P sends=122136 bytes=12750336 collective_rank_calls=448
AMG setup messages level=5 phase=R*(A*P) sends=8445 bytes=10156512 collective_rank_calls=448
AMG setup messages level=6 phase=strength sends=0 bytes=0 collective_rank_calls=448
AMG setup messages level=6 phase=strength-transpose sends=1410 bytes=134272 collective_rank_calls=448
AMG setup messages level=6 phase=PMIS sends=12636 bytes=180560 collective_rank_calls=1344
AMG setup messages level=6 phase=numbering sends=0 bytes=0 collective_rank_calls=448
AMG setup messages level=6 phase=interpolation sends=6882 bytes=80492 collective_rank_calls=448
AMG setup messages level=6 phase=interpolation-transpose sends=541 bytes=73136 collective_rank_calls=448
AMG setup messages level=6 phase=A*P sends=39882 bytes=2124176 collective_rank_calls=448
AMG setup messages level=6 phase=R*(A*P) sends=1623 bytes=394144 collective_rank_calls=448
AMG setup messages level=7 phase=strength sends=0 bytes=0 collective_rank_calls=448
AMG setup messages level=7 phase=strength-transpose sends=122 bytes=10852 collective_rank_calls=448
AMG setup messages level=7 phase=PMIS sends=842 bytes=12992 collective_rank_calls=896
AMG setup messages level=7 phase=numbering sends=0 bytes=0 collective_rank_calls=448
AMG setup messages level=7 phase=interpolation sends=603 bytes=5388 collective_rank_calls=448
AMG setup messages level=7 phase=interpolation-transpose sends=63 bytes=5936 collective_rank_calls=448
AMG setup messages level=7 phase=A*P sends=1560 bytes=46432 collective_rank_calls=448
AMG setup messages level=7 phase=R*(A*P) sends=189 bytes=11744 collective_rank_calls=448
GMRES: iter = 0, residual = 0.1673853634, 1 (rel.)
GMRES: iter = 1, residual = 0.1655356918, 0.9889496221 (rel.)
GMRES: iter = 2, residual = 0.1601529504, 0.9567918435 (rel.)
GMRES: iter = 3, residual = 0.1137840278, 0.6797728639 (rel.)
GMRES: iter = 4, residual = 0.03432427039, 0.2050613608 (rel.)
GMRES: iter = 5, residual = 0.01882366279, 0.1124570417 (rel.)
GMRES: iter = 6, residual = 0.009856961071, 0.05888783149 (rel.)
GMRES: iter = 7, residual = 0.006327233261, 0.03780039744 (rel.)
GMRES: iter = 8, residual = 0.004876876568, 0.02913562136 (rel.)
GMRES: iter = 9, residual = 0.003084300672, 0.01842634631 (rel.)
GMRES: iter = 10, residual = 0.001447971949, 0.008650529052 (rel.)
GMRES: iter = 11, residual = 0.0007319597033, 0.004372901481 (rel.)
GMRES: iter = 12, residual = 0.0005568446797, 0.003326722651 (rel.)
GMRES: iter = 13, residual = 0.0005073253879, 0.003030882616 (rel.)
GMRES: iter = 14, residual = 0.0004767467244, 0.002848198402 (rel.)
GMRES: iter = 15, residual = 0.0004371677597, 0.002611744246 (rel.)
GMRES: iter = 16, residual = 0.0003761831064, 0.002247407413 (rel.)
GMRES: iter = 17, residual = 0.000302887846, 0.001809524082 (rel.)
GMRES: iter = 18, residual = 0.0002365002953, 0.001412909053 (rel.)
GMRES: iter = 19, residual = 0.0001826973409, 0.001091477398 (rel.)
GMRES: iter = 20, residual = 0.0001389308544, 0.0008300059908 (rel.)
GMRES: iter = 21, residual = 0.0001041158925, 0.0006220131226 (rel.)
GMRES: iter = 22, residual = 7.845239037e-05, 0.0004686932525 (rel.)
GMRES: iter = 23, residual = 6.104118373e-05, 0.00036467456 (rel.)
GMRES: iter = 24, residual = 4.927284538e-05, 0.0002943677057 (rel.)
GMRES: iter = 25, residual = 4.027217832e-05, 0.0002405955784 (rel.)
GMRES: iter = 26, residual = 3.304937445e-05, 0.000197444829 (rel.)
GMRES: iter = 27, residual = 2.759561812e-05, 0.0001648627906 (rel.)
GMRES: iter = 28, residual = 2.349837235e-05, 0.0001403848693 (rel.)
GMRES: iter = 29, residual = 2.033460535e-05, 0.0001214837722 (rel.)
GMRES: iter = 30, residual = 1.746195947e-05, 0.000104321902 (rel.)
GMRES: iter = 31, residual = 1.480411837e-05, 8.844332664e-05 (rel.)
GMRES: Solve Time = 13.07361033
AMG setup messages level=0 phase=strength sends=0 bytes=0 collective_rank_calls=448
AMG setup messages level=0 phase=strength-transpose sends=3519 bytes=143911428 collective_rank_calls=448
AMG setup messages level=0 phase=PMIS sends=74065 bytes=462084012 collective_rank_calls=4480
AMG setup messages level=0 phase=numbering sends=0 bytes=0 collective_rank_calls=448
AMG setup messages level=0 phase=interpolation sends=21114 bytes=192186124 collective_rank_calls=448
AMG setup messages level=0 phase=interpolation-transpose sends=7775 bytes=121214128 collective_rank_calls=448
AMG setup messages level=0 phase=A*P sends=11562 bytes=465483536 collective_rank_calls=448
AMG setup messages level=0 phase=R*(A*P) sends=23325 bytes=893011536 collective_rank_calls=448
AMG setup messages level=1 phase=strength sends=0 bytes=0 collective_rank_calls=448
AMG setup messages level=1 phase=strength-transpose sends=8624 bytes=173538976 collective_rank_calls=448
AMG setup messages level=1 phase=PMIS sends=190112 bytes=315516072 collective_rank_calls=4928
AMG setup messages level=1 phase=numbering sends=0 bytes=0 collective_rank_calls=448
AMG setup messages level=1 phase=interpolation sends=51384 bytes=196983760 collective_rank_calls=448
AMG setup messages level=1 phase=interpolation-transpose sends=8727 bytes=98328144 collective_rank_calls=448
AMG setup messages level=1 phase=A*P sends=30852 bytes=569753728 collective_rank_calls=448
AMG setup messages level=1 phase=R*(A*P) sends=26181 bytes=1819594160 collective_rank_calls=448
AMG setup messages level=2 phase=strength sends=0 bytes=0 collective_rank_calls=448
AMG setup messages level=2 phase=strength-transpose sends=9976 bytes=90326104 collective_rank_calls=448
AMG setup messages level=2 phase=PMIS sends=241088 bytes=117925620 collective_rank_calls=5376
AMG setup messages level=2 phase=numbering sends=0 bytes=0 collective_rank_calls=448
AMG setup messages level=2 phase=interpolation sends=59181 bytes=82069388 collective_rank_calls=448
AMG setup messages level=2 phase=interpolation-transpose sends=8774 bytes=26954752 collective_rank_calls=448
AMG setup messages level=2 phase=A*P sends=32988 bytes=224115904 collective_rank_calls=448
AMG setup messages level=2 phase=R*(A*P) sends=26322 bytes=777646224 collective_rank_calls=448
AMG setup messages level=3 phase=strength sends=0 bytes=0 collective_rank_calls=448
AMG setup messages level=3 phase=strength-transpose sends=9890 bytes=18435588 collective_rank_calls=448
AMG setup messages level=3 phase=PMIS sends=240974 bytes=28033016 collective_rank_calls=5376
AMG setup messages level=3 phase=numbering sends=0 bytes=0 collective_rank_calls=448
AMG setup messages level=3 phase=interpolation sends=58614 bytes=20024956 collective_rank_calls=448
AMG setup messages level=3 phase=interpolation-transpose sends=8002 bytes=5606288 collective_rank_calls=448
AMG setup messages level=3 phase=A*P sends=37206 bytes=69954304 collective_rank_calls=448
AMG setup messages level=3 phase=R*(A*P) sends=24006 bytes=209218944 collective_rank_calls=448
AMG setup messages level=4 phase=strength sends=0 bytes=0 collective_rank_calls=448
AMG setup messages level=4 phase=strength-transpose sends=10249 bytes=3320256 collective_rank_calls=448
AMG setup messages level=4 phase=PMIS sends=177025 bytes=5478688 collective_rank_calls=3584
AMG setup messages level=4 phase=numbering sends=0 bytes=0 collective_rank_calls=448
AMG setup messages level=4 phase=interpolation sends=59334 bytes=4308948 collective_rank_calls=448
AMG setup messages level=4 phase=interpolation-transpose sends=6054 bytes=1511232 collective_rank_calls=448
AMG setup messages level=4 phase=A*P sends=77724 bytes=32092352 collective_rank_calls=448
AMG setup messages level=4 phase=R*(A*P) sends=18162 bytes=55248240 collective_rank_calls=448
AMG setup messages level=5 phase=strength sends=0 bytes=0 collective_rank_calls=448
AMG setup messages level=5 phase=strength-transpose sends=6600 bytes=669424 collective_rank_calls=448
AMG setup messages level=5 phase=PMIS sends=111360 bytes=1416864 collective_rank_calls=3136
AMG setup messages level=5 phase=numbering sends=0 bytes=0 collective_rank_calls=448
AMG setup messages level=5 phase=interpolation sends=35781 bytes=677316 collective_rank_calls=448
AMG setup messages level=5 phase=interpolation-transpose sends=2994 bytes=361808 collective_rank_calls=448
AMG setup messages level=5 phase=A*P sends=116520 bytes=12445488 collective_rank_calls=448
AMG setup messages level=5 phase=R*(A*P) sends=8982 bytes=10895632 collective_rank_calls=448
AMG setup messages level=6 phase=strength sends=0 bytes=0 collective_rank_calls=448
AMG setup messages level=6 phase=strength-transpose sends=1369 bytes=132332 collective_rank_calls=448
AMG setup messages level=6 phase=PMIS sends=16737 bytes=241124 collective_rank_calls=1792
AMG setup messages level=6 phase=numbering sends=0 bytes=0 collective_rank_calls=448
AMG setup messages level=6 phase=interpolation sends=6801 bytes=66684 collective_rank_calls=448
AMG setup messages level=6 phase=interpolation-transpose sends=397 bytes=44304 collective_rank_calls=448
AMG setup messages level=6 phase=A*P sends=39612 bytes=1722128 collective_rank_calls=448
AMG setup messages level=6 phase=R*(A*P) sends=1191 bytes=311744 collective_rank_calls=448
AMG setup messages level=7 phase=strength sends=0 bytes=0 collective_rank_calls=448
AMG setup messages level=7 phase=strength-transpose sends=127 bytes=13676 collective_rank_calls=448
AMG setup messages level=7 phase=PMIS sends=1246 bytes=23144 collective_rank_calls=1344
AMG setup messages level=7 phase=numbering sends=0 bytes=0 collective_rank_calls=448
AMG setup messages level=7 phase=interpolation sends=582 bytes=4684 collective_rank_calls=448
AMG setup messages level=7 phase=interpolation-transpose sends=48 bytes=7232 collective_rank_calls=448
AMG setup messages level=7 phase=A*P sends=1524 bytes=63232 collective_rank_calls=448
AMG setup messages level=7 phase=R*(A*P) sends=144 bytes=14224 collective_rank_calls=448
AMG setup messages level=8 phase=strength sends=0 bytes=0 collective_rank_calls=448
AMG setup messages level=8 phase=strength-transpose sends=13 bytes=1064 collective_rank_calls=448
AMG setup messages level=8 phase=PMIS sends=73 bytes=1272 collective_rank_calls=896
AMG setup messages level=8 phase=numbering sends=0 bytes=0 collective_rank_calls=448
AMG setup messages level=8 phase=interpolation sends=39 bytes=260 collective_rank_calls=448
AMG setup messages level=8 phase=interpolation-transpose sends=10 bytes=1136 collective_rank_calls=448
AMG setup messages level=8 phase=A*P sends=132 bytes=4288 collective_rank_calls=448
AMG setup messages level=8 phase=R*(A*P) sends=30 bytes=1632 collective_rank_calls=448
GMRES: iter = 0, residual = 0.1667492694, 1 (rel.)
GMRES: iter = 1, residual = 0.1663517291, 0.9976159394 (rel.)
GMRES: iter = 2, residual = 0.1660631338, 0.9958852257 (rel.)
GMRES: iter = 3, residual = 0.1593934102, 0.9558867081 (rel.)
GMRES: iter = 4, residual = 0.1557999091, 0.9343363822 (rel.)
GMRES: iter = 5, residual = 0.1484028916, 0.8899762627 (rel.)
GMRES: iter = 6, residual = 0.1118380601, 0.6706959523 (rel.)
GMRES: iter = 7, residual = 0.0839403314, 0.5033924987 (rel.)
GMRES: iter = 8, residual = 0.06863195168, 0.4115877204 (rel.)
GMRES: iter = 9, residual = 0.04732531309, 0.283811217 (rel.)
GMRES: iter = 10, residual = 0.02259401441, 0.1354969319 (rel.)
GMRES: iter = 11, residual = 0.01086811097, 0.06517636334 (rel.)
GMRES: iter = 12, residual = 0.00749025943, 0.04491929383 (rel.)
GMRES: iter = 13, residual = 0.006645323347, 0.03985218867 (rel.)
GMRES: iter = 14, residual = 0.006183103951, 0.03708024612 (rel.)
GMRES: iter = 15, residual = 0.005687818425, 0.03411000507 (rel.)
GMRES: iter = 16, residual = 0.00495318153, 0.0297043672 (rel.)
GMRES: iter = 17, residual = 0.004033641123, 0.02418985784 (rel.)
GMRES: iter = 18, residual = 0.003182596593, 0.01908612016 (rel.)
GMRES: iter = 19, residual = 0.002486137224, 0.01490943398 (rel.)
GMRES: iter = 20, residual = 0.001922487004, 0.01152920796 (rel.)
GMRES: iter = 21, residual = 0.00146887656, 0.008808893526 (rel.)
GMRES: iter = 22, residual = 0.001125675879, 0.006750709511 (rel.)
GMRES: iter = 23, residual = 0.000884441938, 0.005304022866 (rel.)
GMRES: iter = 24, residual = 0.0007152192095, 0.004289189463 (rel.)
GMRES: iter = 25, residual = 0.0005813165304, 0.003486171378 (rel.)
GMRES: iter = 26, residual = 0.0004675512481, 0.00280391782 (rel.)
GMRES: iter = 27, residual = 0.0003786947346, 0.002271042841 (rel.)
GMRES: iter = 28, residual = 0.0003146209396, 0.001886790513 (rel.)
GMRES: iter = 29, residual = 0.000268115982, 0.00160789899 (rel.)
GMRES: iter = 30, residual = 0.0002293491351, 0.001375413133 (rel.)
GMRES: iter = 31, residual = 0.0001954646185, 0.001172206746 (rel.)
GMRES: iter = 32, residual = 0.0001690686653, 0.001013909481 (rel.)
GMRES: iter = 33, residual = 0.0001489111647, 0.0008930243907 (rel.)
GMRES: iter = 34, residual = 0.0001306662317, 0.0007836090207 (rel.)
GMRES: iter = 35, residual = 0.0001129085712, 0.0006771158375 (rel.)
GMRES: iter = 36, residual = 9.690479381e-05, 0.0005811407399 (rel.)
GMRES: iter = 37, residual = 8.260278671e-05, 0.000495371206 (rel.)
GMRES: iter = 38, residual = 6.750969503e-05, 0.0004048575161 (rel.)
GMRES: iter = 39, residual = 5.399183173e-05, 0.0003237905144 (rel.)
GMRES: iter = 40, residual = 4.387830896e-05, 0.0002631394375 (rel.)
GMRES: iter = 41, residual = 3.623785761e-05, 0.0002173194386 (rel.)
GMRES: iter = 42, residual = 2.967601407e-05, 0.0001779678806 (rel.)
GMRES: iter = 43, residual = 2.367500748e-05, 0.0001419796774 (rel.)
GMRES: iter = 44, residual = 1.866903102e-05, 0.0001119586975 (rel.)
GMRES: iter = 45, residual = 1.482296642e-05, 8.88937413e-05 (rel.)
GMRES: Solve Time = 19.3224014
AMG setup messages level=0 phase=strength sends=0 bytes=0 collective_rank_calls=448
AMG setup messages level=0 phase=strength-transpose sends=3519 bytes=143911428 collective_rank_calls=448
AMG setup messages level=0 phase=PMIS sends=74065 bytes=462084012 collective_rank_calls=4480
AMG setup messages level=0 phase=numbering sends=0 bytes=0 collective_rank_calls=448
AMG setup messages level=0 phase=interpolation sends=21114 bytes=192090284 collective_rank_calls=448
AMG setup messages level=0 phase=interpolation-transpose sends=7779 bytes=121184064 collective_rank_calls=448
AMG setup messages level=0 phase=A*P sends=11562 bytes=465465376 collective_rank_calls=448
AMG setup messages level=0 phase=R*(A*P) sends=23337 bytes=892641488 collective_rank_calls=448
AMG setup messages level=1 phase=strength sends=0 bytes=0 collective_rank_calls=448
AMG setup messages level=1 phase=strength-transpose sends=8642 bytes=173632932 collective_rank_calls=448
AMG setup messages level=1 phase=PMIS sends=190508 bytes=315687168 collective_rank_calls=4928
AMG setup messages level=1 phase=numbering sends=0 bytes=0 collective_rank_calls=448
AMG setup messages level=1 phase=interpolation sends=51564 bytes=197164496 collective_rank_calls=448
AMG setup messages level=1 phase=interpolation-transpose sends=8753 bytes=98401216 collective_rank_calls=448
AMG setup messages level=1 phase=A*P sends=30972 bytes=569736016 collective_rank_calls=448
AMG setup messages level=1 phase=R*(A*P) sends=26259 bytes=1821459280 collective_rank_calls=448
AMG setup messages level=2 phase=strength sends=0 bytes=0 collective_rank_calls=448
AMG setup messages level=2 phase=strength-transpose sends=9939 bytes=90356604 collective_rank_calls=448
AMG setup messages level=2 phase=PMIS sends=280227 bytes=136070228 collective_rank_calls=6272
AMG setup messages level=2 phase=numbering sends=0 bytes=0 collective_rank_calls=448
AMG setup messages level=2 phase=interpolation sends=58968 bytes=82082820 collective_rank_calls=448
AMG setup messages level=2 phase=interpolation-transpose sends=8756 bytes=26986928 collective_rank_calls=448
AMG setup messages level=2 phase=A*P sends=32994 bytes=224084752 collective_rank_calls=448
AMG setup messages level=2 phase=R*(A*P) sends=26268 bytes=778973296 collective_rank_calls=448
AMG setup messages level=3 phase=strength sends=0 bytes=0 collective_rank_calls=448
AMG setup messages level=3 phase=strength-transpose sends=9836 bytes=18478812 collective_rank_calls=448
AMG setup messages level=3 phase=PMIS sends=239600 bytes=28127876 collective_rank_calls=5376
AMG setup messages level=3 phase=numbering sends=0 bytes=0 collective_rank_calls=448
AMG setup messages level=3 phase=interpolation sends=58284 bytes=20084112 collective_rank_calls=448
AMG setup messages level=3 phase=interpolation-transpose sends=7960 bytes=5604688 collective_rank_calls=448
AMG setup messages level=3 phase=A*P sends=37404 bytes=69987440 collective_rank_calls=448
AMG setup messages level=3 phase=R*(A*P) sends=23880 bytes=209986640 collective_rank_calls=448
AMG setup messages level=4 phase=strength sends=0 bytes=0 collective_rank_calls=448
AMG setup messages level=4 phase=strength-transpose sends=10332 bytes=3344620 collective_rank_calls=448
AMG setup messages level=4 phase=PMIS sends=222678 bytes=6723380 collective_rank_calls=4480
AMG setup messages level=4 phase=numbering sends=0 bytes=0 collective_rank_calls=448
AMG setup messages level=4 phase=interpolation sends=59931 bytes=4311568 collective_rank_calls=448
AMG setup messages level=4 phase=interpolation-transpose sends=6246 bytes=1543104 collective_rank_calls=448
AMG setup messages level=4 phase=A*P sends=79236 bytes=32825696 collective_rank_calls=448
AMG setup messages level=4 phase=R*(A*P) sends=18738 bytes=55593712 collective_rank_calls=448
AMG setup messages level=5 phase=strength sends=0 bytes=0 collective_rank_calls=448
AMG setup messages level=5 phase=strength-transpose sends=6289 bytes=641344 collective_rank_calls=448
AMG setup messages level=5 phase=PMIS sends=105926 bytes=1353136 collective_rank_calls=3136
AMG setup messages level=5 phase=numbering sends=0 bytes=0 collective_rank_calls=448
AMG setup messages level=5 phase=interpolation sends=33606 bytes=677212 collective_rank_calls=448
AMG setup messages level=5 phase=interpolation-transpose sends=2992 bytes=362944 collective_rank_calls=448
AMG setup messages level=5 phase=A*P sends=115962 bytes=12345248 collective_rank_calls=448
AMG setup messages level=5 phase=R*(A*P) sends=8976 bytes=11569296 collective_rank_calls=448
AMG setup messages level=6 phase=strength sends=0 bytes=0 collective_rank_calls=448
AMG setup messages level=6 phase=strength-transpose sends=1419 bytes=126892 collective_rank_calls=448
AMG setup messages level=6 phase=PMIS sends=12862 bytes=191048 collective_rank_calls=1344
AMG setup messages level=6 phase=numbering sends=0 bytes=0 collective_rank_calls=448
AMG setup messages level=6 phase=interpolation sends=6999 bytes=73200 collective_rank_calls=448
AMG setup messages level=6 phase=interpolation-transpose sends=646 bytes=79440 collective_rank_calls=448
AMG setup messages level=6 phase=A*P sends=43830 bytes=2440608 collective_rank_calls=448
AMG setup messages level=6 phase=R*(A*P) sends=1938 bytes=462272 collective_rank_calls=448
AMG setup messages level=7 phase=strength sends=0 bytes=0 collective_rank_calls=448
AMG setup messages level=7 phase=strength-transpose sends=41 bytes=2608 collective_rank_calls=448
AMG setup messages level=7 phase=PMIS sends=370 bytes=3688 collective_rank_calls=1344
AMG setup messages level=7 phase=numbering sends=0 bytes=0 collective_rank_calls=448
AMG setup messages level=7 phase=interpolation sends=138 bytes=980 collective_rank_calls=448
AMG setup messages level=7 phase=interpolation-transpose sends=31 bytes=2480 collective_rank_calls=448
AMG setup messages level=7 phase=A*P sends=954 bytes=23696 collective_rank_calls=448
AMG setup messages level=7 phase=R*(A*P) sends=93 bytes=4464 collective_rank_calls=448
GMRES: iter = 0, residual = 0.1667147868, 1 (rel.)
GMRES: iter = 1, residual = 0.1658541098, 0.9948374288 (rel.)
GMRES: iter = 2, residual = 0.1634323376, 0.9803109897 (rel.)
GMRES: iter = 3, residual = 0.1595255257, 0.9568768839 (rel.)
GMRES: iter = 4, residual = 0.08099506229, 0.4858301046 (rel.)
GMRES: iter = 5, residual = 0.03407216478, 0.2043739817 (rel.)
GMRES: iter = 6, residual = 0.01950343828, 0.1169868531 (rel.)
GMRES: iter = 7, residual = 0.01305316695, 0.07829639589 (rel.)
GMRES: iter = 8, residual = 0.01009797087, 0.0605703373 (rel.)
GMRES: iter = 9, residual = 0.006716318656, 0.04028628046 (rel.)
GMRES: iter = 10, residual = 0.003126721045, 0.01875491134 (rel.)
GMRES: iter = 11, residual = 0.001503402651, 0.009017812277 (rel.)
GMRES: iter = 12, residual = 0.001058679624, 0.0063502443 (rel.)
GMRES: iter = 13, residual = 0.0009466100764, 0.005678021097 (rel.)
GMRES: iter = 14, residual = 0.0008863954967, 0.0053168379 (rel.)
GMRES: iter = 15, residual = 0.0008180467513, 0.004906863795 (rel.)
GMRES: iter = 16, residual = 0.0007143546791, 0.004284890938 (rel.)
GMRES: iter = 17, residual = 0.0005827425517, 0.003495446103 (rel.)
GMRES: iter = 18, residual = 0.0004583193744, 0.002749122518 (rel.)
GMRES: iter = 19, residual = 0.0003559948386, 0.002135352511 (rel.)
GMRES: iter = 20, residual = 0.0002724834183, 0.001634428617 (rel.)
GMRES: iter = 21, residual = 0.0002059650677, 0.001235433711 (rel.)
GMRES: iter = 22, residual = 0.0001562274397, 0.00093709408 (rel.)
GMRES: iter = 23, residual = 0.0001218471786, 0.0007308720537 (rel.)
GMRES: iter = 24, residual = 9.848556507e-05, 0.0005907428308 (rel.)
GMRES: iter = 25, residual = 8.042100685e-05, 0.0004823867661 (rel.)
GMRES: iter = 26, residual = 6.540188256e-05, 0.0003922980308 (rel.)
GMRES: iter = 27, residual = 5.374773793e-05, 0.000322393346 (rel.)
GMRES: iter = 28, residual = 4.516986065e-05, 0.0002709409377 (rel.)
GMRES: iter = 29, residual = 3.8820854e-05, 0.0002328578931 (rel.)
GMRES: iter = 30, residual = 3.336253617e-05, 0.000200117439 (rel.)
GMRES: iter = 31, residual = 2.827360647e-05, 0.0001695926739 (rel.)
GMRES: iter = 32, residual = 2.426244929e-05, 0.0001455326774 (rel.)
GMRES: iter = 33, residual = 2.1347928e-05, 0.0001280505972 (rel.)
GMRES: iter = 34, residual = 1.883532999e-05, 0.0001129793605 (rel.)
GMRES: iter = 35, residual = 1.623419202e-05, 9.737703734e-05 (rel.)
GMRES: Solve Time = 14.84087318
AMG setup messages level=0 phase=strength sends=0 bytes=0 collective_rank_calls=448
AMG setup messages level=0 phase=strength-transpose sends=3519 bytes=143911428 collective_rank_calls=448
AMG setup messages level=0 phase=PMIS sends=66692 bytes=420477792 collective_rank_calls=4032
AMG setup messages level=0 phase=numbering sends=0 bytes=0 collective_rank_calls=448
AMG setup messages level=0 phase=interpolation sends=21114 bytes=192189372 collective_rank_calls=448
AMG setup messages level=0 phase=interpolation-transpose sends=7767 bytes=121194080 collective_rank_calls=448
AMG setup messages level=0 phase=A*P sends=11562 bytes=465497248 collective_rank_calls=448
AMG setup messages level=0 phase=R*(A*P) sends=23301 bytes=892977552 collective_rank_calls=448
AMG setup messages level=1 phase=strength sends=0 bytes=0 collective_rank_calls=448
AMG setup messages level=1 phase=strength-transpose sends=8597 bytes=173544068 collective_rank_calls=448
AMG setup messages level=1 phase=PMIS sends=172259 bytes=289442992 collective_rank_calls=4480
AMG setup messages level=1 phase=numbering sends=0 bytes=0 collective_rank_calls=448
AMG setup messages level=1 phase=interpolation sends=51279 bytes=196957320 collective_rank_calls=448
AMG setup messages level=1 phase=interpolation-transpose sends=8737 bytes=98469856 collective_rank_calls=448
AMG setup messages level=1 phase=A*P sends=30996 bytes=569914816 collective_rank_calls=448
AMG setup messages level=1 phase=R*(A*P) sends=26211 bytes=1821919072 collective_rank_calls=448
AMG setup messages level=2 phase=strength sends=0 bytes=0 collective_rank_calls=448
AMG setup messages level=2 phase=strength-transpose sends=9959 bytes=90265240 collective_rank_calls=448
AMG setup messages level=2 phase=PMIS sends=260936 bytes=126861104 collective_rank_calls=5824
AMG setup messages level=2 phase=numbering sends=0 bytes=0 collective_rank_calls=448
AMG setup messages level=2 phase=interpolation sends=59136 bytes=82160356 collective_rank_calls=448
AMG setup messages level=2 phase=interpolation-transpose sends=8729 bytes=26920224 collective_rank_calls=448
AMG setup messages level=2 phase=A*P sends=33000 bytes=223802176 collective_rank_calls=448
AMG setup messages level=2 phase=R*(A*P) sends=26187 bytes=776931904 collective_rank_calls=448
AMG setup messages level=3 phase=strength sends=0 bytes=0 collective_rank_calls=448
AMG setup messages level=3 phase=strength-transpose sends=9914 bytes=18517804 collective_rank_calls=448
AMG setup messages level=3 phase=PMIS sends=241498 bytes=28203388 collective_rank_calls=5376
AMG setup messages level=3 phase=numbering sends=0 bytes=0 collective_rank_calls=448
AMG setup messages level=3 phase=interpolation sends=58710 bytes=20206340 collective_rank_calls=448
AMG setup messages level=3 phase=interpolation-transpose sends=8010 bytes=5610528 collective_rank_calls=448
AMG setup messages level=3 phase=A*P sends=37428 bytes=70099632 collective_rank_calls=448
AMG setup messages level=3 phase=R*(A*P) sends=24030 bytes=209114016 collective_rank_calls=448
AMG setup messages level=4 phase=strength sends=0 bytes=0 collective_rank_calls=448
AMG setup messages level=4 phase=strength-transpose sends=10324 bytes=3334264 collective_rank_calls=448
AMG setup messages level=4 phase=PMIS sends=199692 bytes=6100896 collective_rank_calls=4032
AMG setup messages level=4 phase=numbering sends=0 bytes=0 collective_rank_calls=448
AMG setup messages level=4 phase=interpolation sends=59904 bytes=4334476 collective_rank_calls=448
AMG setup messages level=4 phase=interpolation-transpose sends=6300 bytes=1516528 collective_rank_calls=448
AMG setup messages level=4 phase=A*P sends=78780 bytes=32337808 collective_rank_calls=448
AMG setup messages level=4 phase=R*(A*P) sends=18900 bytes=56659488 collective_rank_calls=448
AMG setup messages level=5 phase=strength sends=0 bytes=0 collective_rank_calls=448
AMG setup messages level=5 phase=strength-transpose sends=6780 bytes=651092 collective_rank_calls=448
AMG setup messages level=5 phase=PMIS sends=97614 bytes=1247800 collective_rank_calls=2688
AMG setup messages level=5 phase=numbering sends=0 bytes=0 collective_rank_calls=448
AMG setup messages level=5 phase=interpolation sends=36138 bytes=653948 collective_rank_calls=448
AMG setup messages level=5 phase=interpolation-transpose sends=2709 bytes=326624 collective_rank_calls=448
AMG setup messages level=5 phase=A*P sends=119886 bytes=11988256 collective_rank_calls=448
AMG setup messages level=5 phase=R*(A*P) sends=8127 bytes=9914880 collective_rank_calls=448
AMG setup messages level=6 phase=strength sends=0 bytes=0 collective_rank_calls=448
AMG setup messages level=6 phase=strength-transpose sends=1250 bytes=138012 collective_rank_calls=448
AMG setup messages level=6 phase=PMIS sends=12020 bytes=206504 collective_rank_calls=1344
AMG setup messages level=6 phase=numbering sends=0 bytes=0 collective_rank_calls=448
AMG setup messages level=6 phase=interpolation sends=5862 bytes=67624 collective_rank_calls=448
AMG setup messages level=6 phase=interpolation-transpose sends=493 bytes=63904 collective_rank_calls=448
AMG setup messages level=6 phase=A*P sends=38100 bytes=2072432 collective_rank_calls=448
AMG setup messages level=6 phase=R*(A*P) sends=1479 bytes=462816 collective_rank_calls=448
AMG setup messages level=7 phase=strength sends=0 bytes=0 collective_rank_calls=448
AMG setup messages level=7 phase=strength-transpose sends=117 bytes=10092 collective_rank_calls=448
AMG setup messages level=7 phase=PMIS sends=1154 bytes=16344 collective_rank_calls=1344
AMG setup messages level=7 phase=numbering sends=0 bytes=0 collective_rank_calls=448
AMG setup messages level=7 phase=interpolation sends=432 bytes=3204 collective_rank_calls=448
AMG setup messages level=7 phase=interpolation-transpose sends=89 bytes=9312 collective_rank_calls=448
AMG setup messages level=7 phase=A*P sends=2802 bytes=90944 collective_rank_calls=448
AMG setup messages level=7 phase=R*(A*P) sends=267 bytes=19392 collective_rank_calls=448
GMRES: iter = 0, residual = 0.1666740459, 1 (rel.)
GMRES: iter = 1, residual = 0.1661313565, 0.996744008 (rel.)
GMRES: iter = 2, residual = 0.1650520003, 0.9902681578 (rel.)
GMRES: iter = 3, residual = 0.1649614714, 0.9897250084 (rel.)
GMRES: iter = 4, residual = 0.1384755878, 0.8308167424 (rel.)
GMRES: iter = 5, residual = 0.07396721924, 0.4437836669 (rel.)
GMRES: iter = 6, residual = 0.04802944628, 0.2881639192 (rel.)
GMRES: iter = 7, residual = 0.03080020638, 0.1847930565 (rel.)
GMRES: iter = 8, residual = 0.02448051231, 0.1468765709 (rel.)
GMRES: iter = 9, residual = 0.01691932605, 0.1015114619 (rel.)
GMRES: iter = 10, residual = 0.007760462242, 0.04656071197 (rel.)
GMRES: iter = 11, residual = 0.003573800949, 0.02144185635 (rel.)
GMRES: iter = 12, residual = 0.002467489471, 0.01480428137 (rel.)
GMRES: iter = 13, residual = 0.002196419353, 0.01317793266 (rel.)
GMRES: iter = 14, residual = 0.002053706195, 0.01232169163 (rel.)
GMRES: iter = 15, residual = 0.001901405602, 0.01140792853 (rel.)
GMRES: iter = 16, residual = 0.001672356492, 0.01003369471 (rel.)
GMRES: iter = 17, residual = 0.001373175321, 0.008238687159 (rel.)
GMRES: iter = 18, residual = 0.001082225587, 0.006493066043 (rel.)
GMRES: iter = 19, residual = 0.0008407153985, 0.005044069064 (rel.)
GMRES: iter = 20, residual = 0.0006453106797, 0.003871692658 (rel.)
GMRES: iter = 21, residual = 0.0004907438841, 0.002944332944 (rel.)
GMRES: iter = 22, residual = 0.0003754787968, 0.002252773039 (rel.)
GMRES: iter = 23, residual = 0.0002951110639, 0.00177058799 (rel.)
GMRES: iter = 24, residual = 0.0002382433091, 0.001429396568 (rel.)
GMRES: iter = 25, residual = 0.0001926173829, 0.001155653131 (rel.)
GMRES: iter = 26, residual = 0.0001551267207, 0.0009307191167 (rel.)
GMRES: iter = 27, residual = 0.0001265018587, 0.0007589775484 (rel.)
GMRES: iter = 28, residual = 0.0001055690686, 0.0006333863684 (rel.)
GMRES: iter = 29, residual = 9.034912301e-05, 0.0005420707378 (rel.)
GMRES: iter = 30, residual = 7.749072276e-05, 0.000464923752 (rel.)
GMRES: iter = 31, residual = 6.612501287e-05, 0.0003967325119 (rel.)
GMRES: iter = 32, residual = 5.72597182e-05, 0.0003435430988 (rel.)
GMRES: iter = 33, residual = 5.031188312e-05, 0.0003018579339 (rel.)
GMRES: iter = 34, residual = 4.402113559e-05, 0.0002641151198 (rel.)
GMRES: iter = 35, residual = 3.810090714e-05, 0.0002285953218 (rel.)
GMRES: iter = 36, residual = 3.258484687e-05, 0.0001955004254 (rel.)
GMRES: iter = 37, residual = 2.743866802e-05, 0.0001646247194 (rel.)
GMRES: iter = 38, residual = 2.235466627e-05, 0.0001341220593 (rel.)
GMRES: iter = 39, residual = 1.795371702e-05, 0.0001077175329 (rel.)
GMRES: iter = 40, residual = 1.452249154e-05, 8.713109149e-05 (rel.)
GMRES: Solve Time = 17.10833968
AMG setup messages level=0 phase=strength sends=0 bytes=0 collective_rank_calls=448
AMG setup messages level=0 phase=strength-transpose sends=3519 bytes=143911428 collective_rank_calls=448
AMG setup messages level=0 phase=PMIS sends=74065 bytes=462084012 collective_rank_calls=4480
AMG setup messages level=0 phase=numbering sends=0 bytes=0 collective_rank_calls=448
AMG setup messages level=0 phase=interpolation sends=21114 bytes=192152764 collective_rank_calls=448
AMG setup messages level=0 phase=interpolation-transpose sends=7765 bytes=121209104 collective_rank_calls=448
AMG setup messages level=0 phase=A*P sends=11562 bytes=465469968 collective_rank_calls=448
AMG setup messages level=0 phase=R*(A*P) sends=23295 bytes=892738400 collective_rank_calls=448
AMG setup messages level=1 phase=strength sends=0 bytes=0 collective_rank_calls=448
AMG setup messages level=1 phase=strength-transpose sends=8619 bytes=173569280 collective_rank_calls=448
AMG setup messages level=1 phase=PMIS sends=189894 bytes=315558008 collective_rank_calls=4928
AMG setup messages level=1 phase=numbering sends=0 bytes=0 collective_rank_calls=448
AMG setup messages level=1 phase=interpolation sends=51456 bytes=197030664 collective_rank_calls=448
AMG setup messages level=1 phase=interpolation-transpose sends=8728 bytes=98459520 collective_rank_calls=448
AMG setup messages level=1 phase=A*P sends=31098 bytes=569637712 collective_rank_calls=448
AMG setup messages level=1 phase=R*(A*P) sends=26184 bytes=1821497792 collective_rank_calls=448
AMG setup messages level=2 phase=strength sends=0 bytes=0 collective_rank_calls=448
AMG setup messages level=2 phase=strength-transpose sends=9955 bytes=90321448 collective_rank_calls=448
AMG setup messages level=2 phase=PMIS sends=300938 bytes=144973968 collective_rank_calls=6720
AMG setup messages level=2 phase=numbering sends=0 bytes=0 collective_rank_calls=448
AMG setup messages level=2 phase=interpolation sends=59052 bytes=82031964 collective_rank_calls=448
AMG setup messages level=2 phase=interpolation-transpose sends=8726 bytes=27007728 collective_rank_calls=448
AMG setup messages level=2 phase=A*P sends=32994 bytes=223885568 collective_rank_calls=448
AMG setup messages level=2 phase=R*(A*P) sends=26178 bytes=778614080 collective_rank_calls=448
AMG setup messages level=3 phase=strength sends=0 bytes=0 collective_rank_calls=448
AMG setup messages level=3 phase=strength-transpose sends=9893 bytes=18422968 collective_rank_calls=448
AMG setup messages level=3 phase=PMIS sends=260816 bytes=30221584 collective_rank_calls=5824
AMG setup messages level=3 phase=numbering sends=0 bytes=0 collective_rank_calls=448
AMG setup messages level=3 phase=interpolation sends=58656 bytes=20036284 collective_rank_calls=448
AMG setup messages level=3 phase=interpolation-transpose sends=7946 bytes=5624688 collective_rank_calls=448
AMG setup messages level=3 phase=A*P sends=37362 bytes=70051088 collective_rank_calls=448
AMG setup messages level=3 phase=R*(A*P) sends=23838 bytes=210167120 collective_rank_calls=448
AMG setup messages level=4 phase=strength sends=0 bytes=0 collective_rank_calls=448
AMG setup messages level=4 phase=strength-transpose sends=10213 bytes=3320972 collective_rank_calls=448
AMG setup messages level=4 phase=PMIS sends=197944 bytes=6094736 collective_rank_calls=4032
AMG setup messages level=4 phase=numbering sends=0 bytes=0 collective_rank_calls=448
AMG setup messages level=4 phase=interpolation sends=59223 bytes=4291044 collective_rank_calls=448
AMG setup messages level=4 phase=interpolation-transpose sends=6220 bytes=1536864 collective_rank_calls=448
AMG setup messages level=4 phase=A*P sends=77724 bytes=32373120 collective_rank_calls=448
AMG setup messages level=4 phase=R*(A*P) sends=18660 bytes=56365360 collective_rank_calls=448
AMG setup messages level=5 phase=strength sends=0 bytes=0 collective_rank_calls=448
AMG setup messages level=5 phase=strength-transpose sends=6745 bytes=664644 collective_rank_calls=448
AMG setup messages level=5 phase=PMIS sends=128575 bytes=1572868 collective_rank_calls=3584
AMG setup messages level=5 phase=numbering sends=0 bytes=0 collective_rank_calls=448
AMG setup messages level=5 phase=interpolation sends=35658 bytes=721992 collective_rank_calls=448
AMG setup messages level=5 phase=interpolation-transpose sends=2861 bytes=335232 collective_rank_calls=448
AMG setup messages level=5 phase=A*P sends=118914 bytes=11976416 collective_rank_calls=448
AMG setup messages level=5 phase=R*(A*P) sends=8583 bytes=11172416 collective_rank_calls=448
AMG setup messages level=6 phase=strength sends=0 bytes=0 collective_rank_calls=448
AMG setup messages level=6 phase=strength-transpose sends=1393 bytes=135316 collective_rank_calls=448
AMG setup messages level=6 phase=PMIS sends=13122 bytes=214152 collective_rank_calls=1344
AMG setup messages level=6 phase=numbering sends=0 bytes=0 collective_rank_calls=448
AMG setup messages level=6 phase=interpolation sends=6420 bytes=67748 collective_rank_calls=448
AMG setup messages level=6 phase=interpolation-transpose sends=610 bytes=80816 collective_rank_calls=448
AMG setup messages level=6 phase=A*P sends=45192 bytes=2444896 collective_rank_calls=448
AMG setup messages level=6 phase=R*(A*P) sends=1830 bytes=391792 collective_rank_calls=448
AMG setup messages level=7 phase=strength sends=0 bytes=0 collective_rank_calls=448
AMG setup messages level=7 phase=strength-transpose sends=59 bytes=5164 collective_rank_calls=448
AMG setup messages level=7 phase=PMIS sends=401 bytes=6796 collective_rank_calls=896
AMG setup messages level=7 phase=numbering sends=0 bytes=0 collective_rank_calls=448
AMG setup messages level=7 phase=interpolation sends=258 bytes=2044 collective_rank_calls=448
AMG setup messages level=7 phase=interpolation-transpose sends=30 bytes=3152 collective_rank_calls=448
AMG setup messages level=7 phase=A*P sends=720 bytes=24304 collective_rank_calls=448
AMG setup messages level=7 phase=R*(A*P) sends=90 bytes=6576 collective_rank_calls=448
GMRES: iter = 0, residual = 0.09074183188, 1 (rel.)
GMRES: iter = 1, residual = 0.05245150814, 0.5780300777 (rel.)
GMRES: iter = 2, residual = 0.05166471342, 0.569359383 (rel.)
GMRES: iter = 3, residual = 0.03553562301, 0.3916123608 (rel.)
GMRES: iter = 4, residual = 0.02691266154, 0.2965849485 (rel.)
GMRES: iter = 5, residual = 0.02362329459, 0.260335218 (rel.)
GMRES: iter = 6, residual = 0.01046242543, 0.1152988122 (rel.)
GMRES: iter = 7, residual = 0.0039238837, 0.04324227998 (rel.)
GMRES: iter = 8, residual = 0.001698513663, 0.01871808876 (rel.)
GMRES: iter = 9, residual = 0.00102603086, 0.0113071429 (rel.)
GMRES: iter = 10, residual = 0.0007845595205, 0.008646062177 (rel.)
GMRES: iter = 11, residual = 0.0006291956435, 0.006933909427 (rel.)
GMRES: iter = 12, residual = 0.0004615678261, 0.005086604673 (rel.)
GMRES: iter = 13, residual = 0.0003314768351, 0.003652966093 (rel.)
GMRES: iter = 14, residual = 0.0002667952116, 0.002940156773 (rel.)
GMRES: iter = 15, residual = 0.0002342173803, 0.002581140092 (rel.)
GMRES: iter = 16, residual = 0.0002093949726, 0.002307590317 (rel.)
GMRES: iter = 17, residual = 0.0001781876777, 0.001963677325 (rel.)
GMRES: iter = 18, residual = 0.000141445938, 0.001558773225 (rel.)
GMRES: iter = 19, residual = 0.000112193898, 0.001236407682 (rel.)
GMRES: iter = 20, residual = 9.317248056e-05, 0.001026786418 (rel.)
GMRES: iter = 21, residual = 7.909951495e-05, 0.0008716984583 (rel.)
GMRES: iter = 22, residual = 6.421315218e-05, 0.0007076466371 (rel.)
GMRES: iter = 23, residual = 4.754893353e-05, 0.0005240023542 (rel.)
GMRES: iter = 24, residual = 3.221590003e-05, 0.0003550280985 (rel.)
GMRES: iter = 25, residual = 2.129736506e-05, 0.0002347028335 (rel.)
GMRES: iter = 26, residual = 1.508159631e-05, 0.0001662033485 (rel.)
GMRES: iter = 27, residual = 1.165568063e-05, 0.0001284488134 (rel.)
GMRES: iter = 28, residual = 9.386810452e-06, 0.0001034452386 (rel.)
GMRES: iter = 29, residual = 7.602260902e-06, 8.377901068e-05 (rel.)
GMRES: Solve Time = 12.22888587
AMG setup messages level=0 phase=strength sends=0 bytes=0 collective_rank_calls=448
AMG setup messages level=0 phase=strength-transpose sends=3519 bytes=143911428 collective_rank_calls=448
AMG setup messages level=0 phase=PMIS sends=74065 bytes=462084012 collective_rank_calls=4480
AMG setup messages level=0 phase=numbering sends=0 bytes=0 collective_rank_calls=448
AMG setup messages level=0 phase=interpolation sends=21114 bytes=192203180 collective_rank_calls=448
AMG setup messages level=0 phase=interpolation-transpose sends=7771 bytes=121209408 collective_rank_calls=448
AMG setup messages level=0 phase=A*P sends=11562 bytes=465486816 collective_rank_calls=448
AMG setup messages level=0 phase=R*(A*P) sends=23313 bytes=892938176 collective_rank_calls=448
AMG setup messages level=1 phase=strength sends=0 bytes=0 collective_rank_calls=448
AMG setup messages level=1 phase=strength-transpose sends=8612 bytes=173566880 collective_rank_calls=448
AMG setup messages level=1 phase=PMIS sends=189824 bytes=315536952 collective_rank_calls=4928
AMG setup messages level=1 phase=numbering sends=0 bytes=0 collective_rank_calls=448
AMG setup messages level=1 phase=interpolation sends=51402 bytes=197002004 collective_rank_calls=448
AMG setup messages level=1 phase=interpolation-transpose sends=8753 bytes=98474448 collective_rank_calls=448
AMG setup messages level=1 phase=A*P sends=30990 bytes=569788976 collective_rank_calls=448
AMG setup messages level=1 phase=R*(A*P) sends=26259 bytes=1820610480 collective_rank_calls=448
AMG setup messages level=2 phase=strength sends=0 bytes=0 collective_rank_calls=448
AMG setup messages level=2 phase=strength-transpose sends=9950 bytes=90267408 collective_rank_calls=448
AMG setup messages level=2 phase=PMIS sends=260772 bytes=126855040 collective_rank_calls=5824
AMG setup messages level=2 phase=numbering sends=0 bytes=0 collective_rank_calls=448
AMG setup messages level=2 phase=interpolation sends=59046 bytes=82031696 collective_rank_calls=448
AMG setup messages level=2 phase=interpolation-transpose sends=8728 bytes=26897552 collective_rank_calls=448
AMG setup messages level=2 phase=A*P sends=32976 bytes=223856304 collective_rank_calls=448
AMG setup messages level=2 phase=R*(A*P) sends=26184 bytes=777265744 collective_rank_calls=448
AMG setup messages level=3 phase=strength sends=0 bytes=0 collective_rank_calls=448
AMG setup messages level=3 phase=strength-transpose sends=9909 bytes=18499976 collective_rank_calls=448
AMG setup messages level=3 phase=PMIS sends=241053 bytes=28192480 collective_rank_calls=5376
AMG setup messages level=3 phase=numbering sends=0 bytes=0 collective_rank_calls=448
AMG setup messages level=3 phase=interpolation sends=58683 bytes=20043852 collective_rank_calls=448
AMG setup messages level=3 phase=interpolation-transpose sends=7980 bytes=5622240 collective_rank_calls=448
AMG setup messages level=3 phase=A*P sends=37530 bytes=70140640 collective_rank_calls=448
AMG setup messages level=3 phase=R*(A*P) sends=23940 bytes=209394144 collective_rank_calls=448
AMG setup messages level=4 phase=strength sends=0 bytes=0 collective_rank_calls=448
AMG setup messages level=4 phase=strength-transpose sends=10231 bytes=3283576 collective_rank_calls=448
AMG setup messages level=4 phase=PMIS sends=198068 bytes=6040512 collective_rank_calls=4032
AMG setup messages level=4 phase=numbering sends=0 bytes=0 collective_rank_calls=448
AMG setup messages level=4 phase=interpolation sends=59193 bytes=4252584 collective_rank_calls=448
AMG setup messages level=4 phase=interpolation-transpose sends=6039 bytes=1535536 collective_rank_calls=448
AMG setup messages level=4 phase=A*P sends=78210 bytes=32377536 collective_rank_calls=448
AMG setup messages level=4 phase=R*(A*P) sends=18117 bytes=55352048 collective_rank_calls=448
AMG setup messages level=5 phase=strength sends=0 bytes=0 collective_rank_calls=448
AMG setup messages level=5 phase=strength-transpose sends=6400 bytes=670616 collective_rank_calls=448
AMG setup messages level=5 phase=PMIS sends=108688 bytes=1430752 collective_rank_calls=3136
AMG setup messages level=5 phase=numbering sends=0 bytes=0 collective_rank_calls=448
AMG setup messages level=5 phase=interpolation sends=34125 bytes=686492 collective_rank_calls=448
AMG setup messages level=5 phase=interpolation-transpose sends=2681 bytes=352112 collective_rank_calls=448
AMG setup messages level=5 phase=A*P sends=113790 bytes=12201216 collective_rank_calls=448
AMG setup messages level=5 phase=R*(A*P) sends=8043 bytes=10034192 collective_rank_calls=448
AMG setup messages level=6 phase=strength sends=0 bytes=0 collective_rank_calls=448
AMG setup messages level=6 phase=strength-transpose sends=1367 bytes=149592 collective_rank_calls=448
AMG setup messages level=6 phase=PMIS sends=12886 bytes=221240 collective_rank_calls=1344
AMG setup messages level=6 phase=numbering sends=0 bytes=0 collective_rank_calls=448
AMG setup messages level=6 phase=interpolation sends=7221 bytes=75416 collective_rank_calls=448
AMG setup messages level=6 phase=interpolation-transpose sends=505 bytes=65232 collective_rank_calls=448
AMG setup messages level=6 phase=A*P sends=36588 bytes=1960240 collective_rank_calls=448
AMG setup messages level=6 phase=R*(A*P) sends=1515 bytes=396976 collective_rank_calls=448
AMG setup messages level=7 phase=strength sends=0 bytes=0 collective_rank_calls=448
AMG setup messages level=7 phase=strength-transpose sends=63 bytes=6072 collective_rank_calls=448
AMG setup messages level=7 phase=PMIS sends=598 bytes=9936 collective_rank_calls=1344
AMG setup messages level=7 phase=numbering sends=0 bytes=0 collective_rank_calls=448
AMG setup messages level=7 phase=interpolation sends=222 bytes=1788 collective_rank_calls=448
AMG setup messages level=7 phase=interpolation-transpose sends=54 bytes=6976 collective_rank_calls=448
AMG setup messages level=7 phase=A*P sends=1272 bytes=54000 collective_rank_calls=448
AMG setup messages level=7 phase=R*(A*P) sends=162 bytes=15744 collective_rank_calls=448
GMRES: iter = 0, residual = 0.07933549211, 1 (rel.)
GMRES: iter = 1, residual = 0.02580579511, 0.3252742804 (rel.)
GMRES: iter = 2, residual = 0.02076228695, 0.2617023781 (rel.)
GMRES: iter = 3, residual = 0.0130626482, 0.164650749 (rel.)
GMRES: iter = 4, residual = 0.005744966734, 0.07241357659 (rel.)
GMRES: iter = 5, residual = 0.003900987457, 0.0491707728 (rel.)
GMRES: iter = 6, residual = 0.002598666791, 0.03275541276 (rel.)
GMRES: iter = 7, residual = 0.001111686981, 0.01401247981 (rel.)
GMRES: iter = 8, residual = 0.0004412677248, 0.00556204686 (rel.)
GMRES: iter = 9, residual = 0.0002589428614, 0.003263896832 (rel.)
GMRES: iter = 10, residual = 0.000193423063, 0.002438039493 (rel.)
GMRES: iter = 11, residual = 0.0001612213706, 0.002032146853 (rel.)
GMRES: iter = 12, residual = 0.0001319864466, 0.001663649434 (rel.)
GMRES: iter = 13, residual = 0.0001019278405, 0.001284769752 (rel.)
GMRES: iter = 14, residual = 7.959880564e-05, 0.001003318988 (rel.)
GMRES: iter = 15, residual = 6.198201462e-05, 0.0007812646392 (rel.)
GMRES: iter = 16, residual = 4.896980254e-05, 0.0006172496223 (rel.)
GMRES: iter = 17, residual = 3.908377622e-05, 0.000492639236 (rel.)
GMRES: iter = 18, residual = 3.021367385e-05, 0.0003808342653 (rel.)
GMRES: iter = 19, residual = 2.220271483e-05, 0.0002798585379 (rel.)
GMRES: iter = 20, residual = 1.583638058e-05, 0.0001996128108 (rel.)
GMRES: iter = 21, residual = 1.152103623e-05, 0.0001452191941 (rel.)
GMRES: iter = 22, residual = 8.789350441e-06, 0.0001107871169 (rel.)
GMRES: iter = 23, residual = 7.139987224e-06, 8.999739e-05 (rel.)
GMRES: Solve Time = 9.660746
AMG setup messages level=0 phase=strength sends=0 bytes=0 collective_rank_calls=448
AMG setup messages level=0 phase=strength-transpose sends=3519 bytes=143911428 collective_rank_calls=448
AMG setup messages level=0 phase=PMIS sends=74065 bytes=462084012 collective_rank_calls=4480
AMG setup messages level=0 phase=numbering sends=0 bytes=0 collective_rank_calls=448
AMG setup messages level=0 phase=interpolation sends=21114 bytes=192080156 collective_rank_calls=448
AMG setup messages level=0 phase=interpolation-transpose sends=7776 bytes=121188160 collective_rank_calls=448
AMG setup messages level=0 phase=A*P sends=11562 bytes=465441616 collective_rank_calls=448
AMG setup messages level=0 phase=R*(A*P) sends=23328 bytes=892300992 collective_rank_calls=448
AMG setup messages level=1 phase=strength sends=0 bytes=0 collective_rank_calls=448
AMG setup messages level=1 phase=strength-transpose sends=8605 bytes=173675724 collective_rank_calls=448
AMG setup messages level=1 phase=PMIS sends=206923 bytes=341891032 collective_rank_calls=5376
AMG setup messages level=1 phase=numbering sends=0 bytes=0 collective_rank_calls=448
AMG setup messages level=1 phase=interpolation sends=51303 bytes=197137052 collective_rank_calls=448
AMG setup messages level=1 phase=interpolation-transpose sends=8693 bytes=98434528 collective_rank_calls=448
AMG setup messages level=1 phase=A*P sends=31140 bytes=569913984 collective_rank_calls=448
AMG setup messages level=1 phase=R*(A*P) sends=26079 bytes=1821077200 collective_rank_calls=448
AMG setup messages level=2 phase=strength sends=0 bytes=0 collective_rank_calls=448
AMG setup messages level=2 phase=strength-transpose sends=9939 bytes=90288796 collective_rank_calls=448
AMG setup messages level=2 phase=PMIS sends=260528 bytes=126962144 collective_rank_calls=5824
AMG setup messages level=2 phase=numbering sends=0 bytes=0 collective_rank_calls=448
AMG setup messages level=2 phase=interpolation sends=59013 bytes=82086040 collective_rank_calls=448
AMG setup messages level=2 phase=interpolation-transpose sends=8745 bytes=26883872 collective_rank_calls=448
AMG setup messages level=2 phase=A*P sends=32994 bytes=223869376 collective_rank_calls=448
AMG setup messages level=2 phase=R*(A*P) sends=26235 bytes=777063376 collective_rank_calls=448
AMG setup messages level=3 phase=strength sends=0 bytes=0 collective_rank_calls=448
AMG setup messages level=3 phase=strength-transpose sends=9913 bytes=18459592 collective_rank_calls=448
AMG setup messages level=3 phase=PMIS sends=241019 bytes=28151760 collective_rank_calls=5376
AMG setup messages level=3 phase=numbering sends=0 bytes=0 collective_rank_calls=448
AMG setup messages level=3 phase=interpolation sends=58755 bytes=20149592 collective_rank_calls=448
AMG setup messages level=3 phase=interpolation-transpose sends=8006 bytes=5605904 collective_rank_calls=448
AMG setup messages level=3 phase=A*P sends=37482 bytes=70037216 collective_rank_calls=448
AMG setup messages level=3 phase=R*(A*P) sends=24018 bytes=210288096 collective_rank_calls=448
AMG setup messages level=4 phase=strength sends=0 bytes=0 collective_rank_calls=448
AMG setup messages level=4 phase=strength-transpose sends=10347 bytes=3356492 collective_rank_calls=448
AMG setup messages level=4 phase=PMIS sends=178557 bytes=5568812 collective_rank_calls=3584
AMG setup messages level=4 phase=numbering sends=0 bytes=0 collective_rank_calls=448
AMG setup messages level=4 phase=interpolation sends=59952 bytes=4288224 collective_rank_calls=448
AMG setup messages level=4 phase=interpolation-transpose sends=6361 bytes=1542000 collective_rank_calls=448
AMG setup messages level=4 phase=A*P sends=78510 bytes=32748848 collective_rank_calls=448
AMG setup messages level=4 phase=R*(A*P) sends=19083 bytes=57571440 collective_rank_calls=448
AMG setup messages level=5 phase=strength sends=0 bytes=0 collective_rank_calls=448
AMG setup messages level=5 phase=strength-transpose sends=7065 bytes=686184 collective_rank_calls=448
AMG setup messages level=5 phase=PMIS sends=118518 bytes=1484496 collective_rank_calls=3136
AMG setup messages level=5 phase=numbering sends=0 bytes=0 collective_rank_calls=448
AMG setup messages level=5 phase=interpolation sends=37041 bytes=737828 collective_rank_calls=448
AMG setup messages level=5 phase=interpolation-transpose sends=3034 bytes=407472 collective_rank_calls=448
AMG setup messages level=5 phase=A*P sends=120924 bytes=13466144 collective_rank_calls=448
AMG setup messages level=5 phase=R*(A*P) sends=9102 bytes=11946800 collective_rank_calls=448
AMG setup messages level=6 phase=strength sends=0 bytes=0 collective_rank_calls=448
AMG setup messages level=6 phase=strength-transpose sends=1688 bytes=158000 collective_rank_calls=448
AMG setup messages level=6 phase=PMIS sends=15328 bytes=230160 collective_rank_calls=1344
AMG setup messages level=6 phase=numbering sends=0 bytes=0 collective_rank_calls=448
AMG setup messages level=6 phase=interpolation sends=8394 bytes=93780 collective_rank_calls=448
AMG setup messages level=6 phase=interpolation-transpose sends=621 bytes=87440 collective_rank_calls=448
AMG setup messages level=6 phase=A*P sends=44670 bytes=2559664 collective_rank_calls=448
AMG setup messages level=6 phase=R*(A*P) sends=1863 bytes=371632 collective_rank_calls=448
AMG setup messages level=7 phase=strength sends=0 bytes=0 collective_rank_calls=448
AMG setup messages level=7 phase=strength-transpose sends=47 bytes=5076 collective_rank_calls=448
AMG setup messages level=7 phase=PMIS sends=317 bytes=5276 collective_rank_calls=896
AMG setup messages level=7 phase=numbering sends=0 bytes=0 collective_rank_calls=448
AMG setup messages level=7 phase=interpolation sends=204 bytes=2464 collective_rank_calls=448
AMG setup messages level=7 phase=interpolation-transpose sends=25 bytes=2368 collective_rank_calls=448
AMG setup messages level=7 phase=A*P sends=570 bytes=16752 collective_rank_calls=448
AMG setup messages level=7 phase=R*(A*P) sends=75 bytes=4704 collective_rank_calls=448
GMRES: iter = 0, residual = 0.05123754017, 1 (rel.)
GMRES: iter = 1, residual = 0.01613479545, 0.3149018356 (rel.)
GMRES: iter = 2, residual = 0.009390922265, 0.1832820669 (rel.)
GMRES: iter = 3, residual = 0.006939747056, 0.1354426273 (rel.)
GMRES: iter = 4, residual = 0.003009806698, 0.0587422169 (rel.)
GMRES: iter = 5, residual = 0.0009663386758, 0.01885997401 (rel.)
GMRES: iter = 6, residual = 0.0004290552343, 0.008373845287 (rel.)
GMRES: iter = 7, residual = 0.0003024268577, 0.005902446852 (rel.)
GMRES: iter = 8, residual = 0.0002376827509, 0.00463884 (rel.)
GMRES: iter = 9, residual = 0.0001809900734, 0.003532372413 (rel.)
GMRES: iter = 10, residual = 0.0001402969028, 0.002738166242 (rel.)
GMRES: iter = 11, residual = 0.000114477541, 0.002234251305 (rel.)
GMRES: iter = 12, residual = 9.837927359e-05, 0.001920062385 (rel.)
GMRES: iter = 13, residual = 8.436181288e-05, 0.001646484445 (rel.)
GMRES: iter = 14, residual = 6.985890373e-05, 0.001363432036 (rel.)
GMRES: iter = 15, residual = 5.520697027e-05, 0.001077471129 (rel.)
GMRES: iter = 16, residual = 4.337378437e-05, 0.0008465235494 (rel.)
GMRES: iter = 17, residual = 3.47327929e-05, 0.0006778778369 (rel.)
GMRES: iter = 18, residual = 2.738428872e-05, 0.0005344575214 (rel.)
GMRES: iter = 19, residual = 2.04157425e-05, 0.0003984528226 (rel.)
GMRES: iter = 20, residual = 1.454671275e-05, 0.0002839073208 (rel.)
GMRES: iter = 21, residual = 1.042859808e-05, 0.0002035343237 (rel.)
GMRES: iter = 22, residual = 7.828884593e-06, 0.0001527958713 (rel.)
GMRES: iter = 23, residual = 6.293433407e-06, 0.0001228285625 (rel.)
GMRES: iter = 24, residual = 5.310143169e-06, 0.0001036377459 (rel.)
GMRES: iter = 25, residual = 4.485617756e-06, 8.754553285e-05 (rel.)
GMRES: Solve Time = 10.50422842
AMG setup messages level=0 phase=strength sends=0 bytes=0 collective_rank_calls=448
AMG setup messages level=0 phase=strength-transpose sends=3519 bytes=143911428 collective_rank_calls=448
AMG setup messages level=0 phase=PMIS sends=74065 bytes=462084012 collective_rank_calls=4480
AMG setup messages level=0 phase=numbering sends=0 bytes=0 collective_rank_calls=448
AMG setup messages level=0 phase=interpolation sends=21114 bytes=192136636 collective_rank_calls=448
AMG setup messages level=0 phase=interpolation-transpose sends=7773 bytes=121205520 collective_rank_calls=448
AMG setup messages level=0 phase=A*P sends=11562 bytes=465484528 collective_rank_calls=448
AMG setup messages level=0 phase=R*(A*P) sends=23319 bytes=892827520 collective_rank_calls=448
AMG setup messages level=1 phase=strength sends=0 bytes=0 collective_rank_calls=448
AMG setup messages level=1 phase=strength-transpose sends=8604 bytes=173477000 collective_rank_calls=448
AMG setup messages level=1 phase=PMIS sends=189624 bytes=315515728 collective_rank_calls=4928
AMG setup messages level=1 phase=numbering sends=0 bytes=0 collective_rank_calls=448
AMG setup messages level=1 phase=interpolation sends=51357 bytes=196973200 collective_rank_calls=448
AMG setup messages level=1 phase=interpolation-transpose sends=8727 bytes=98429184 collective_rank_calls=448
AMG setup messages level=1 phase=A*P sends=30954 bytes=569510784 collective_rank_calls=448
AMG setup messages level=1 phase=R*(A*P) sends=26181 bytes=1820739824 collective_rank_calls=448
AMG setup messages level=2 phase=strength sends=0 bytes=0 collective_rank_calls=448
AMG setup messages level=2 phase=strength-transpose sends=9911 bytes=90327644 collective_rank_calls=448
AMG setup messages level=2 phase=PMIS sends=259688 bytes=126973344 collective_rank_calls=5824
AMG setup messages level=2 phase=numbering sends=0 bytes=0 collective_rank_calls=448
AMG setup messages level=2 phase=interpolation sends=58872 bytes=82059560 collective_rank_calls=448
AMG setup messages level=2 phase=interpolation-transpose sends=8754 bytes=26953232 collective_rank_calls=448
AMG setup messages level=2 phase=A*P sends=33012 bytes=224061728 collective_rank_calls=448
AMG setup messages level=2 phase=R*(A*P) sends=26262 bytes=776977760 collective_rank_calls=448
AMG setup messages level=3 phase=strength sends=0 bytes=0 collective_rank_calls=448
AMG setup messages level=3 phase=strength-transpose sends=9890 bytes=18464132 collective_rank_calls=448
AMG setup messages level=3 phase=PMIS sends=220868 bytes=25983520 collective_rank_calls=4928
AMG setup messages level=3 phase=numbering sends=0 bytes=0 collective_rank_calls=448
AMG setup messages level=3 phase=interpolation sends=58617 bytes=20038644 collective_rank_calls=448
AMG setup messages level=3 phase=interpolation-transpose sends=7982 bytes=5635248 collective_rank_calls=448
AMG setup messages level=3 phase=A*P sends=37362 bytes=69997728 collective_rank_calls=448
AMG setup messages level=3 phase=R*(A*P) sends=23946 bytes=209794576 collective_rank_calls=448
AMG setup messages level=4 phase=strength sends=0 bytes=0 collective_rank_calls=448
AMG setup messages level=4 phase=strength-transpose sends=10264 bytes=3314020 collective_rank_calls=448
AMG setup messages level=4 phase=PMIS sends=199312 bytes=6068448 collective_rank_calls=4032
AMG setup messages level=4 phase=numbering sends=0 bytes=0 collective_rank_calls=448
AMG setup messages level=4 phase=interpolation sends=59616 bytes=4290540 collective_rank_calls=448
AMG setup messages level=4 phase=interpolation-transpose sends=6093 bytes=1527680 collective_rank_calls=448
AMG setup messages level=4 phase=A*P sends=78384 bytes=32281664 collective_rank_calls=448
AMG setup messages level=4 phase=R*(A*P) sends=18279 bytes=55440864 collective_rank_calls=448
AMG setup messages level=5 phase=strength sends=0 bytes=0 collective_rank_calls=448
AMG setup messages level=5 phase=strength-transpose sends=6479 bytes=671872 collective_rank_calls=448
AMG setup messages level=5 phase=PMIS sends=107754 bytes=1413400 collective_rank_calls=3136
AMG setup messages level=5 phase=numbering sends=0 bytes=0 collective_rank_calls=448
AMG setup messages level=5 phase=interpolation sends=34188 bytes=697804 collective_rank_calls=448
AMG setup messages level=5 phase=interpolation-transpose sends=2787 bytes=343600 collective_rank_calls=448
AMG setup messages level=5 phase=A*P sends=117294 bytes=12263872 collective_rank_calls=448
AMG setup messages level=5 phase=R*(A*P) sends=8361 bytes=11244352 collective_rank_calls=448
AMG setup messages level=6 phase=strength sends=0 bytes=0 collective_rank_calls=448
AMG setup messages level=6 phase=strength-transpose sends=1326 bytes=141424 collective_rank_calls=448
AMG setup messages level=6 phase=PMIS sends=12644 bytes=215648 collective_rank_calls=1344
AMG setup messages level=6 phase=numbering sends=0 bytes=0 collective_rank_calls=448
AMG setup messages level=6 phase=interpolation sends=6357 bytes=69700 collective_rank_calls=448
AMG setup messages level=6 phase=interpolation-transpose sends=646 bytes=81600 collective_rank_calls=448
AMG setup messages level=6 phase=A*P sends=40500 bytes=2448096 collective_rank_calls=448
AMG setup messages level=6 phase=R*(A*P) sends=1938 bytes=524688 collective_rank_calls=448
AMG setup messages level=7 phase=strength sends=0 bytes=0 collective_rank_calls=448
AMG setup messages level=7 phase=strength-transpose sends=106 bytes=11132 collective_rank_calls=448
AMG setup messages level=7 phase=PMIS sends=1036 bytes=18728 collective_rank_calls=1344
AMG setup messages level=7 phase=numbering sends=0 bytes=0 collective_rank_calls=448
AMG setup messages level=7 phase=interpolation sends=465 bytes=3992 collective_rank_calls=448
AMG setup messages level=7 phase=interpolation-transpose sends=58 bytes=6688 collective_rank_calls=448
AMG setup messages level=7 phase=A*P sends=1944 bytes=82784 collective_rank_calls=448
AMG setup messages level=7 phase=R*(A*P) sends=174 bytes=27504 collective_rank_calls=448
AMG setup messages level=8 phase=strength sends=0 bytes=0 collective_rank_calls=448
AMG setup messages level=8 phase=strength-transpose sends=36 bytes=3132 collective_rank_calls=448
AMG setup messages level=8 phase=PMIS sends=246 bytes=4124 collective_rank_calls=896
AMG setup messages level=8 phase=numbering sends=0 bytes=0 collective_rank_calls=448
AMG setup messages level=8 phase=interpolation sends=156 bytes=1232 collective_rank_calls=448
AMG setup messages level=8 phase=interpolation-transpose sends=19 bytes=2288 collective_rank_calls=448
AMG setup messages level=8 phase=A*P sends=306 bytes=10176 collective_rank_calls=448
AMG setup messages level=8 phase=R*(A*P) sends=57 bytes=3360 collective_rank_calls=448
GMRES: iter = 0, residual = 0.01149749038, 1 (rel.)
GMRES: iter = 1, residual = 0.005764953074, 0.501409689 (rel.)
GMRES: iter = 2, residual = 0.00195246177, 0.1698163431 (rel.)
GMRES: iter = 3, residual = 0.001189765103, 0.1034804173 (rel.)
GMRES: iter = 4, residual = 0.0005357151274, 0.04659409226 (rel.)
GMRES: iter = 5, residual = 0.0002220875351, 0.0193161749 (rel.)
GMRES: iter = 6, residual = 0.0001243132029, 0.01081220326 (rel.)
GMRES: iter = 7, residual = 9.034064054e-05, 0.007857422583 (rel.)
GMRES: iter = 8, residual = 6.208417344e-05, 0.005399802165 (rel.)
GMRES: iter = 9, residual = 4.091479666e-05, 0.003558584988 (rel.)
GMRES: iter = 10, residual = 2.8158363e-05, 0.002449087764 (rel.)
GMRES: iter = 11, residual = 2.163747715e-05, 0.001881930442 (rel.)
GMRES: iter = 12, residual = 1.815670017e-05, 0.001579188116 (rel.)
GMRES: iter = 13, residual = 1.541924785e-05, 0.001341096826 (rel.)
GMRES: iter = 14, residual = 1.274582606e-05, 0.001108574623 (rel.)
GMRES: iter = 15, residual = 9.99157924e-06, 0.0008690226224 (rel.)
GMRES: iter = 16, residual = 7.675538131e-06, 0.0006675837838 (rel.)
GMRES: iter = 17, residual = 6.037218476e-06, 0.000525090109 (rel.)
GMRES: iter = 18, residual = 4.824762242e-06, 0.0004196361192 (rel.)
GMRES: iter = 19, residual = 3.751539844e-06, 0.000326292062 (rel.)
GMRES: iter = 20, residual = 2.731975002e-06, 0.0002376148978 (rel.)
GMRES: iter = 21, residual = 1.892591161e-06, 0.0001646090667 (rel.)
GMRES: iter = 22, residual = 1.310148562e-06, 0.0001139508291 (rel.)
GMRES: iter = 23, residual = 9.536831168e-07, 8.294706805e-05 (rel.)
GMRES: Solve Time = 9.64981612
AMG setup messages level=0 phase=strength sends=0 bytes=0 collective_rank_calls=448
AMG setup messages level=0 phase=strength-transpose sends=3519 bytes=143911428 collective_rank_calls=448
AMG setup messages level=0 phase=PMIS sends=66692 bytes=420477792 collective_rank_calls=4032
AMG setup messages level=0 phase=numbering sends=0 bytes=0 collective_rank_calls=448
AMG setup messages level=0 phase=interpolation sends=21114 bytes=192130380 collective_rank_calls=448
AMG setup messages level=0 phase=interpolation-transpose sends=7775 bytes=121180320 collective_rank_calls=448
AMG setup messages level=0 phase=A*P sends=11562 bytes=465424480 collective_rank_calls=448
AMG setup messages level=0 phase=R*(A*P) sends=23325 bytes=892687088 collective_rank_calls=448
AMG setup messages level=1 phase=strength sends=0 bytes=0 collective_rank_calls=448
AMG setup messages level=1 phase=strength-transpose sends=8628 bytes=173630268 collective_rank_calls=448
AMG setup messages level=1 phase=PMIS sends=190152 bytes=315751168 collective_rank_calls=4928
AMG setup messages level=1 phase=numbering sends=0 bytes=0 collective_rank_calls=448
AMG setup messages level=1 phase=interpolation sends=51480 bytes=197169768 collective_rank_calls=448
AMG setup messages level=1 phase=interpolation-transpose sends=8747 bytes=98408208 collective_rank_calls=448
AMG setup messages level=1 phase=A*P sends=31062 bytes=569803392 collective_rank_calls=448
AMG setup messages level=1 phase=R*(A*P) sends=26241 bytes=1819923408 collective_rank_calls=448
AMG setup messages level=2 phase=strength sends=0 bytes=0 collective_rank_calls=448
AMG setup messages level=2 phase=strength-transpose sends=9941 bytes=90323032 collective_rank_calls=448
AMG setup messages level=2 phase=PMIS sends=280703 bytes=135968140 collective_rank_calls=6272
AMG setup messages level=2 phase=numbering sends=0 bytes=0 collective_rank_calls=448
AMG setup messages level=2 phase=interpolation sends=58965 bytes=81934496 collective_rank_calls=448
AMG setup messages level=2 phase=interpolation-transpose sends=8757 bytes=26945200 collective_rank_calls=448
AMG setup messages level=2 phase=A*P sends=32994 bytes=223947696 collective_rank_calls=448
AMG setup messages level=2 phase=R*(A*P) sends=26271 bytes=776239696 collective_rank_calls=448
AMG setup messages level=3 phase=strength sends=0 bytes=0 collective_rank_calls=448
AMG setup messages level=3 phase=strength-transpose sends=9854 bytes=18409520 collective_rank_calls=448
AMG setup messages level=3 phase=PMIS sends=240032 bytes=28022904 collective_rank_calls=5376
AMG setup messages level=3 phase=numbering sends=0 bytes=0 collective_rank_calls=448
AMG setup messages level=3 phase=interpolation sends=58389 bytes=19957284 collective_rank_calls=448
AMG setup messages level=3 phase=interpolation-transpose sends=7937 bytes=5599760 collective_rank_calls=448
AMG setup messages level=3 phase=A*P sends=37482 bytes=69863840 collective_rank_calls=448
AMG setup messages level=3 phase=R*(A*P) sends=23811 bytes=209033312 collective_rank_calls=448
AMG setup messages level=4 phase=strength sends=0 bytes=0 collective_rank_calls=448
AMG setup messages level=4 phase=strength-transpose sends=10275 bytes=3308816 collective_rank_calls=448
AMG setup messages level=4 phase=PMIS sends=198980 bytes=6079936 collective_rank_calls=4032
AMG setup messages level=4 phase=numbering sends=0 bytes=0 collective_rank_calls=448
AMG setup messages level=4 phase=interpolation sends=59526 bytes=4226400 collective_rank_calls=448
AMG setup messages level=4 phase=interpolation-transpose sends=5955 bytes=1502944 collective_rank_calls=448
AMG setup messages level=4 phase=A*P sends=78648 bytes=32272016 collective_rank_calls=448
AMG setup messages level=4 phase=R*(A*P) sends=17865 bytes=54423312 collective_rank_calls=448
AMG setup messages level=5 phase=strength sends=0 bytes=0 collective_rank_calls=448
AMG setup messages level=5 phase=strength-transpose sends=6117 bytes=658968 collective_rank_calls=448
AMG setup messages level=5 phase=PMIS sends=88195 bytes=1244700 collective_rank_calls=2688
AMG setup messages level=5 phase=numbering sends=0 bytes=0 collective_rank_calls=448
AMG setup messages level=5 phase=interpolation sends=32565 bytes=664272 collective_rank_calls=448
AMG setup messages level=5 phase=interpolation-transpose sends=2905 bytes=371392 collective_rank_calls=448
AMG setup messages level=5 phase=A*P sends=110334 bytes=12401840 collective_rank_calls=448
AMG setup messages level=5 phase=R*(A*P) sends=8715 bytes=11921648 collective_rank_calls=448
AMG setup messages level=6 phase=strength sends=0 bytes=0 collective_rank_calls=448
AMG setup messages level=6 phase=strength-transpose sends=1387 bytes=141232 collective_rank_calls=448
AMG setup messages level=6 phase=PMIS sends=12870 bytes=214224 collective_rank_calls=1344
AMG setup messages level=6 phase=numbering sends=0 bytes=0 collective_rank_calls=448
AMG setup messages level=6 phase=interpolation sends=6822 bytes=72912 collective_rank_calls=448
AMG setup messages level=6 phase=interpolation-transpose sends=481 bytes=82992 collective_rank_calls=448
AMG setup messages level=6 phase=A*P sends=45462 bytes=2572752 collective_rank_calls=448
AMG setup messages level=6 phase=R*(A*P) sends=1443 bytes=289792 collective_rank_calls=448
AMG setup messages level=7 phase=strength sends=0 bytes=0 collective_rank_calls=448
AMG setup messages level=7 phase=strength-transpose sends=35 bytes=3540 collective_rank_calls=448
AMG setup messages level=7 phase=PMIS sends=334 bytes=4784 collective_rank_calls=1344
AMG setup messages level=7 phase=numbering sends=0 bytes=0 collective_rank_calls=448
AMG setup messages level=7 phase=interpolation sends=132 bytes=1640 collective_rank_calls=448
AMG setup messages level=7 phase=interpolation-transpose sends=28 bytes=3008 collective_rank_calls=448
AMG setup messages level=7 phase=A*P sends=414 bytes=17936 collective_rank_calls=448
AMG setup messages level=7 phase=R*(A*P) sends=84 bytes=6336 collective_rank_calls=448
GMRES: iter = 0, residual = 0.001434095509, 1 (rel.)
GMRES: iter = 1, residual = 0.0004224199271, 0.2945549474 (rel.)
GMRES: iter = 2, residual = 0.0001381240968, 0.09631443373 (rel.)
GMRES: iter = 3, residual = 7.702893999e-05, 0.05371255925 (rel.)
GMRES: iter = 4, residual = 4.14879937e-05, 0.02892972849 (rel.)
GMRES: iter = 5, residual = 2.095627151e-05, 0.01461288414 (rel.)
GMRES: iter = 6, residual = 1.169543426e-05, 0.008155268732 (rel.)
GMRES: iter = 7, residual = 7.998646308e-06, 0.005577485083 (rel.)
GMRES: iter = 8, residual = 4.739150718e-06, 0.003304626986 (rel.)
GMRES: iter = 9, residual = 3.167162909e-06, 0.002208474185 (rel.)
GMRES: iter = 10, residual = 2.486995275e-06, 0.001734190826 (rel.)
GMRES: iter = 11, residual = 2.093908448e-06, 0.001460089956 (rel.)
GMRES: iter = 12, residual = 1.781862935e-06, 0.001242499488 (rel.)
GMRES: iter = 13, residual = 1.487358059e-06, 0.001037140169 (rel.)
GMRES: iter = 14, residual = 1.190701024e-06, 0.0008302801427 (rel.)
GMRES: iter = 15, residual = 8.817917589e-07, 0.0006148765919 (rel.)
GMRES: iter = 16, residual = 6.21234967e-07, 0.0004331893958 (rel.)
GMRES: iter = 17, residual = 4.425714889e-07, 0.0003086067045 (rel.)
GMRES: iter = 18, residual = 3.310886939e-07, 0.0002308693472 (rel.)
GMRES: iter = 19, residual = 2.559023556e-07, 0.0001784416407 (rel.)
GMRES: iter = 20, residual = 1.965228185e-07, 0.0001370360742 (rel.)
GMRES: iter = 21, residual = 1.479373844e-07, 0.0001031572747 (rel.)
GMRES: iter = 22, residual = 1.121546571e-07, 7.820584921e-05 (rel.)
GMRES: Solve Time = 9.216668637
AMG setup messages level=0 phase=strength sends=0 bytes=0 collective_rank_calls=448
AMG setup messages level=0 phase=strength-transpose sends=3519 bytes=143911428 collective_rank_calls=448
AMG setup messages level=0 phase=PMIS sends=74065 bytes=462084012 collective_rank_calls=4480
AMG setup messages level=0 phase=numbering sends=0 bytes=0 collective_rank_calls=448
AMG setup messages level=0 phase=interpolation sends=21114 bytes=192214492 collective_rank_calls=448
AMG setup messages level=0 phase=interpolation-transpose sends=7769 bytes=121245504 collective_rank_calls=448
AMG setup messages level=0 phase=A*P sends=11562 bytes=465520816 collective_rank_calls=448
AMG setup messages level=0 phase=R*(A*P) sends=23307 bytes=893306640 collective_rank_calls=448
AMG setup messages level=1 phase=strength sends=0 bytes=0 collective_rank_calls=448
AMG setup messages level=1 phase=strength-transpose sends=8591 bytes=173516980 collective_rank_calls=448
AMG setup messages level=1 phase=PMIS sends=206613 bytes=341599192 collective_rank_calls=5376
AMG setup messages level=1 phase=numbering sends=0 bytes=0 collective_rank_calls=448
AMG setup messages level=1 phase=interpolation sends=51264 bytes=196910232 collective_rank_calls=448
AMG setup messages level=1 phase=interpolation-transpose sends=8712 bytes=98435968 collective_rank_calls=448
AMG setup messages level=1 phase=A*P sends=30864 bytes=569852064 collective_rank_calls=448
AMG setup messages level=1 phase=R*(A*P) sends=26136 bytes=1821099632 collective_rank_calls=448
AMG setup messages level=2 phase=strength sends=0 bytes=0 collective_rank_calls=448
AMG setup messages level=2 phase=strength-transpose sends=9959 bytes=90211256 collective_rank_calls=448
AMG setup messages level=2 phase=PMIS sends=260880 bytes=126868960 collective_rank_calls=5824
AMG setup messages level=2 phase=numbering sends=0 bytes=0 collective_rank_calls=448
AMG setup messages level=2 phase=interpolation sends=59157 bytes=82184616 collective_rank_calls=448
AMG setup messages level=2 phase=interpolation-transpose sends=8715 bytes=26857360 collective_rank_calls=448
AMG setup messages level=2 phase=A*P sends=32988 bytes=223790928 collective_rank_calls=448
AMG setup messages level=2 phase=R*(A*P) sends=26145 bytes=776765088 collective_rank_calls=448
AMG setup messages level=3 phase=strength sends=0 bytes=0 collective_rank_calls=448
AMG setup messages level=3 phase=strength-transpose sends=9860 bytes=18508588 collective_rank_calls=448
AMG setup messages level=3 phase=PMIS sends=220064 bytes=26070088 collective_rank_calls=4928
AMG setup messages level=3 phase=numbering sends=0 bytes=0 collective_rank_calls=448
AMG setup messages level=3 phase=interpolation sends=58518 bytes=20077432 collective_rank_calls=448
AMG setup messages level=3 phase=interpolation-transpose sends=8033 bytes=5616000 collective_rank_calls=448
AMG setup messages level=3 phase=A*P sends=37758 bytes=70283360 collective_rank_calls=448
AMG setup messages level=3 phase=R*(A*P) sends=24099 bytes=209729760 collective_rank_calls=448
AMG setup messages level=4 phase=strength sends=0 bytes=0 collective_rank_calls=448
AMG setup messages level=4 phase=strength-transpose sends=10243 bytes=3313364 collective_rank_calls=448
AMG setup messages level=4 phase=PMIS sends=198124 bytes=6056384 collective_rank_calls=4032
AMG setup messages level=4 phase=numbering sends=0 bytes=0 collective_rank_calls=448
AMG setup messages level=4 phase=interpolation sends=59529 bytes=4385416 collective_rank_calls=448
AMG setup messages level=4 phase=interpolation-transpose sends=6101 bytes=1544176 collective_rank_calls=448
AMG setup messages level=4 phase=A*P sends=78060 bytes=32322784 collective_rank_calls=448
AMG setup messages level=4 phase=R*(A*P) sends=18303 bytes=55381952 collective_rank_calls=448
AMG setup messages level=5 phase=strength sends=0 bytes=0 collective_rank_calls=448
AMG setup messages level=5 phase=strength-transpose sends=6787 bytes=679540 collective_rank_calls=448
AMG setup messages level=5 phase=PMIS sends=112002 bytes=1403064 collective_rank_calls=3136
AMG setup messages level=5 phase=numbering sends=0 bytes=0 collective_rank_calls=448
AMG setup messages level=5 phase=interpolation sends=36204 bytes=730336 collective_rank_calls=448
AMG setup messages level=5 phase=interpolation-transpose sends=2810 bytes=343584 collective_rank_calls=448
AMG setup messages level=5 phase=A*P sends=118506 bytes=12327520 collective_rank_calls=448
AMG setup messages level=5 phase=R*(A*P) sends=8430 bytes=10689040 collective_rank_calls=448
AMG setup messages level=6 phase=strength sends=0 bytes=0 collective_rank_calls=448
AMG setup messages level=6 phase=strength-transpose sends=1318 bytes=139092 collective_rank_calls=448
AMG setup messages level=6 phase=PMIS sends=12324 bytes=206032 collective_rank_calls=1344
AMG setup messages level=6 phase=numbering sends=0 bytes=0 collective_rank_calls=448
AMG setup messages level=6 phase=interpolation sends=6570 bytes=69516 collective_rank_calls=448
AMG setup messages level=6 phase=interpolation-transpose sends=534 bytes=85872 collective_rank_calls=448
AMG setup messages level=6 phase=A*P sends=43470 bytes=2526288 collective_rank_calls=448
AMG setup messages level=6 phase=R*(A*P) sends=1602 bytes=377280 collective_rank_calls=448
AMG setup messages level=7 phase=strength sends=0 bytes=0 collective_rank_calls=448
AMG setup messages level=7 phase=strength-transpose sends=41 bytes=5032 collective_rank_calls=448
AMG setup messages level=7 phase=PMIS sends=386 bytes=5656 collective_rank_calls=1344
AMG setup messages level=7 phase=numbering sends=0 bytes=0 collective_rank_calls=448
AMG setup messages level=7 phase=interpolation sends=228 bytes=2736 collective_rank_calls=448
AMG setup messages level=7 phase=interpolation-transpose sends=45 bytes=3776 collective_rank_calls=448
AMG setup messages level=7 phase=A*P sends=876 bytes=31168 collective_rank_calls=448
AMG setup messages level=7 phase=R*(A*P) sends=135 bytes=10720 collective_rank_calls=448
AMG setup messages level=8 phase=strength sends=0 bytes=0 collective_rank_calls=448
AMG setup messages level=8 phase=strength-transpose sends=15 bytes=1032 collective_rank_calls=448
AMG setup messages level=8 phase=PMIS sends=87 bytes=1160 collective_rank_calls=896
AMG setup messages level=8 phase=numbering sends=0 bytes=0 collective_rank_calls=448
AMG setup messages level=8 phase=interpolation sends=69 bytes=556 collective_rank_calls=448
AMG setup messages level=8 phase=interpolation-transpose sends=5 bytes=416 collective_rank_calls=448
AMG setup messages level=8 phase=A*P sends=78 bytes=2048 collective_rank_calls=448
AMG setup messages level=8 phase=R*(A*P) sends=15 bytes=512 collective_rank_calls=448
GMRES: iter = 0, residual = 3.509632835e-05, 1 (rel.)
GMRES: iter = 1, residual = 1.308496701e-05, 0.3728300829 (rel.)
GMRES: iter = 2, residual = 2.826428661e-06, 0.08053345731 (rel.)
GMRES: iter = 3, residual = 1.539517633e-06, 0.04386548981 (rel.)
GMRES: iter = 4, residual = 9.575068217e-07, 0.0272822505 (rel.)
GMRES: iter = 5, residual = 4.880656955e-07, 0.01390646026 (rel.)
GMRES: iter = 6, residual = 2.412613741e-07, 0.006874262507 (rel.)
GMRES: iter = 7, residual = 1.554810923e-07, 0.004430124165 (rel.)
GMRES: iter = 8, residual = 8.604556015e-08, 0.002451696921 (rel.)
GMRES: iter = 9, residual = 5.622237452e-08, 0.001601944624 (rel.)
GMRES: iter = 10, residual = 4.62504951e-08, 0.001317815774 (rel.)
GMRES: iter = 11, residual = 3.997626617e-08, 0.001139044112 (rel.)
GMRES: iter = 12, residual = 3.446150354e-08, 0.000981911931 (rel.)
GMRES: iter = 13, residual = 2.878999997e-08, 0.0008203137286 (rel.)
GMRES: iter = 14, residual = 2.332321741e-08, 0.000664548644 (rel.)
GMRES: iter = 15, residual = 1.796642956e-08, 0.0005119176394 (rel.)
GMRES: iter = 16, residual = 1.342083428e-08, 0.0003823999522 (rel.)
GMRES: iter = 17, residual = 1.036241284e-08, 0.0002952563224 (rel.)
GMRES: iter = 18, residual = 8.505657984e-09, 0.0002423517896 (rel.)
GMRES: iter = 19, residual = 7.217513259e-09, 0.0002056486703 (rel.)
GMRES: iter = 20, residual = 6.171436574e-09, 0.0001758427979 (rel.)
GMRES: iter = 21, residual = 5.321602044e-09, 0.000151628455 (rel.)
GMRES: iter = 22, residual = 4.637871042e-09, 0.0001321469014 (rel.)
GMRES: iter = 23, residual = 4.033005857e-09, 0.0001149124722 (rel.)
GMRES: iter = 24, residual = 3.484915924e-09, 9.929574084e-05 (rel.)
GMRES: Solve Time = 10.06854971
FLD cloud AMR Newton-Krylov iterations=22/878, change=1.384441239e-06, residual=1.230109598e-06, transmission=0.7919410364
FLD 3-D Penrose cloud: case=amr, fine_n=512, opacity contrast=100000, cells=35127296, limiter=on, mixed cells=1042988, cloudy volume relative error=0, transmission=0.7919410364, balance error=7.711858052e-13, Newton/Krylov iterations=22/878, nonlinear residual=1.230109598e-06, E range=[1.97983485,2.033018316], whole-case wall=519.9447779 s, preconditioner=amg, AMG backend=native, linear iterations=1103, max true relative residual=7.074345368e-10, aggregate setup=70.36307373 s, aggregate solve=43.86678192 s


TinyProfiler total time across processes [min...avg...max]: 519.9 ... 519.9 ... 519.9

-------------------------------------------------------------------------------------------
Name                                        NCalls  Excl. Min  Excl. Avg  Excl. Max   Max %
-------------------------------------------------------------------------------------------
SpMatrix::finishComm_mv                     112192      32.69        127      153.5  29.52%
SpMV                                        112192      25.85      49.36      129.5  24.91%
FabArray::ParallelCopy_finish()              40340      17.31      63.14      80.63  15.51%
FLD::MLABecLapAMG::assemble                   1029      7.636      45.99      75.55  14.53%
FLD::composite_assembly                       1029      13.72      27.75      59.44  11.43%
FabArray::setVal()                           39036      3.962      9.356      45.99   8.84%
SpMatrix::prepare_comm_mv                   112540      2.507      30.17      39.63   7.62%
SpMatrix::split_csr                         119517       13.2      18.28      34.44   6.62%
GMRES::GramSchmidt                            1103      17.85      28.58      33.53   6.45%
SpGEMM                                        1038      13.75      19.44      33.15   6.38%
FillBoundary_finish()                        14200     0.6376      9.728      21.83   4.20%
ChebyshevSmoother                            19900      3.078      6.321      21.51   4.14%
AMG::setup                                      42      2.596      14.77      19.52   3.75%
SpMatrix::startComm_mv                      112192      1.921      5.207      16.38   3.15%
FLD::NewtonKrylov::Jacobian_action             878     0.9231      4.662      16.09   3.09%
FabArray::Saxpy()                            92848      7.157      8.888      15.12   2.91%
SpMatrix::define_split                        2422      2.948      6.449      12.85   2.47%
amrex::Copy()                                37864      4.592      6.058      10.86   2.09%
FLD::MLABecLapAMG::apply                       987      3.576      5.238      9.631   1.85%
FLD::MLABecLapAMG::precondition                901      2.384      3.572      8.652   1.66%
SpMatrix::startComm_tr                         692     0.6319      5.259      6.915   1.33%
FabArray::ParallelCopy_nowait()              40340      0.491      1.423      6.471   1.24%
GMRES::cycle()                                  42     0.4261      3.608      4.513   0.87%
FLD::cloud_linearized_residual                 878      1.743      2.139      3.621   0.70%
FLD::MLABecLapAMG::residual                    987      0.894      1.555      3.336   0.64%
FLD::compute_diffusion                        1030       1.34      1.706      2.888   0.56%
AMG::build_interp_mm                           346      1.275      1.621      2.814   0.54%
AMG::create_soc                                346     0.8846      1.401      2.625   0.50%
AMG::vcycle                                   1146     0.1639     0.5316      2.061   0.40%
SpMatrix::preparePairHalo                      346     0.4888      1.423      1.743   0.34%
SpMatrix::finishComm_tr                        692     0.2647     0.6175      1.721   0.33%
FillBoundary_nowait()                        14200     0.3372      0.864      1.698   0.33%
AMG::truncate_interp                           346     0.6975     0.8971      1.571   0.30%
AMG::pmis                                      346     0.7721      1.013      1.338   0.26%
SpMatrix::gatherRemote                        3525     0.3797     0.9942      1.283   0.25%
FLD::NewtonKrylov::line_search                  23      0.107      0.978      1.234   0.24%
SpMatrix::transpose                            692      0.472     0.6566      1.232   0.24%
SpMatrix::trim_remote_rows                    2932     0.3446     0.4799     0.9507   0.18%
amrex::average_down                           3027     0.3239     0.4263      0.784   0.15%
FLD::MLABecLapAMG::solve                        20     0.2769     0.3768     0.6208   0.12%
FLD::composite_topology                          2     0.2925     0.3836     0.5317   0.10%
FabArrayBase::CPC::define()                  11327    0.03414    0.08547      0.484   0.09%
FLD::cloud_residual                            109     0.2158     0.2652     0.4588   0.09%
FLD::NewtonKrylov::solve                         1    0.04051     0.1548     0.4499   0.09%
SpMatrix::gather_pair_plan                    2833     0.2558     0.3421     0.4079   0.08%
CellConservativeLinear::interp()               588          0     0.0426     0.3006   0.06%
FabArray::LinComb()                            302    0.08079     0.1022     0.1822   0.04%
FabArray::mult()                              3556    0.08645     0.1088     0.1818   0.03%
GMRES:build_solution()                          42    0.03197     0.0537     0.1308   0.03%
FLD::cloud_predictor                            20    0.05539    0.07793     0.1133   0.02%
FLD::cloud_newton_prepare                       22    0.06741    0.07524     0.1071   0.02%
FabArray::ParallelCopy()                     40340    0.04478    0.05899    0.08817   0.02%
FillPatchTwoLevels                            4118    0.02094    0.02887    0.05638   0.01%
FabArrayBase::getCPC()                       14354    0.01698    0.02569    0.05152   0.01%
FLD::cloud_setup                                 1    0.00954    0.04199    0.05101   0.01%
SpMatrix::gatherRemotePair                    2833   0.005485    0.01579    0.04554   0.01%
GMRES::solve()                                  42   0.006875    0.01149    0.02457   0.00%
FLD::MLABecLapAMG::preconditioner_cycle       1146   0.005322   0.008605    0.01814   0.00%
FLD::run_cloud                                   1   0.004197   0.009614     0.0169   0.00%
FabArray::FillBoundary()                     16174   0.009165    0.01114    0.01423   0.00%
FLD::cloud_precondition                        901   0.004084   0.005676    0.01003   0.00%
amrex::average_down_w_geom                    3027   0.003183   0.004385   0.008361   0.00%
FillPatchSingleLevel                          8236   0.002825   0.003884   0.007024   0.00%
FillPatchInterp(Fab)                          4118   0.001369   0.002087   0.004689   0.00%
FLD::NewtonKrylov::prepare                      22  3.061e-05  5.679e-05   9.46e-05   0.00%
FLD::NewtonKrylov::linear_solve                 22  3.143e-05  5.206e-05  8.213e-05   0.00%
FLD::cloud_predictors                            1  1.183e-05  2.199e-05  3.278e-05   0.00%
Other                                        26754     0.0232    0.05447     0.1659   0.03%
-------------------------------------------------------------------------------------------

-------------------------------------------------------------------------------------------
Name                                        NCalls  Incl. Min  Incl. Avg  Incl. Max   Max %
-------------------------------------------------------------------------------------------
FLD::run_cloud                                   1      519.9      519.9      519.9 100.00%
FLD::NewtonKrylov::solve                         1        442        442        442  85.01%
GMRES::solve()                                  42      423.5      423.9      424.1  81.57%
GMRES::cycle()                                  42      423.4      423.9      424.1  81.56%
FLD::NewtonKrylov::linear_solve                 22      379.8      380.1      380.2  73.11%
SpMV                                        112192      206.5      219.5      227.6  43.78%
FLD::MLABecLapAMG::assemble                   1029      209.5      211.9      212.8  40.93%
FLD::NewtonKrylov::Jacobian_action             878      181.2      186.5      196.3  37.75%
FLD::MLABecLapAMG::preconditioner_cycle       1146      169.7      183.6      190.4  36.63%
AMG::vcycle                                   1146      169.7      183.6      190.4  36.63%
FLD::cloud_linearized_residual                 878      179.3        181      186.9  35.95%
FLD::cloud_precondition                        901        145      156.6      160.5  30.86%
FLD::MLABecLapAMG::precondition                901      144.8      156.4      160.3  30.82%
ChebyshevSmoother                            19900      115.9      136.8      156.7  30.14%
SpMatrix::finishComm_mv                     112192      32.69        127      153.5  29.52%
FLD::composite_assembly                       1029      61.62      94.78      129.7  24.95%
FabArray::ParallelCopy()                     40340      28.18      69.22      85.27  16.40%
FabArray::ParallelCopy_finish()              40340      17.31      63.14      80.63  15.51%
FLD::cloud_predictors                            1      77.25      77.35      77.44  14.89%
FLD::cloud_predictor                            20      77.25      77.35      77.44  14.89%
AMG::setup                                      42      63.94      65.94      67.51  12.98%
FLD::MLABecLapAMG::residual                    987      49.25      51.34       58.5  11.25%
FLD::MLABecLapAMG::apply                       987      47.36      48.78      53.56  10.30%
FabArray::setVal()                           39036      3.962      9.356      45.99   8.84%
FLD::MLABecLapAMG::solve                        20      44.32      44.36      44.38   8.53%
SpGEMM                                        1038      30.07      34.09       43.3   8.33%
GMRES::GramSchmidt                            1103      31.96      36.94      40.56   7.80%
SpMatrix::prepare_comm_mv                   112540      2.509      30.17      39.63   7.62%
FLD::NewtonKrylov::prepare                      22      38.04      38.06      38.06   7.32%
FLD::cloud_newton_prepare                       22      38.04      38.06      38.06   7.32%
SpMatrix::split_csr                         119517       13.5      18.63      35.15   6.76%
SpMatrix::startComm_mv                      112192      12.94      25.13      29.65   5.70%
FLD::NewtonKrylov::line_search                  23      23.28       23.3      23.32   4.48%
FLD::cloud_residual                            109       22.2      22.43      23.21   4.46%
FabArray::FillBoundary()                     16174      1.393      10.61      22.44   4.32%
FillBoundary_finish()                        14200     0.6376      9.728      21.83   4.20%
FabArray::Saxpy()                            92848      7.157      8.888      15.12   2.91%
FabArray::ParallelCopy_nowait()              40340      4.368      6.026      14.41   2.77%
SpMatrix::define_split                        2422      3.038      6.577      13.07   2.51%
amrex::Copy()                                37864      4.592      6.058      10.86   2.09%
AMG::build_interp_mm                           346       6.51      7.447      9.442   1.82%
SpMatrix::transpose                            692      2.777      6.533      7.832   1.51%
GMRES:build_solution()                          42      6.926      7.374       7.63   1.47%
SpMatrix::startComm_tr                         692      0.632      5.259      6.915   1.33%
amrex::average_down_w_geom                    3027     0.4121     0.7289      6.137   1.18%
amrex::average_down                           3027     0.4089     0.7245       6.13   1.18%
FLD::compute_diffusion                        1030      4.467      4.797      5.085   0.98%
AMG::create_soc                                346      1.607      2.365      4.202   0.81%
FillPatchTwoLevels                            4118      1.355       2.45      3.993   0.77%
AMG::pmis                                      346      2.349      3.323      3.656   0.70%
FillPatchSingleLevel                          8236     0.3181      1.038      3.538   0.68%
AMG::truncate_interp                           346     0.8584      1.192      2.109   0.41%
SpMatrix::preparePairHalo                      346     0.4888      1.423      1.743   0.34%
SpMatrix::finishComm_tr                        692     0.2647     0.6175      1.721   0.33%
FillBoundary_nowait()                        14200     0.3434     0.8705      1.707   0.33%
SpMatrix::gatherRemote                        3525     0.3808     0.9951      1.284   0.25%
SpMatrix::trim_remote_rows                    2932     0.3446     0.4799     0.9507   0.18%
FLD::cloud_setup                                 1      0.492     0.5778     0.6812   0.13%
FLD::composite_topology                          2     0.4268      0.512     0.6146   0.12%
FabArrayBase::getCPC()                       14354    0.05538     0.1112     0.5333   0.10%
FabArrayBase::CPC::define()                  11327    0.03414    0.08547      0.484   0.09%
SpMatrix::gatherRemotePair                    2833     0.2654     0.3579     0.4389   0.08%
SpMatrix::gather_pair_plan                    2833     0.2558     0.3421     0.4079   0.08%
FillPatchInterp(Fab)                          4118   0.001369    0.04468     0.3047   0.06%
CellConservativeLinear::interp()               588          0     0.0426     0.3006   0.06%
FabArray::LinComb()                            302    0.08079     0.1022     0.1822   0.04%
FabArray::mult()                              3556    0.08645     0.1088     0.1818   0.03%
Other                                        26754     0.0582     0.1529     0.4839   0.09%
-------------------------------------------------------------------------------------------

Async Memory Usage:
----------------------------------------------------------------------------------------------------
Name                  Nalloc  AvgMem min  AvgMem avg  AvgMem max  MaxMem min  MaxMem avg  MaxMem max
----------------------------------------------------------------------------------------------------
amrex::average_down  3099648       5   B      12   B     142   B    8192   B    9362   B      12 KiB
----------------------------------------------------------------------------------------------------

Pinned Memory Usage:
----------------------------------------------------------------------------------------------------------------
Name                              Nalloc  AvgMem min  AvgMem avg  AvgMem max  MaxMem min  MaxMem avg  MaxMem max
----------------------------------------------------------------------------------------------------------------
FLD::composite_assembly           197568       0   B    1105 KiB    8504 KiB       0   B    7076 KiB      48 MiB
FLD::composite_topology             6528     536   B    2258   B      12 KiB    1120 KiB    3810 KiB      18 MiB
The_Pinned_Arena::Initialize()       448       0   B       0   B       0   B    8192 KiB    8192 KiB    8192 KiB
FLD::MLABecLapAMG::assemble      7836864    1468 KiB    1771 KiB    2878 KiB    3632 KiB    4410 KiB    7264 KiB
SpGEMM                            343767    3970   B      17 KiB      91 KiB     852 KiB    1993 KiB    5916 KiB
FLD::MLABecLapAMG::apply         2147712      92 KiB     116 KiB     207 KiB    1024 KiB    1243 KiB    2048 KiB
FLD::MLABecLapAMG::precondition  1960576     284 KiB     373 KiB     627 KiB    1024 KiB    1243 KiB    2048 KiB
FLD::MLABecLapAMG::residual      2147712    3461   B    6399   B      18 KiB    1024 KiB    1243 KiB    2048 KiB
FLD::MLABecLapAMG::solve           43520      87 KiB     106 KiB     174 KiB    1024 KiB    1243 KiB    2048 KiB
SpMatrix::finishComm_tr           823840      63   B     388   B    2163   B     185 KiB     385 KiB     864 KiB
SpMatrix::startComm_tr            749058    1757   B    2751   B    3797   B     176 KiB     329 KiB     606 KiB
----------------------------------------------------------------------------------------------------------------

Cpu Memory Usage:
--------------------------------------------------------------------------------------------------------------------
Name                                  Nalloc  AvgMem min  AvgMem avg  AvgMem max  MaxMem min  MaxMem avg  MaxMem max
--------------------------------------------------------------------------------------------------------------------
GMRES::cycle()                        931328    9394 KiB      11 MiB      18 MiB      39 MiB      47 MiB      78 MiB
FLD::cloud_setup                       22848      10 MiB      13 MiB      21 MiB      10 MiB      13 MiB      21 MiB
SpGEMM                               1061649    8200   B      28 KiB     117 KiB    3061 KiB    5888 KiB      12 MiB
FabArray::ParallelCopy_nowait()      5041000      29 KiB     112 KiB     863 KiB     528 KiB    1225 KiB    9399 KiB
FLD::NewtonKrylov::solve               73984    1772 KiB    2152 KiB    3545 KiB    2765 KiB    3357 KiB    5530 KiB
GMRES::solve()                         95744    1570 KiB    1908 KiB    3144 KiB    2150 KiB    2611 KiB    4301 KiB
FLD::NewtonKrylov::Jacobian_action    955264     212 KiB     262 KiB     445 KiB     614 KiB     746 KiB    1229 KiB
FLD::cloud_linearized_residual        955264     159 KiB     194 KiB     319 KiB     614 KiB     746 KiB    1229 KiB
FLD::cloud_newton_prepare              23936      44 KiB      54 KiB      89 KiB     614 KiB     746 KiB    1229 KiB
FLD::cloud_predictor                   43520      91 KiB     110 KiB     182 KiB     614 KiB     746 KiB    1229 KiB
FLD::cloud_residual                   118592      19 KiB      24 KiB      39 KiB     614 KiB     746 KiB    1229 KiB
FillBoundary_nowait()                8851712     334   B    3344   B    8740   B     176 KiB     371 KiB     546 KiB
SpMatrix::startComm_mv              68001950      27 KiB      53 KiB     123 KiB      97 KiB     196 KiB     452 KiB
SpMatrix::gather_pair_plan           2373922      14   B      36   B      89   B      97 KiB     191 KiB     432 KiB
SpMatrix::gatherRemote               2789606      50   B     127   B     179   B      81 KiB     172 KiB     317 KiB
FillPatchTwoLevels                    527104       0   B      18   B     171   B       0   B      11 KiB      82 KiB
CellConservativeLinear::interp()      263552       0   B       0   B       6   B       0   B    1755   B      12 KiB
amrex::average_down                  3099648       5   B      13   B     142   B    8192   B    9362   B      12 KiB
--------------------------------------------------------------------------------------------------------------------


MPICH Slingshot Network Summary: 13 network timeouts

AMReX (26.09-214-gfe5bcbff5c13) finalized
