Initializing AMReX (26.09-214-gfe5bcbff5c13)...
MPI initialized with 448 MPI processes
MPI initialized with thread support level 0
AMReX (26.09-214-gfe5bcbff5c13) initialized
AMG setup messages level=0 phase=strength sends=0 bytes=0 collective_rank_calls=448
AMG setup messages level=0 phase=strength-transpose sends=3519 bytes=144134252 collective_rank_calls=448
AMG setup messages level=0 phase=PMIS sends=66692 bytes=420798496 collective_rank_calls=4032
AMG setup messages level=0 phase=numbering sends=0 bytes=0 collective_rank_calls=448
AMG setup messages level=0 phase=interpolation sends=21114 bytes=192675812 collective_rank_calls=448
AMG setup messages level=0 phase=interpolation-transpose sends=7584 bytes=69655552 collective_rank_calls=448
AMG setup messages level=0 phase=A*P sends=11562 bytes=358069296 collective_rank_calls=448
AMG setup messages level=0 phase=R*(A*P) sends=22752 bytes=504652592 collective_rank_calls=448
AMG setup messages level=1 phase=strength sends=0 bytes=0 collective_rank_calls=448
AMG setup messages level=1 phase=strength-transpose sends=8666 bytes=169763372 collective_rank_calls=448
AMG setup messages level=1 phase=PMIS sends=208842 bytes=345169560 collective_rank_calls=5376
AMG setup messages level=1 phase=numbering sends=0 bytes=0 collective_rank_calls=448
AMG setup messages level=1 phase=interpolation sends=51474 bytes=199147932 collective_rank_calls=448
AMG setup messages level=1 phase=interpolation-transpose sends=8382 bytes=60609408 collective_rank_calls=448
AMG setup messages level=1 phase=A*P sends=28782 bytes=345973792 collective_rank_calls=448
AMG setup messages level=1 phase=R*(A*P) sends=25146 bytes=895335472 collective_rank_calls=448
AMG setup messages level=2 phase=strength sends=0 bytes=0 collective_rank_calls=448
AMG setup messages level=2 phase=strength-transpose sends=9646 bytes=75118992 collective_rank_calls=448
AMG setup messages level=2 phase=PMIS sends=213364 bytes=107043496 collective_rank_calls=4928
AMG setup messages level=2 phase=numbering sends=0 bytes=0 collective_rank_calls=448
AMG setup messages level=2 phase=interpolation sends=57030 bytes=78145708 collective_rank_calls=448
AMG setup messages level=2 phase=interpolation-transpose sends=8315 bytes=17721472 collective_rank_calls=448
AMG setup messages level=2 phase=A*P sends=32724 bytes=140020048 collective_rank_calls=448
AMG setup messages level=2 phase=R*(A*P) sends=24945 bytes=396976976 collective_rank_calls=448
AMG setup messages level=3 phase=strength sends=0 bytes=0 collective_rank_calls=448
AMG setup messages level=3 phase=strength-transpose sends=9814 bytes=18743972 collective_rank_calls=448
AMG setup messages level=3 phase=PMIS sends=198216 bytes=25949888 collective_rank_calls=4480
AMG setup messages level=3 phase=numbering sends=0 bytes=0 collective_rank_calls=448
AMG setup messages level=3 phase=interpolation sends=58086 bytes=21012716 collective_rank_calls=448
AMG setup messages level=3 phase=interpolation-transpose sends=7447 bytes=4234672 collective_rank_calls=448
AMG setup messages level=3 phase=A*P sends=33942 bytes=44979120 collective_rank_calls=448
AMG setup messages level=3 phase=R*(A*P) sends=22341 bytes=111499568 collective_rank_calls=448
AMG setup messages level=4 phase=strength sends=0 bytes=0 collective_rank_calls=448
AMG setup messages level=4 phase=strength-transpose sends=9803 bytes=3731996 collective_rank_calls=448
AMG setup messages level=4 phase=PMIS sends=183744 bytes=6251616 collective_rank_calls=4032
AMG setup messages level=4 phase=numbering sends=0 bytes=0 collective_rank_calls=448
AMG setup messages level=4 phase=interpolation sends=57201 bytes=5097232 collective_rank_calls=448
AMG setup messages level=4 phase=interpolation-transpose sends=5640 bytes=984032 collective_rank_calls=448
AMG setup messages level=4 phase=A*P sends=56004 bytes=16426736 collective_rank_calls=448
AMG setup messages level=4 phase=R*(A*P) sends=16920 bytes=24573520 collective_rank_calls=448
AMG setup messages level=5 phase=strength sends=0 bytes=0 collective_rank_calls=448
AMG setup messages level=5 phase=strength-transpose sends=7853 bytes=648876 collective_rank_calls=448
AMG setup messages level=5 phase=PMIS sends=122190 bytes=1206032 collective_rank_calls=3136
AMG setup messages level=5 phase=numbering sends=0 bytes=0 collective_rank_calls=448
AMG setup messages level=5 phase=interpolation sends=42795 bytes=926752 collective_rank_calls=448
AMG setup messages level=5 phase=interpolation-transpose sends=2757 bytes=225904 collective_rank_calls=448
AMG setup messages level=5 phase=A*P sends=91278 bytes=6067040 collective_rank_calls=448
AMG setup messages level=5 phase=R*(A*P) sends=8271 bytes=3855600 collective_rank_calls=448
AMG setup messages level=6 phase=strength sends=0 bytes=0 collective_rank_calls=448
AMG setup messages level=6 phase=strength-transpose sends=2052 bytes=119252 collective_rank_calls=448
AMG setup messages level=6 phase=PMIS sends=23276 bytes=173880 collective_rank_calls=1792
AMG setup messages level=6 phase=numbering sends=0 bytes=0 collective_rank_calls=448
AMG setup messages level=6 phase=interpolation sends=10110 bytes=139352 collective_rank_calls=448
AMG setup messages level=6 phase=interpolation-transpose sends=971 bytes=63040 collective_rank_calls=448
AMG setup messages level=6 phase=A*P sends=37656 bytes=1348320 collective_rank_calls=448
AMG setup messages level=6 phase=R*(A*P) sends=2913 bytes=518416 collective_rank_calls=448
AMG setup messages level=7 phase=strength sends=0 bytes=0 collective_rank_calls=448
AMG setup messages level=7 phase=strength-transpose sends=520 bytes=30284 collective_rank_calls=448
AMG setup messages level=7 phase=PMIS sends=3568 bytes=34760 collective_rank_calls=896
AMG setup messages level=7 phase=numbering sends=0 bytes=0 collective_rank_calls=448
AMG setup messages level=7 phase=interpolation sends=2325 bytes=22640 collective_rank_calls=448
AMG setup messages level=7 phase=interpolation-transpose sends=263 bytes=17792 collective_rank_calls=448
AMG setup messages level=7 phase=A*P sends=5964 bytes=147552 collective_rank_calls=448
AMG setup messages level=7 phase=R*(A*P) sends=789 bytes=28128 collective_rank_calls=448
AMG setup messages level=0 phase=strength sends=0 bytes=0 collective_rank_calls=448
AMG setup messages level=0 phase=strength-transpose sends=3519 bytes=144095864 collective_rank_calls=448
AMG setup messages level=0 phase=PMIS sends=66692 bytes=420754624 collective_rank_calls=4032
AMG setup messages level=0 phase=numbering sends=0 bytes=0 collective_rank_calls=448
AMG setup messages level=0 phase=interpolation sends=21114 bytes=192473112 collective_rank_calls=448
AMG setup messages level=0 phase=interpolation-transpose sends=7610 bytes=74532032 collective_rank_calls=448
AMG setup messages level=0 phase=A*P sends=11562 bytes=357991984 collective_rank_calls=448
AMG setup messages level=0 phase=R*(A*P) sends=22830 bytes=529380784 collective_rank_calls=448
AMG setup messages level=1 phase=strength sends=0 bytes=0 collective_rank_calls=448
AMG setup messages level=1 phase=strength-transpose sends=8658 bytes=169047796 collective_rank_calls=448
AMG setup messages level=1 phase=PMIS sends=191292 bytes=320387880 collective_rank_calls=4928
AMG setup messages level=1 phase=numbering sends=0 bytes=0 collective_rank_calls=448
AMG setup messages level=1 phase=interpolation sends=51462 bytes=200007724 collective_rank_calls=448
AMG setup messages level=1 phase=interpolation-transpose sends=8368 bytes=59869744 collective_rank_calls=448
AMG setup messages level=1 phase=A*P sends=28686 bytes=349510128 collective_rank_calls=448
AMG setup messages level=1 phase=R*(A*P) sends=25104 bytes=890844128 collective_rank_calls=448
AMG setup messages level=2 phase=strength sends=0 bytes=0 collective_rank_calls=448
AMG setup messages level=2 phase=strength-transpose sends=9629 bytes=74967408 collective_rank_calls=448
AMG setup messages level=2 phase=PMIS sends=212906 bytes=107066296 collective_rank_calls=4928
AMG setup messages level=2 phase=numbering sends=0 bytes=0 collective_rank_calls=448
AMG setup messages level=2 phase=interpolation sends=56979 bytes=78073968 collective_rank_calls=448
AMG setup messages level=2 phase=interpolation-transpose sends=8244 bytes=17706176 collective_rank_calls=448
AMG setup messages level=2 phase=A*P sends=32742 bytes=140307792 collective_rank_calls=448
AMG setup messages level=2 phase=R*(A*P) sends=24732 bytes=397916864 collective_rank_calls=448
AMG setup messages level=3 phase=strength sends=0 bytes=0 collective_rank_calls=448
AMG setup messages level=3 phase=strength-transpose sends=9812 bytes=18755856 collective_rank_calls=448
AMG setup messages level=3 phase=PMIS sends=198110 bytes=26030584 collective_rank_calls=4480
AMG setup messages level=3 phase=numbering sends=0 bytes=0 collective_rank_calls=448
AMG setup messages level=3 phase=interpolation sends=58113 bytes=21120280 collective_rank_calls=448
AMG setup messages level=3 phase=interpolation-transpose sends=7427 bytes=4248208 collective_rank_calls=448
AMG setup messages level=3 phase=A*P sends=33948 bytes=45228192 collective_rank_calls=448
AMG setup messages level=3 phase=R*(A*P) sends=22281 bytes=112196144 collective_rank_calls=448
AMG setup messages level=4 phase=strength sends=0 bytes=0 collective_rank_calls=448
AMG setup messages level=4 phase=strength-transpose sends=9764 bytes=3706628 collective_rank_calls=448
AMG setup messages level=4 phase=PMIS sends=182652 bytes=6274080 collective_rank_calls=4032
AMG setup messages level=4 phase=numbering sends=0 bytes=0 collective_rank_calls=448
AMG setup messages level=4 phase=interpolation sends=56784 bytes=5093540 collective_rank_calls=448
AMG setup messages level=4 phase=interpolation-transpose sends=5732 bytes=992992 collective_rank_calls=448
AMG setup messages level=4 phase=A*P sends=56100 bytes=16521904 collective_rank_calls=448
AMG setup messages level=4 phase=R*(A*P) sends=17196 bytes=25586384 collective_rank_calls=448
AMG setup messages level=5 phase=strength sends=0 bytes=0 collective_rank_calls=448
AMG setup messages level=5 phase=strength-transpose sends=7614 bytes=622284 collective_rank_calls=448
AMG setup messages level=5 phase=PMIS sends=138042 bytes=1330484 collective_rank_calls=3584
AMG setup messages level=5 phase=numbering sends=0 bytes=0 collective_rank_calls=448
AMG setup messages level=5 phase=interpolation sends=41079 bytes=872240 collective_rank_calls=448
AMG setup messages level=5 phase=interpolation-transpose sends=2829 bytes=229392 collective_rank_calls=448
AMG setup messages level=5 phase=A*P sends=95658 bytes=6387392 collective_rank_calls=448
AMG setup messages level=5 phase=R*(A*P) sends=8487 bytes=4378384 collective_rank_calls=448
AMG setup messages level=6 phase=strength sends=0 bytes=0 collective_rank_calls=448
AMG setup messages level=6 phase=strength-transpose sends=2110 bytes=121984 collective_rank_calls=448
AMG setup messages level=6 phase=PMIS sends=29572 bytes=214640 collective_rank_calls=2240
AMG setup messages level=6 phase=numbering sends=0 bytes=0 collective_rank_calls=448
AMG setup messages level=6 phase=interpolation sends=10308 bytes=126812 collective_rank_calls=448
AMG setup messages level=6 phase=interpolation-transpose sends=972 bytes=65792 collective_rank_calls=448
AMG setup messages level=6 phase=A*P sends=41982 bytes=1528592 collective_rank_calls=448
AMG setup messages level=6 phase=R*(A*P) sends=2916 bytes=572496 collective_rank_calls=448
AMG setup messages level=7 phase=strength sends=0 bytes=0 collective_rank_calls=448
AMG setup messages level=7 phase=strength-transpose sends=415 bytes=24128 collective_rank_calls=448
AMG setup messages level=7 phase=PMIS sends=4110 bytes=34736 collective_rank_calls=1344
AMG setup messages level=7 phase=numbering sends=0 bytes=0 collective_rank_calls=448
AMG setup messages level=7 phase=interpolation sends=2091 bytes=17324 collective_rank_calls=448
AMG setup messages level=7 phase=interpolation-transpose sends=126 bytes=8576 collective_rank_calls=448
AMG setup messages level=7 phase=A*P sends=5958 bytes=107472 collective_rank_calls=448
AMG setup messages level=7 phase=R*(A*P) sends=378 bytes=12368 collective_rank_calls=448
AMG setup messages level=0 phase=strength sends=0 bytes=0 collective_rank_calls=448
AMG setup messages level=0 phase=strength-transpose sends=3519 bytes=144076068 collective_rank_calls=448
AMG setup messages level=0 phase=PMIS sends=66692 bytes=420732000 collective_rank_calls=4032
AMG setup messages level=0 phase=numbering sends=0 bytes=0 collective_rank_calls=448
AMG setup messages level=0 phase=interpolation sends=21114 bytes=192459484 collective_rank_calls=448
AMG setup messages level=0 phase=interpolation-transpose sends=7611 bytes=74586816 collective_rank_calls=448
AMG setup messages level=0 phase=A*P sends=11562 bytes=358012976 collective_rank_calls=448
AMG setup messages level=0 phase=R*(A*P) sends=22833 bytes=529823312 collective_rank_calls=448
AMG setup messages level=1 phase=strength sends=0 bytes=0 collective_rank_calls=448
AMG setup messages level=1 phase=strength-transpose sends=8658 bytes=168974432 collective_rank_calls=448
AMG setup messages level=1 phase=PMIS sends=191244 bytes=320345736 collective_rank_calls=4928
AMG setup messages level=1 phase=numbering sends=0 bytes=0 collective_rank_calls=448
AMG setup messages level=1 phase=interpolation sends=51543 bytes=200018728 collective_rank_calls=448
AMG setup messages level=1 phase=interpolation-transpose sends=8351 bytes=59713696 collective_rank_calls=448
AMG setup messages level=1 phase=A*P sends=28896 bytes=349395248 collective_rank_calls=448
AMG setup messages level=1 phase=R*(A*P) sends=25053 bytes=888744720 collective_rank_calls=448
AMG setup messages level=2 phase=strength sends=0 bytes=0 collective_rank_calls=448
AMG setup messages level=2 phase=strength-transpose sends=9606 bytes=74868412 collective_rank_calls=448
AMG setup messages level=2 phase=PMIS sends=193352 bytes=98162024 collective_rank_calls=4480
AMG setup messages level=2 phase=numbering sends=0 bytes=0 collective_rank_calls=448
AMG setup messages level=2 phase=interpolation sends=56961 bytes=78025944 collective_rank_calls=448
AMG setup messages level=2 phase=interpolation-transpose sends=8336 bytes=17734576 collective_rank_calls=448
AMG setup messages level=2 phase=A*P sends=32784 bytes=140318096 collective_rank_calls=448
AMG setup messages level=2 phase=R*(A*P) sends=25008 bytes=397759552 collective_rank_calls=448
AMG setup messages level=3 phase=strength sends=0 bytes=0 collective_rank_calls=448
AMG setup messages level=3 phase=strength-transpose sends=9815 bytes=18666200 collective_rank_calls=448
AMG setup messages level=3 phase=PMIS sends=198269 bytes=26007864 collective_rank_calls=4480
AMG setup messages level=3 phase=numbering sends=0 bytes=0 collective_rank_calls=448
AMG setup messages level=3 phase=interpolation sends=57945 bytes=21020604 collective_rank_calls=448
AMG setup messages level=3 phase=interpolation-transpose sends=7435 bytes=4255184 collective_rank_calls=448
AMG setup messages level=3 phase=A*P sends=33888 bytes=45357696 collective_rank_calls=448
AMG setup messages level=3 phase=R*(A*P) sends=22305 bytes=112857008 collective_rank_calls=448
AMG setup messages level=4 phase=strength sends=0 bytes=0 collective_rank_calls=448
AMG setup messages level=4 phase=strength-transpose sends=9620 bytes=3645896 collective_rank_calls=448
AMG setup messages level=4 phase=PMIS sends=179940 bytes=6277728 collective_rank_calls=4032
AMG setup messages level=4 phase=numbering sends=0 bytes=0 collective_rank_calls=448
AMG setup messages level=4 phase=interpolation sends=55920 bytes=4990728 collective_rank_calls=448
AMG setup messages level=4 phase=interpolation-transpose sends=5685 bytes=1009424 collective_rank_calls=448
AMG setup messages level=4 phase=A*P sends=55854 bytes=16731888 collective_rank_calls=448
AMG setup messages level=4 phase=R*(A*P) sends=17055 bytes=26086336 collective_rank_calls=448
AMG setup messages level=5 phase=strength sends=0 bytes=0 collective_rank_calls=448
AMG setup messages level=5 phase=strength-transpose sends=7106 bytes=588012 collective_rank_calls=448
AMG setup messages level=5 phase=PMIS sends=114348 bytes=1143840 collective_rank_calls=3136
AMG setup messages level=5 phase=numbering sends=0 bytes=0 collective_rank_calls=448
AMG setup messages level=5 phase=interpolation sends=38202 bytes=794520 collective_rank_calls=448
AMG setup messages level=5 phase=interpolation-transpose sends=2613 bytes=226800 collective_rank_calls=448
AMG setup messages level=5 phase=A*P sends=96150 bytes=6574208 collective_rank_calls=448
AMG setup messages level=5 phase=R*(A*P) sends=7839 bytes=4284800 collective_rank_calls=448
AMG setup messages level=6 phase=strength sends=0 bytes=0 collective_rank_calls=448
AMG setup messages level=6 phase=strength-transpose sends=1897 bytes=118680 collective_rank_calls=448
AMG setup messages level=6 phase=PMIS sends=31885 bytes=237160 collective_rank_calls=2688
AMG setup messages level=6 phase=numbering sends=0 bytes=0 collective_rank_calls=448
AMG setup messages level=6 phase=interpolation sends=8448 bytes=122652 collective_rank_calls=448
AMG setup messages level=6 phase=interpolation-transpose sends=918 bytes=62512 collective_rank_calls=448
AMG setup messages level=6 phase=A*P sends=42918 bytes=1555376 collective_rank_calls=448
AMG setup messages level=6 phase=R*(A*P) sends=2754 bytes=741072 collective_rank_calls=448
AMG setup messages level=7 phase=strength sends=0 bytes=0 collective_rank_calls=448
AMG setup messages level=7 phase=strength-transpose sends=624 bytes=40836 collective_rank_calls=448
AMG setup messages level=7 phase=PMIS sends=6128 bytes=61056 collective_rank_calls=1344
AMG setup messages level=7 phase=numbering sends=0 bytes=0 collective_rank_calls=448
AMG setup messages level=7 phase=interpolation sends=3183 bytes=26464 collective_rank_calls=448
AMG setup messages level=7 phase=interpolation-transpose sends=148 bytes=11712 collective_rank_calls=448
AMG setup messages level=7 phase=A*P sends=9978 bytes=204768 collective_rank_calls=448
AMG setup messages level=7 phase=R*(A*P) sends=444 bytes=22672 collective_rank_calls=448
AMG setup messages level=8 phase=strength sends=0 bytes=0 collective_rank_calls=448
AMG setup messages level=8 phase=strength-transpose sends=26 bytes=1532 collective_rank_calls=448
AMG setup messages level=8 phase=PMIS sends=158 bytes=1588 collective_rank_calls=896
AMG setup messages level=8 phase=numbering sends=0 bytes=0 collective_rank_calls=448
AMG setup messages level=8 phase=interpolation sends=78 bytes=540 collective_rank_calls=448
AMG setup messages level=8 phase=interpolation-transpose sends=22 bytes=1536 collective_rank_calls=448
AMG setup messages level=8 phase=A*P sends=180 bytes=3008 collective_rank_calls=448
AMG setup messages level=8 phase=R*(A*P) sends=66 bytes=1664 collective_rank_calls=448
AMG setup messages level=0 phase=strength sends=0 bytes=0 collective_rank_calls=448
AMG setup messages level=0 phase=strength-transpose sends=3519 bytes=144063076 collective_rank_calls=448
AMG setup messages level=0 phase=PMIS sends=66692 bytes=420717152 collective_rank_calls=4032
AMG setup messages level=0 phase=numbering sends=0 bytes=0 collective_rank_calls=448
AMG setup messages level=0 phase=interpolation sends=21114 bytes=192393404 collective_rank_calls=448
AMG setup messages level=0 phase=interpolation-transpose sends=7613 bytes=74611744 collective_rank_calls=448
AMG setup messages level=0 phase=A*P sends=11562 bytes=357966896 collective_rank_calls=448
AMG setup messages level=0 phase=R*(A*P) sends=22839 bytes=529729856 collective_rank_calls=448
AMG setup messages level=1 phase=strength sends=0 bytes=0 collective_rank_calls=448
AMG setup messages level=1 phase=strength-transpose sends=8627 bytes=168900812 collective_rank_calls=448
AMG setup messages level=1 phase=PMIS sends=190574 bytes=320428448 collective_rank_calls=4928
AMG setup messages level=1 phase=numbering sends=0 bytes=0 collective_rank_calls=448
AMG setup messages level=1 phase=interpolation sends=51327 bytes=199919016 collective_rank_calls=448
AMG setup messages level=1 phase=interpolation-transpose sends=8346 bytes=59770688 collective_rank_calls=448
AMG setup messages level=1 phase=A*P sends=28602 bytes=349608656 collective_rank_calls=448
AMG setup messages level=1 phase=R*(A*P) sends=25038 bytes=889132432 collective_rank_calls=448
AMG setup messages level=2 phase=strength sends=0 bytes=0 collective_rank_calls=448
AMG setup messages level=2 phase=strength-transpose sends=9656 bytes=74687232 collective_rank_calls=448
AMG setup messages level=2 phase=PMIS sends=213728 bytes=106937552 collective_rank_calls=4928
AMG setup messages level=2 phase=numbering sends=0 bytes=0 collective_rank_calls=448
AMG setup messages level=2 phase=interpolation sends=57189 bytes=77825068 collective_rank_calls=448
AMG setup messages level=2 phase=interpolation-transpose sends=8324 bytes=17777888 collective_rank_calls=448
AMG setup messages level=2 phase=A*P sends=32766 bytes=140192752 collective_rank_calls=448
AMG setup messages level=2 phase=R*(A*P) sends=24972 bytes=399395504 collective_rank_calls=448
AMG setup messages level=3 phase=strength sends=0 bytes=0 collective_rank_calls=448
AMG setup messages level=3 phase=strength-transpose sends=9843 bytes=18495056 collective_rank_calls=448
AMG setup messages level=3 phase=PMIS sends=238559 bytes=30703960 collective_rank_calls=5376
AMG setup messages level=3 phase=numbering sends=0 bytes=0 collective_rank_calls=448
AMG setup messages level=3 phase=interpolation sends=58227 bytes=20888240 collective_rank_calls=448
AMG setup messages level=3 phase=interpolation-transpose sends=7427 bytes=4310864 collective_rank_calls=448
AMG setup messages level=3 phase=A*P sends=33762 bytes=45492672 collective_rank_calls=448
AMG setup messages level=3 phase=R*(A*P) sends=22281 bytes=115083952 collective_rank_calls=448
AMG setup messages level=4 phase=strength sends=0 bytes=0 collective_rank_calls=448
AMG setup messages level=4 phase=strength-transpose sends=9615 bytes=3509340 collective_rank_calls=448
AMG setup messages level=4 phase=PMIS sends=200407 bytes=6796868 collective_rank_calls=4480
AMG setup messages level=4 phase=numbering sends=0 bytes=0 collective_rank_calls=448
AMG setup messages level=4 phase=interpolation sends=55659 bytes=4734900 collective_rank_calls=448
AMG setup messages level=4 phase=interpolation-transpose sends=5729 bytes=1026608 collective_rank_calls=448
AMG setup messages level=4 phase=A*P sends=56670 bytes=16990320 collective_rank_calls=448
AMG setup messages level=4 phase=R*(A*P) sends=17187 bytes=26705232 collective_rank_calls=448
AMG setup messages level=5 phase=strength sends=0 bytes=0 collective_rank_calls=448
AMG setup messages level=5 phase=strength-transpose sends=6811 bytes=569140 collective_rank_calls=448
AMG setup messages level=5 phase=PMIS sends=125779 bytes=1254796 collective_rank_calls=3584
AMG setup messages level=5 phase=numbering sends=0 bytes=0 collective_rank_calls=448
AMG setup messages level=5 phase=interpolation sends=36192 bytes=775604 collective_rank_calls=448
AMG setup messages level=5 phase=interpolation-transpose sends=2533 bytes=231408 collective_rank_calls=448
AMG setup messages level=5 phase=A*P sends=95388 bytes=6578304 collective_rank_calls=448
AMG setup messages level=5 phase=R*(A*P) sends=7599 bytes=4580096 collective_rank_calls=448
AMG setup messages level=6 phase=strength sends=0 bytes=0 collective_rank_calls=448
AMG setup messages level=6 phase=strength-transpose sends=1865 bytes=129268 collective_rank_calls=448
AMG setup messages level=6 phase=PMIS sends=21415 bytes=196832 collective_rank_calls=1792
AMG setup messages level=6 phase=numbering sends=0 bytes=0 collective_rank_calls=448
AMG setup messages level=6 phase=interpolation sends=8640 bytes=121720 collective_rank_calls=448
AMG setup messages level=6 phase=interpolation-transpose sends=810 bytes=71840 collective_rank_calls=448
AMG setup messages level=6 phase=A*P sends=45078 bytes=1851712 collective_rank_calls=448
AMG setup messages level=6 phase=R*(A*P) sends=2430 bytes=798144 collective_rank_calls=448
AMG setup messages level=7 phase=strength sends=0 bytes=0 collective_rank_calls=448
AMG setup messages level=7 phase=strength-transpose sends=445 bytes=33708 collective_rank_calls=448
AMG setup messages level=7 phase=PMIS sends=4378 bytes=44848 collective_rank_calls=1344
AMG setup messages level=7 phase=numbering sends=0 bytes=0 collective_rank_calls=448
AMG setup messages level=7 phase=interpolation sends=1884 bytes=20444 collective_rank_calls=448
AMG setup messages level=7 phase=interpolation-transpose sends=140 bytes=17744 collective_rank_calls=448
AMG setup messages level=7 phase=A*P sends=11328 bytes=325072 collective_rank_calls=448
AMG setup messages level=7 phase=R*(A*P) sends=420 bytes=45088 collective_rank_calls=448
AMG setup messages level=8 phase=strength sends=0 bytes=0 collective_rank_calls=448
AMG setup messages level=8 phase=strength-transpose sends=53 bytes=5568 collective_rank_calls=448
AMG setup messages level=8 phase=PMIS sends=371 bytes=5064 collective_rank_calls=896
AMG setup messages level=8 phase=numbering sends=0 bytes=0 collective_rank_calls=448
AMG setup messages level=8 phase=interpolation sends=318 bytes=3816 collective_rank_calls=448
AMG setup messages level=8 phase=interpolation-transpose sends=53 bytes=3712 collective_rank_calls=448
AMG setup messages level=8 phase=A*P sends=852 bytes=16576 collective_rank_calls=448
AMG setup messages level=8 phase=R*(A*P) sends=159 bytes=4032 collective_rank_calls=448
AMG setup messages level=0 phase=strength sends=0 bytes=0 collective_rank_calls=448
AMG setup messages level=0 phase=strength-transpose sends=3519 bytes=144052072 collective_rank_calls=448
AMG setup messages level=0 phase=PMIS sends=74065 bytes=462336288 collective_rank_calls=4480
AMG setup messages level=0 phase=numbering sends=0 bytes=0 collective_rank_calls=448
AMG setup messages level=0 phase=interpolation sends=21114 bytes=192509768 collective_rank_calls=448
AMG setup messages level=0 phase=interpolation-transpose sends=7577 bytes=74624192 collective_rank_calls=448
AMG setup messages level=0 phase=A*P sends=11562 bytes=358004608 collective_rank_calls=448
AMG setup messages level=0 phase=R*(A*P) sends=22731 bytes=529896976 collective_rank_calls=448
AMG setup messages level=1 phase=strength sends=0 bytes=0 collective_rank_calls=448
AMG setup messages level=1 phase=strength-transpose sends=8666 bytes=168803432 collective_rank_calls=448
AMG setup messages level=1 phase=PMIS sends=208712 bytes=346766964 collective_rank_calls=5376
AMG setup messages level=1 phase=numbering sends=0 bytes=0 collective_rank_calls=448
AMG setup messages level=1 phase=interpolation sends=51579 bytes=199600740 collective_rank_calls=448
AMG setup messages level=1 phase=interpolation-transpose sends=8386 bytes=59793248 collective_rank_calls=448
AMG setup messages level=1 phase=A*P sends=28830 bytes=349449616 collective_rank_calls=448
AMG setup messages level=1 phase=R*(A*P) sends=25158 bytes=889860384 collective_rank_calls=448
AMG setup messages level=2 phase=strength sends=0 bytes=0 collective_rank_calls=448
AMG setup messages level=2 phase=strength-transpose sends=9621 bytes=74463344 collective_rank_calls=448
AMG setup messages level=2 phase=PMIS sends=193663 bytes=98069508 collective_rank_calls=4480
AMG setup messages level=2 phase=numbering sends=0 bytes=0 collective_rank_calls=448
AMG setup messages level=2 phase=interpolation sends=57027 bytes=77732296 collective_rank_calls=448
AMG setup messages level=2 phase=interpolation-transpose sends=8281 bytes=17759008 collective_rank_calls=448
AMG setup messages level=2 phase=A*P sends=32760 bytes=140167856 collective_rank_calls=448
AMG setup messages level=2 phase=R*(A*P) sends=24843 bytes=399919280 collective_rank_calls=448
AMG setup messages level=3 phase=strength sends=0 bytes=0 collective_rank_calls=448
AMG setup messages level=3 phase=strength-transpose sends=9746 bytes=18268300 collective_rank_calls=448
AMG setup messages level=3 phase=PMIS sends=216716 bytes=28266752 collective_rank_calls=4928
AMG setup messages level=3 phase=numbering sends=0 bytes=0 collective_rank_calls=448
AMG setup messages level=3 phase=interpolation sends=57555 bytes=20699416 collective_rank_calls=448
AMG setup messages level=3 phase=interpolation-transpose sends=7467 bytes=4338672 collective_rank_calls=448
AMG setup messages level=3 phase=A*P sends=33876 bytes=45546288 collective_rank_calls=448
AMG setup messages level=3 phase=R*(A*P) sends=22401 bytes=116512544 collective_rank_calls=448
AMG setup messages level=4 phase=strength sends=0 bytes=0 collective_rank_calls=448
AMG setup messages level=4 phase=strength-transpose sends=9566 bytes=3387400 collective_rank_calls=448
AMG setup messages level=4 phase=PMIS sends=200428 bytes=6737024 collective_rank_calls=4480
AMG setup messages level=4 phase=numbering sends=0 bytes=0 collective_rank_calls=448
AMG setup messages level=4 phase=interpolation sends=55452 bytes=4598532 collective_rank_calls=448
AMG setup messages level=4 phase=interpolation-transpose sends=5723 bytes=1029504 collective_rank_calls=448
AMG setup messages level=4 phase=A*P sends=56616 bytes=17087088 collective_rank_calls=448
AMG setup messages level=4 phase=R*(A*P) sends=17169 bytes=27192448 collective_rank_calls=448
AMG setup messages level=5 phase=strength sends=0 bytes=0 collective_rank_calls=448
AMG setup messages level=5 phase=strength-transpose sends=6257 bytes=524172 collective_rank_calls=448
AMG setup messages level=5 phase=PMIS sends=103350 bytes=1046288 collective_rank_calls=3136
AMG setup messages level=5 phase=numbering sends=0 bytes=0 collective_rank_calls=448
AMG setup messages level=5 phase=interpolation sends=33459 bytes=667932 collective_rank_calls=448
AMG setup messages level=5 phase=interpolation-transpose sends=2420 bytes=215344 collective_rank_calls=448
AMG setup messages level=5 phase=A*P sends=94272 bytes=6483232 collective_rank_calls=448
AMG setup messages level=5 phase=R*(A*P) sends=7260 bytes=4604896 collective_rank_calls=448
AMG setup messages level=6 phase=strength sends=0 bytes=0 collective_rank_calls=448
AMG setup messages level=6 phase=strength-transpose sends=1699 bytes=117644 collective_rank_calls=448
AMG setup messages level=6 phase=PMIS sends=29439 bytes=251516 collective_rank_calls=2688
AMG setup messages level=6 phase=numbering sends=0 bytes=0 collective_rank_calls=448
AMG setup messages level=6 phase=interpolation sends=8019 bytes=106268 collective_rank_calls=448
AMG setup messages level=6 phase=interpolation-transpose sends=738 bytes=72768 collective_rank_calls=448
AMG setup messages level=6 phase=A*P sends=45582 bytes=1853744 collective_rank_calls=448
AMG setup messages level=6 phase=R*(A*P) sends=2214 bytes=613600 collective_rank_calls=448
AMG setup messages level=7 phase=strength sends=0 bytes=0 collective_rank_calls=448
AMG setup messages level=7 phase=strength-transpose sends=388 bytes=32876 collective_rank_calls=448
AMG setup messages level=7 phase=PMIS sends=4944 bytes=53116 collective_rank_calls=1792
AMG setup messages level=7 phase=numbering sends=0 bytes=0 collective_rank_calls=448
AMG setup messages level=7 phase=interpolation sends=1836 bytes=18300 collective_rank_calls=448
AMG setup messages level=7 phase=interpolation-transpose sends=120 bytes=8640 collective_rank_calls=448
AMG setup messages level=7 phase=A*P sends=6948 bytes=173792 collective_rank_calls=448
AMG setup messages level=7 phase=R*(A*P) sends=360 bytes=49952 collective_rank_calls=448
AMG setup messages level=8 phase=strength sends=0 bytes=0 collective_rank_calls=448
AMG setup messages level=8 phase=strength-transpose sends=68 bytes=4656 collective_rank_calls=448
AMG setup messages level=8 phase=PMIS sends=398 bytes=5032 collective_rank_calls=896
AMG setup messages level=8 phase=numbering sends=0 bytes=0 collective_rank_calls=448
AMG setup messages level=8 phase=interpolation sends=204 bytes=1460 collective_rank_calls=448
AMG setup messages level=8 phase=interpolation-transpose sends=55 bytes=4672 collective_rank_calls=448
AMG setup messages level=8 phase=A*P sends=1050 bytes=24000 collective_rank_calls=448
AMG setup messages level=8 phase=R*(A*P) sends=165 bytes=5824 collective_rank_calls=448
AMG setup messages level=0 phase=strength sends=0 bytes=0 collective_rank_calls=448
AMG setup messages level=0 phase=strength-transpose sends=3519 bytes=144032220 collective_rank_calls=448
AMG setup messages level=0 phase=PMIS sends=59319 bytes=379039444 collective_rank_calls=3584
AMG setup messages level=0 phase=numbering sends=0 bytes=0 collective_rank_calls=448
AMG setup messages level=0 phase=interpolation sends=21114 bytes=192534836 collective_rank_calls=448
AMG setup messages level=0 phase=interpolation-transpose sends=7604 bytes=74627712 collective_rank_calls=448
AMG setup messages level=0 phase=A*P sends=11562 bytes=358007248 collective_rank_calls=448
AMG setup messages level=0 phase=R*(A*P) sends=22812 bytes=529930080 collective_rank_calls=448
AMG setup messages level=1 phase=strength sends=0 bytes=0 collective_rank_calls=448
AMG setup messages level=1 phase=strength-transpose sends=8656 bytes=168683740 collective_rank_calls=448
AMG setup messages level=1 phase=PMIS sends=208628 bytes=346647120 collective_rank_calls=5376
AMG setup messages level=1 phase=numbering sends=0 bytes=0 collective_rank_calls=448
AMG setup messages level=1 phase=interpolation sends=51450 bytes=199507332 collective_rank_calls=448
AMG setup messages level=1 phase=interpolation-transpose sends=8365 bytes=59792496 collective_rank_calls=448
AMG setup messages level=1 phase=A*P sends=28662 bytes=349400400 collective_rank_calls=448
AMG setup messages level=1 phase=R*(A*P) sends=25095 bytes=889999520 collective_rank_calls=448
AMG setup messages level=2 phase=strength sends=0 bytes=0 collective_rank_calls=448
AMG setup messages level=2 phase=strength-transpose sends=9589 bytes=74299196 collective_rank_calls=448
AMG setup messages level=2 phase=PMIS sends=212290 bytes=106908544 collective_rank_calls=4928
AMG setup messages level=2 phase=numbering sends=0 bytes=0 collective_rank_calls=448
AMG setup messages level=2 phase=interpolation sends=56709 bytes=77713408 collective_rank_calls=448
AMG setup messages level=2 phase=interpolation-transpose sends=8247 bytes=17765056 collective_rank_calls=448
AMG setup messages level=2 phase=A*P sends=32784 bytes=140295712 collective_rank_calls=448
AMG setup messages level=2 phase=R*(A*P) sends=24741 bytes=400699008 collective_rank_calls=448
AMG setup messages level=3 phase=strength sends=0 bytes=0 collective_rank_calls=448
AMG setup messages level=3 phase=strength-transpose sends=9711 bytes=18102436 collective_rank_calls=448
AMG setup messages level=3 phase=PMIS sends=216030 bytes=28333136 collective_rank_calls=4928
AMG setup messages level=3 phase=numbering sends=0 bytes=0 collective_rank_calls=448
AMG setup messages level=3 phase=interpolation sends=57402 bytes=20677824 collective_rank_calls=448
AMG setup messages level=3 phase=interpolation-transpose sends=7425 bytes=4368928 collective_rank_calls=448
AMG setup messages level=3 phase=A*P sends=33948 bytes=45829040 collective_rank_calls=448
AMG setup messages level=3 phase=R*(A*P) sends=22275 bytes=118569696 collective_rank_calls=448
AMG setup messages level=4 phase=strength sends=0 bytes=0 collective_rank_calls=448
AMG setup messages level=4 phase=strength-transpose sends=9423 bytes=3269108 collective_rank_calls=448
AMG setup messages level=4 phase=PMIS sends=157959 bytes=5451488 collective_rank_calls=3584
AMG setup messages level=4 phase=numbering sends=0 bytes=0 collective_rank_calls=448
AMG setup messages level=4 phase=interpolation sends=54597 bytes=4325552 collective_rank_calls=448
AMG setup messages level=4 phase=interpolation-transpose sends=5701 bytes=1038752 collective_rank_calls=448
AMG setup messages level=4 phase=A*P sends=56610 bytes=17327584 collective_rank_calls=448
AMG setup messages level=4 phase=R*(A*P) sends=17103 bytes=28075920 collective_rank_calls=448
AMG setup messages level=5 phase=strength sends=0 bytes=0 collective_rank_calls=448
AMG setup messages level=5 phase=strength-transpose sends=5869 bytes=474756 collective_rank_calls=448
AMG setup messages level=5 phase=PMIS sends=97550 bytes=961856 collective_rank_calls=3136
AMG setup messages level=5 phase=numbering sends=0 bytes=0 collective_rank_calls=448
AMG setup messages level=5 phase=interpolation sends=30948 bytes=594684 collective_rank_calls=448
AMG setup messages level=5 phase=interpolation-transpose sends=2331 bytes=218096 collective_rank_calls=448
AMG setup messages level=5 phase=A*P sends=95412 bytes=6642976 collective_rank_calls=448
AMG setup messages level=5 phase=R*(A*P) sends=6993 bytes=4604256 collective_rank_calls=448
AMG setup messages level=6 phase=strength sends=0 bytes=0 collective_rank_calls=448
AMG setup messages level=6 phase=strength-transpose sends=1737 bytes=129136 collective_rank_calls=448
AMG setup messages level=6 phase=PMIS sends=20381 bytes=210636 collective_rank_calls=1792
AMG setup messages level=6 phase=numbering sends=0 bytes=0 collective_rank_calls=448
AMG setup messages level=6 phase=interpolation sends=8106 bytes=95276 collective_rank_calls=448
AMG setup messages level=6 phase=interpolation-transpose sends=897 bytes=75088 collective_rank_calls=448
AMG setup messages level=6 phase=A*P sends=42786 bytes=1842064 collective_rank_calls=448
AMG setup messages level=6 phase=R*(A*P) sends=2691 bytes=953200 collective_rank_calls=448
AMG setup messages level=7 phase=strength sends=0 bytes=0 collective_rank_calls=448
AMG setup messages level=7 phase=strength-transpose sends=350 bytes=24624 collective_rank_calls=448
AMG setup messages level=7 phase=PMIS sends=3452 bytes=37712 collective_rank_calls=1344
AMG setup messages level=7 phase=numbering sends=0 bytes=0 collective_rank_calls=448
AMG setup messages level=7 phase=interpolation sends=1503 bytes=13728 collective_rank_calls=448
AMG setup messages level=7 phase=interpolation-transpose sends=198 bytes=16368 collective_rank_calls=448
AMG setup messages level=7 phase=A*P sends=9822 bytes=307376 collective_rank_calls=448
AMG setup messages level=7 phase=R*(A*P) sends=594 bytes=89856 collective_rank_calls=448
AMG setup messages level=8 phase=strength sends=0 bytes=0 collective_rank_calls=448
AMG setup messages level=8 phase=strength-transpose sends=122 bytes=8544 collective_rank_calls=448
AMG setup messages level=8 phase=PMIS sends=734 bytes=9520 collective_rank_calls=896
AMG setup messages level=8 phase=numbering sends=0 bytes=0 collective_rank_calls=448
AMG setup messages level=8 phase=interpolation sends=366 bytes=2600 collective_rank_calls=448
AMG setup messages level=8 phase=interpolation-transpose sends=102 bytes=8832 collective_rank_calls=448
AMG setup messages level=8 phase=A*P sends=1920 bytes=68416 collective_rank_calls=448
AMG setup messages level=8 phase=R*(A*P) sends=306 bytes=16704 collective_rank_calls=448
AMG setup messages level=0 phase=strength sends=0 bytes=0 collective_rank_calls=448
AMG setup messages level=0 phase=strength-transpose sends=3519 bytes=144008336 collective_rank_calls=448
AMG setup messages level=0 phase=PMIS sends=66692 bytes=420614656 collective_rank_calls=4032
AMG setup messages level=0 phase=numbering sends=0 bytes=0 collective_rank_calls=448
AMG setup messages level=0 phase=interpolation sends=21114 bytes=192436320 collective_rank_calls=448
AMG setup messages level=0 phase=interpolation-transpose sends=7616 bytes=74593104 collective_rank_calls=448
AMG setup messages level=0 phase=A*P sends=11562 bytes=357949376 collective_rank_calls=448
AMG setup messages level=0 phase=R*(A*P) sends=22848 bytes=529634944 collective_rank_calls=448
AMG setup messages level=1 phase=strength sends=0 bytes=0 collective_rank_calls=448
AMG setup messages level=1 phase=strength-transpose sends=8609 bytes=168633428 collective_rank_calls=448
AMG setup messages level=1 phase=PMIS sends=207435 bytes=346806948 collective_rank_calls=5376
AMG setup messages level=1 phase=numbering sends=0 bytes=0 collective_rank_calls=448
AMG setup messages level=1 phase=interpolation sends=51219 bytes=199492776 collective_rank_calls=448
AMG setup messages level=1 phase=interpolation-transpose sends=8353 bytes=59753840 collective_rank_calls=448
AMG setup messages level=1 phase=A*P sends=28692 bytes=349396512 collective_rank_calls=448
AMG setup messages level=1 phase=R*(A*P) sends=25059 bytes=889172960 collective_rank_calls=448
AMG setup messages level=2 phase=strength sends=0 bytes=0 collective_rank_calls=448
AMG setup messages level=2 phase=strength-transpose sends=9625 bytes=74052360 collective_rank_calls=448
AMG setup messages level=2 phase=PMIS sends=213226 bytes=106857920 collective_rank_calls=4928
AMG setup messages level=2 phase=numbering sends=0 bytes=0 collective_rank_calls=448
AMG setup messages level=2 phase=interpolation sends=56964 bytes=77493564 collective_rank_calls=448
AMG setup messages level=2 phase=interpolation-transpose sends=8263 bytes=17833184 collective_rank_calls=448
AMG setup messages level=2 phase=A*P sends=32748 bytes=140297344 collective_rank_calls=448
AMG setup messages level=2 phase=R*(A*P) sends=24789 bytes=402829072 collective_rank_calls=448
AMG setup messages level=3 phase=strength sends=0 bytes=0 collective_rank_calls=448
AMG setup messages level=3 phase=strength-transpose sends=9786 bytes=17922424 collective_rank_calls=448
AMG setup messages level=3 phase=PMIS sends=217932 bytes=28342184 collective_rank_calls=4928
AMG setup messages level=3 phase=numbering sends=0 bytes=0 collective_rank_calls=448
AMG setup messages level=3 phase=interpolation sends=57954 bytes=20507840 collective_rank_calls=448
AMG setup messages level=3 phase=interpolation-transpose sends=7449 bytes=4418688 collective_rank_calls=448
AMG setup messages level=3 phase=A*P sends=34002 bytes=46053088 collective_rank_calls=448
AMG setup messages level=3 phase=R*(A*P) sends=22347 bytes=119799040 collective_rank_calls=448
AMG setup messages level=4 phase=strength sends=0 bytes=0 collective_rank_calls=448
AMG setup messages level=4 phase=strength-transpose sends=9285 bytes=3132400 collective_rank_calls=448
AMG setup messages level=4 phase=PMIS sends=176220 bytes=5906432 collective_rank_calls=4032
AMG setup messages level=4 phase=numbering sends=0 bytes=0 collective_rank_calls=448
AMG setup messages level=4 phase=interpolation sends=53532 bytes=4101480 collective_rank_calls=448
AMG setup messages level=4 phase=interpolation-transpose sends=5682 bytes=1043792 collective_rank_calls=448
AMG setup messages level=4 phase=A*P sends=56736 bytes=17464656 collective_rank_calls=448
AMG setup messages level=4 phase=R*(A*P) sends=17046 bytes=28713296 collective_rank_calls=448
AMG setup messages level=5 phase=strength sends=0 bytes=0 collective_rank_calls=448
AMG setup messages level=5 phase=strength-transpose sends=5599 bytes=461128 collective_rank_calls=448
AMG setup messages level=5 phase=PMIS sends=93050 bytes=932024 collective_rank_calls=3136
AMG setup messages level=5 phase=numbering sends=0 bytes=0 collective_rank_calls=448
AMG setup messages level=5 phase=interpolation sends=29385 bytes=589692 collective_rank_calls=448
AMG setup messages level=5 phase=interpolation-transpose sends=2342 bytes=220320 collective_rank_calls=448
AMG setup messages level=5 phase=A*P sends=95850 bytes=6929728 collective_rank_calls=448
AMG setup messages level=5 phase=R*(A*P) sends=7026 bytes=5174752 collective_rank_calls=448
AMG setup messages level=6 phase=strength sends=0 bytes=0 collective_rank_calls=448
AMG setup messages level=6 phase=strength-transpose sends=1861 bytes=133776 collective_rank_calls=448
AMG setup messages level=6 phase=PMIS sends=26740 bytes=250464 collective_rank_calls=2240
AMG setup messages level=6 phase=numbering sends=0 bytes=0 collective_rank_calls=448
AMG setup messages level=6 phase=interpolation sends=8403 bytes=102432 collective_rank_calls=448
AMG setup messages level=6 phase=interpolation-transpose sends=754 bytes=69856 collective_rank_calls=448
AMG setup messages level=6 phase=A*P sends=49524 bytes=2057472 collective_rank_calls=448
AMG setup messages level=6 phase=R*(A*P) sends=2262 bytes=1002048 collective_rank_calls=448
AMG setup messages level=7 phase=strength sends=0 bytes=0 collective_rank_calls=448
AMG setup messages level=7 phase=strength-transpose sends=390 bytes=32712 collective_rank_calls=448
AMG setup messages level=7 phase=PMIS sends=3756 bytes=44328 collective_rank_calls=1344
AMG setup messages level=7 phase=numbering sends=0 bytes=0 collective_rank_calls=448
AMG setup messages level=7 phase=interpolation sends=1701 bytes=18844 collective_rank_calls=448
AMG setup messages level=7 phase=interpolation-transpose sends=262 bytes=22560 collective_rank_calls=448
AMG setup messages level=7 phase=A*P sends=14556 bytes=421104 collective_rank_calls=448
AMG setup messages level=7 phase=R*(A*P) sends=786 bytes=42352 collective_rank_calls=448
AMG setup messages level=0 phase=strength sends=0 bytes=0 collective_rank_calls=448
AMG setup messages level=0 phase=strength-transpose sends=3519 bytes=143979860 collective_rank_calls=448
AMG setup messages level=0 phase=PMIS sends=66692 bytes=420546496 collective_rank_calls=4032
AMG setup messages level=0 phase=numbering sends=0 bytes=0 collective_rank_calls=448
AMG setup messages level=0 phase=interpolation sends=21114 bytes=192300300 collective_rank_calls=448
AMG setup messages level=0 phase=interpolation-transpose sends=7614 bytes=74559552 collective_rank_calls=448
AMG setup messages level=0 phase=A*P sends=11562 bytes=357886432 collective_rank_calls=448
AMG setup messages level=0 phase=R*(A*P) sends=22842 bytes=529216544 collective_rank_calls=448
AMG setup messages level=1 phase=strength sends=0 bytes=0 collective_rank_calls=448
AMG setup messages level=1 phase=strength-transpose sends=8690 bytes=168653080 collective_rank_calls=448
AMG setup messages level=1 phase=PMIS sends=191948 bytes=320244824 collective_rank_calls=4928
AMG setup messages level=1 phase=numbering sends=0 bytes=0 collective_rank_calls=448
AMG setup messages level=1 phase=interpolation sends=51645 bytes=199438052 collective_rank_calls=448
AMG setup messages level=1 phase=interpolation-transpose sends=8394 bytes=59797376 collective_rank_calls=448
AMG setup messages level=1 phase=A*P sends=28764 bytes=349278256 collective_rank_calls=448
AMG setup messages level=1 phase=R*(A*P) sends=25182 bytes=890055104 collective_rank_calls=448
AMG setup messages level=2 phase=strength sends=0 bytes=0 collective_rank_calls=448
AMG setup messages level=2 phase=strength-transpose sends=9644 bytes=73905460 collective_rank_calls=448
AMG setup messages level=2 phase=PMIS sends=194222 bytes=98049492 collective_rank_calls=4480
AMG setup messages level=2 phase=numbering sends=0 bytes=0 collective_rank_calls=448
AMG setup messages level=2 phase=interpolation sends=57057 bytes=77447116 collective_rank_calls=448
AMG setup messages level=2 phase=interpolation-transpose sends=8312 bytes=17810160 collective_rank_calls=448
AMG setup messages level=2 phase=A*P sends=32796 bytes=140386528 collective_rank_calls=448
AMG setup messages level=2 phase=R*(A*P) sends=24936 bytes=402836784 collective_rank_calls=448
AMG setup messages level=3 phase=strength sends=0 bytes=0 collective_rank_calls=448
AMG setup messages level=3 phase=strength-transpose sends=9748 bytes=17705564 collective_rank_calls=448
AMG setup messages level=3 phase=PMIS sends=217000 bytes=28269608 collective_rank_calls=4928
AMG setup messages level=3 phase=numbering sends=0 bytes=0 collective_rank_calls=448
AMG setup messages level=3 phase=interpolation sends=57483 bytes=20332328 collective_rank_calls=448
AMG setup messages level=3 phase=interpolation-transpose sends=7419 bytes=4425088 collective_rank_calls=448
AMG setup messages level=3 phase=A*P sends=34014 bytes=46193600 collective_rank_calls=448
AMG setup messages level=3 phase=R*(A*P) sends=22257 bytes=121097088 collective_rank_calls=448
AMG setup messages level=4 phase=strength sends=0 bytes=0 collective_rank_calls=448
AMG setup messages level=4 phase=strength-transpose sends=9275 bytes=3110608 collective_rank_calls=448
AMG setup messages level=4 phase=PMIS sends=234053 bytes=7627120 collective_rank_calls=5376
AMG setup messages level=4 phase=numbering sends=0 bytes=0 collective_rank_calls=448
AMG setup messages level=4 phase=interpolation sends=53406 bytes=4090476 collective_rank_calls=448
AMG setup messages level=4 phase=interpolation-transpose sends=5581 bytes=1050928 collective_rank_calls=448
AMG setup messages level=4 phase=A*P sends=57330 bytes=17760896 collective_rank_calls=448
AMG setup messages level=4 phase=R*(A*P) sends=16743 bytes=29132224 collective_rank_calls=448
AMG setup messages level=5 phase=strength sends=0 bytes=0 collective_rank_calls=448
AMG setup messages level=5 phase=strength-transpose sends=5611 bytes=487012 collective_rank_calls=448
AMG setup messages level=5 phase=PMIS sends=79939 bytes=877404 collective_rank_calls=2688
AMG setup messages level=5 phase=numbering sends=0 bytes=0 collective_rank_calls=448
AMG setup messages level=5 phase=interpolation sends=29382 bytes=565020 collective_rank_calls=448
AMG setup messages level=5 phase=interpolation-transpose sends=2229 bytes=218896 collective_rank_calls=448
AMG setup messages level=5 phase=A*P sends=91446 bytes=6884176 collective_rank_calls=448
AMG setup messages level=5 phase=R*(A*P) sends=6687 bytes=5367872 collective_rank_calls=448
AMG setup messages level=6 phase=strength sends=0 bytes=0 collective_rank_calls=448
AMG setup messages level=6 phase=strength-transpose sends=1890 bytes=141320 collective_rank_calls=448
AMG setup messages level=6 phase=PMIS sends=21960 bytes=231288 collective_rank_calls=1792
AMG setup messages level=6 phase=numbering sends=0 bytes=0 collective_rank_calls=448
AMG setup messages level=6 phase=interpolation sends=8658 bytes=114420 collective_rank_calls=448
AMG setup messages level=6 phase=interpolation-transpose sends=981 bytes=82544 collective_rank_calls=448
AMG setup messages level=6 phase=A*P sends=47364 bytes=2107920 collective_rank_calls=448
AMG setup messages level=6 phase=R*(A*P) sends=2943 bytes=1120160 collective_rank_calls=448
AMG setup messages level=7 phase=strength sends=0 bytes=0 collective_rank_calls=448
AMG setup messages level=7 phase=strength-transpose sends=463 bytes=35096 collective_rank_calls=448
AMG setup messages level=7 phase=PMIS sends=7180 bytes=75088 collective_rank_calls=2240
AMG setup messages level=7 phase=numbering sends=0 bytes=0 collective_rank_calls=448
AMG setup messages level=7 phase=interpolation sends=2085 bytes=20108 collective_rank_calls=448
AMG setup messages level=7 phase=interpolation-transpose sends=270 bytes=23760 collective_rank_calls=448
AMG setup messages level=7 phase=A*P sends=12630 bytes=442464 collective_rank_calls=448
AMG setup messages level=7 phase=R*(A*P) sends=810 bytes=149200 collective_rank_calls=448
AMG setup messages level=8 phase=strength sends=0 bytes=0 collective_rank_calls=448
AMG setup messages level=8 phase=strength-transpose sends=147 bytes=9804 collective_rank_calls=448
AMG setup messages level=8 phase=PMIS sends=1005 bytes=11868 collective_rank_calls=896
AMG setup messages level=8 phase=numbering sends=0 bytes=0 collective_rank_calls=448
AMG setup messages level=8 phase=interpolation sends=735 bytes=6076 collective_rank_calls=448
AMG setup messages level=8 phase=interpolation-transpose sends=47 bytes=3728 collective_rank_calls=448
AMG setup messages level=8 phase=A*P sends=1782 bytes=38592 collective_rank_calls=448
AMG setup messages level=8 phase=R*(A*P) sends=141 bytes=4448 collective_rank_calls=448
AMG setup messages level=0 phase=strength sends=0 bytes=0 collective_rank_calls=448
AMG setup messages level=0 phase=strength-transpose sends=3519 bytes=143951916 collective_rank_calls=448
AMG setup messages level=0 phase=PMIS sends=66692 bytes=420477312 collective_rank_calls=4032
AMG setup messages level=0 phase=numbering sends=0 bytes=0 collective_rank_calls=448
AMG setup messages level=0 phase=interpolation sends=21114 bytes=192244708 collective_rank_calls=448
AMG setup messages level=0 phase=interpolation-transpose sends=7591 bytes=74474624 collective_rank_calls=448
AMG setup messages level=0 phase=A*P sends=11562 bytes=357825296 collective_rank_calls=448
AMG setup messages level=0 phase=R*(A*P) sends=22773 bytes=528696416 collective_rank_calls=448
AMG setup messages level=1 phase=strength sends=0 bytes=0 collective_rank_calls=448
AMG setup messages level=1 phase=strength-transpose sends=8667 bytes=168607632 collective_rank_calls=448
AMG setup messages level=1 phase=PMIS sends=226308 bytes=373208240 collective_rank_calls=5824
AMG setup messages level=1 phase=numbering sends=0 bytes=0 collective_rank_calls=448
AMG setup messages level=1 phase=interpolation sends=51549 bytes=199385220 collective_rank_calls=448
AMG setup messages level=1 phase=interpolation-transpose sends=8345 bytes=59847600 collective_rank_calls=448
AMG setup messages level=1 phase=A*P sends=28698 bytes=349347888 collective_rank_calls=448
AMG setup messages level=1 phase=R*(A*P) sends=25035 bytes=890041904 collective_rank_calls=448
AMG setup messages level=2 phase=strength sends=0 bytes=0 collective_rank_calls=448
AMG setup messages level=2 phase=strength-transpose sends=9603 bytes=73761368 collective_rank_calls=448
AMG setup messages level=2 phase=PMIS sends=212766 bytes=106895200 collective_rank_calls=4928
AMG setup messages level=2 phase=numbering sends=0 bytes=0 collective_rank_calls=448
AMG setup messages level=2 phase=interpolation sends=56838 bytes=77416036 collective_rank_calls=448
AMG setup messages level=2 phase=interpolation-transpose sends=8318 bytes=17865952 collective_rank_calls=448
AMG setup messages level=2 phase=A*P sends=32766 bytes=140489008 collective_rank_calls=448
AMG setup messages level=2 phase=R*(A*P) sends=24954 bytes=405490256 collective_rank_calls=448
AMG setup messages level=3 phase=strength sends=0 bytes=0 collective_rank_calls=448
AMG setup messages level=3 phase=strength-transpose sends=9757 bytes=17608960 collective_rank_calls=448
AMG setup messages level=3 phase=PMIS sends=236937 bytes=30630696 collective_rank_calls=5376
AMG setup messages level=3 phase=numbering sends=0 bytes=0 collective_rank_calls=448
AMG setup messages level=3 phase=interpolation sends=57501 bytes=20258548 collective_rank_calls=448
AMG setup messages level=3 phase=interpolation-transpose sends=7441 bytes=4490768 collective_rank_calls=448
AMG setup messages level=3 phase=A*P sends=33894 bytes=46581856 collective_rank_calls=448
AMG setup messages level=3 phase=R*(A*P) sends=22323 bytes=123377376 collective_rank_calls=448
AMG setup messages level=4 phase=strength sends=0 bytes=0 collective_rank_calls=448
AMG setup messages level=4 phase=strength-transpose sends=9191 bytes=3132808 collective_rank_calls=448
AMG setup messages level=4 phase=PMIS sends=174448 bytes=5951632 collective_rank_calls=4032
AMG setup messages level=4 phase=numbering sends=0 bytes=0 collective_rank_calls=448
AMG setup messages level=4 phase=interpolation sends=52986 bytes=4121724 collective_rank_calls=448
AMG setup messages level=4 phase=interpolation-transpose sends=5567 bytes=1066688 collective_rank_calls=448
AMG setup messages level=4 phase=A*P sends=57402 bytes=18090032 collective_rank_calls=448
AMG setup messages level=4 phase=R*(A*P) sends=16701 bytes=29930256 collective_rank_calls=448
AMG setup messages level=5 phase=strength sends=0 bytes=0 collective_rank_calls=448
AMG setup messages level=5 phase=strength-transpose sends=5752 bytes=513476 collective_rank_calls=448
AMG setup messages level=5 phase=PMIS sends=94368 bytes=1032072 collective_rank_calls=3136
AMG setup messages level=5 phase=numbering sends=0 bytes=0 collective_rank_calls=448
AMG setup messages level=5 phase=interpolation sends=30405 bytes=598704 collective_rank_calls=448
AMG setup messages level=5 phase=interpolation-transpose sends=2349 bytes=226176 collective_rank_calls=448
AMG setup messages level=5 phase=A*P sends=94830 bytes=7244944 collective_rank_calls=448
AMG setup messages level=5 phase=R*(A*P) sends=7047 bytes=5753248 collective_rank_calls=448
AMG setup messages level=6 phase=strength sends=0 bytes=0 collective_rank_calls=448
AMG setup messages level=6 phase=strength-transpose sends=1783 bytes=137264 collective_rank_calls=448
AMG setup messages level=6 phase=PMIS sends=20849 bytes=233828 collective_rank_calls=1792
AMG setup messages level=6 phase=numbering sends=0 bytes=0 collective_rank_calls=448
AMG setup messages level=6 phase=interpolation sends=8199 bytes=96924 collective_rank_calls=448
AMG setup messages level=6 phase=interpolation-transpose sends=893 bytes=84176 collective_rank_calls=448
AMG setup messages level=6 phase=A*P sends=49818 bytes=2287936 collective_rank_calls=448
AMG setup messages level=6 phase=R*(A*P) sends=2679 bytes=1155344 collective_rank_calls=448
AMG setup messages level=7 phase=strength sends=0 bytes=0 collective_rank_calls=448
AMG setup messages level=7 phase=strength-transpose sends=403 bytes=30632 collective_rank_calls=448
AMG setup messages level=7 phase=PMIS sends=2797 bytes=39072 collective_rank_calls=896
AMG setup messages level=7 phase=numbering sends=0 bytes=0 collective_rank_calls=448
AMG setup messages level=7 phase=interpolation sends=1914 bytes=15580 collective_rank_calls=448
AMG setup messages level=7 phase=interpolation-transpose sends=169 bytes=15296 collective_rank_calls=448
AMG setup messages level=7 phase=A*P sends=11526 bytes=297392 collective_rank_calls=448
AMG setup messages level=7 phase=R*(A*P) sends=507 bytes=29216 collective_rank_calls=448
AMG setup messages level=0 phase=strength sends=0 bytes=0 collective_rank_calls=448
AMG setup messages level=0 phase=strength-transpose sends=3519 bytes=143926772 collective_rank_calls=448
AMG setup messages level=0 phase=PMIS sends=66692 bytes=420414784 collective_rank_calls=4032
AMG setup messages level=0 phase=numbering sends=0 bytes=0 collective_rank_calls=448
AMG setup messages level=0 phase=interpolation sends=21114 bytes=192337132 collective_rank_calls=448
AMG setup messages level=0 phase=interpolation-transpose sends=7612 bytes=74531840 collective_rank_calls=448
AMG setup messages level=0 phase=A*P sends=11562 bytes=357878528 collective_rank_calls=448
AMG setup messages level=0 phase=R*(A*P) sends=22836 bytes=529381984 collective_rank_calls=448
AMG setup messages level=1 phase=strength sends=0 bytes=0 collective_rank_calls=448
AMG setup messages level=1 phase=strength-transpose sends=8690 bytes=168447744 collective_rank_calls=448
AMG setup messages level=1 phase=PMIS sends=192140 bytes=320148416 collective_rank_calls=4928
AMG setup messages level=1 phase=numbering sends=0 bytes=0 collective_rank_calls=448
AMG setup messages level=1 phase=interpolation sends=51669 bytes=199304156 collective_rank_calls=448
AMG setup messages level=1 phase=interpolation-transpose sends=8346 bytes=59768800 collective_rank_calls=448
AMG setup messages level=1 phase=A*P sends=28986 bytes=349290896 collective_rank_calls=448
AMG setup messages level=1 phase=R*(A*P) sends=25038 bytes=889874784 collective_rank_calls=448
AMG setup messages level=2 phase=strength sends=0 bytes=0 collective_rank_calls=448
AMG setup messages level=2 phase=strength-transpose sends=9628 bytes=73668076 collective_rank_calls=448
AMG setup messages level=2 phase=PMIS sends=213304 bytes=106923784 collective_rank_calls=4928
AMG setup messages level=2 phase=numbering sends=0 bytes=0 collective_rank_calls=448
AMG setup messages level=2 phase=interpolation sends=57051 bytes=77451980 collective_rank_calls=448
AMG setup messages level=2 phase=interpolation-transpose sends=8264 bytes=17875680 collective_rank_calls=448
AMG setup messages level=2 phase=A*P sends=32766 bytes=140548048 collective_rank_calls=448
AMG setup messages level=2 phase=R*(A*P) sends=24792 bytes=405728880 collective_rank_calls=448
AMG setup messages level=3 phase=strength sends=0 bytes=0 collective_rank_calls=448
AMG setup messages level=3 phase=strength-transpose sends=9674 bytes=17536132 collective_rank_calls=448
AMG setup messages level=3 phase=PMIS sends=235036 bytes=30656380 collective_rank_calls=5376
AMG setup messages level=3 phase=numbering sends=0 bytes=0 collective_rank_calls=448
AMG setup messages level=3 phase=interpolation sends=57228 bytes=20300272 collective_rank_calls=448
AMG setup messages level=3 phase=interpolation-transpose sends=7457 bytes=4465488 collective_rank_calls=448
AMG setup messages level=3 phase=A*P sends=33906 bytes=46702496 collective_rank_calls=448
AMG setup messages level=3 phase=R*(A*P) sends=22371 bytes=123216032 collective_rank_calls=448
AMG setup messages level=4 phase=strength sends=0 bytes=0 collective_rank_calls=448
AMG setup messages level=4 phase=strength-transpose sends=9174 bytes=3160496 collective_rank_calls=448
AMG setup messages level=4 phase=PMIS sends=155298 bytes=5380660 collective_rank_calls=3584
AMG setup messages level=4 phase=numbering sends=0 bytes=0 collective_rank_calls=448
AMG setup messages level=4 phase=interpolation sends=53019 bytes=4192560 collective_rank_calls=448
AMG setup messages level=4 phase=interpolation-transpose sends=5492 bytes=1069296 collective_rank_calls=448
AMG setup messages level=4 phase=A*P sends=57120 bytes=18222240 collective_rank_calls=448
AMG setup messages level=4 phase=R*(A*P) sends=16476 bytes=30772768 collective_rank_calls=448
AMG setup messages level=5 phase=strength sends=0 bytes=0 collective_rank_calls=448
AMG setup messages level=5 phase=strength-transpose sends=6089 bytes=561228 collective_rank_calls=448
AMG setup messages level=5 phase=PMIS sends=112625 bytes=1260196 collective_rank_calls=3584
AMG setup messages level=5 phase=numbering sends=0 bytes=0 collective_rank_calls=448
AMG setup messages level=5 phase=interpolation sends=32379 bytes=668368 collective_rank_calls=448
AMG setup messages level=5 phase=interpolation-transpose sends=2463 bytes=248192 collective_rank_calls=448
AMG setup messages level=5 phase=A*P sends=94470 bytes=7710928 collective_rank_calls=448
AMG setup messages level=5 phase=R*(A*P) sends=7389 bytes=6380496 collective_rank_calls=448
AMG setup messages level=6 phase=strength sends=0 bytes=0 collective_rank_calls=448
AMG setup messages level=6 phase=strength-transpose sends=1870 bytes=143480 collective_rank_calls=448
AMG setup messages level=6 phase=PMIS sends=27196 bytes=279856 collective_rank_calls=2240
AMG setup messages level=6 phase=numbering sends=0 bytes=0 collective_rank_calls=448
AMG setup messages level=6 phase=interpolation sends=9039 bytes=110452 collective_rank_calls=448
AMG setup messages level=6 phase=interpolation-transpose sends=1121 bytes=104480 collective_rank_calls=448
AMG setup messages level=6 phase=A*P sends=52140 bytes=2560928 collective_rank_calls=448
AMG setup messages level=6 phase=R*(A*P) sends=3363 bytes=1371392 collective_rank_calls=448
AMG setup messages level=7 phase=strength sends=0 bytes=0 collective_rank_calls=448
AMG setup messages level=7 phase=strength-transpose sends=509 bytes=38440 collective_rank_calls=448
AMG setup messages level=7 phase=PMIS sends=3389 bytes=48036 collective_rank_calls=896
AMG setup messages level=7 phase=numbering sends=0 bytes=0 collective_rank_calls=448
AMG setup messages level=7 phase=interpolation sends=2589 bytes=21508 collective_rank_calls=448
AMG setup messages level=7 phase=interpolation-transpose sends=156 bytes=14448 collective_rank_calls=448
AMG setup messages level=7 phase=A*P sends=10686 bytes=288672 collective_rank_calls=448
AMG setup messages level=7 phase=R*(A*P) sends=468 bytes=27600 collective_rank_calls=448
AMG setup messages level=0 phase=strength sends=0 bytes=0 collective_rank_calls=448
AMG setup messages level=0 phase=strength-transpose sends=3519 bytes=143901936 collective_rank_calls=448
AMG setup messages level=0 phase=PMIS sends=74065 bytes=461947424 collective_rank_calls=4480
AMG setup messages level=0 phase=numbering sends=0 bytes=0 collective_rank_calls=448
AMG setup messages level=0 phase=interpolation sends=21114 bytes=192138928 collective_rank_calls=448
AMG setup messages level=0 phase=interpolation-transpose sends=7597 bytes=74435152 collective_rank_calls=448
AMG setup messages level=0 phase=A*P sends=11562 bytes=357774992 collective_rank_calls=448
AMG setup messages level=0 phase=R*(A*P) sends=22791 bytes=528500224 collective_rank_calls=448
AMG setup messages level=1 phase=strength sends=0 bytes=0 collective_rank_calls=448
AMG setup messages level=1 phase=strength-transpose sends=8644 bytes=168449612 collective_rank_calls=448
AMG setup messages level=1 phase=PMIS sends=208158 bytes=346710704 collective_rank_calls=5376
AMG setup messages level=1 phase=numbering sends=0 bytes=0 collective_rank_calls=448
AMG setup messages level=1 phase=interpolation sends=51393 bytes=199374888 collective_rank_calls=448
AMG setup messages level=1 phase=interpolation-transpose sends=8378 bytes=59747472 collective_rank_calls=448
AMG setup messages level=1 phase=A*P sends=28590 bytes=349244352 collective_rank_calls=448
AMG setup messages level=1 phase=R*(A*P) sends=25134 bytes=889317008 collective_rank_calls=448
AMG setup messages level=2 phase=strength sends=0 bytes=0 collective_rank_calls=448
AMG setup messages level=2 phase=strength-transpose sends=9593 bytes=73565388 collective_rank_calls=448
AMG setup messages level=2 phase=PMIS sends=212618 bytes=106964952 collective_rank_calls=4928
AMG setup messages level=2 phase=numbering sends=0 bytes=0 collective_rank_calls=448
AMG setup messages level=2 phase=interpolation sends=56781 bytes=77428900 collective_rank_calls=448
AMG setup messages level=2 phase=interpolation-transpose sends=8287 bytes=17817840 collective_rank_calls=448
AMG setup messages level=2 phase=A*P sends=32748 bytes=140607776 collective_rank_calls=448
AMG setup messages level=2 phase=R*(A*P) sends=24861 bytes=405624672 collective_rank_calls=448
AMG setup messages level=3 phase=strength sends=0 bytes=0 collective_rank_calls=448
AMG setup messages level=3 phase=strength-transpose sends=9699 bytes=17498160 collective_rank_calls=448
AMG setup messages level=3 phase=PMIS sends=255128 bytes=32962528 collective_rank_calls=5824
AMG setup messages level=3 phase=numbering sends=0 bytes=0 collective_rank_calls=448
AMG setup messages level=3 phase=interpolation sends=57366 bytes=20323704 collective_rank_calls=448
AMG setup messages level=3 phase=interpolation-transpose sends=7381 bytes=4484608 collective_rank_calls=448
AMG setup messages level=3 phase=A*P sends=34020 bytes=46831392 collective_rank_calls=448
AMG setup messages level=3 phase=R*(A*P) sends=22143 bytes=123635008 collective_rank_calls=448
AMG setup messages level=4 phase=strength sends=0 bytes=0 collective_rank_calls=448
AMG setup messages level=4 phase=strength-transpose sends=9166 bytes=3192408 collective_rank_calls=448
AMG setup messages level=4 phase=PMIS sends=174228 bytes=5973808 collective_rank_calls=4032
AMG setup messages level=4 phase=numbering sends=0 bytes=0 collective_rank_calls=448
AMG setup messages level=4 phase=interpolation sends=53100 bytes=4238596 collective_rank_calls=448
AMG setup messages level=4 phase=interpolation-transpose sends=5543 bytes=1087392 collective_rank_calls=448
AMG setup messages level=4 phase=A*P sends=56778 bytes=18551440 collective_rank_calls=448
AMG setup messages level=4 phase=R*(A*P) sends=16629 bytes=31265232 collective_rank_calls=448
AMG setup messages level=5 phase=strength sends=0 bytes=0 collective_rank_calls=448
AMG setup messages level=5 phase=strength-transpose sends=6220 bytes=582200 collective_rank_calls=448
AMG setup messages level=5 phase=PMIS sends=87436 bytes=1037264 collective_rank_calls=2688
AMG setup messages level=5 phase=numbering sends=0 bytes=0 collective_rank_calls=448
AMG setup messages level=5 phase=interpolation sends=33090 bytes=683884 collective_rank_calls=448
AMG setup messages level=5 phase=interpolation-transpose sends=2419 bytes=242416 collective_rank_calls=448
AMG setup messages level=5 phase=A*P sends=94350 bytes=7581056 collective_rank_calls=448
AMG setup messages level=5 phase=R*(A*P) sends=7257 bytes=6104432 collective_rank_calls=448
AMG setup messages level=6 phase=strength sends=0 bytes=0 collective_rank_calls=448
AMG setup messages level=6 phase=strength-transpose sends=1861 bytes=141456 collective_rank_calls=448
AMG setup messages level=6 phase=PMIS sends=21993 bytes=237656 collective_rank_calls=1792
AMG setup messages level=6 phase=numbering sends=0 bytes=0 collective_rank_calls=448
AMG setup messages level=6 phase=interpolation sends=8565 bytes=106500 collective_rank_calls=448
AMG setup messages level=6 phase=interpolation-transpose sends=852 bytes=82848 collective_rank_calls=448
AMG setup messages level=6 phase=A*P sends=49260 bytes=2250480 collective_rank_calls=448
AMG setup messages level=6 phase=R*(A*P) sends=2556 bytes=1012432 collective_rank_calls=448
AMG setup messages level=7 phase=strength sends=0 bytes=0 collective_rank_calls=448
AMG setup messages level=7 phase=strength-transpose sends=480 bytes=43328 collective_rank_calls=448
AMG setup messages level=7 phase=PMIS sends=3258 bytes=47368 collective_rank_calls=896
AMG setup messages level=7 phase=numbering sends=0 bytes=0 collective_rank_calls=448
AMG setup messages level=7 phase=interpolation sends=2556 bytes=25256 collective_rank_calls=448
AMG setup messages level=7 phase=interpolation-transpose sends=181 bytes=16416 collective_rank_calls=448
AMG setup messages level=7 phase=A*P sends=10464 bytes=284160 collective_rank_calls=448
AMG setup messages level=7 phase=R*(A*P) sends=543 bytes=31040 collective_rank_calls=448
AMG setup messages level=0 phase=strength sends=0 bytes=0 collective_rank_calls=448
AMG setup messages level=0 phase=strength-transpose sends=3519 bytes=143879480 collective_rank_calls=448
AMG setup messages level=0 phase=PMIS sends=66692 bytes=420294496 collective_rank_calls=4032
AMG setup messages level=0 phase=numbering sends=0 bytes=0 collective_rank_calls=448
AMG setup messages level=0 phase=interpolation sends=21114 bytes=192080264 collective_rank_calls=448
AMG setup messages level=0 phase=interpolation-transpose sends=7607 bytes=74451424 collective_rank_calls=448
AMG setup messages level=0 phase=A*P sends=11562 bytes=357738496 collective_rank_calls=448
AMG setup messages level=0 phase=R*(A*P) sends=22821 bytes=528478032 collective_rank_calls=448
AMG setup messages level=1 phase=strength sends=0 bytes=0 collective_rank_calls=448
AMG setup messages level=1 phase=strength-transpose sends=8651 bytes=168286256 collective_rank_calls=448
AMG setup messages level=1 phase=PMIS sends=190934 bytes=319942696 collective_rank_calls=4928
AMG setup messages level=1 phase=numbering sends=0 bytes=0 collective_rank_calls=448
AMG setup messages level=1 phase=interpolation sends=51417 bytes=199189176 collective_rank_calls=448
AMG setup messages level=1 phase=interpolation-transpose sends=8358 bytes=59700416 collective_rank_calls=448
AMG setup messages level=1 phase=A*P sends=28614 bytes=349206512 collective_rank_calls=448
AMG setup messages level=1 phase=R*(A*P) sends=25074 bytes=888472032 collective_rank_calls=448
AMG setup messages level=2 phase=strength sends=0 bytes=0 collective_rank_calls=448
AMG setup messages level=2 phase=strength-transpose sends=9579 bytes=73439228 collective_rank_calls=448
AMG setup messages level=2 phase=PMIS sends=212238 bytes=106911384 collective_rank_calls=4928
AMG setup messages level=2 phase=numbering sends=0 bytes=0 collective_rank_calls=448
AMG setup messages level=2 phase=interpolation sends=56718 bytes=77479008 collective_rank_calls=448
AMG setup messages level=2 phase=interpolation-transpose sends=8261 bytes=17769776 collective_rank_calls=448
AMG setup messages level=2 phase=A*P sends=32778 bytes=140741360 collective_rank_calls=448
AMG setup messages level=2 phase=R*(A*P) sends=24783 bytes=404550192 collective_rank_calls=448
AMG setup messages level=3 phase=strength sends=0 bytes=0 collective_rank_calls=448
AMG setup messages level=3 phase=strength-transpose sends=9704 bytes=17501540 collective_rank_calls=448
AMG setup messages level=3 phase=PMIS sends=255132 bytes=32885072 collective_rank_calls=5824
AMG setup messages level=3 phase=numbering sends=0 bytes=0 collective_rank_calls=448
AMG setup messages level=3 phase=interpolation sends=57360 bytes=20344540 collective_rank_calls=448
AMG setup messages level=3 phase=interpolation-transpose sends=7363 bytes=4455040 collective_rank_calls=448
AMG setup messages level=3 phase=A*P sends=33978 bytes=46833488 collective_rank_calls=448
AMG setup messages level=3 phase=R*(A*P) sends=22089 bytes=123108304 collective_rank_calls=448
AMG setup messages level=4 phase=strength sends=0 bytes=0 collective_rank_calls=448
AMG setup messages level=4 phase=strength-transpose sends=9093 bytes=3255420 collective_rank_calls=448
AMG setup messages level=4 phase=PMIS sends=192277 bytes=6624676 collective_rank_calls=4480
AMG setup messages level=4 phase=numbering sends=0 bytes=0 collective_rank_calls=448
AMG setup messages level=4 phase=interpolation sends=52557 bytes=4337404 collective_rank_calls=448
AMG setup messages level=4 phase=interpolation-transpose sends=5530 bytes=1103840 collective_rank_calls=448
AMG setup messages level=4 phase=A*P sends=56616 bytes=18837568 collective_rank_calls=448
AMG setup messages level=4 phase=R*(A*P) sends=16590 bytes=32371840 collective_rank_calls=448
AMG setup messages level=5 phase=strength sends=0 bytes=0 collective_rank_calls=448
AMG setup messages level=5 phase=strength-transpose sends=6288 bytes=601340 collective_rank_calls=448
AMG setup messages level=5 phase=PMIS sends=101584 bytes=1212096 collective_rank_calls=3136
AMG setup messages level=5 phase=numbering sends=0 bytes=0 collective_rank_calls=448
AMG setup messages level=5 phase=interpolation sends=33321 bytes=708112 collective_rank_calls=448
AMG setup messages level=5 phase=interpolation-transpose sends=2350 bytes=260976 collective_rank_calls=448
AMG setup messages level=5 phase=A*P sends=94998 bytes=7940496 collective_rank_calls=448
AMG setup messages level=5 phase=R*(A*P) sends=7050 bytes=6279360 collective_rank_calls=448
AMG setup messages level=6 phase=strength sends=0 bytes=0 collective_rank_calls=448
AMG setup messages level=6 phase=strength-transpose sends=1516 bytes=124856 collective_rank_calls=448
AMG setup messages level=6 phase=PMIS sends=21832 bytes=229936 collective_rank_calls=2240
AMG setup messages level=6 phase=numbering sends=0 bytes=0 collective_rank_calls=448
AMG setup messages level=6 phase=interpolation sends=6954 bytes=127900 collective_rank_calls=448
AMG setup messages level=6 phase=interpolation-transpose sends=939 bytes=92224 collective_rank_calls=448
AMG setup messages level=6 phase=A*P sends=47592 bytes=2317248 collective_rank_calls=448
AMG setup messages level=6 phase=R*(A*P) sends=2817 bytes=1333440 collective_rank_calls=448
AMG setup messages level=7 phase=strength sends=0 bytes=0 collective_rank_calls=448
AMG setup messages level=7 phase=strength-transpose sends=577 bytes=46296 collective_rank_calls=448
AMG setup messages level=7 phase=PMIS sends=3571 bytes=47984 collective_rank_calls=896
AMG setup messages level=7 phase=numbering sends=0 bytes=0 collective_rank_calls=448
AMG setup messages level=7 phase=interpolation sends=2598 bytes=24124 collective_rank_calls=448
AMG setup messages level=7 phase=interpolation-transpose sends=330 bytes=26992 collective_rank_calls=448
AMG setup messages level=7 phase=A*P sends=16128 bytes=532768 collective_rank_calls=448
AMG setup messages level=7 phase=R*(A*P) sends=990 bytes=95952 collective_rank_calls=448
AMG setup messages level=0 phase=strength sends=0 bytes=0 collective_rank_calls=448
AMG setup messages level=0 phase=strength-transpose sends=3519 bytes=143859936 collective_rank_calls=448
AMG setup messages level=0 phase=PMIS sends=66692 bytes=420245280 collective_rank_calls=4032
AMG setup messages level=0 phase=numbering sends=0 bytes=0 collective_rank_calls=448
AMG setup messages level=0 phase=interpolation sends=21114 bytes=192098096 collective_rank_calls=448
AMG setup messages level=0 phase=interpolation-transpose sends=7574 bytes=74445952 collective_rank_calls=448
AMG setup messages level=0 phase=A*P sends=11562 bytes=357731232 collective_rank_calls=448
AMG setup messages level=0 phase=R*(A*P) sends=22722 bytes=528535920 collective_rank_calls=448
AMG setup messages level=1 phase=strength sends=0 bytes=0 collective_rank_calls=448
AMG setup messages level=1 phase=strength-transpose sends=8654 bytes=168251864 collective_rank_calls=448
AMG setup messages level=1 phase=PMIS sends=191084 bytes=320019384 collective_rank_calls=4928
AMG setup messages level=1 phase=numbering sends=0 bytes=0 collective_rank_calls=448
AMG setup messages level=1 phase=interpolation sends=51426 bytes=199198192 collective_rank_calls=448
AMG setup messages level=1 phase=interpolation-transpose sends=8380 bytes=59661408 collective_rank_calls=448
AMG setup messages level=1 phase=A*P sends=28764 bytes=349298272 collective_rank_calls=448
AMG setup messages level=1 phase=R*(A*P) sends=25140 bytes=888276368 collective_rank_calls=448
AMG setup messages level=2 phase=strength sends=0 bytes=0 collective_rank_calls=448
AMG setup messages level=2 phase=strength-transpose sends=9630 bytes=73395628 collective_rank_calls=448
AMG setup messages level=2 phase=PMIS sends=232888 bytes=115781804 collective_rank_calls=5376
AMG setup messages level=2 phase=numbering sends=0 bytes=0 collective_rank_calls=448
AMG setup messages level=2 phase=interpolation sends=57048 bytes=77478320 collective_rank_calls=448
AMG setup messages level=2 phase=interpolation-transpose sends=8233 bytes=17785744 collective_rank_calls=448
AMG setup messages level=2 phase=A*P sends=32796 bytes=140816192 collective_rank_calls=448
AMG setup messages level=2 phase=R*(A*P) sends=24699 bytes=406101728 collective_rank_calls=448
AMG setup messages level=3 phase=strength sends=0 bytes=0 collective_rank_calls=448
AMG setup messages level=3 phase=strength-transpose sends=9702 bytes=17519888 collective_rank_calls=448
AMG setup messages level=3 phase=PMIS sends=255080 bytes=32967584 collective_rank_calls=5824
AMG setup messages level=3 phase=numbering sends=0 bytes=0 collective_rank_calls=448
AMG setup messages level=3 phase=interpolation sends=57255 bytes=20395448 collective_rank_calls=448
AMG setup messages level=3 phase=interpolation-transpose sends=7374 bytes=4448272 collective_rank_calls=448
AMG setup messages level=3 phase=A*P sends=33834 bytes=46973024 collective_rank_calls=448
AMG setup messages level=3 phase=R*(A*P) sends=22122 bytes=123249856 collective_rank_calls=448
AMG setup messages level=4 phase=strength sends=0 bytes=0 collective_rank_calls=448
AMG setup messages level=4 phase=strength-transpose sends=9105 bytes=3275924 collective_rank_calls=448
AMG setup messages level=4 phase=PMIS sends=191747 bytes=6636368 collective_rank_calls=4480
AMG setup messages level=4 phase=numbering sends=0 bytes=0 collective_rank_calls=448
AMG setup messages level=4 phase=interpolation sends=52860 bytes=4398600 collective_rank_calls=448
AMG setup messages level=4 phase=interpolation-transpose sends=5508 bytes=1100560 collective_rank_calls=448
AMG setup messages level=4 phase=A*P sends=56310 bytes=18921840 collective_rank_calls=448
AMG setup messages level=4 phase=R*(A*P) sends=16524 bytes=32271440 collective_rank_calls=448
AMG setup messages level=5 phase=strength sends=0 bytes=0 collective_rank_calls=448
AMG setup messages level=5 phase=strength-transpose sends=6393 bytes=625688 collective_rank_calls=448
AMG setup messages level=5 phase=PMIS sends=88063 bytes=1112860 collective_rank_calls=2688
AMG setup messages level=5 phase=numbering sends=0 bytes=0 collective_rank_calls=448
AMG setup messages level=5 phase=interpolation sends=34437 bytes=729272 collective_rank_calls=448
AMG setup messages level=5 phase=interpolation-transpose sends=2535 bytes=265296 collective_rank_calls=448
AMG setup messages level=5 phase=A*P sends=95508 bytes=8086320 collective_rank_calls=448
AMG setup messages level=5 phase=R*(A*P) sends=7605 bytes=6625232 collective_rank_calls=448
AMG setup messages level=6 phase=strength sends=0 bytes=0 collective_rank_calls=448
AMG setup messages level=6 phase=strength-transpose sends=1655 bytes=134936 collective_rank_calls=448
AMG setup messages level=6 phase=PMIS sends=19575 bytes=223220 collective_rank_calls=1792
AMG setup messages level=6 phase=numbering sends=0 bytes=0 collective_rank_calls=448
AMG setup messages level=6 phase=interpolation sends=7686 bytes=88760 collective_rank_calls=448
AMG setup messages level=6 phase=interpolation-transpose sends=801 bytes=74704 collective_rank_calls=448
AMG setup messages level=6 phase=A*P sends=47502 bytes=2104368 collective_rank_calls=448
AMG setup messages level=6 phase=R*(A*P) sends=2403 bytes=1060736 collective_rank_calls=448
AMG setup messages level=7 phase=strength sends=0 bytes=0 collective_rank_calls=448
AMG setup messages level=7 phase=strength-transpose sends=385 bytes=33764 collective_rank_calls=448
AMG setup messages level=7 phase=PMIS sends=2671 bytes=44444 collective_rank_calls=896
AMG setup messages level=7 phase=numbering sends=0 bytes=0 collective_rank_calls=448
AMG setup messages level=7 phase=interpolation sends=1800 bytes=14892 collective_rank_calls=448
AMG setup messages level=7 phase=interpolation-transpose sends=170 bytes=17616 collective_rank_calls=448
AMG setup messages level=7 phase=A*P sends=10062 bytes=315424 collective_rank_calls=448
AMG setup messages level=7 phase=R*(A*P) sends=510 bytes=35936 collective_rank_calls=448
AMG setup messages level=0 phase=strength sends=0 bytes=0 collective_rank_calls=448
AMG setup messages level=0 phase=strength-transpose sends=3519 bytes=143845292 collective_rank_calls=448
AMG setup messages level=0 phase=PMIS sends=74065 bytes=461788692 collective_rank_calls=4480
AMG setup messages level=0 phase=numbering sends=0 bytes=0 collective_rank_calls=448
AMG setup messages level=0 phase=interpolation sends=21114 bytes=192108772 collective_rank_calls=448
AMG setup messages level=0 phase=interpolation-transpose sends=7596 bytes=74398896 collective_rank_calls=448
AMG setup messages level=0 phase=A*P sends=11562 bytes=357711456 collective_rank_calls=448
AMG setup messages level=0 phase=R*(A*P) sends=22788 bytes=528198048 collective_rank_calls=448
AMG setup messages level=1 phase=strength sends=0 bytes=0 collective_rank_calls=448
AMG setup messages level=1 phase=strength-transpose sends=8653 bytes=168253832 collective_rank_calls=448
AMG setup messages level=1 phase=PMIS sends=225776 bytes=372878912 collective_rank_calls=5824
AMG setup messages level=1 phase=numbering sends=0 bytes=0 collective_rank_calls=448
AMG setup messages level=1 phase=interpolation sends=51459 bytes=199264944 collective_rank_calls=448
AMG setup messages level=1 phase=interpolation-transpose sends=8362 bytes=59587072 collective_rank_calls=448
AMG setup messages level=1 phase=A*P sends=28746 bytes=349267808 collective_rank_calls=448
AMG setup messages level=1 phase=R*(A*P) sends=25086 bytes=887881408 collective_rank_calls=448
AMG setup messages level=2 phase=strength sends=0 bytes=0 collective_rank_calls=448
AMG setup messages level=2 phase=strength-transpose sends=9615 bytes=73432432 collective_rank_calls=448
AMG setup messages level=2 phase=PMIS sends=213054 bytes=107038704 collective_rank_calls=4928
AMG setup messages level=2 phase=numbering sends=0 bytes=0 collective_rank_calls=448
AMG setup messages level=2 phase=interpolation sends=56880 bytes=77555696 collective_rank_calls=448
AMG setup messages level=2 phase=interpolation-transpose sends=8268 bytes=17788320 collective_rank_calls=448
AMG setup messages level=2 phase=A*P sends=32724 bytes=141001808 collective_rank_calls=448
AMG setup messages level=2 phase=R*(A*P) sends=24804 bytes=405339072 collective_rank_calls=448
AMG setup messages level=3 phase=strength sends=0 bytes=0 collective_rank_calls=448
AMG setup messages level=3 phase=strength-transpose sends=9691 bytes=17544336 collective_rank_calls=448
AMG setup messages level=3 phase=PMIS sends=235223 bytes=30582472 collective_rank_calls=5376
AMG setup messages level=3 phase=numbering sends=0 bytes=0 collective_rank_calls=448
AMG setup messages level=3 phase=interpolation sends=57291 bytes=20479636 collective_rank_calls=448
AMG setup messages level=3 phase=interpolation-transpose sends=7344 bytes=4410384 collective_rank_calls=448
AMG setup messages level=3 phase=A*P sends=33900 bytes=46965616 collective_rank_calls=448
AMG setup messages level=3 phase=R*(A*P) sends=22032 bytes=122444528 collective_rank_calls=448
AMG setup messages level=4 phase=strength sends=0 bytes=0 collective_rank_calls=448
AMG setup messages level=4 phase=strength-transpose sends=9105 bytes=3330564 collective_rank_calls=448
AMG setup messages level=4 phase=PMIS sends=172380 bytes=6075696 collective_rank_calls=4032
AMG setup messages level=4 phase=numbering sends=0 bytes=0 collective_rank_calls=448
AMG setup messages level=4 phase=interpolation sends=52941 bytes=4417060 collective_rank_calls=448
AMG setup messages level=4 phase=interpolation-transpose sends=5354 bytes=1115136 collective_rank_calls=448
AMG setup messages level=4 phase=A*P sends=55800 bytes=19127056 collective_rank_calls=448
AMG setup messages level=4 phase=R*(A*P) sends=16062 bytes=32156960 collective_rank_calls=448
AMG setup messages level=5 phase=strength sends=0 bytes=0 collective_rank_calls=448
AMG setup messages level=5 phase=strength-transpose sends=6198 bytes=622004 collective_rank_calls=448
AMG setup messages level=5 phase=PMIS sends=113820 bytes=1396004 collective_rank_calls=3584
AMG setup messages level=5 phase=numbering sends=0 bytes=0 collective_rank_calls=448
AMG setup messages level=5 phase=interpolation sends=33687 bytes=738076 collective_rank_calls=448
AMG setup messages level=5 phase=interpolation-transpose sends=2385 bytes=265760 collective_rank_calls=448
AMG setup messages level=5 phase=A*P sends=90420 bytes=7910464 collective_rank_calls=448
AMG setup messages level=5 phase=R*(A*P) sends=7155 bytes=6176560 collective_rank_calls=448
AMG setup messages level=6 phase=strength sends=0 bytes=0 collective_rank_calls=448
AMG setup messages level=6 phase=strength-transpose sends=1620 bytes=137420 collective_rank_calls=448
AMG setup messages level=6 phase=PMIS sends=18720 bytes=211984 collective_rank_calls=1792
AMG setup messages level=6 phase=numbering sends=0 bytes=0 collective_rank_calls=448
AMG setup messages level=6 phase=interpolation sends=7833 bytes=117976 collective_rank_calls=448
AMG setup messages level=6 phase=interpolation-transpose sends=1015 bytes=89968 collective_rank_calls=448
AMG setup messages level=6 phase=A*P sends=47190 bytes=2268368 collective_rank_calls=448
AMG setup messages level=6 phase=R*(A*P) sends=3045 bytes=1531456 collective_rank_calls=448
AMG setup messages level=7 phase=strength sends=0 bytes=0 collective_rank_calls=448
AMG setup messages level=7 phase=strength-transpose sends=358 bytes=29180 collective_rank_calls=448
AMG setup messages level=7 phase=PMIS sends=2362 bytes=37084 collective_rank_calls=896
AMG setup messages level=7 phase=numbering sends=0 bytes=0 collective_rank_calls=448
AMG setup messages level=7 phase=interpolation sends=1614 bytes=13012 collective_rank_calls=448
AMG setup messages level=7 phase=interpolation-transpose sends=168 bytes=17968 collective_rank_calls=448
AMG setup messages level=7 phase=A*P sends=13866 bytes=431568 collective_rank_calls=448
AMG setup messages level=7 phase=R*(A*P) sends=504 bytes=36704 collective_rank_calls=448
AMG setup messages level=0 phase=strength sends=0 bytes=0 collective_rank_calls=448
AMG setup messages level=0 phase=strength-transpose sends=3519 bytes=143832608 collective_rank_calls=448
AMG setup messages level=0 phase=PMIS sends=66692 bytes=420176224 collective_rank_calls=4032
AMG setup messages level=0 phase=numbering sends=0 bytes=0 collective_rank_calls=448
AMG setup messages level=0 phase=interpolation sends=21114 bytes=192138960 collective_rank_calls=448
AMG setup messages level=0 phase=interpolation-transpose sends=7612 bytes=74439632 collective_rank_calls=448
AMG setup messages level=0 phase=A*P sends=11562 bytes=357738176 collective_rank_calls=448
AMG setup messages level=0 phase=R*(A*P) sends=22836 bytes=528605840 collective_rank_calls=448
AMG setup messages level=1 phase=strength sends=0 bytes=0 collective_rank_calls=448
AMG setup messages level=1 phase=strength-transpose sends=8667 bytes=168078264 collective_rank_calls=448
AMG setup messages level=1 phase=PMIS sends=208697 bytes=346267956 collective_rank_calls=5376
AMG setup messages level=1 phase=numbering sends=0 bytes=0 collective_rank_calls=448
AMG setup messages level=1 phase=interpolation sends=51549 bytes=199115240 collective_rank_calls=448
AMG setup messages level=1 phase=interpolation-transpose sends=8364 bytes=59583568 collective_rank_calls=448
AMG setup messages level=1 phase=A*P sends=28824 bytes=349224384 collective_rank_calls=448
AMG setup messages level=1 phase=R*(A*P) sends=25092 bytes=887880944 collective_rank_calls=448
AMG setup messages level=2 phase=strength sends=0 bytes=0 collective_rank_calls=448
AMG setup messages level=2 phase=strength-transpose sends=9633 bytes=73319444 collective_rank_calls=448
AMG setup messages level=2 phase=PMIS sends=213426 bytes=106980976 collective_rank_calls=4928
AMG setup messages level=2 phase=numbering sends=0 bytes=0 collective_rank_calls=448
AMG setup messages level=2 phase=interpolation sends=57006 bytes=77454956 collective_rank_calls=448
AMG setup messages level=2 phase=interpolation-transpose sends=8243 bytes=17731088 collective_rank_calls=448
AMG setup messages level=2 phase=A*P sends=32784 bytes=141027696 collective_rank_calls=448
AMG setup messages level=2 phase=R*(A*P) sends=24729 bytes=405195984 collective_rank_calls=448
AMG setup messages level=3 phase=strength sends=0 bytes=0 collective_rank_calls=448
AMG setup messages level=3 phase=strength-transpose sends=9684 bytes=17510748 collective_rank_calls=448
AMG setup messages level=3 phase=PMIS sends=274212 bytes=35151008 collective_rank_calls=6272
AMG setup messages level=3 phase=numbering sends=0 bytes=0 collective_rank_calls=448
AMG setup messages level=3 phase=interpolation sends=57279 bytes=20470708 collective_rank_calls=448
AMG setup messages level=3 phase=interpolation-transpose sends=7293 bytes=4382768 collective_rank_calls=448
AMG setup messages level=3 phase=A*P sends=33822 bytes=47078720 collective_rank_calls=448
AMG setup messages level=3 phase=R*(A*P) sends=21879 bytes=121426608 collective_rank_calls=448
AMG setup messages level=4 phase=strength sends=0 bytes=0 collective_rank_calls=448
AMG setup messages level=4 phase=strength-transpose sends=9013 bytes=3339624 collective_rank_calls=448
AMG setup messages level=4 phase=PMIS sends=189621 bytes=6655224 collective_rank_calls=4480
AMG setup messages level=4 phase=numbering sends=0 bytes=0 collective_rank_calls=448
AMG setup messages level=4 phase=interpolation sends=52374 bytes=4381608 collective_rank_calls=448
AMG setup messages level=4 phase=interpolation-transpose sends=5460 bytes=1130976 collective_rank_calls=448
AMG setup messages level=4 phase=A*P sends=55464 bytes=19104592 collective_rank_calls=448
AMG setup messages level=4 phase=R*(A*P) sends=16380 bytes=32503856 collective_rank_calls=448
AMG setup messages level=5 phase=strength sends=0 bytes=0 collective_rank_calls=448
AMG setup messages level=5 phase=strength-transpose sends=6462 bytes=624560 collective_rank_calls=448
AMG setup messages level=5 phase=PMIS sends=104004 bytes=1264016 collective_rank_calls=3136
AMG setup messages level=5 phase=numbering sends=0 bytes=0 collective_rank_calls=448
AMG setup messages level=5 phase=interpolation sends=35025 bytes=748356 collective_rank_calls=448
AMG setup messages level=5 phase=interpolation-transpose sends=2434 bytes=270944 collective_rank_calls=448
AMG setup messages level=5 phase=A*P sends=95076 bytes=7997360 collective_rank_calls=448
AMG setup messages level=5 phase=R*(A*P) sends=7302 bytes=6294704 collective_rank_calls=448
AMG setup messages level=6 phase=strength sends=0 bytes=0 collective_rank_calls=448
AMG setup messages level=6 phase=strength-transpose sends=1640 bytes=133288 collective_rank_calls=448
AMG setup messages level=6 phase=PMIS sends=19020 bytes=214908 collective_rank_calls=1792
AMG setup messages level=6 phase=numbering sends=0 bytes=0 collective_rank_calls=448
AMG setup messages level=6 phase=interpolation sends=8046 bytes=94612 collective_rank_calls=448
AMG setup messages level=6 phase=interpolation-transpose sends=776 bytes=68160 collective_rank_calls=448
AMG setup messages level=6 phase=A*P sends=44664 bytes=1942352 collective_rank_calls=448
AMG setup messages level=6 phase=R*(A*P) sends=2328 bytes=1067552 collective_rank_calls=448
AMG setup messages level=7 phase=strength sends=0 bytes=0 collective_rank_calls=448
AMG setup messages level=7 phase=strength-transpose sends=278 bytes=22752 collective_rank_calls=448
AMG setup messages level=7 phase=PMIS sends=1886 bytes=29172 collective_rank_calls=896
AMG setup messages level=7 phase=numbering sends=0 bytes=0 collective_rank_calls=448
AMG setup messages level=7 phase=interpolation sends=1125 bytes=8860 collective_rank_calls=448
AMG setup messages level=7 phase=interpolation-transpose sends=172 bytes=17344 collective_rank_calls=448
AMG setup messages level=7 phase=A*P sends=10740 bytes=321616 collective_rank_calls=448
AMG setup messages level=7 phase=R*(A*P) sends=516 bytes=34848 collective_rank_calls=448
AMG setup messages level=0 phase=strength sends=0 bytes=0 collective_rank_calls=448
AMG setup messages level=0 phase=strength-transpose sends=3519 bytes=143821492 collective_rank_calls=448
AMG setup messages level=0 phase=PMIS sends=74065 bytes=461723252 collective_rank_calls=4480
AMG setup messages level=0 phase=numbering sends=0 bytes=0 collective_rank_calls=448
AMG setup messages level=0 phase=interpolation sends=21114 bytes=192094188 collective_rank_calls=448
AMG setup messages level=0 phase=interpolation-transpose sends=7588 bytes=74430880 collective_rank_calls=448
AMG setup messages level=0 phase=A*P sends=11562 bytes=357713856 collective_rank_calls=448
AMG setup messages level=0 phase=R*(A*P) sends=22764 bytes=528442080 collective_rank_calls=448
AMG setup messages level=1 phase=strength sends=0 bytes=0 collective_rank_calls=448
AMG setup messages level=1 phase=strength-transpose sends=8651 bytes=167982352 collective_rank_calls=448
AMG setup messages level=1 phase=PMIS sends=208521 bytes=346259632 collective_rank_calls=5376
AMG setup messages level=1 phase=numbering sends=0 bytes=0 collective_rank_calls=448
AMG setup messages level=1 phase=interpolation sends=51420 bytes=199111408 collective_rank_calls=448
AMG setup messages level=1 phase=interpolation-transpose sends=8354 bytes=59528880 collective_rank_calls=448
AMG setup messages level=1 phase=A*P sends=28776 bytes=349187856 collective_rank_calls=448
AMG setup messages level=1 phase=R*(A*P) sends=25062 bytes=887489712 collective_rank_calls=448
AMG setup messages level=2 phase=strength sends=0 bytes=0 collective_rank_calls=448
AMG setup messages level=2 phase=strength-transpose sends=9602 bytes=73274276 collective_rank_calls=448
AMG setup messages level=2 phase=PMIS sends=231878 bytes=115840944 collective_rank_calls=5376
AMG setup messages level=2 phase=numbering sends=0 bytes=0 collective_rank_calls=448
AMG setup messages level=2 phase=interpolation sends=56859 bytes=77558024 collective_rank_calls=448
AMG setup messages level=2 phase=interpolation-transpose sends=8266 bytes=17716064 collective_rank_calls=448
AMG setup messages level=2 phase=A*P sends=32736 bytes=141120704 collective_rank_calls=448
AMG setup messages level=2 phase=R*(A*P) sends=24798 bytes=405835088 collective_rank_calls=448
AMG setup messages level=3 phase=strength sends=0 bytes=0 collective_rank_calls=448
AMG setup messages level=3 phase=strength-transpose sends=9616 bytes=17582720 collective_rank_calls=448
AMG setup messages level=3 phase=PMIS sends=233254 bytes=30562568 collective_rank_calls=5376
AMG setup messages level=3 phase=numbering sends=0 bytes=0 collective_rank_calls=448
AMG setup messages level=3 phase=interpolation sends=56904 bytes=20418780 collective_rank_calls=448
AMG setup messages level=3 phase=interpolation-transpose sends=7305 bytes=4394240 collective_rank_calls=448
AMG setup messages level=3 phase=A*P sends=33894 bytes=47251712 collective_rank_calls=448
AMG setup messages level=3 phase=R*(A*P) sends=21915 bytes=122655648 collective_rank_calls=448
AMG setup messages level=4 phase=strength sends=0 bytes=0 collective_rank_calls=448
AMG setup messages level=4 phase=strength-transpose sends=9167 bytes=3363832 collective_rank_calls=448
AMG setup messages level=4 phase=PMIS sends=211766 bytes=7285664 collective_rank_calls=4928
AMG setup messages level=4 phase=numbering sends=0 bytes=0 collective_rank_calls=448
AMG setup messages level=4 phase=interpolation sends=53214 bytes=4456800 collective_rank_calls=448
AMG setup messages level=4 phase=interpolation-transpose sends=5495 bytes=1123696 collective_rank_calls=448
AMG setup messages level=4 phase=A*P sends=56112 bytes=19212656 collective_rank_calls=448
AMG setup messages level=4 phase=R*(A*P) sends=16485 bytes=32496384 collective_rank_calls=448
AMG setup messages level=5 phase=strength sends=0 bytes=0 collective_rank_calls=448
AMG setup messages level=5 phase=strength-transpose sends=6501 bytes=630936 collective_rank_calls=448
AMG setup messages level=5 phase=PMIS sends=104302 bytes=1274584 collective_rank_calls=3136
AMG setup messages level=5 phase=numbering sends=0 bytes=0 collective_rank_calls=448
AMG setup messages level=5 phase=interpolation sends=34827 bytes=758272 collective_rank_calls=448
AMG setup messages level=5 phase=interpolation-transpose sends=2591 bytes=287744 collective_rank_calls=448
AMG setup messages level=5 phase=A*P sends=94980 bytes=8133104 collective_rank_calls=448
AMG setup messages level=5 phase=R*(A*P) sends=7773 bytes=6472192 collective_rank_calls=448
AMG setup messages level=6 phase=strength sends=0 bytes=0 collective_rank_calls=448
AMG setup messages level=6 phase=strength-transpose sends=1900 bytes=137124 collective_rank_calls=448
AMG setup messages level=6 phase=PMIS sends=26896 bytes=250864 collective_rank_calls=2240
AMG setup messages level=6 phase=numbering sends=0 bytes=0 collective_rank_calls=448
AMG setup messages level=6 phase=interpolation sends=8841 bytes=114868 collective_rank_calls=448
AMG setup messages level=6 phase=interpolation-transpose sends=750 bytes=66384 collective_rank_calls=448
AMG setup messages level=6 phase=A*P sends=49470 bytes=2007840 collective_rank_calls=448
AMG setup messages level=6 phase=R*(A*P) sends=2250 bytes=1045408 collective_rank_calls=448
AMG setup messages level=7 phase=strength sends=0 bytes=0 collective_rank_calls=448
AMG setup messages level=7 phase=strength-transpose sends=454 bytes=40456 collective_rank_calls=448
AMG setup messages level=7 phase=PMIS sends=3052 bytes=44244 collective_rank_calls=896
AMG setup messages level=7 phase=numbering sends=0 bytes=0 collective_rank_calls=448
AMG setup messages level=7 phase=interpolation sends=2397 bytes=22292 collective_rank_calls=448
AMG setup messages level=7 phase=interpolation-transpose sends=211 bytes=18960 collective_rank_calls=448
AMG setup messages level=7 phase=A*P sends=15174 bytes=389488 collective_rank_calls=448
AMG setup messages level=7 phase=R*(A*P) sends=633 bytes=35456 collective_rank_calls=448
AMG setup messages level=0 phase=strength sends=0 bytes=0 collective_rank_calls=448
AMG setup messages level=0 phase=strength-transpose sends=3519 bytes=143810264 collective_rank_calls=448
AMG setup messages level=0 phase=PMIS sends=66692 bytes=420121984 collective_rank_calls=4032
AMG setup messages level=0 phase=numbering sends=0 bytes=0 collective_rank_calls=448
AMG setup messages level=0 phase=interpolation sends=21114 bytes=192060536 collective_rank_calls=448
AMG setup messages level=0 phase=interpolation-transpose sends=7618 bytes=74402992 collective_rank_calls=448
AMG setup messages level=0 phase=A*P sends=11562 bytes=357707344 collective_rank_calls=448
AMG setup messages level=0 phase=R*(A*P) sends=22854 bytes=528382528 collective_rank_calls=448
AMG setup messages level=1 phase=strength sends=0 bytes=0 collective_rank_calls=448
AMG setup messages level=1 phase=strength-transpose sends=8670 bytes=168008468 collective_rank_calls=448
AMG setup messages level=1 phase=PMIS sends=208834 bytes=346205788 collective_rank_calls=5376
AMG setup messages level=1 phase=numbering sends=0 bytes=0 collective_rank_calls=448
AMG setup messages level=1 phase=interpolation sends=51564 bytes=199150028 collective_rank_calls=448
AMG setup messages level=1 phase=interpolation-transpose sends=8349 bytes=59511648 collective_rank_calls=448
AMG setup messages level=1 phase=A*P sends=28782 bytes=349209344 collective_rank_calls=448
AMG setup messages level=1 phase=R*(A*P) sends=25047 bytes=887220752 collective_rank_calls=448
AMG setup messages level=2 phase=strength sends=0 bytes=0 collective_rank_calls=448
AMG setup messages level=2 phase=strength-transpose sends=9584 bytes=73215508 collective_rank_calls=448
AMG setup messages level=2 phase=PMIS sends=231524 bytes=115857280 collective_rank_calls=5376
AMG setup messages level=2 phase=numbering sends=0 bytes=0 collective_rank_calls=448
AMG setup messages level=2 phase=interpolation sends=56805 bytes=77498776 collective_rank_calls=448
AMG setup messages level=2 phase=interpolation-transpose sends=8263 bytes=17736880 collective_rank_calls=448
AMG setup messages level=2 phase=A*P sends=32784 bytes=141207376 collective_rank_calls=448
AMG setup messages level=2 phase=R*(A*P) sends=24789 bytes=405992048 collective_rank_calls=448
AMG setup messages level=3 phase=strength sends=0 bytes=0 collective_rank_calls=448
AMG setup messages level=3 phase=strength-transpose sends=9717 bytes=17585652 collective_rank_calls=448
AMG setup messages level=3 phase=PMIS sends=235769 bytes=30535188 collective_rank_calls=5376
AMG setup messages level=3 phase=numbering sends=0 bytes=0 collective_rank_calls=448
AMG setup messages level=3 phase=interpolation sends=57369 bytes=20316580 collective_rank_calls=448
AMG setup messages level=3 phase=interpolation-transpose sends=7251 bytes=4398912 collective_rank_calls=448
AMG setup messages level=3 phase=A*P sends=33930 bytes=47315648 collective_rank_calls=448
AMG setup messages level=3 phase=R*(A*P) sends=21753 bytes=121063488 collective_rank_calls=448
AMG setup messages level=4 phase=strength sends=0 bytes=0 collective_rank_calls=448
AMG setup messages level=4 phase=strength-transpose sends=9172 bytes=3377452 collective_rank_calls=448
AMG setup messages level=4 phase=PMIS sends=173556 bytes=6064656 collective_rank_calls=4032
AMG setup messages level=4 phase=numbering sends=0 bytes=0 collective_rank_calls=448
AMG setup messages level=4 phase=interpolation sends=53331 bytes=4521600 collective_rank_calls=448
AMG setup messages level=4 phase=interpolation-transpose sends=5376 bytes=1108176 collective_rank_calls=448
AMG setup messages level=4 phase=A*P sends=55326 bytes=18902576 collective_rank_calls=448
AMG setup messages level=4 phase=R*(A*P) sends=16128 bytes=31741088 collective_rank_calls=448
AMG setup messages level=5 phase=strength sends=0 bytes=0 collective_rank_calls=448
AMG setup messages level=5 phase=strength-transpose sends=6713 bytes=666744 collective_rank_calls=448
AMG setup messages level=5 phase=PMIS sends=107558 bytes=1334160 collective_rank_calls=3136
AMG setup messages level=5 phase=numbering sends=0 bytes=0 collective_rank_calls=448
AMG setup messages level=5 phase=interpolation sends=35835 bytes=803452 collective_rank_calls=448
AMG setup messages level=5 phase=interpolation-transpose sends=2506 bytes=293904 collective_rank_calls=448
AMG setup messages level=5 phase=A*P sends=96372 bytes=8326512 collective_rank_calls=448
AMG setup messages level=5 phase=R*(A*P) sends=7518 bytes=6571264 collective_rank_calls=448
AMG setup messages level=6 phase=strength sends=0 bytes=0 collective_rank_calls=448
AMG setup messages level=6 phase=strength-transpose sends=1849 bytes=146292 collective_rank_calls=448
AMG setup messages level=6 phase=PMIS sends=21627 bytes=231640 collective_rank_calls=1792
AMG setup messages level=6 phase=numbering sends=0 bytes=0 collective_rank_calls=448
AMG setup messages level=6 phase=interpolation sends=8793 bytes=107600 collective_rank_calls=448
AMG setup messages level=6 phase=interpolation-transpose sends=903 bytes=78672 collective_rank_calls=448
AMG setup messages level=6 phase=A*P sends=46710 bytes=2111344 collective_rank_calls=448
AMG setup messages level=6 phase=R*(A*P) sends=2709 bytes=1113808 collective_rank_calls=448
AMG setup messages level=7 phase=strength sends=0 bytes=0 collective_rank_calls=448
AMG setup messages level=7 phase=strength-transpose sends=361 bytes=32924 collective_rank_calls=448
AMG setup messages level=7 phase=PMIS sends=3562 bytes=54104 collective_rank_calls=1344
AMG setup messages level=7 phase=numbering sends=0 bytes=0 collective_rank_calls=448
AMG setup messages level=7 phase=interpolation sends=1683 bytes=13620 collective_rank_calls=448
AMG setup messages level=7 phase=interpolation-transpose sends=161 bytes=17312 collective_rank_calls=448
AMG setup messages level=7 phase=A*P sends=8226 bytes=276864 collective_rank_calls=448
AMG setup messages level=7 phase=R*(A*P) sends=483 bytes=46048 collective_rank_calls=448
AMG setup messages level=0 phase=strength sends=0 bytes=0 collective_rank_calls=448
AMG setup messages level=0 phase=strength-transpose sends=3519 bytes=143800212 collective_rank_calls=448
AMG setup messages level=0 phase=PMIS sends=66692 bytes=420096288 collective_rank_calls=4032
AMG setup messages level=0 phase=numbering sends=0 bytes=0 collective_rank_calls=448
AMG setup messages level=0 phase=interpolation sends=21114 bytes=192069340 collective_rank_calls=448
AMG setup messages level=0 phase=interpolation-transpose sends=7608 bytes=74391504 collective_rank_calls=448
AMG setup messages level=0 phase=A*P sends=11562 bytes=357709312 collective_rank_calls=448
AMG setup messages level=0 phase=R*(A*P) sends=22824 bytes=528103696 collective_rank_calls=448
AMG setup messages level=1 phase=strength sends=0 bytes=0 collective_rank_calls=448
AMG setup messages level=1 phase=strength-transpose sends=8629 bytes=167908192 collective_rank_calls=448
AMG setup messages level=1 phase=PMIS sends=207967 bytes=346075080 collective_rank_calls=5376
AMG setup messages level=1 phase=numbering sends=0 bytes=0 collective_rank_calls=448
AMG setup messages level=1 phase=interpolation sends=51312 bytes=199139380 collective_rank_calls=448
AMG setup messages level=1 phase=interpolation-transpose sends=8370 bytes=59494400 collective_rank_calls=448
AMG setup messages level=1 phase=A*P sends=28668 bytes=349103040 collective_rank_calls=448
AMG setup messages level=1 phase=R*(A*P) sends=25110 bytes=886957568 collective_rank_calls=448
AMG setup messages level=2 phase=strength sends=0 bytes=0 collective_rank_calls=448
AMG setup messages level=2 phase=strength-transpose sends=9618 bytes=73275464 collective_rank_calls=448
AMG setup messages level=2 phase=PMIS sends=251860 bytes=124882944 collective_rank_calls=5824
AMG setup messages level=2 phase=numbering sends=0 bytes=0 collective_rank_calls=448
AMG setup messages level=2 phase=interpolation sends=56994 bytes=77647296 collective_rank_calls=448
AMG setup messages level=2 phase=interpolation-transpose sends=8259 bytes=17720448 collective_rank_calls=448
AMG setup messages level=2 phase=A*P sends=32772 bytes=141395296 collective_rank_calls=448
AMG setup messages level=2 phase=R*(A*P) sends=24777 bytes=405405984 collective_rank_calls=448
AMG setup messages level=3 phase=strength sends=0 bytes=0 collective_rank_calls=448
AMG setup messages level=3 phase=strength-transpose sends=9637 bytes=17589176 collective_rank_calls=448
AMG setup messages level=3 phase=PMIS sends=214570 bytes=28174776 collective_rank_calls=4928
AMG setup messages level=3 phase=numbering sends=0 bytes=0 collective_rank_calls=448
AMG setup messages level=3 phase=interpolation sends=56979 bytes=20294508 collective_rank_calls=448
AMG setup messages level=3 phase=interpolation-transpose sends=7269 bytes=4375680 collective_rank_calls=448
AMG setup messages level=3 phase=A*P sends=33888 bytes=47365696 collective_rank_calls=448
AMG setup messages level=3 phase=R*(A*P) sends=21807 bytes=120855936 collective_rank_calls=448
AMG setup messages level=4 phase=strength sends=0 bytes=0 collective_rank_calls=448
AMG setup messages level=4 phase=strength-transpose sends=9070 bytes=3368868 collective_rank_calls=448
AMG setup messages level=4 phase=PMIS sends=191542 bytes=6653492 collective_rank_calls=4480
AMG setup messages level=4 phase=numbering sends=0 bytes=0 collective_rank_calls=448
AMG setup messages level=4 phase=interpolation sends=52815 bytes=4420952 collective_rank_calls=448
AMG setup messages level=4 phase=interpolation-transpose sends=5489 bytes=1139872 collective_rank_calls=448
AMG setup messages level=4 phase=A*P sends=55536 bytes=19068688 collective_rank_calls=448
AMG setup messages level=4 phase=R*(A*P) sends=16467 bytes=32633360 collective_rank_calls=448
AMG setup messages level=5 phase=strength sends=0 bytes=0 collective_rank_calls=448
AMG setup messages level=5 phase=strength-transpose sends=6692 bytes=662916 collective_rank_calls=448
AMG setup messages level=5 phase=PMIS sends=106088 bytes=1332432 collective_rank_calls=3136
AMG setup messages level=5 phase=numbering sends=0 bytes=0 collective_rank_calls=448
AMG setup messages level=5 phase=interpolation sends=36204 bytes=771148 collective_rank_calls=448
AMG setup messages level=5 phase=interpolation-transpose sends=2594 bytes=291824 collective_rank_calls=448
AMG setup messages level=5 phase=A*P sends=95646 bytes=8386752 collective_rank_calls=448
AMG setup messages level=5 phase=R*(A*P) sends=7782 bytes=6602032 collective_rank_calls=448
AMG setup messages level=6 phase=strength sends=0 bytes=0 collective_rank_calls=448
AMG setup messages level=6 phase=strength-transpose sends=1833 bytes=138660 collective_rank_calls=448
AMG setup messages level=6 phase=PMIS sends=21399 bytes=223528 collective_rank_calls=1792
AMG setup messages level=6 phase=numbering sends=0 bytes=0 collective_rank_calls=448
AMG setup messages level=6 phase=interpolation sends=8445 bytes=107312 collective_rank_calls=448
AMG setup messages level=6 phase=interpolation-transpose sends=806 bytes=83680 collective_rank_calls=448
AMG setup messages level=6 phase=A*P sends=49008 bytes=2189456 collective_rank_calls=448
AMG setup messages level=6 phase=R*(A*P) sends=2418 bytes=841936 collective_rank_calls=448
AMG setup messages level=7 phase=strength sends=0 bytes=0 collective_rank_calls=448
AMG setup messages level=7 phase=strength-transpose sends=346 bytes=34816 collective_rank_calls=448
AMG setup messages level=7 phase=PMIS sends=2386 bytes=38192 collective_rank_calls=896
AMG setup messages level=7 phase=numbering sends=0 bytes=0 collective_rank_calls=448
AMG setup messages level=7 phase=interpolation sends=1875 bytes=17688 collective_rank_calls=448
AMG setup messages level=7 phase=interpolation-transpose sends=161 bytes=15728 collective_rank_calls=448
AMG setup messages level=7 phase=A*P sends=6954 bytes=209952 collective_rank_calls=448
AMG setup messages level=7 phase=R*(A*P) sends=483 bytes=31328 collective_rank_calls=448
AMG setup messages level=0 phase=strength sends=0 bytes=0 collective_rank_calls=448
AMG setup messages level=0 phase=strength-transpose sends=3519 bytes=143792232 collective_rank_calls=448
AMG setup messages level=0 phase=PMIS sends=74065 bytes=461644032 collective_rank_calls=4480
AMG setup messages level=0 phase=numbering sends=0 bytes=0 collective_rank_calls=448
AMG setup messages level=0 phase=interpolation sends=21114 bytes=192046616 collective_rank_calls=448
AMG setup messages level=0 phase=interpolation-transpose sends=7608 bytes=74377248 collective_rank_calls=448
AMG setup messages level=0 phase=A*P sends=11562 bytes=357663776 collective_rank_calls=448
AMG setup messages level=0 phase=R*(A*P) sends=22824 bytes=527862736 collective_rank_calls=448
AMG setup messages level=1 phase=strength sends=0 bytes=0 collective_rank_calls=448
AMG setup messages level=1 phase=strength-transpose sends=8649 bytes=167962468 collective_rank_calls=448
AMG setup messages level=1 phase=PMIS sends=225728 bytes=372697504 collective_rank_calls=5824
AMG setup messages level=1 phase=numbering sends=0 bytes=0 collective_rank_calls=448
AMG setup messages level=1 phase=interpolation sends=51369 bytes=199204856 collective_rank_calls=448
AMG setup messages level=1 phase=interpolation-transpose sends=8373 bytes=59522528 collective_rank_calls=448
AMG setup messages level=1 phase=A*P sends=28596 bytes=349198608 collective_rank_calls=448
AMG setup messages level=1 phase=R*(A*P) sends=25119 bytes=887614304 collective_rank_calls=448
AMG setup messages level=2 phase=strength sends=0 bytes=0 collective_rank_calls=448
AMG setup messages level=2 phase=strength-transpose sends=9614 bytes=73185620 collective_rank_calls=448
AMG setup messages level=2 phase=PMIS sends=232556 bytes=115985640 collective_rank_calls=5376
AMG setup messages level=2 phase=numbering sends=0 bytes=0 collective_rank_calls=448
AMG setup messages level=2 phase=interpolation sends=57018 bytes=77562720 collective_rank_calls=448
AMG setup messages level=2 phase=interpolation-transpose sends=8250 bytes=17676496 collective_rank_calls=448
AMG setup messages level=2 phase=A*P sends=32814 bytes=141504160 collective_rank_calls=448
AMG setup messages level=2 phase=R*(A*P) sends=24750 bytes=405333328 collective_rank_calls=448
AMG setup messages level=3 phase=strength sends=0 bytes=0 collective_rank_calls=448
AMG setup messages level=3 phase=strength-transpose sends=9633 bytes=17600656 collective_rank_calls=448
AMG setup messages level=3 phase=PMIS sends=233857 bytes=30422360 collective_rank_calls=5376
AMG setup messages level=3 phase=numbering sends=0 bytes=0 collective_rank_calls=448
AMG setup messages level=3 phase=interpolation sends=57012 bytes=20293500 collective_rank_calls=448
AMG setup messages level=3 phase=interpolation-transpose sends=7238 bytes=4362512 collective_rank_calls=448
AMG setup messages level=3 phase=A*P sends=33930 bytes=47356304 collective_rank_calls=448
AMG setup messages level=3 phase=R*(A*P) sends=21714 bytes=120416112 collective_rank_calls=448
AMG setup messages level=4 phase=strength sends=0 bytes=0 collective_rank_calls=448
AMG setup messages level=4 phase=strength-transpose sends=9155 bytes=3427104 collective_rank_calls=448
AMG setup messages level=4 phase=PMIS sends=211718 bytes=7294712 collective_rank_calls=4928
AMG setup messages level=4 phase=numbering sends=0 bytes=0 collective_rank_calls=448
AMG setup messages level=4 phase=interpolation sends=53172 bytes=4535408 collective_rank_calls=448
AMG setup messages level=4 phase=interpolation-transpose sends=5450 bytes=1137920 collective_rank_calls=448
AMG setup messages level=4 phase=A*P sends=55380 bytes=19051776 collective_rank_calls=448
AMG setup messages level=4 phase=R*(A*P) sends=16350 bytes=32251152 collective_rank_calls=448
AMG setup messages level=5 phase=strength sends=0 bytes=0 collective_rank_calls=448
AMG setup messages level=5 phase=strength-transpose sends=6780 bytes=669184 collective_rank_calls=448
AMG setup messages level=5 phase=PMIS sends=123312 bytes=1505964 collective_rank_calls=3584
AMG setup messages level=5 phase=numbering sends=0 bytes=0 collective_rank_calls=448
AMG setup messages level=5 phase=interpolation sends=36870 bytes=796296 collective_rank_calls=448
AMG setup messages level=5 phase=interpolation-transpose sends=2726 bytes=296816 collective_rank_calls=448
AMG setup messages level=5 phase=A*P sends=94668 bytes=8295872 collective_rank_calls=448
AMG setup messages level=5 phase=R*(A*P) sends=8178 bytes=7108064 collective_rank_calls=448
AMG setup messages level=6 phase=strength sends=0 bytes=0 collective_rank_calls=448
AMG setup messages level=6 phase=strength-transpose sends=1760 bytes=132624 collective_rank_calls=448
AMG setup messages level=6 phase=PMIS sends=20520 bytes=221320 collective_rank_calls=1792
AMG setup messages level=6 phase=numbering sends=0 bytes=0 collective_rank_calls=448
AMG setup messages level=6 phase=interpolation sends=8238 bytes=92376 collective_rank_calls=448
AMG setup messages level=6 phase=interpolation-transpose sends=808 bytes=68240 collective_rank_calls=448
AMG setup messages level=6 phase=A*P sends=49686 bytes=2098624 collective_rank_calls=448
AMG setup messages level=6 phase=R*(A*P) sends=2424 bytes=1051056 collective_rank_calls=448
AMG setup messages level=7 phase=strength sends=0 bytes=0 collective_rank_calls=448
AMG setup messages level=7 phase=strength-transpose sends=407 bytes=36100 collective_rank_calls=448
AMG setup messages level=7 phase=PMIS sends=2825 bytes=48068 collective_rank_calls=896
AMG setup messages level=7 phase=numbering sends=0 bytes=0 collective_rank_calls=448
AMG setup messages level=7 phase=interpolation sends=1941 bytes=15820 collective_rank_calls=448
AMG setup messages level=7 phase=interpolation-transpose sends=170 bytes=18160 collective_rank_calls=448
AMG setup messages level=7 phase=A*P sends=8892 bytes=288208 collective_rank_calls=448
AMG setup messages level=7 phase=R*(A*P) sends=510 bytes=37328 collective_rank_calls=448
AMG setup messages level=0 phase=strength sends=0 bytes=0 collective_rank_calls=448
AMG setup messages level=0 phase=strength-transpose sends=3519 bytes=143784308 collective_rank_calls=448
AMG setup messages level=0 phase=PMIS sends=66692 bytes=420057952 collective_rank_calls=4032
AMG setup messages level=0 phase=numbering sends=0 bytes=0 collective_rank_calls=448
AMG setup messages level=0 phase=interpolation sends=21114 bytes=192067132 collective_rank_calls=448
AMG setup messages level=0 phase=interpolation-transpose sends=7592 bytes=74396000 collective_rank_calls=448
AMG setup messages level=0 phase=A*P sends=11562 bytes=357689968 collective_rank_calls=448
AMG setup messages level=0 phase=R*(A*P) sends=22776 bytes=528160688 collective_rank_calls=448
AMG setup messages level=1 phase=strength sends=0 bytes=0 collective_rank_calls=448
AMG setup messages level=1 phase=strength-transpose sends=8638 bytes=167752736 collective_rank_calls=448
AMG setup messages level=1 phase=PMIS sends=208066 bytes=346046744 collective_rank_calls=5376
AMG setup messages level=1 phase=numbering sends=0 bytes=0 collective_rank_calls=448
AMG setup messages level=1 phase=interpolation sends=51384 bytes=198987948 collective_rank_calls=448
AMG setup messages level=1 phase=interpolation-transpose sends=8349 bytes=59500608 collective_rank_calls=448
AMG setup messages level=1 phase=A*P sends=28866 bytes=349172944 collective_rank_calls=448
AMG setup messages level=1 phase=R*(A*P) sends=25047 bytes=887045632 collective_rank_calls=448
AMG setup messages level=2 phase=strength sends=0 bytes=0 collective_rank_calls=448
AMG setup messages level=2 phase=strength-transpose sends=9647 bytes=73161624 collective_rank_calls=448
AMG setup messages level=2 phase=PMIS sends=272081 bytes=133671776 collective_rank_calls=6272
AMG setup messages level=2 phase=numbering sends=0 bytes=0 collective_rank_calls=448
AMG setup messages level=2 phase=interpolation sends=57054 bytes=77620576 collective_rank_calls=448
AMG setup messages level=2 phase=interpolation-transpose sends=8225 bytes=17699424 collective_rank_calls=448
AMG setup messages level=2 phase=A*P sends=32790 bytes=141485936 collective_rank_calls=448
AMG setup messages level=2 phase=R*(A*P) sends=24675 bytes=405920432 collective_rank_calls=448
AMG setup messages level=3 phase=strength sends=0 bytes=0 collective_rank_calls=448
AMG setup messages level=3 phase=strength-transpose sends=9601 bytes=17617464 collective_rank_calls=448
AMG setup messages level=3 phase=PMIS sends=252636 bytes=32779536 collective_rank_calls=5824
AMG setup messages level=3 phase=numbering sends=0 bytes=0 collective_rank_calls=448
AMG setup messages level=3 phase=interpolation sends=56802 bytes=20342796 collective_rank_calls=448
AMG setup messages level=3 phase=interpolation-transpose sends=7300 bytes=4369872 collective_rank_calls=448
AMG setup messages level=3 phase=A*P sends=33924 bytes=47526240 collective_rank_calls=448
AMG setup messages level=3 phase=R*(A*P) sends=21900 bytes=120783168 collective_rank_calls=448
AMG setup messages level=4 phase=strength sends=0 bytes=0 collective_rank_calls=448
AMG setup messages level=4 phase=strength-transpose sends=9154 bytes=3455536 collective_rank_calls=448
AMG setup messages level=4 phase=PMIS sends=153862 bytes=5592360 collective_rank_calls=3584
AMG setup messages level=4 phase=numbering sends=0 bytes=0 collective_rank_calls=448
AMG setup messages level=4 phase=interpolation sends=53226 bytes=4595152 collective_rank_calls=448
AMG setup messages level=4 phase=interpolation-transpose sends=5430 bytes=1128544 collective_rank_calls=448
AMG setup messages level=4 phase=A*P sends=55446 bytes=19113168 collective_rank_calls=448
AMG setup messages level=4 phase=R*(A*P) sends=16290 bytes=31752048 collective_rank_calls=448
AMG setup messages level=5 phase=strength sends=0 bytes=0 collective_rank_calls=448
AMG setup messages level=5 phase=strength-transpose sends=6626 bytes=671732 collective_rank_calls=448
AMG setup messages level=5 phase=PMIS sends=105132 bytes=1344008 collective_rank_calls=3136
AMG setup messages level=5 phase=numbering sends=0 bytes=0 collective_rank_calls=448
AMG setup messages level=5 phase=interpolation sends=35982 bytes=799696 collective_rank_calls=448
AMG setup messages level=5 phase=interpolation-transpose sends=2456 bytes=287008 collective_rank_calls=448
AMG setup messages level=5 phase=A*P sends=94230 bytes=8228864 collective_rank_calls=448
AMG setup messages level=5 phase=R*(A*P) sends=7368 bytes=6559600 collective_rank_calls=448
AMG setup messages level=6 phase=strength sends=0 bytes=0 collective_rank_calls=448
AMG setup messages level=6 phase=strength-transpose sends=1829 bytes=150508 collective_rank_calls=448
AMG setup messages level=6 phase=PMIS sends=26036 bytes=273856 collective_rank_calls=2240
AMG setup messages level=6 phase=numbering sends=0 bytes=0 collective_rank_calls=448
AMG setup messages level=6 phase=interpolation sends=8625 bytes=119176 collective_rank_calls=448
AMG setup messages level=6 phase=interpolation-transpose sends=1018 bytes=93232 collective_rank_calls=448
AMG setup messages level=6 phase=A*P sends=47478 bytes=2315184 collective_rank_calls=448
AMG setup messages level=6 phase=R*(A*P) sends=3054 bytes=1466368 collective_rank_calls=448
AMG setup messages level=7 phase=strength sends=0 bytes=0 collective_rank_calls=448
AMG setup messages level=7 phase=strength-transpose sends=528 bytes=43800 collective_rank_calls=448
AMG setup messages level=7 phase=PMIS sends=5072 bytes=69576 collective_rank_calls=1344
AMG setup messages level=7 phase=numbering sends=0 bytes=0 collective_rank_calls=448
AMG setup messages level=7 phase=interpolation sends=2559 bytes=20960 collective_rank_calls=448
AMG setup messages level=7 phase=interpolation-transpose sends=194 bytes=19520 collective_rank_calls=448
AMG setup messages level=7 phase=A*P sends=13554 bytes=418400 collective_rank_calls=448
AMG setup messages level=7 phase=R*(A*P) sends=582 bytes=49504 collective_rank_calls=448
AMG setup messages level=0 phase=strength sends=0 bytes=0 collective_rank_calls=448
AMG setup messages level=0 phase=strength-transpose sends=3519 bytes=143777728 collective_rank_calls=448
AMG setup messages level=0 phase=PMIS sends=74065 bytes=461605520 collective_rank_calls=4480
AMG setup messages level=0 phase=numbering sends=0 bytes=0 collective_rank_calls=448
AMG setup messages level=0 phase=interpolation sends=21114 bytes=191976368 collective_rank_calls=448
AMG setup messages level=0 phase=interpolation-transpose sends=7599 bytes=74342512 collective_rank_calls=448
AMG setup messages level=0 phase=A*P sends=11562 bytes=357626704 collective_rank_calls=448
AMG setup messages level=0 phase=R*(A*P) sends=22797 bytes=527447248 collective_rank_calls=448
AMG setup messages level=1 phase=strength sends=0 bytes=0 collective_rank_calls=448
AMG setup messages level=1 phase=strength-transpose sends=8645 bytes=167829812 collective_rank_calls=448
AMG setup messages level=1 phase=PMIS sends=208169 bytes=346166448 collective_rank_calls=5376
AMG setup messages level=1 phase=numbering sends=0 bytes=0 collective_rank_calls=448
AMG setup messages level=1 phase=interpolation sends=51396 bytes=199168336 collective_rank_calls=448
AMG setup messages level=1 phase=interpolation-transpose sends=8350 bytes=59576256 collective_rank_calls=448
AMG setup messages level=1 phase=A*P sends=28830 bytes=349262144 collective_rank_calls=448
AMG setup messages level=1 phase=R*(A*P) sends=25050 bytes=887283712 collective_rank_calls=448
AMG setup messages level=2 phase=strength sends=0 bytes=0 collective_rank_calls=448
AMG setup messages level=2 phase=strength-transpose sends=9570 bytes=73192360 collective_rank_calls=448
AMG setup messages level=2 phase=PMIS sends=250472 bytes=124794128 collective_rank_calls=5824
AMG setup messages level=2 phase=numbering sends=0 bytes=0 collective_rank_calls=448
AMG setup messages level=2 phase=interpolation sends=56730 bytes=77680924 collective_rank_calls=448
AMG setup messages level=2 phase=interpolation-transpose sends=8205 bytes=17637456 collective_rank_calls=448
AMG setup messages level=2 phase=A*P sends=32796 bytes=141525840 collective_rank_calls=448
AMG setup messages level=2 phase=R*(A*P) sends=24615 bytes=404476720 collective_rank_calls=448
AMG setup messages level=3 phase=strength sends=0 bytes=0 collective_rank_calls=448
AMG setup messages level=3 phase=strength-transpose sends=9594 bytes=17639672 collective_rank_calls=448
AMG setup messages level=3 phase=PMIS sends=213468 bytes=28112160 collective_rank_calls=4928
AMG setup messages level=3 phase=numbering sends=0 bytes=0 collective_rank_calls=448
AMG setup messages level=3 phase=interpolation sends=56748 bytes=20272796 collective_rank_calls=448
AMG setup messages level=3 phase=interpolation-transpose sends=7273 bytes=4357424 collective_rank_calls=448
AMG setup messages level=3 phase=A*P sends=34038 bytes=47560048 collective_rank_calls=448
AMG setup messages level=3 phase=R*(A*P) sends=21819 bytes=120410624 collective_rank_calls=448
AMG setup messages level=4 phase=strength sends=0 bytes=0 collective_rank_calls=448
AMG setup messages level=4 phase=strength-transpose sends=9157 bytes=3472708 collective_rank_calls=448
AMG setup messages level=4 phase=PMIS sends=154135 bytes=5573724 collective_rank_calls=3584
AMG setup messages level=4 phase=numbering sends=0 bytes=0 collective_rank_calls=448
AMG setup messages level=4 phase=interpolation sends=53061 bytes=4622900 collective_rank_calls=448
AMG setup messages level=4 phase=interpolation-transpose sends=5485 bytes=1142192 collective_rank_calls=448
AMG setup messages level=4 phase=A*P sends=55614 bytes=19154288 collective_rank_calls=448
AMG setup messages level=4 phase=R*(A*P) sends=16455 bytes=32052464 collective_rank_calls=448
AMG setup messages level=5 phase=strength sends=0 bytes=0 collective_rank_calls=448
AMG setup messages level=5 phase=strength-transpose sends=6683 bytes=667356 collective_rank_calls=448
AMG setup messages level=5 phase=PMIS sends=106258 bytes=1342872 collective_rank_calls=3136
AMG setup messages level=5 phase=numbering sends=0 bytes=0 collective_rank_calls=448
AMG setup messages level=5 phase=interpolation sends=35832 bytes=775544 collective_rank_calls=448
AMG setup messages level=5 phase=interpolation-transpose sends=2569 bytes=284800 collective_rank_calls=448
AMG setup messages level=5 phase=A*P sends=92628 bytes=8048640 collective_rank_calls=448
AMG setup messages level=5 phase=R*(A*P) sends=7707 bytes=6641744 collective_rank_calls=448
AMG setup messages level=6 phase=strength sends=0 bytes=0 collective_rank_calls=448
AMG setup messages level=6 phase=strength-transpose sends=1880 bytes=145768 collective_rank_calls=448
AMG setup messages level=6 phase=PMIS sends=32066 bytes=312400 collective_rank_calls=2688
AMG setup messages level=6 phase=numbering sends=0 bytes=0 collective_rank_calls=448
AMG setup messages level=6 phase=interpolation sends=8427 bytes=104448 collective_rank_calls=448
AMG setup messages level=6 phase=interpolation-transpose sends=850 bytes=73648 collective_rank_calls=448
AMG setup messages level=6 phase=A*P sends=50430 bytes=2234816 collective_rank_calls=448
AMG setup messages level=6 phase=R*(A*P) sends=2550 bytes=1340400 collective_rank_calls=448
AMG setup messages level=7 phase=strength sends=0 bytes=0 collective_rank_calls=448
AMG setup messages level=7 phase=strength-transpose sends=588 bytes=51432 collective_rank_calls=448
AMG setup messages level=7 phase=PMIS sends=4014 bytes=67832 collective_rank_calls=896
AMG setup messages level=7 phase=numbering sends=0 bytes=0 collective_rank_calls=448
AMG setup messages level=7 phase=interpolation sends=2874 bytes=23600 collective_rank_calls=448
AMG setup messages level=7 phase=interpolation-transpose sends=213 bytes=22912 collective_rank_calls=448
AMG setup messages level=7 phase=A*P sends=15600 bytes=524416 collective_rank_calls=448
AMG setup messages level=7 phase=R*(A*P) sends=639 bytes=46928 collective_rank_calls=448
GMRES: iter = 0, residual = 3.000095798, 1 (rel.)
GMRES: iter = 1, residual = 2.879570888, 0.959826313 (rel.)
GMRES: iter = 2, residual = 2.595969213, 0.8652954398 (rel.)
GMRES: iter = 3, residual = 2.302290884, 0.7674057893 (rel.)
GMRES: iter = 4, residual = 2.056944511, 0.6856262764 (rel.)
GMRES: iter = 5, residual = 1.857120108, 0.619020269 (rel.)
GMRES: iter = 6, residual = 1.663199716, 0.5543822024 (rel.)
GMRES: iter = 7, residual = 1.477379358, 0.4924440609 (rel.)
GMRES: iter = 8, residual = 1.30836002, 0.4361060805 (rel.)
GMRES: iter = 9, residual = 1.16047112, 0.3868113546 (rel.)
GMRES: iter = 10, residual = 1.0175419, 0.3391698029 (rel.)
GMRES: iter = 11, residual = 0.891299075, 0.2970902048 (rel.)
GMRES: iter = 12, residual = 0.7845274325, 0.2615007938 (rel.)
GMRES: iter = 13, residual = 0.6935944599, 0.2311907708 (rel.)
GMRES: iter = 14, residual = 0.6247684949, 0.208249515 (rel.)
GMRES: iter = 15, residual = 0.5782844227, 0.192755319 (rel.)
GMRES: iter = 16, residual = 0.5515669602, 0.1838497826 (rel.)
GMRES: iter = 17, residual = 0.5401508982, 0.1800445501 (rel.)
GMRES: iter = 18, residual = 0.5367574456, 0.1789134354 (rel.)
GMRES: iter = 19, residual = 0.5359695636, 0.1786508164 (rel.)
GMRES: iter = 20, residual = 0.5351486709, 0.1783771942 (rel.)
GMRES: iter = 21, residual = 0.5323176951, 0.1774335658 (rel.)
GMRES: iter = 22, residual = 0.5230919635, 0.1743584201 (rel.)
GMRES: iter = 23, residual = 0.5055535182, 0.1685124584 (rel.)
GMRES: iter = 24, residual = 0.486604779, 0.1621964137 (rel.)
GMRES: iter = 25, residual = 0.4724874126, 0.1574907751 (rel.)
GMRES: iter = 26, residual = 0.4619029747, 0.1539627418 (rel.)
GMRES: iter = 27, residual = 0.4516691438, 0.1505515738 (rel.)
GMRES: iter = 28, residual = 0.4397023661, 0.1465627752 (rel.)
GMRES: iter = 29, residual = 0.4260325618, 0.1420063193 (rel.)
GMRES: iter = 30, residual = 0.4112241972, 0.1370703554 (rel.)
GMRES: iter = 31, residual = 0.393769122, 0.1312521828 (rel.)
GMRES: iter = 32, residual = 0.3729526781, 0.1243135897 (rel.)
GMRES: iter = 33, residual = 0.3474701941, 0.1158196996 (rel.)
GMRES: iter = 34, residual = 0.3119698953, 0.1039866445 (rel.)
GMRES: iter = 35, residual = 0.2692011634, 0.08973085579 (rel.)
GMRES: iter = 36, residual = 0.2296100023, 0.07653422348 (rel.)
GMRES: iter = 37, residual = 0.1934294437, 0.06447442239 (rel.)
GMRES: iter = 38, residual = 0.1654129434, 0.05513588715 (rel.)
GMRES: iter = 39, residual = 0.1483421393, 0.04944580083 (rel.)
GMRES: iter = 40, residual = 0.1335177087, 0.04450448174 (rel.)
GMRES: iter = 41, residual = 0.1108102387, 0.03693556677 (rel.)
GMRES: iter = 42, residual = 0.08930051951, 0.02976588933 (rel.)
GMRES: iter = 43, residual = 0.07627357985, 0.02542371477 (rel.)
GMRES: iter = 44, residual = 0.06655316735, 0.02218368074 (rel.)
GMRES: iter = 45, residual = 0.05830980846, 0.01943598218 (rel.)
GMRES: iter = 46, residual = 0.05255028666, 0.01751620288 (rel.)
GMRES: iter = 47, residual = 0.04339848046, 0.01446569822 (rel.)
GMRES: iter = 48, residual = 0.03582611504, 0.01194165702 (rel.)
GMRES: iter = 49, residual = 0.03140623014, 0.0104684091 (rel.)
GMRES: iter = 50, residual = 0.02786942212, 0.009289510734 (rel.)
GMRES: iter = 51, residual = 0.02474511567, 0.008248108506 (rel.)
GMRES: iter = 52, residual = 0.02147123028, 0.007156848224 (rel.)
GMRES: iter = 53, residual = 0.0186632003, 0.006220868119 (rel.)
GMRES: iter = 54, residual = 0.01612288464, 0.00537412327 (rel.)
GMRES: iter = 55, residual = 0.01434397848, 0.004781173486 (rel.)
GMRES: iter = 56, residual = 0.01247311104, 0.004157570917 (rel.)
GMRES: iter = 57, residual = 0.0108068391, 0.003602164675 (rel.)
GMRES: iter = 58, residual = 0.009411516448, 0.003137071974 (rel.)
GMRES: iter = 59, residual = 0.008183264343, 0.00272766768 (rel.)
GMRES: iter = 60, residual = 0.007205729865, 0.002401833258 (rel.)
GMRES: iter = 61, residual = 0.006412576043, 0.002137457093 (rel.)
GMRES: iter = 62, residual = 0.00572121272, 0.001907010011 (rel.)
GMRES: iter = 63, residual = 0.005063616293, 0.001687818201 (rel.)
GMRES: iter = 64, residual = 0.004468157277, 0.001489338201 (rel.)
GMRES: iter = 65, residual = 0.003998007096, 0.001332626478 (rel.)
GMRES: iter = 66, residual = 0.003549793038, 0.001183226562 (rel.)
GMRES: iter = 67, residual = 0.003096486357, 0.00103212916 (rel.)
GMRES: iter = 68, residual = 0.002647968981, 0.0008826281425 (rel.)
GMRES: iter = 69, residual = 0.0022385733, 0.0007461672729 (rel.)
GMRES: iter = 70, residual = 0.001888464187, 0.0006294679617 (rel.)
GMRES: iter = 71, residual = 0.001647441593, 0.0005491296624 (rel.)
GMRES: iter = 72, residual = 0.001446892747, 0.0004822821819 (rel.)
GMRES: iter = 73, residual = 0.001281911413, 0.0004272901598 (rel.)
GMRES: iter = 74, residual = 0.00115622511, 0.0003853960633 (rel.)
GMRES: iter = 75, residual = 0.001042594928, 0.0003475205453 (rel.)
GMRES: iter = 76, residual = 0.0009208587394, 0.0003069431116 (rel.)
GMRES: iter = 77, residual = 0.0007990184044, 0.0002663309635 (rel.)
GMRES: iter = 78, residual = 0.0006842947134, 0.0002280909543 (rel.)
GMRES: iter = 79, residual = 0.0005993059428, 0.0001997622687 (rel.)
GMRES: iter = 80, residual = 0.0005347302264, 0.0001782377172 (rel.)
GMRES: iter = 81, residual = 0.0004711306742, 0.0001570385434 (rel.)
GMRES: iter = 82, residual = 0.0004095029796, 0.0001364966345 (rel.)
GMRES: iter = 83, residual = 0.0003500566211, 0.0001166818144 (rel.)
GMRES: iter = 84, residual = 0.000299949579, 9.998000038e-05 (rel.)
GMRES: Solve Time = 36.01173355
AMG setup messages level=0 phase=strength sends=0 bytes=0 collective_rank_calls=448
AMG setup messages level=0 phase=strength-transpose sends=3519 bytes=143789936 collective_rank_calls=448
AMG setup messages level=0 phase=PMIS sends=66692 bytes=420088576 collective_rank_calls=4032
AMG setup messages level=0 phase=numbering sends=0 bytes=0 collective_rank_calls=448
AMG setup messages level=0 phase=interpolation sends=21114 bytes=191961536 collective_rank_calls=448
AMG setup messages level=0 phase=interpolation-transpose sends=7620 bytes=74342784 collective_rank_calls=448
AMG setup messages level=0 phase=A*P sends=11562 bytes=357646640 collective_rank_calls=448
AMG setup messages level=0 phase=R*(A*P) sends=22860 bytes=527692592 collective_rank_calls=448
AMG setup messages level=1 phase=strength sends=0 bytes=0 collective_rank_calls=448
AMG setup messages level=1 phase=strength-transpose sends=8651 bytes=167677460 collective_rank_calls=448
AMG setup messages level=1 phase=PMIS sends=191198 bytes=319615528 collective_rank_calls=4928
AMG setup messages level=1 phase=numbering sends=0 bytes=0 collective_rank_calls=448
AMG setup messages level=1 phase=interpolation sends=51426 bytes=199078192 collective_rank_calls=448
AMG setup messages level=1 phase=interpolation-transpose sends=8337 bytes=59364256 collective_rank_calls=448
AMG setup messages level=1 phase=A*P sends=28818 bytes=349357392 collective_rank_calls=448
AMG setup messages level=1 phase=R*(A*P) sends=25011 bytes=885541168 collective_rank_calls=448
AMG setup messages level=2 phase=strength sends=0 bytes=0 collective_rank_calls=448
AMG setup messages level=2 phase=strength-transpose sends=9547 bytes=73069948 collective_rank_calls=448
AMG setup messages level=2 phase=PMIS sends=250028 bytes=124929280 collective_rank_calls=5824
AMG setup messages level=2 phase=numbering sends=0 bytes=0 collective_rank_calls=448
AMG setup messages level=2 phase=interpolation sends=56640 bytes=77577952 collective_rank_calls=448
AMG setup messages level=2 phase=interpolation-transpose sends=8234 bytes=17632000 collective_rank_calls=448
AMG setup messages level=2 phase=A*P sends=32784 bytes=141702608 collective_rank_calls=448
AMG setup messages level=2 phase=R*(A*P) sends=24702 bytes=403990096 collective_rank_calls=448
AMG setup messages level=3 phase=strength sends=0 bytes=0 collective_rank_calls=448
AMG setup messages level=3 phase=strength-transpose sends=9537 bytes=17604804 collective_rank_calls=448
AMG setup messages level=3 phase=PMIS sends=212658 bytes=27969392 collective_rank_calls=4928
AMG setup messages level=3 phase=numbering sends=0 bytes=0 collective_rank_calls=448
AMG setup messages level=3 phase=interpolation sends=56445 bytes=20158664 collective_rank_calls=448
AMG setup messages level=3 phase=interpolation-transpose sends=7249 bytes=4357184 collective_rank_calls=448
AMG setup messages level=3 phase=A*P sends=33912 bytes=47481040 collective_rank_calls=448
AMG setup messages level=3 phase=R*(A*P) sends=21747 bytes=120148928 collective_rank_calls=448
AMG setup messages level=4 phase=strength sends=0 bytes=0 collective_rank_calls=448
AMG setup messages level=4 phase=strength-transpose sends=9156 bytes=3445992 collective_rank_calls=448
AMG setup messages level=4 phase=PMIS sends=173268 bytes=6132816 collective_rank_calls=4032
AMG setup messages level=4 phase=numbering sends=0 bytes=0 collective_rank_calls=448
AMG setup messages level=4 phase=interpolation sends=53286 bytes=4590492 collective_rank_calls=448
AMG setup messages level=4 phase=interpolation-transpose sends=5400 bytes=1131088 collective_rank_calls=448
AMG setup messages level=4 phase=A*P sends=55164 bytes=18940800 collective_rank_calls=448
AMG setup messages level=4 phase=R*(A*P) sends=16200 bytes=31226528 collective_rank_calls=448
AMG setup messages level=5 phase=strength sends=0 bytes=0 collective_rank_calls=448
AMG setup messages level=5 phase=strength-transpose sends=6694 bytes=677108 collective_rank_calls=448
AMG setup messages level=5 phase=PMIS sends=136372 bytes=1654304 collective_rank_calls=4032
AMG setup messages level=5 phase=numbering sends=0 bytes=0 collective_rank_calls=448
AMG setup messages level=5 phase=interpolation sends=36234 bytes=827940 collective_rank_calls=448
AMG setup messages level=5 phase=interpolation-transpose sends=2574 bytes=291808 collective_rank_calls=448
AMG setup messages level=5 phase=A*P sends=92238 bytes=8171936 collective_rank_calls=448
AMG setup messages level=5 phase=R*(A*P) sends=7722 bytes=6667728 collective_rank_calls=448
AMG setup messages level=6 phase=strength sends=0 bytes=0 collective_rank_calls=448
AMG setup messages level=6 phase=strength-transpose sends=1905 bytes=149560 collective_rank_calls=448
AMG setup messages level=6 phase=PMIS sends=26988 bytes=276064 collective_rank_calls=2240
AMG setup messages level=6 phase=numbering sends=0 bytes=0 collective_rank_calls=448
AMG setup messages level=6 phase=interpolation sends=9000 bytes=123624 collective_rank_calls=448
AMG setup messages level=6 phase=interpolation-transpose sends=944 bytes=91840 collective_rank_calls=448
AMG setup messages level=6 phase=A*P sends=48588 bytes=2370512 collective_rank_calls=448
AMG setup messages level=6 phase=R*(A*P) sends=2832 bytes=1228768 collective_rank_calls=448
AMG setup messages level=7 phase=strength sends=0 bytes=0 collective_rank_calls=448
AMG setup messages level=7 phase=strength-transpose sends=539 bytes=52360 collective_rank_calls=448
AMG setup messages level=7 phase=PMIS sends=3701 bytes=61824 collective_rank_calls=896
AMG setup messages level=7 phase=numbering sends=0 bytes=0 collective_rank_calls=448
AMG setup messages level=7 phase=interpolation sends=2925 bytes=26504 collective_rank_calls=448
AMG setup messages level=7 phase=interpolation-transpose sends=185 bytes=19536 collective_rank_calls=448
AMG setup messages level=7 phase=A*P sends=11154 bytes=361104 collective_rank_calls=448
AMG setup messages level=7 phase=R*(A*P) sends=555 bytes=40064 collective_rank_calls=448
GMRES: iter = 0, residual = 2.782182551, 1 (rel.)
GMRES: iter = 1, residual = 2.431486351, 0.8739492488 (rel.)
GMRES: iter = 2, residual = 2.203163728, 0.791883238 (rel.)
GMRES: iter = 3, residual = 1.944353734, 0.6988591503 (rel.)
GMRES: iter = 4, residual = 1.720845055, 0.6185234159 (rel.)
GMRES: iter = 5, residual = 1.542467913, 0.5544093114 (rel.)
GMRES: iter = 6, residual = 1.401481037, 0.5037343925 (rel.)
GMRES: iter = 7, residual = 1.2408913, 0.4460136159 (rel.)
GMRES: iter = 8, residual = 1.10754038, 0.3980832888 (rel.)
GMRES: iter = 9, residual = 0.9913654173, 0.3563265167 (rel.)
GMRES: iter = 10, residual = 0.8660361795, 0.3112794231 (rel.)
GMRES: iter = 11, residual = 0.7516284847, 0.2701578602 (rel.)
GMRES: iter = 12, residual = 0.6513195731, 0.2341038235 (rel.)
GMRES: iter = 13, residual = 0.5586871463, 0.2008089462 (rel.)
GMRES: iter = 14, residual = 0.485414637, 0.1744726049 (rel.)
GMRES: iter = 15, residual = 0.4357478869, 0.1566208827 (rel.)
GMRES: iter = 16, residual = 0.4046573225, 0.1454459997 (rel.)
GMRES: iter = 17, residual = 0.3865178279, 0.1389261203 (rel.)
GMRES: iter = 18, residual = 0.3754970803, 0.1349649325 (rel.)
GMRES: iter = 19, residual = 0.3675706951, 0.1321159515 (rel.)
GMRES: iter = 20, residual = 0.3598900265, 0.1293552885 (rel.)
GMRES: iter = 21, residual = 0.3510203424, 0.1261672575 (rel.)
GMRES: iter = 22, residual = 0.3413443043, 0.1226893987 (rel.)
GMRES: iter = 23, residual = 0.3328657052, 0.1196419354 (rel.)
GMRES: iter = 24, residual = 0.3265075663, 0.1173566293 (rel.)
GMRES: iter = 25, residual = 0.3213449584, 0.1155010329 (rel.)
GMRES: iter = 26, residual = 0.3168961274, 0.1139019894 (rel.)
GMRES: iter = 27, residual = 0.3127633424, 0.1124165423 (rel.)
GMRES: iter = 28, residual = 0.3083341854, 0.1108245702 (rel.)
GMRES: iter = 29, residual = 0.3025563945, 0.1087478585 (rel.)
GMRES: iter = 30, residual = 0.2949100156, 0.1059995202 (rel.)
GMRES: iter = 31, residual = 0.2847180172, 0.1023362098 (rel.)
GMRES: iter = 32, residual = 0.2704439443, 0.09720567912 (rel.)
GMRES: iter = 33, residual = 0.2509091206, 0.09018427655 (rel.)
GMRES: iter = 34, residual = 0.2271985387, 0.08166198103 (rel.)
GMRES: iter = 35, residual = 0.2023028313, 0.07271371577 (rel.)
GMRES: iter = 36, residual = 0.177370833, 0.06375240651 (rel.)
GMRES: iter = 37, residual = 0.1552117048, 0.05578775004 (rel.)
GMRES: iter = 38, residual = 0.1374895256, 0.04941786637 (rel.)
GMRES: iter = 39, residual = 0.1224254181, 0.04400337354 (rel.)
GMRES: iter = 40, residual = 0.1048138756, 0.03767325604 (rel.)
GMRES: iter = 41, residual = 0.08816337924, 0.03168856738 (rel.)
GMRES: iter = 42, residual = 0.07686723678, 0.02762839438 (rel.)
GMRES: iter = 43, residual = 0.06721431441, 0.02415884406 (rel.)
GMRES: iter = 44, residual = 0.05945608386, 0.02137030291 (rel.)
GMRES: iter = 45, residual = 0.05137823793, 0.01846688238 (rel.)
GMRES: iter = 46, residual = 0.04272331192, 0.01535604193 (rel.)
GMRES: iter = 47, residual = 0.03575756494, 0.01285234318 (rel.)
GMRES: iter = 48, residual = 0.03107062878, 0.0111677175 (rel.)
GMRES: iter = 49, residual = 0.02728937733, 0.009808622124 (rel.)
GMRES: iter = 50, residual = 0.0239473095, 0.008607382536 (rel.)
GMRES: iter = 51, residual = 0.02105146196, 0.007566527921 (rel.)
GMRES: iter = 52, residual = 0.01838648551, 0.006608655315 (rel.)
GMRES: iter = 53, residual = 0.01605574805, 0.005770918248 (rel.)
GMRES: iter = 54, residual = 0.0141315082, 0.005079288631 (rel.)
GMRES: iter = 55, residual = 0.01225322387, 0.004404176809 (rel.)
GMRES: iter = 56, residual = 0.01065181922, 0.003828583865 (rel.)
GMRES: iter = 57, residual = 0.009116686795, 0.003276811146 (rel.)
GMRES: iter = 58, residual = 0.007975925805, 0.002866787372 (rel.)
GMRES: iter = 59, residual = 0.006970483633, 0.002505401247 (rel.)
GMRES: iter = 60, residual = 0.006081055046, 0.00218571389 (rel.)
GMRES: iter = 61, residual = 0.005372034884, 0.001930870741 (rel.)
GMRES: iter = 62, residual = 0.004796905988, 0.001724152136 (rel.)
GMRES: iter = 63, residual = 0.004215466438, 0.001515165292 (rel.)
GMRES: iter = 64, residual = 0.003631113334, 0.001305131229 (rel.)
GMRES: iter = 65, residual = 0.003106791476, 0.0011166742 (rel.)
GMRES: iter = 66, residual = 0.002649672257, 0.0009523718187 (rel.)
GMRES: iter = 67, residual = 0.00226096085, 0.0008126572603 (rel.)
GMRES: iter = 68, residual = 0.001921566247, 0.000690668643 (rel.)
GMRES: iter = 69, residual = 0.001636636262, 0.0005882562454 (rel.)
GMRES: iter = 70, residual = 0.001418896838, 0.0005099941546 (rel.)
GMRES: iter = 71, residual = 0.001245204352, 0.0004475638566 (rel.)
GMRES: iter = 72, residual = 0.001117025799, 0.0004014926333 (rel.)
GMRES: iter = 73, residual = 0.001010846822, 0.000363328719 (rel.)
GMRES: iter = 74, residual = 0.0008895842852, 0.0003197433198 (rel.)
GMRES: iter = 75, residual = 0.0007701027894, 0.0002767980803 (rel.)
GMRES: iter = 76, residual = 0.0006717600853, 0.0002414507578 (rel.)
GMRES: iter = 77, residual = 0.0005888381729, 0.000211646131 (rel.)
GMRES: iter = 78, residual = 0.0005127918029, 0.0001843127808 (rel.)
GMRES: iter = 79, residual = 0.0004390909882, 0.0001578224937 (rel.)
GMRES: iter = 80, residual = 0.0003799985505, 0.0001365828962 (rel.)
GMRES: iter = 81, residual = 0.0003252141665, 0.0001168917425 (rel.)
GMRES: iter = 82, residual = 0.0002714482068, 9.756664123e-05 (rel.)
GMRES: Solve Time = 34.99945055
AMG setup messages level=0 phase=strength sends=0 bytes=0 collective_rank_calls=448
AMG setup messages level=0 phase=strength-transpose sends=3519 bytes=143802620 collective_rank_calls=448
AMG setup messages level=0 phase=PMIS sends=74065 bytes=461706788 collective_rank_calls=4480
AMG setup messages level=0 phase=numbering sends=0 bytes=0 collective_rank_calls=448
AMG setup messages level=0 phase=interpolation sends=21114 bytes=191970548 collective_rank_calls=448
AMG setup messages level=0 phase=interpolation-transpose sends=7590 bytes=74265248 collective_rank_calls=448
AMG setup messages level=0 phase=A*P sends=11562 bytes=357667824 collective_rank_calls=448
AMG setup messages level=0 phase=R*(A*P) sends=22770 bytes=527372704 collective_rank_calls=448
AMG setup messages level=1 phase=strength sends=0 bytes=0 collective_rank_calls=448
AMG setup messages level=1 phase=strength-transpose sends=8681 bytes=167590508 collective_rank_calls=448
AMG setup messages level=1 phase=PMIS sends=191786 bytes=319602832 collective_rank_calls=4928
AMG setup messages level=1 phase=numbering sends=0 bytes=0 collective_rank_calls=448
AMG setup messages level=1 phase=interpolation sends=51630 bytes=199207832 collective_rank_calls=448
AMG setup messages level=1 phase=interpolation-transpose sends=8340 bytes=59238512 collective_rank_calls=448
AMG setup messages level=1 phase=A*P sends=28818 bytes=349351120 collective_rank_calls=448
AMG setup messages level=1 phase=R*(A*P) sends=25020 bytes=883528288 collective_rank_calls=448
AMG setup messages level=2 phase=strength sends=0 bytes=0 collective_rank_calls=448
AMG setup messages level=2 phase=strength-transpose sends=9579 bytes=72948188 collective_rank_calls=448
AMG setup messages level=2 phase=PMIS sends=250692 bytes=124814992 collective_rank_calls=5824
AMG setup messages level=2 phase=numbering sends=0 bytes=0 collective_rank_calls=448
AMG setup messages level=2 phase=interpolation sends=56787 bytes=77383260 collective_rank_calls=448
AMG setup messages level=2 phase=interpolation-transpose sends=8183 bytes=17613104 collective_rank_calls=448
AMG setup messages level=2 phase=A*P sends=32736 bytes=141590176 collective_rank_calls=448
AMG setup messages level=2 phase=R*(A*P) sends=24549 bytes=402583792 collective_rank_calls=448
AMG setup messages level=3 phase=strength sends=0 bytes=0 collective_rank_calls=448
AMG setup messages level=3 phase=strength-transpose sends=9530 bytes=17597760 collective_rank_calls=448
AMG setup messages level=3 phase=PMIS sends=212228 bytes=27907856 collective_rank_calls=4928
AMG setup messages level=3 phase=numbering sends=0 bytes=0 collective_rank_calls=448
AMG setup messages level=3 phase=interpolation sends=56259 bytes=20094880 collective_rank_calls=448
AMG setup messages level=3 phase=interpolation-transpose sends=7192 bytes=4349376 collective_rank_calls=448
AMG setup messages level=3 phase=A*P sends=33954 bytes=47395904 collective_rank_calls=448
AMG setup messages level=3 phase=R*(A*P) sends=21576 bytes=118427376 collective_rank_calls=448
AMG setup messages level=4 phase=strength sends=0 bytes=0 collective_rank_calls=448
AMG setup messages level=4 phase=strength-transpose sends=9112 bytes=3450944 collective_rank_calls=448
AMG setup messages level=4 phase=PMIS sends=172476 bytes=6119360 collective_rank_calls=4032
AMG setup messages level=4 phase=numbering sends=0 bytes=0 collective_rank_calls=448
AMG setup messages level=4 phase=interpolation sends=53058 bytes=4551436 collective_rank_calls=448
AMG setup messages level=4 phase=interpolation-transpose sends=5446 bytes=1136192 collective_rank_calls=448
AMG setup messages level=4 phase=A*P sends=54816 bytes=18767360 collective_rank_calls=448
AMG setup messages level=4 phase=R*(A*P) sends=16338 bytes=30892864 collective_rank_calls=448
AMG setup messages level=5 phase=strength sends=0 bytes=0 collective_rank_calls=448
AMG setup messages level=5 phase=strength-transpose sends=6500 bytes=645684 collective_rank_calls=448
AMG setup messages level=5 phase=PMIS sends=117662 bytes=1434300 collective_rank_calls=3584
AMG setup messages level=5 phase=numbering sends=0 bytes=0 collective_rank_calls=448
AMG setup messages level=5 phase=interpolation sends=34944 bytes=785020 collective_rank_calls=448
AMG setup messages level=5 phase=interpolation-transpose sends=2541 bytes=287536 collective_rank_calls=448
AMG setup messages level=5 phase=A*P sends=92892 bytes=7981840 collective_rank_calls=448
AMG setup messages level=5 phase=R*(A*P) sends=7623 bytes=6562144 collective_rank_calls=448
AMG setup messages level=6 phase=strength sends=0 bytes=0 collective_rank_calls=448
AMG setup messages level=6 phase=strength-transpose sends=1878 bytes=138976 collective_rank_calls=448
AMG setup messages level=6 phase=PMIS sends=21304 bytes=217488 collective_rank_calls=1792
AMG setup messages level=6 phase=numbering sends=0 bytes=0 collective_rank_calls=448
AMG setup messages level=6 phase=interpolation sends=9108 bytes=137220 collective_rank_calls=448
AMG setup messages level=6 phase=interpolation-transpose sends=1170 bytes=108608 collective_rank_calls=448
AMG setup messages level=6 phase=A*P sends=49146 bytes=2484416 collective_rank_calls=448
AMG setup messages level=6 phase=R*(A*P) sends=3510 bytes=1536288 collective_rank_calls=448
AMG setup messages level=7 phase=strength sends=0 bytes=0 collective_rank_calls=448
AMG setup messages level=7 phase=strength-transpose sends=621 bytes=41756 collective_rank_calls=448
AMG setup messages level=7 phase=PMIS sends=5594 bytes=59896 collective_rank_calls=1344
AMG setup messages level=7 phase=numbering sends=0 bytes=0 collective_rank_calls=448
AMG setup messages level=7 phase=interpolation sends=3189 bytes=26636 collective_rank_calls=448
AMG setup messages level=7 phase=interpolation-transpose sends=155 bytes=13168 collective_rank_calls=448
AMG setup messages level=7 phase=A*P sends=13698 bytes=326944 collective_rank_calls=448
AMG setup messages level=7 phase=R*(A*P) sends=465 bytes=24912 collective_rank_calls=448
GMRES: iter = 0, residual = 2.442514547, 1 (rel.)
GMRES: iter = 1, residual = 2.077253737, 0.8504570584 (rel.)
GMRES: iter = 2, residual = 1.863341538, 0.7628783789 (rel.)
GMRES: iter = 3, residual = 1.640907262, 0.6718106403 (rel.)
GMRES: iter = 4, residual = 1.439188393, 0.5892240826 (rel.)
GMRES: iter = 5, residual = 1.287234347, 0.5270119469 (rel.)
GMRES: iter = 6, residual = 1.174110568, 0.4806974722 (rel.)
GMRES: iter = 7, residual = 1.044182855, 0.4275032285 (rel.)
GMRES: iter = 8, residual = 0.931183283, 0.3812396058 (rel.)
GMRES: iter = 9, residual = 0.8372021337, 0.3427623941 (rel.)
GMRES: iter = 10, residual = 0.7345922384, 0.3007524518 (rel.)
GMRES: iter = 11, residual = 0.6366980952, 0.260673205 (rel.)
GMRES: iter = 12, residual = 0.5499800825, 0.2251696241 (rel.)
GMRES: iter = 13, residual = 0.4689482975, 0.1919940653 (rel.)
GMRES: iter = 14, residual = 0.4011676771, 0.1642437207 (rel.)
GMRES: iter = 15, residual = 0.3523013045, 0.1442371367 (rel.)
GMRES: iter = 16, residual = 0.3192796908, 0.130717621 (rel.)
GMRES: iter = 17, residual = 0.2984551361, 0.1221917538 (rel.)
GMRES: iter = 18, residual = 0.2854300002, 0.1168590789 (rel.)
GMRES: iter = 19, residual = 0.2764547263, 0.1131844749 (rel.)
GMRES: iter = 20, residual = 0.2687255027, 0.1100200214 (rel.)
GMRES: iter = 21, residual = 0.2607302781, 0.1067466634 (rel.)
GMRES: iter = 22, residual = 0.2524757431, 0.10336714 (rel.)
GMRES: iter = 23, residual = 0.2452665703, 0.1004156027 (rel.)
GMRES: iter = 24, residual = 0.239851816, 0.09819872568 (rel.)
GMRES: iter = 25, residual = 0.235584946, 0.09645180879 (rel.)
GMRES: iter = 26, residual = 0.2318046978, 0.09490412169 (rel.)
GMRES: iter = 27, residual = 0.2282604157, 0.09345304246 (rel.)
GMRES: iter = 28, residual = 0.2245709513, 0.09194252359 (rel.)
GMRES: iter = 29, residual = 0.2201521543, 0.09013340559 (rel.)
GMRES: iter = 30, residual = 0.2144616666, 0.08780363944 (rel.)
GMRES: iter = 31, residual = 0.2072433679, 0.08484836587 (rel.)
GMRES: iter = 32, residual = 0.1976900192, 0.08093708979 (rel.)
GMRES: iter = 33, residual = 0.183901597, 0.07529191473 (rel.)
GMRES: iter = 34, residual = 0.167043405, 0.06838993249 (rel.)
GMRES: iter = 35, residual = 0.1488635654, 0.06094684905 (rel.)
GMRES: iter = 36, residual = 0.1302415498, 0.0533227325 (rel.)
GMRES: iter = 37, residual = 0.1160490545, 0.04751212421 (rel.)
GMRES: iter = 38, residual = 0.1047049901, 0.04286770378 (rel.)
GMRES: iter = 39, residual = 0.09220541465, 0.03775020082 (rel.)
GMRES: iter = 40, residual = 0.07939082975, 0.03250372853 (rel.)
GMRES: iter = 41, residual = 0.0695018014, 0.02845502046 (rel.)
GMRES: iter = 42, residual = 0.0603502311, 0.02470823815 (rel.)
GMRES: iter = 43, residual = 0.0526468384, 0.02155436023 (rel.)
GMRES: iter = 44, residual = 0.0453110904, 0.01855100125 (rel.)
GMRES: iter = 45, residual = 0.0371887, 0.01522557974 (rel.)
GMRES: iter = 46, residual = 0.03070478336, 0.01257097257 (rel.)
GMRES: iter = 47, residual = 0.02629712514, 0.01076641495 (rel.)
GMRES: iter = 48, residual = 0.02292140204, 0.009384346173 (rel.)
GMRES: iter = 49, residual = 0.02022133951, 0.008278902385 (rel.)
GMRES: iter = 50, residual = 0.01750948352, 0.00716863019 (rel.)
GMRES: iter = 51, residual = 0.01499639515, 0.00613973627 (rel.)
GMRES: iter = 52, residual = 0.01304180159, 0.005339498022 (rel.)
GMRES: iter = 53, residual = 0.01151202577, 0.004713186164 (rel.)
GMRES: iter = 54, residual = 0.01002662776, 0.004105043213 (rel.)
GMRES: iter = 55, residual = 0.008502523119, 0.003481053216 (rel.)
GMRES: iter = 56, residual = 0.007056675039, 0.002889102564 (rel.)
GMRES: iter = 57, residual = 0.006045062859, 0.00247493423 (rel.)
GMRES: iter = 58, residual = 0.005250404962, 0.002149590048 (rel.)
GMRES: iter = 59, residual = 0.004528676623, 0.001854104259 (rel.)
GMRES: iter = 60, residual = 0.00387916975, 0.001588186959 (rel.)
GMRES: iter = 61, residual = 0.003399758817, 0.001391909343 (rel.)
GMRES: iter = 62, residual = 0.002976205967, 0.001218500815 (rel.)
GMRES: iter = 63, residual = 0.002586634823, 0.001059004879 (rel.)
GMRES: iter = 64, residual = 0.002228915833, 0.0009125496657 (rel.)
GMRES: iter = 65, residual = 0.001924041551, 0.0007877298226 (rel.)
GMRES: iter = 66, residual = 0.001640120738, 0.0006714886263 (rel.)
GMRES: iter = 67, residual = 0.001401967239, 0.0005739852158 (rel.)
GMRES: iter = 68, residual = 0.001205547444, 0.0004935681735 (rel.)
GMRES: iter = 69, residual = 0.001041071325, 0.0004262293242 (rel.)
GMRES: iter = 70, residual = 0.0009115593621, 0.0003732052951 (rel.)
GMRES: iter = 71, residual = 0.0008054306946, 0.0003297547176 (rel.)
GMRES: iter = 72, residual = 0.0007107778362, 0.0002910024987 (rel.)
GMRES: iter = 73, residual = 0.0006273870911, 0.0002568611483 (rel.)
GMRES: iter = 74, residual = 0.0005501810191, 0.0002252518904 (rel.)
GMRES: iter = 75, residual = 0.0004684485141, 0.000191789447 (rel.)
GMRES: iter = 76, residual = 0.0003977463586, 0.0001628429846 (rel.)
GMRES: iter = 77, residual = 0.0003431705537, 0.0001404988782 (rel.)
GMRES: iter = 78, residual = 0.0003001862225, 0.000122900485 (rel.)
GMRES: iter = 79, residual = 0.0002637075592, 0.0001079656044 (rel.)
GMRES: iter = 80, residual = 0.0002273578145, 9.308350477e-05 (rel.)
GMRES: Solve Time = 34.03600905
AMG setup messages level=0 phase=strength sends=0 bytes=0 collective_rank_calls=448
AMG setup messages level=0 phase=strength-transpose sends=3519 bytes=143826952 collective_rank_calls=448
AMG setup messages level=0 phase=PMIS sends=66692 bytes=420219392 collective_rank_calls=4032
AMG setup messages level=0 phase=numbering sends=0 bytes=0 collective_rank_calls=448
AMG setup messages level=0 phase=interpolation sends=21114 bytes=192132120 collective_rank_calls=448
AMG setup messages level=0 phase=interpolation-transpose sends=7597 bytes=74094224 collective_rank_calls=448
AMG setup messages level=0 phase=A*P sends=11562 bytes=357745744 collective_rank_calls=448
AMG setup messages level=0 phase=R*(A*P) sends=22791 bytes=526840880 collective_rank_calls=448
AMG setup messages level=1 phase=strength sends=0 bytes=0 collective_rank_calls=448
AMG setup messages level=1 phase=strength-transpose sends=8651 bytes=167379456 collective_rank_calls=448
AMG setup messages level=1 phase=PMIS sends=208469 bytes=345912740 collective_rank_calls=5376
AMG setup messages level=1 phase=numbering sends=0 bytes=0 collective_rank_calls=448
AMG setup messages level=1 phase=interpolation sends=51441 bytes=199137136 collective_rank_calls=448
AMG setup messages level=1 phase=interpolation-transpose sends=8344 bytes=59075248 collective_rank_calls=448
AMG setup messages level=1 phase=A*P sends=28830 bytes=349337664 collective_rank_calls=448
AMG setup messages level=1 phase=R*(A*P) sends=25032 bytes=882517888 collective_rank_calls=448
AMG setup messages level=2 phase=strength sends=0 bytes=0 collective_rank_calls=448
AMG setup messages level=2 phase=strength-transpose sends=9545 bytes=72726508 collective_rank_calls=448
AMG setup messages level=2 phase=PMIS sends=250032 bytes=124566192 collective_rank_calls=5824
AMG setup messages level=2 phase=numbering sends=0 bytes=0 collective_rank_calls=448
AMG setup messages level=2 phase=interpolation sends=56529 bytes=77116660 collective_rank_calls=448
AMG setup messages level=2 phase=interpolation-transpose sends=8209 bytes=17490448 collective_rank_calls=448
AMG setup messages level=2 phase=A*P sends=32700 bytes=141613792 collective_rank_calls=448
AMG setup messages level=2 phase=R*(A*P) sends=24627 bytes=399565184 collective_rank_calls=448
AMG setup messages level=3 phase=strength sends=0 bytes=0 collective_rank_calls=448
AMG setup messages level=3 phase=strength-transpose sends=9506 bytes=17612468 collective_rank_calls=448
AMG setup messages level=3 phase=PMIS sends=211820 bytes=27769328 collective_rank_calls=4928
AMG setup messages level=3 phase=numbering sends=0 bytes=0 collective_rank_calls=448
AMG setup messages level=3 phase=interpolation sends=56232 bytes=20111684 collective_rank_calls=448
AMG setup messages level=3 phase=interpolation-transpose sends=7222 bytes=4318288 collective_rank_calls=448
AMG setup messages level=3 phase=A*P sends=33876 bytes=47213888 collective_rank_calls=448
AMG setup messages level=3 phase=R*(A*P) sends=21666 bytes=118261792 collective_rank_calls=448
AMG setup messages level=4 phase=strength sends=0 bytes=0 collective_rank_calls=448
AMG setup messages level=4 phase=strength-transpose sends=9182 bytes=3490988 collective_rank_calls=448
AMG setup messages level=4 phase=PMIS sends=173176 bytes=6178752 collective_rank_calls=4032
AMG setup messages level=4 phase=numbering sends=0 bytes=0 collective_rank_calls=448
AMG setup messages level=4 phase=interpolation sends=53343 bytes=4621632 collective_rank_calls=448
AMG setup messages level=4 phase=interpolation-transpose sends=5475 bytes=1124480 collective_rank_calls=448
AMG setup messages level=4 phase=A*P sends=55530 bytes=18734672 collective_rank_calls=448
AMG setup messages level=4 phase=R*(A*P) sends=16425 bytes=31057344 collective_rank_calls=448
AMG setup messages level=5 phase=strength sends=0 bytes=0 collective_rank_calls=448
AMG setup messages level=5 phase=strength-transpose sends=6674 bytes=669088 collective_rank_calls=448
AMG setup messages level=5 phase=PMIS sends=106540 bytes=1341312 collective_rank_calls=3136
AMG setup messages level=5 phase=numbering sends=0 bytes=0 collective_rank_calls=448
AMG setup messages level=5 phase=interpolation sends=35988 bytes=806480 collective_rank_calls=448
AMG setup messages level=5 phase=interpolation-transpose sends=2618 bytes=289200 collective_rank_calls=448
AMG setup messages level=5 phase=A*P sends=94308 bytes=8157376 collective_rank_calls=448
AMG setup messages level=5 phase=R*(A*P) sends=7854 bytes=6685936 collective_rank_calls=448
AMG setup messages level=6 phase=strength sends=0 bytes=0 collective_rank_calls=448
AMG setup messages level=6 phase=strength-transpose sends=1795 bytes=136624 collective_rank_calls=448
AMG setup messages level=6 phase=PMIS sends=20775 bytes=223820 collective_rank_calls=1792
AMG setup messages level=6 phase=numbering sends=0 bytes=0 collective_rank_calls=448
AMG setup messages level=6 phase=interpolation sends=8457 bytes=98120 collective_rank_calls=448
AMG setup messages level=6 phase=interpolation-transpose sends=843 bytes=71136 collective_rank_calls=448
AMG setup messages level=6 phase=A*P sends=48804 bytes=2050240 collective_rank_calls=448
AMG setup messages level=6 phase=R*(A*P) sends=2529 bytes=1265232 collective_rank_calls=448
AMG setup messages level=7 phase=strength sends=0 bytes=0 collective_rank_calls=448
AMG setup messages level=7 phase=strength-transpose sends=453 bytes=37204 collective_rank_calls=448
AMG setup messages level=7 phase=PMIS sends=3051 bytes=47896 collective_rank_calls=896
AMG setup messages level=7 phase=numbering sends=0 bytes=0 collective_rank_calls=448
AMG setup messages level=7 phase=interpolation sends=2136 bytes=17400 collective_rank_calls=448
AMG setup messages level=7 phase=interpolation-transpose sends=188 bytes=19440 collective_rank_calls=448
AMG setup messages level=7 phase=A*P sends=16200 bytes=466928 collective_rank_calls=448
AMG setup messages level=7 phase=R*(A*P) sends=564 bytes=39152 collective_rank_calls=448
GMRES: iter = 0, residual = 2.042913889, 1 (rel.)
GMRES: iter = 1, residual = 1.511701805, 0.7399733357 (rel.)
GMRES: iter = 2, residual = 1.248679306, 0.61122464 (rel.)
GMRES: iter = 3, residual = 1.072315205, 0.5248949604 (rel.)
GMRES: iter = 4, residual = 0.911248367, 0.4460532438 (rel.)
GMRES: iter = 5, residual = 0.807714287, 0.3953736334 (rel.)
GMRES: iter = 6, residual = 0.7346988465, 0.3596328022 (rel.)
GMRES: iter = 7, residual = 0.6650843585, 0.3255567266 (rel.)
GMRES: iter = 8, residual = 0.6016090435, 0.2944857572 (rel.)
GMRES: iter = 9, residual = 0.5510789824, 0.2697514493 (rel.)
GMRES: iter = 10, residual = 0.4999680613, 0.2447328123 (rel.)
GMRES: iter = 11, residual = 0.4465266587, 0.2185734118 (rel.)
GMRES: iter = 12, residual = 0.3953920094, 0.1935431598 (rel.)
GMRES: iter = 13, residual = 0.3449288298, 0.1688415903 (rel.)
GMRES: iter = 14, residual = 0.2974157081, 0.1455840648 (rel.)
GMRES: iter = 15, residual = 0.2556014703, 0.1251161254 (rel.)
GMRES: iter = 16, residual = 0.2212003791, 0.1082768982 (rel.)
GMRES: iter = 17, residual = 0.1937601118, 0.09484497258 (rel.)
GMRES: iter = 18, residual = 0.1730933764, 0.08472866985 (rel.)
GMRES: iter = 19, residual = 0.1583449191, 0.07750934582 (rel.)
GMRES: iter = 20, residual = 0.1475325853, 0.07221674204 (rel.)
GMRES: iter = 21, residual = 0.1384693304, 0.06778030691 (rel.)
GMRES: iter = 22, residual = 0.1298673905, 0.06356968406 (rel.)
GMRES: iter = 23, residual = 0.1218262521, 0.05963357179 (rel.)
GMRES: iter = 24, residual = 0.11507499, 0.05632884998 (rel.)
GMRES: iter = 25, residual = 0.1095781946, 0.05363818571 (rel.)
GMRES: iter = 26, residual = 0.1049847857, 0.05138972632 (rel.)
GMRES: iter = 27, residual = 0.1009125618, 0.04939638542 (rel.)
GMRES: iter = 28, residual = 0.09702784763, 0.04749482988 (rel.)
GMRES: iter = 29, residual = 0.09318190489, 0.04561225286 (rel.)
GMRES: iter = 30, residual = 0.08936516223, 0.04374396919 (rel.)
GMRES: iter = 31, residual = 0.08517115632, 0.04169101633 (rel.)
GMRES: iter = 32, residual = 0.07996764362, 0.03914391304 (rel.)
GMRES: iter = 33, residual = 0.07431315981, 0.03637606078 (rel.)
GMRES: iter = 34, residual = 0.06873140638, 0.03364380983 (rel.)
GMRES: iter = 35, residual = 0.06303444402, 0.03085516446 (rel.)
GMRES: iter = 36, residual = 0.05742864335, 0.02811114245 (rel.)
GMRES: iter = 37, residual = 0.05198190619, 0.02544498154 (rel.)
GMRES: iter = 38, residual = 0.04684254691, 0.02292928114 (rel.)
GMRES: iter = 39, residual = 0.0416499269, 0.02038750978 (rel.)
GMRES: iter = 40, residual = 0.03608260759, 0.01766232428 (rel.)
GMRES: iter = 41, residual = 0.03102289197, 0.01518560921 (rel.)
GMRES: iter = 42, residual = 0.02687988508, 0.01315762021 (rel.)
GMRES: iter = 43, residual = 0.02298432356, 0.01125075495 (rel.)
GMRES: iter = 44, residual = 0.01844884904, 0.009030654271 (rel.)
GMRES: iter = 45, residual = 0.01495654336, 0.007321181495 (rel.)
GMRES: iter = 46, residual = 0.01273146803, 0.006232014035 (rel.)
GMRES: iter = 47, residual = 0.01102785336, 0.005398099949 (rel.)
GMRES: iter = 48, residual = 0.009513490497, 0.004656824034 (rel.)
GMRES: iter = 49, residual = 0.007984989649, 0.003908627618 (rel.)
GMRES: iter = 50, residual = 0.006775990726, 0.003316826403 (rel.)
GMRES: iter = 51, residual = 0.00571285697, 0.002796425733 (rel.)
GMRES: iter = 52, residual = 0.004907074416, 0.002401997677 (rel.)
GMRES: iter = 53, residual = 0.00421797567, 0.002064685982 (rel.)
GMRES: iter = 54, residual = 0.003511322153, 0.001718781282 (rel.)
GMRES: iter = 55, residual = 0.002872190956, 0.001405928547 (rel.)
GMRES: iter = 56, residual = 0.002370525831, 0.001160365027 (rel.)
GMRES: iter = 57, residual = 0.001960831447, 0.0009598208995 (rel.)
GMRES: iter = 58, residual = 0.001641722682, 0.0008036181508 (rel.)
GMRES: iter = 59, residual = 0.001415099746, 0.0006926869278 (rel.)
GMRES: iter = 60, residual = 0.001241489586, 0.0006077052942 (rel.)
GMRES: iter = 61, residual = 0.001067687488, 0.0005226297075 (rel.)
GMRES: iter = 62, residual = 0.0009031249385, 0.0004420768508 (rel.)
GMRES: iter = 63, residual = 0.0007719914496, 0.0003778874155 (rel.)
GMRES: iter = 64, residual = 0.000673688313, 0.0003297683356 (rel.)
GMRES: iter = 65, residual = 0.0005790491272, 0.0002834427483 (rel.)
GMRES: iter = 66, residual = 0.000494572211, 0.0002420915603 (rel.)
GMRES: iter = 67, residual = 0.0004186914152, 0.0002049481466 (rel.)
GMRES: iter = 68, residual = 0.000362173826, 0.0001772829623 (rel.)
GMRES: iter = 69, residual = 0.0003169615992, 0.0001551517178 (rel.)
GMRES: iter = 70, residual = 0.0002747506995, 0.0001344896135 (rel.)
GMRES: iter = 71, residual = 0.0002331998034, 0.000114150579 (rel.)
GMRES: iter = 72, residual = 0.0001991575395, 9.748699669e-05 (rel.)
GMRES: Solve Time = 30.29883166
AMG setup messages level=0 phase=strength sends=0 bytes=0 collective_rank_calls=448
AMG setup messages level=0 phase=strength-transpose sends=3519 bytes=143881132 collective_rank_calls=448
AMG setup messages level=0 phase=PMIS sends=66692 bytes=420389984 collective_rank_calls=4032
AMG setup messages level=0 phase=numbering sends=0 bytes=0 collective_rank_calls=448
AMG setup messages level=0 phase=interpolation sends=21114 bytes=192024228 collective_rank_calls=448
AMG setup messages level=0 phase=interpolation-transpose sends=7579 bytes=73777776 collective_rank_calls=448
AMG setup messages level=0 phase=A*P sends=11562 bytes=357733536 collective_rank_calls=448
AMG setup messages level=0 phase=R*(A*P) sends=22737 bytes=525045648 collective_rank_calls=448
AMG setup messages level=1 phase=strength sends=0 bytes=0 collective_rank_calls=448
AMG setup messages level=1 phase=strength-transpose sends=8645 bytes=167336272 collective_rank_calls=448
AMG setup messages level=1 phase=PMIS sends=225596 bytes=372498192 collective_rank_calls=5824
AMG setup messages level=1 phase=numbering sends=0 bytes=0 collective_rank_calls=448
AMG setup messages level=1 phase=interpolation sends=51471 bytes=199231020 collective_rank_calls=448
AMG setup messages level=1 phase=interpolation-transpose sends=8340 bytes=59123776 collective_rank_calls=448
AMG setup messages level=1 phase=A*P sends=28848 bytes=349359472 collective_rank_calls=448
AMG setup messages level=1 phase=R*(A*P) sends=25020 bytes=882816288 collective_rank_calls=448
AMG setup messages level=2 phase=strength sends=0 bytes=0 collective_rank_calls=448
AMG setup messages level=2 phase=strength-transpose sends=9515 bytes=72676276 collective_rank_calls=448
AMG setup messages level=2 phase=PMIS sends=210710 bytes=106736280 collective_rank_calls=4928
AMG setup messages level=2 phase=numbering sends=0 bytes=0 collective_rank_calls=448
AMG setup messages level=2 phase=interpolation sends=56349 bytes=76935860 collective_rank_calls=448
AMG setup messages level=2 phase=interpolation-transpose sends=8198 bytes=17483600 collective_rank_calls=448
AMG setup messages level=2 phase=A*P sends=32766 bytes=141703040 collective_rank_calls=448
AMG setup messages level=2 phase=R*(A*P) sends=24594 bytes=398197712 collective_rank_calls=448
AMG setup messages level=3 phase=strength sends=0 bytes=0 collective_rank_calls=448
AMG setup messages level=3 phase=strength-transpose sends=9471 bytes=17708784 collective_rank_calls=448
AMG setup messages level=3 phase=PMIS sends=211038 bytes=27757464 collective_rank_calls=4928
AMG setup messages level=3 phase=numbering sends=0 bytes=0 collective_rank_calls=448
AMG setup messages level=3 phase=interpolation sends=56010 bytes=20081396 collective_rank_calls=448
AMG setup messages level=3 phase=interpolation-transpose sends=7245 bytes=4296608 collective_rank_calls=448
AMG setup messages level=3 phase=A*P sends=34002 bytes=47145888 collective_rank_calls=448
AMG setup messages level=3 phase=R*(A*P) sends=21735 bytes=116648640 collective_rank_calls=448
AMG setup messages level=4 phase=strength sends=0 bytes=0 collective_rank_calls=448
AMG setup messages level=4 phase=strength-transpose sends=9177 bytes=3491816 collective_rank_calls=448
AMG setup messages level=4 phase=PMIS sends=154545 bytes=5562436 collective_rank_calls=3584
AMG setup messages level=4 phase=numbering sends=0 bytes=0 collective_rank_calls=448
AMG setup messages level=4 phase=interpolation sends=53520 bytes=4642068 collective_rank_calls=448
AMG setup messages level=4 phase=interpolation-transpose sends=5542 bytes=1106416 collective_rank_calls=448
AMG setup messages level=4 phase=A*P sends=55140 bytes=18500096 collective_rank_calls=448
AMG setup messages level=4 phase=R*(A*P) sends=16626 bytes=30454480 collective_rank_calls=448
AMG setup messages level=5 phase=strength sends=0 bytes=0 collective_rank_calls=448
AMG setup messages level=5 phase=strength-transpose sends=6866 bytes=666888 collective_rank_calls=448
AMG setup messages level=5 phase=PMIS sends=109084 bytes=1333960 collective_rank_calls=3136
AMG setup messages level=5 phase=numbering sends=0 bytes=0 collective_rank_calls=448
AMG setup messages level=5 phase=interpolation sends=37278 bytes=803672 collective_rank_calls=448
AMG setup messages level=5 phase=interpolation-transpose sends=2631 bytes=289776 collective_rank_calls=448
AMG setup messages level=5 phase=A*P sends=96708 bytes=8133824 collective_rank_calls=448
AMG setup messages level=5 phase=R*(A*P) sends=7893 bytes=6405584 collective_rank_calls=448
AMG setup messages level=6 phase=strength sends=0 bytes=0 collective_rank_calls=448
AMG setup messages level=6 phase=strength-transpose sends=1846 bytes=138260 collective_rank_calls=448
AMG setup messages level=6 phase=PMIS sends=25780 bytes=253840 collective_rank_calls=2240
AMG setup messages level=6 phase=numbering sends=0 bytes=0 collective_rank_calls=448
AMG setup messages level=6 phase=interpolation sends=8649 bytes=116828 collective_rank_calls=448
AMG setup messages level=6 phase=interpolation-transpose sends=1017 bytes=91200 collective_rank_calls=448
AMG setup messages level=6 phase=A*P sends=49014 bytes=2342528 collective_rank_calls=448
AMG setup messages level=6 phase=R*(A*P) sends=3051 bytes=1279888 collective_rank_calls=448
AMG setup messages level=7 phase=strength sends=0 bytes=0 collective_rank_calls=448
AMG setup messages level=7 phase=strength-transpose sends=478 bytes=40140 collective_rank_calls=448
AMG setup messages level=7 phase=PMIS sends=3298 bytes=52240 collective_rank_calls=896
AMG setup messages level=7 phase=numbering sends=0 bytes=0 collective_rank_calls=448
AMG setup messages level=7 phase=interpolation sends=2373 bytes=19940 collective_rank_calls=448
AMG setup messages level=7 phase=interpolation-transpose sends=163 bytes=16864 collective_rank_calls=448
AMG setup messages level=7 phase=A*P sends=11238 bytes=350976 collective_rank_calls=448
AMG setup messages level=7 phase=R*(A*P) sends=489 bytes=34032 collective_rank_calls=448
GMRES: iter = 0, residual = 1.343981443, 1 (rel.)
GMRES: iter = 1, residual = 0.6642521602, 0.4942420623 (rel.)
GMRES: iter = 2, residual = 0.4547335839, 0.338348112 (rel.)
GMRES: iter = 3, residual = 0.3610708315, 0.2686576018 (rel.)
GMRES: iter = 4, residual = 0.2990870121, 0.2225380519 (rel.)
GMRES: iter = 5, residual = 0.2559628548, 0.1904511823 (rel.)
GMRES: iter = 6, residual = 0.2322121004, 0.172779246 (rel.)
GMRES: iter = 7, residual = 0.2162049117, 0.1608689709 (rel.)
GMRES: iter = 8, residual = 0.2016702771, 0.1500543613 (rel.)
GMRES: iter = 9, residual = 0.1895405095, 0.141029112 (rel.)
GMRES: iter = 10, residual = 0.1797362, 0.1337341381 (rel.)
GMRES: iter = 11, residual = 0.1711663314, 0.1273576597 (rel.)
GMRES: iter = 12, residual = 0.1629232306, 0.1212243155 (rel.)
GMRES: iter = 13, residual = 0.1540256265, 0.114603983 (rel.)
GMRES: iter = 14, residual = 0.1430438192, 0.1064328826 (rel.)
GMRES: iter = 15, residual = 0.1283736824, 0.09551745152 (rel.)
GMRES: iter = 16, residual = 0.1098305222, 0.08172026684 (rel.)
GMRES: iter = 17, residual = 0.08913255626, 0.06631978195 (rel.)
GMRES: iter = 18, residual = 0.06917456666, 0.05146988227 (rel.)
GMRES: iter = 19, residual = 0.05299190542, 0.03942904545 (rel.)
GMRES: iter = 20, residual = 0.04222889051, 0.03142073927 (rel.)
GMRES: iter = 21, residual = 0.03585616393, 0.02667906176 (rel.)
GMRES: iter = 22, residual = 0.03178079857, 0.023646754 (rel.)
GMRES: iter = 23, residual = 0.02866754914, 0.02133031619 (rel.)
GMRES: iter = 24, residual = 0.025886775, 0.01926125924 (rel.)
GMRES: iter = 25, residual = 0.02324960505, 0.01729905213 (rel.)
GMRES: iter = 26, residual = 0.02088446288, 0.01553924943 (rel.)
GMRES: iter = 27, residual = 0.01890469837, 0.01406619002 (rel.)
GMRES: iter = 28, residual = 0.01726263291, 0.01284439826 (rel.)
GMRES: iter = 29, residual = 0.01583203615, 0.01177995145 (rel.)
GMRES: iter = 30, residual = 0.01458077465, 0.01084894045 (rel.)
GMRES: iter = 31, residual = 0.0134140434, 0.009980824857 (rel.)
GMRES: iter = 32, residual = 0.01229738712, 0.009149967944 (rel.)
GMRES: iter = 33, residual = 0.01127519883, 0.008389400678 (rel.)
GMRES: iter = 34, residual = 0.01034645125, 0.00769835871 (rel.)
GMRES: iter = 35, residual = 0.009503730819, 0.007071325922 (rel.)
GMRES: iter = 36, residual = 0.008731407972, 0.006496673013 (rel.)
GMRES: iter = 37, residual = 0.007927156527, 0.005898263377 (rel.)
GMRES: iter = 38, residual = 0.007016052395, 0.005220349157 (rel.)
GMRES: iter = 39, residual = 0.006092752175, 0.004533360342 (rel.)
GMRES: iter = 40, residual = 0.005323956693, 0.003961331996 (rel.)
GMRES: iter = 41, residual = 0.00460449067, 0.003426007623 (rel.)
GMRES: iter = 42, residual = 0.00389002394, 0.002894403014 (rel.)
GMRES: iter = 43, residual = 0.003211120458, 0.00238925952 (rel.)
GMRES: iter = 44, residual = 0.002647224058, 0.001969687953 (rel.)
GMRES: iter = 45, residual = 0.002249008619, 0.001673392613 (rel.)
GMRES: iter = 46, residual = 0.001906037303, 0.001418202098 (rel.)
GMRES: iter = 47, residual = 0.001550127816, 0.001153384835 (rel.)
GMRES: iter = 48, residual = 0.001285609184, 0.0009565676596 (rel.)
GMRES: iter = 49, residual = 0.00107974264, 0.0008033910328 (rel.)
GMRES: iter = 50, residual = 0.0009170005732, 0.0006823015138 (rel.)
GMRES: iter = 51, residual = 0.000757941238, 0.00056395216 (rel.)
GMRES: iter = 52, residual = 0.0006236405256, 0.0004640246551 (rel.)
GMRES: iter = 53, residual = 0.0004999059355, 0.0003719589567 (rel.)
GMRES: iter = 54, residual = 0.0003959448303, 0.0002946058759 (rel.)
GMRES: iter = 55, residual = 0.0003070533212, 0.000228465447 (rel.)
GMRES: iter = 56, residual = 0.0002460847483, 0.0001831012991 (rel.)
GMRES: iter = 57, residual = 0.000200654045, 0.0001492982258 (rel.)
GMRES: iter = 58, residual = 0.0001656357907, 0.0001232426173 (rel.)
GMRES: iter = 59, residual = 0.000135323436, 0.0001006884706 (rel.)
GMRES: iter = 60, residual = 0.0001113926307, 8.2882566e-05 (rel.)
GMRES: Solve Time = 24.76304584
AMG setup messages level=0 phase=strength sends=0 bytes=0 collective_rank_calls=448
AMG setup messages level=0 phase=strength-transpose sends=3519 bytes=143917000 collective_rank_calls=448
AMG setup messages level=0 phase=PMIS sends=66692 bytes=420493760 collective_rank_calls=4032
AMG setup messages level=0 phase=numbering sends=0 bytes=0 collective_rank_calls=448
AMG setup messages level=0 phase=interpolation sends=21114 bytes=192151576 collective_rank_calls=448
AMG setup messages level=0 phase=interpolation-transpose sends=7585 bytes=73918160 collective_rank_calls=448
AMG setup messages level=0 phase=A*P sends=11562 bytes=357790624 collective_rank_calls=448
AMG setup messages level=0 phase=R*(A*P) sends=22755 bytes=525459520 collective_rank_calls=448
AMG setup messages level=1 phase=strength sends=0 bytes=0 collective_rank_calls=448
AMG setup messages level=1 phase=strength-transpose sends=8662 bytes=167468348 collective_rank_calls=448
AMG setup messages level=1 phase=PMIS sends=191236 bytes=319623896 collective_rank_calls=4928
AMG setup messages level=1 phase=numbering sends=0 bytes=0 collective_rank_calls=448
AMG setup messages level=1 phase=interpolation sends=51534 bytes=199042424 collective_rank_calls=448
AMG setup messages level=1 phase=interpolation-transpose sends=8326 bytes=59333760 collective_rank_calls=448
AMG setup messages level=1 phase=A*P sends=28764 bytes=349375008 collective_rank_calls=448
AMG setup messages level=1 phase=R*(A*P) sends=24978 bytes=884496352 collective_rank_calls=448
AMG setup messages level=2 phase=strength sends=0 bytes=0 collective_rank_calls=448
AMG setup messages level=2 phase=strength-transpose sends=9519 bytes=72828676 collective_rank_calls=448
AMG setup messages level=2 phase=PMIS sends=230029 bytes=115620440 collective_rank_calls=5376
AMG setup messages level=2 phase=numbering sends=0 bytes=0 collective_rank_calls=448
AMG setup messages level=2 phase=interpolation sends=56424 bytes=77024360 collective_rank_calls=448
AMG setup messages level=2 phase=interpolation-transpose sends=8163 bytes=17483200 collective_rank_calls=448
AMG setup messages level=2 phase=A*P sends=32766 bytes=141682848 collective_rank_calls=448
AMG setup messages level=2 phase=R*(A*P) sends=24489 bytes=397464480 collective_rank_calls=448
AMG setup messages level=3 phase=strength sends=0 bytes=0 collective_rank_calls=448
AMG setup messages level=3 phase=strength-transpose sends=9544 bytes=17745276 collective_rank_calls=448
AMG setup messages level=3 phase=PMIS sends=232306 bytes=30011428 collective_rank_calls=5376
AMG setup messages level=3 phase=numbering sends=0 bytes=0 collective_rank_calls=448
AMG setup messages level=3 phase=interpolation sends=56415 bytes=20095944 collective_rank_calls=448
AMG setup messages level=3 phase=interpolation-transpose sends=7186 bytes=4262272 collective_rank_calls=448
AMG setup messages level=3 phase=A*P sends=33930 bytes=46896144 collective_rank_calls=448
AMG setup messages level=3 phase=R*(A*P) sends=21558 bytes=114839152 collective_rank_calls=448
AMG setup messages level=4 phase=strength sends=0 bytes=0 collective_rank_calls=448
AMG setup messages level=4 phase=strength-transpose sends=9124 bytes=3469844 collective_rank_calls=448
AMG setup messages level=4 phase=PMIS sends=191126 bytes=6687444 collective_rank_calls=4480
AMG setup messages level=4 phase=numbering sends=0 bytes=0 collective_rank_calls=448
AMG setup messages level=4 phase=interpolation sends=53256 bytes=4649336 collective_rank_calls=448
AMG setup messages level=4 phase=interpolation-transpose sends=5523 bytes=1110560 collective_rank_calls=448
AMG setup messages level=4 phase=A*P sends=55362 bytes=18284256 collective_rank_calls=448
AMG setup messages level=4 phase=R*(A*P) sends=16569 bytes=29684480 collective_rank_calls=448
AMG setup messages level=5 phase=strength sends=0 bytes=0 collective_rank_calls=448
AMG setup messages level=5 phase=strength-transpose sends=6860 bytes=657544 collective_rank_calls=448
AMG setup messages level=5 phase=PMIS sends=109064 bytes=1296184 collective_rank_calls=3136
AMG setup messages level=5 phase=numbering sends=0 bytes=0 collective_rank_calls=448
AMG setup messages level=5 phase=interpolation sends=37128 bytes=819492 collective_rank_calls=448
AMG setup messages level=5 phase=interpolation-transpose sends=2683 bytes=285952 collective_rank_calls=448
AMG setup messages level=5 phase=A*P sends=95604 bytes=7884192 collective_rank_calls=448
AMG setup messages level=5 phase=R*(A*P) sends=8049 bytes=6036256 collective_rank_calls=448
AMG setup messages level=6 phase=strength sends=0 bytes=0 collective_rank_calls=448
AMG setup messages level=6 phase=strength-transpose sends=1822 bytes=130468 collective_rank_calls=448
AMG setup messages level=6 phase=PMIS sends=20826 bytes=201600 collective_rank_calls=1792
AMG setup messages level=6 phase=numbering sends=0 bytes=0 collective_rank_calls=448
AMG setup messages level=6 phase=interpolation sends=8694 bytes=109636 collective_rank_calls=448
AMG setup messages level=6 phase=interpolation-transpose sends=925 bytes=75344 collective_rank_calls=448
AMG setup messages level=6 phase=A*P sends=50100 bytes=1982656 collective_rank_calls=448
AMG setup messages level=6 phase=R*(A*P) sends=2775 bytes=956480 collective_rank_calls=448
AMG setup messages level=7 phase=strength sends=0 bytes=0 collective_rank_calls=448
AMG setup messages level=7 phase=strength-transpose sends=363 bytes=28408 collective_rank_calls=448
AMG setup messages level=7 phase=PMIS sends=2493 bytes=36356 collective_rank_calls=896
AMG setup messages level=7 phase=numbering sends=0 bytes=0 collective_rank_calls=448
AMG setup messages level=7 phase=interpolation sends=1710 bytes=13936 collective_rank_calls=448
AMG setup messages level=7 phase=interpolation-transpose sends=156 bytes=14448 collective_rank_calls=448
AMG setup messages level=7 phase=A*P sends=7620 bytes=222928 collective_rank_calls=448
AMG setup messages level=7 phase=R*(A*P) sends=468 bytes=27888 collective_rank_calls=448
GMRES: iter = 0, residual = 0.8923619235, 1 (rel.)
GMRES: iter = 1, residual = 0.8564270559, 0.9597306131 (rel.)
GMRES: iter = 2, residual = 0.4489706869, 0.5031262261 (rel.)
GMRES: iter = 3, residual = 0.2318610084, 0.2598284421 (rel.)
GMRES: iter = 4, residual = 0.1508528443, 0.1690489479 (rel.)
GMRES: iter = 5, residual = 0.1205488483, 0.135089637 (rel.)
GMRES: iter = 6, residual = 0.1035413771, 0.1160306983 (rel.)
GMRES: iter = 7, residual = 0.08897005257, 0.09970175803 (rel.)
GMRES: iter = 8, residual = 0.07773959455, 0.08711666479 (rel.)
GMRES: iter = 9, residual = 0.06912795897, 0.07746628039 (rel.)
GMRES: iter = 10, residual = 0.06208466038, 0.06957340822 (rel.)
GMRES: iter = 11, residual = 0.05627246433, 0.06306013608 (rel.)
GMRES: iter = 12, residual = 0.0512879799, 0.05747441543 (rel.)
GMRES: iter = 13, residual = 0.04705078629, 0.05272612496 (rel.)
GMRES: iter = 14, residual = 0.04330126951, 0.04852433567 (rel.)
GMRES: iter = 15, residual = 0.03940007649, 0.0441525747 (rel.)
GMRES: iter = 16, residual = 0.03466260064, 0.03884365719 (rel.)
GMRES: iter = 17, residual = 0.02876870107, 0.03223882633 (rel.)
GMRES: iter = 18, residual = 0.02216911028, 0.02484318268 (rel.)
GMRES: iter = 19, residual = 0.01629929281, 0.01826533874 (rel.)
GMRES: iter = 20, residual = 0.0122268287, 0.01370164771 (rel.)
GMRES: iter = 21, residual = 0.009754680151, 0.01093130477 (rel.)
GMRES: iter = 22, residual = 0.008233591189, 0.009226739704 (rel.)
GMRES: iter = 23, residual = 0.007227470484, 0.008099259162 (rel.)
GMRES: iter = 24, residual = 0.006512236715, 0.007297752788 (rel.)
GMRES: iter = 25, residual = 0.005894975642, 0.006606036729 (rel.)
GMRES: iter = 26, residual = 0.005326626806, 0.005969132777 (rel.)
GMRES: iter = 27, residual = 0.004831549112, 0.005414338045 (rel.)
GMRES: iter = 28, residual = 0.004409516014, 0.004941398661 (rel.)
GMRES: iter = 29, residual = 0.00404014261, 0.004527470866 (rel.)
GMRES: iter = 30, residual = 0.003700637223, 0.004147013814 (rel.)
GMRES: iter = 31, residual = 0.003347331958, 0.00375109232 (rel.)
GMRES: iter = 32, residual = 0.002962490226, 0.003319830383 (rel.)
GMRES: iter = 33, residual = 0.002580311081, 0.002891552198 (rel.)
GMRES: iter = 34, residual = 0.002216051832, 0.002483355434 (rel.)
GMRES: iter = 35, residual = 0.001890916663, 0.002119001957 (rel.)
GMRES: iter = 36, residual = 0.001650287611, 0.001849347857 (rel.)
GMRES: iter = 37, residual = 0.00147106035, 0.001648501926 (rel.)
GMRES: iter = 38, residual = 0.001304807382, 0.001462195268 (rel.)
GMRES: iter = 39, residual = 0.00116859297, 0.001309550463 (rel.)
GMRES: iter = 40, residual = 0.001052838254, 0.001179833233 (rel.)
GMRES: iter = 41, residual = 0.0009388038734, 0.00105204385 (rel.)
GMRES: iter = 42, residual = 0.0008270505518, 0.0009268106696 (rel.)
GMRES: iter = 43, residual = 0.0007163474893, 0.0008027544323 (rel.)
GMRES: iter = 44, residual = 0.0006207179437, 0.000695589903 (rel.)
GMRES: iter = 45, residual = 0.0005437307465, 0.0006093163908 (rel.)
GMRES: iter = 46, residual = 0.0004749009398, 0.0005321842263 (rel.)
GMRES: iter = 47, residual = 0.0004040746315, 0.000452814739 (rel.)
GMRES: iter = 48, residual = 0.0003377924181, 0.0003785374624 (rel.)
GMRES: iter = 49, residual = 0.0002825899955, 0.0003166764382 (rel.)
GMRES: iter = 50, residual = 0.0002322866858, 0.0002603054654 (rel.)
GMRES: iter = 51, residual = 0.0001870457235, 0.0002096074682 (rel.)
GMRES: iter = 52, residual = 0.0001390100844, 0.000155777696 (rel.)
GMRES: iter = 53, residual = 0.0001113311519, 0.0001247600878 (rel.)
GMRES: iter = 54, residual = 9.286882753e-05, 0.0001040708093 (rel.)
GMRES: iter = 55, residual = 7.531065125e-05, 8.439473858e-05 (rel.)
GMRES: Solve Time = 22.55631647
AMG setup messages level=0 phase=strength sends=0 bytes=0 collective_rank_calls=448
AMG setup messages level=0 phase=strength-transpose sends=3519 bytes=143911876 collective_rank_calls=448
AMG setup messages level=0 phase=PMIS sends=66692 bytes=420478784 collective_rank_calls=4032
AMG setup messages level=0 phase=numbering sends=0 bytes=0 collective_rank_calls=448
AMG setup messages level=0 phase=interpolation sends=21114 bytes=192106220 collective_rank_calls=448
AMG setup messages level=0 phase=interpolation-transpose sends=7592 bytes=73887888 collective_rank_calls=448
AMG setup messages level=0 phase=A*P sends=11562 bytes=357774976 collective_rank_calls=448
AMG setup messages level=0 phase=R*(A*P) sends=22776 bytes=525425936 collective_rank_calls=448
AMG setup messages level=1 phase=strength sends=0 bytes=0 collective_rank_calls=448
AMG setup messages level=1 phase=strength-transpose sends=8671 bytes=167470700 collective_rank_calls=448
AMG setup messages level=1 phase=PMIS sends=191590 bytes=319637672 collective_rank_calls=4928
AMG setup messages level=1 phase=numbering sends=0 bytes=0 collective_rank_calls=448
AMG setup messages level=1 phase=interpolation sends=51534 bytes=199203968 collective_rank_calls=448
AMG setup messages level=1 phase=interpolation-transpose sends=8344 bytes=59233696 collective_rank_calls=448
AMG setup messages level=1 phase=A*P sends=28818 bytes=349294368 collective_rank_calls=448
AMG setup messages level=1 phase=R*(A*P) sends=25032 bytes=883303248 collective_rank_calls=448
AMG setup messages level=2 phase=strength sends=0 bytes=0 collective_rank_calls=448
AMG setup messages level=2 phase=strength-transpose sends=9525 bytes=72816412 collective_rank_calls=448
AMG setup messages level=2 phase=PMIS sends=211122 bytes=106816168 collective_rank_calls=4928
AMG setup messages level=2 phase=numbering sends=0 bytes=0 collective_rank_calls=448
AMG setup messages level=2 phase=interpolation sends=56433 bytes=76976080 collective_rank_calls=448
AMG setup messages level=2 phase=interpolation-transpose sends=8196 bytes=17520208 collective_rank_calls=448
AMG setup messages level=2 phase=A*P sends=32724 bytes=141698576 collective_rank_calls=448
AMG setup messages level=2 phase=R*(A*P) sends=24588 bytes=398023744 collective_rank_calls=448
AMG setup messages level=3 phase=strength sends=0 bytes=0 collective_rank_calls=448
AMG setup messages level=3 phase=strength-transpose sends=9505 bytes=17733076 collective_rank_calls=448
AMG setup messages level=3 phase=PMIS sends=212002 bytes=27718784 collective_rank_calls=4928
AMG setup messages level=3 phase=numbering sends=0 bytes=0 collective_rank_calls=448
AMG setup messages level=3 phase=interpolation sends=56274 bytes=20099304 collective_rank_calls=448
AMG setup messages level=3 phase=interpolation-transpose sends=7270 bytes=4287552 collective_rank_calls=448
AMG setup messages level=3 phase=A*P sends=33936 bytes=46926736 collective_rank_calls=448
AMG setup messages level=3 phase=R*(A*P) sends=21810 bytes=115613936 collective_rank_calls=448
AMG setup messages level=4 phase=strength sends=0 bytes=0 collective_rank_calls=448
AMG setup messages level=4 phase=strength-transpose sends=9171 bytes=3489960 collective_rank_calls=448
AMG setup messages level=4 phase=PMIS sends=173968 bytes=6131472 collective_rank_calls=4032
AMG setup messages level=4 phase=numbering sends=0 bytes=0 collective_rank_calls=448
AMG setup messages level=4 phase=interpolation sends=53292 bytes=4698104 collective_rank_calls=448
AMG setup messages level=4 phase=interpolation-transpose sends=5461 bytes=1098240 collective_rank_calls=448
AMG setup messages level=4 phase=A*P sends=55398 bytes=18283616 collective_rank_calls=448
AMG setup messages level=4 phase=R*(A*P) sends=16383 bytes=29630064 collective_rank_calls=448
AMG setup messages level=5 phase=strength sends=0 bytes=0 collective_rank_calls=448
AMG setup messages level=5 phase=strength-transpose sends=6928 bytes=671612 collective_rank_calls=448
AMG setup messages level=5 phase=PMIS sends=109936 bytes=1327144 collective_rank_calls=3136
AMG setup messages level=5 phase=numbering sends=0 bytes=0 collective_rank_calls=448
AMG setup messages level=5 phase=interpolation sends=37719 bytes=852176 collective_rank_calls=448
AMG setup messages level=5 phase=interpolation-transpose sends=2701 bytes=283968 collective_rank_calls=448
AMG setup messages level=5 phase=A*P sends=98022 bytes=8016640 collective_rank_calls=448
AMG setup messages level=5 phase=R*(A*P) sends=8103 bytes=6335920 collective_rank_calls=448
AMG setup messages level=6 phase=strength sends=0 bytes=0 collective_rank_calls=448
AMG setup messages level=6 phase=strength-transpose sends=1850 bytes=136000 collective_rank_calls=448
AMG setup messages level=6 phase=PMIS sends=25988 bytes=254368 collective_rank_calls=2240
AMG setup messages level=6 phase=numbering sends=0 bytes=0 collective_rank_calls=448
AMG setup messages level=6 phase=interpolation sends=8451 bytes=120808 collective_rank_calls=448
AMG setup messages level=6 phase=interpolation-transpose sends=873 bytes=75904 collective_rank_calls=448
AMG setup messages level=6 phase=A*P sends=47778 bytes=2064784 collective_rank_calls=448
AMG setup messages level=6 phase=R*(A*P) sends=2619 bytes=1177200 collective_rank_calls=448
AMG setup messages level=7 phase=strength sends=0 bytes=0 collective_rank_calls=448
AMG setup messages level=7 phase=strength-transpose sends=501 bytes=38040 collective_rank_calls=448
AMG setup messages level=7 phase=PMIS sends=3201 bytes=45504 collective_rank_calls=896
AMG setup messages level=7 phase=numbering sends=0 bytes=0 collective_rank_calls=448
AMG setup messages level=7 phase=interpolation sends=2382 bytes=20080 collective_rank_calls=448
AMG setup messages level=7 phase=interpolation-transpose sends=186 bytes=17600 collective_rank_calls=448
AMG setup messages level=7 phase=A*P sends=12912 bytes=351760 collective_rank_calls=448
AMG setup messages level=7 phase=R*(A*P) sends=558 bytes=33792 collective_rank_calls=448
GMRES: iter = 0, residual = 0.3218626268, 1 (rel.)
GMRES: iter = 1, residual = 0.1800584376, 0.5594263597 (rel.)
GMRES: iter = 2, residual = 0.07026009124, 0.21829217 (rel.)
GMRES: iter = 3, residual = 0.02734400088, 0.08495550152 (rel.)
GMRES: iter = 4, residual = 0.01524908799, 0.0473776286 (rel.)
GMRES: iter = 5, residual = 0.01097007132, 0.03408308518 (rel.)
GMRES: iter = 6, residual = 0.009610350439, 0.02985854722 (rel.)
GMRES: iter = 7, residual = 0.008397069566, 0.02608898601 (rel.)
GMRES: iter = 8, residual = 0.006843640521, 0.02126261315 (rel.)
GMRES: iter = 9, residual = 0.005461292605, 0.01696777492 (rel.)
GMRES: iter = 10, residual = 0.004456114135, 0.0138447703 (rel.)
GMRES: iter = 11, residual = 0.003664187051, 0.01138431972 (rel.)
GMRES: iter = 12, residual = 0.003031829326, 0.009419637677 (rel.)
GMRES: iter = 13, residual = 0.002575186483, 0.008000886927 (rel.)
GMRES: iter = 14, residual = 0.00224862901, 0.006986300438 (rel.)
GMRES: iter = 15, residual = 0.001976126162, 0.0061396571 (rel.)
GMRES: iter = 16, residual = 0.001714467141, 0.005326704618 (rel.)
GMRES: iter = 17, residual = 0.001444683074, 0.004488508307 (rel.)
GMRES: iter = 18, residual = 0.001154907203, 0.003588199147 (rel.)
GMRES: iter = 19, residual = 0.0008840069137, 0.002746534826 (rel.)
GMRES: iter = 20, residual = 0.0006820106535, 0.002118949504 (rel.)
GMRES: iter = 21, residual = 0.000550282805, 0.001709682203 (rel.)
GMRES: iter = 22, residual = 0.0004538944104, 0.001410211601 (rel.)
GMRES: iter = 23, residual = 0.000376048214, 0.001168350043 (rel.)
GMRES: iter = 24, residual = 0.0003181817468, 0.0009885638168 (rel.)
GMRES: iter = 25, residual = 0.0002776289312, 0.0008625696434 (rel.)
GMRES: iter = 26, residual = 0.0002498281289, 0.0007761948983 (rel.)
GMRES: iter = 27, residual = 0.0002296727547, 0.0007135738528 (rel.)
GMRES: iter = 28, residual = 0.0002127918316, 0.0006611262506 (rel.)
GMRES: iter = 29, residual = 0.0001979569387, 0.0006150354911 (rel.)
GMRES: iter = 30, residual = 0.0001843663462, 0.0005728106678 (rel.)
GMRES: iter = 31, residual = 0.0001710026152, 0.0005312906842 (rel.)
GMRES: iter = 32, residual = 0.0001555310319, 0.0004832217816 (rel.)
GMRES: iter = 33, residual = 0.0001385906285, 0.0004305893788 (rel.)
GMRES: iter = 34, residual = 0.0001218598433, 0.0003786082421 (rel.)
GMRES: iter = 35, residual = 0.0001040041338, 0.0003231320606 (rel.)
GMRES: iter = 36, residual = 8.80812713e-05, 0.0002736610714 (rel.)
GMRES: iter = 37, residual = 7.577448463e-05, 0.0002354249246 (rel.)
GMRES: iter = 38, residual = 6.336872276e-05, 0.0001968812701 (rel.)
GMRES: iter = 39, residual = 5.235641662e-05, 0.0001626669649 (rel.)
GMRES: iter = 40, residual = 4.536803809e-05, 0.000140954663 (rel.)
GMRES: iter = 41, residual = 4.041614669e-05, 0.0001255695546 (rel.)
GMRES: iter = 42, residual = 3.568629556e-05, 0.0001108743066 (rel.)
GMRES: iter = 43, residual = 3.148155898e-05, 9.781054511e-05 (rel.)
GMRES: Solve Time = 17.31956992
AMG setup messages level=0 phase=strength sends=0 bytes=0 collective_rank_calls=448
AMG setup messages level=0 phase=strength-transpose sends=3519 bytes=143911428 collective_rank_calls=448
AMG setup messages level=0 phase=PMIS sends=66692 bytes=420477792 collective_rank_calls=4032
AMG setup messages level=0 phase=numbering sends=0 bytes=0 collective_rank_calls=448
AMG setup messages level=0 phase=interpolation sends=21114 bytes=192105964 collective_rank_calls=448
AMG setup messages level=0 phase=interpolation-transpose sends=7598 bytes=73850592 collective_rank_calls=448
AMG setup messages level=0 phase=A*P sends=11562 bytes=357757184 collective_rank_calls=448
AMG setup messages level=0 phase=R*(A*P) sends=22794 bytes=525070272 collective_rank_calls=448
AMG setup messages level=1 phase=strength sends=0 bytes=0 collective_rank_calls=448
AMG setup messages level=1 phase=strength-transpose sends=8667 bytes=167505384 collective_rank_calls=448
AMG setup messages level=1 phase=PMIS sends=208801 bytes=346127100 collective_rank_calls=5376
AMG setup messages level=1 phase=numbering sends=0 bytes=0 collective_rank_calls=448
AMG setup messages level=1 phase=interpolation sends=51528 bytes=199173164 collective_rank_calls=448
AMG setup messages level=1 phase=interpolation-transpose sends=8350 bytes=59271600 collective_rank_calls=448
AMG setup messages level=1 phase=A*P sends=28776 bytes=349396064 collective_rank_calls=448
AMG setup messages level=1 phase=R*(A*P) sends=25050 bytes=883792320 collective_rank_calls=448
AMG setup messages level=2 phase=strength sends=0 bytes=0 collective_rank_calls=448
AMG setup messages level=2 phase=strength-transpose sends=9526 bytes=72803124 collective_rank_calls=448
AMG setup messages level=2 phase=PMIS sends=210940 bytes=106790192 collective_rank_calls=4928
AMG setup messages level=2 phase=numbering sends=0 bytes=0 collective_rank_calls=448
AMG setup messages level=2 phase=interpolation sends=56478 bytes=76959968 collective_rank_calls=448
AMG setup messages level=2 phase=interpolation-transpose sends=8181 bytes=17501664 collective_rank_calls=448
AMG setup messages level=2 phase=A*P sends=32760 bytes=141691168 collective_rank_calls=448
AMG setup messages level=2 phase=R*(A*P) sends=24543 bytes=397860464 collective_rank_calls=448
AMG setup messages level=3 phase=strength sends=0 bytes=0 collective_rank_calls=448
AMG setup messages level=3 phase=strength-transpose sends=9535 bytes=17703748 collective_rank_calls=448
AMG setup messages level=3 phase=PMIS sends=212638 bytes=27727104 collective_rank_calls=4928
AMG setup messages level=3 phase=numbering sends=0 bytes=0 collective_rank_calls=448
AMG setup messages level=3 phase=interpolation sends=56322 bytes=20064024 collective_rank_calls=448
AMG setup messages level=3 phase=interpolation-transpose sends=7244 bytes=4275792 collective_rank_calls=448
AMG setup messages level=3 phase=A*P sends=33978 bytes=46914480 collective_rank_calls=448
AMG setup messages level=3 phase=R*(A*P) sends=21732 bytes=115676944 collective_rank_calls=448
AMG setup messages level=4 phase=strength sends=0 bytes=0 collective_rank_calls=448
AMG setup messages level=4 phase=strength-transpose sends=9163 bytes=3489136 collective_rank_calls=448
AMG setup messages level=4 phase=PMIS sends=173484 bytes=6140016 collective_rank_calls=4032
AMG setup messages level=4 phase=numbering sends=0 bytes=0 collective_rank_calls=448
AMG setup messages level=4 phase=interpolation sends=53316 bytes=4645596 collective_rank_calls=448
AMG setup messages level=4 phase=interpolation-transpose sends=5556 bytes=1110112 collective_rank_calls=448
AMG setup messages level=4 phase=A*P sends=55566 bytes=18372128 collective_rank_calls=448
AMG setup messages level=4 phase=R*(A*P) sends=16668 bytes=30333664 collective_rank_calls=448
AMG setup messages level=5 phase=strength sends=0 bytes=0 collective_rank_calls=448
AMG setup messages level=5 phase=strength-transpose sends=7002 bytes=661284 collective_rank_calls=448
AMG setup messages level=5 phase=PMIS sends=126900 bytes=1469664 collective_rank_calls=3584
AMG setup messages level=5 phase=numbering sends=0 bytes=0 collective_rank_calls=448
AMG setup messages level=5 phase=interpolation sends=37683 bytes=825668 collective_rank_calls=448
AMG setup messages level=5 phase=interpolation-transpose sends=2732 bytes=278384 collective_rank_calls=448
AMG setup messages level=5 phase=A*P sends=97362 bytes=7934192 collective_rank_calls=448
AMG setup messages level=5 phase=R*(A*P) sends=8196 bytes=6396464 collective_rank_calls=448
AMG setup messages level=6 phase=strength sends=0 bytes=0 collective_rank_calls=448
AMG setup messages level=6 phase=strength-transpose sends=1981 bytes=143484 collective_rank_calls=448
AMG setup messages level=6 phase=PMIS sends=23053 bytes=233688 collective_rank_calls=1792
AMG setup messages level=6 phase=numbering sends=0 bytes=0 collective_rank_calls=448
AMG setup messages level=6 phase=interpolation sends=9357 bytes=117996 collective_rank_calls=448
AMG setup messages level=6 phase=interpolation-transpose sends=916 bytes=80800 collective_rank_calls=448
AMG setup messages level=6 phase=A*P sends=52020 bytes=2233248 collective_rank_calls=448
AMG setup messages level=6 phase=R*(A*P) sends=2748 bytes=1162896 collective_rank_calls=448
AMG setup messages level=7 phase=strength sends=0 bytes=0 collective_rank_calls=448
AMG setup messages level=7 phase=strength-transpose sends=384 bytes=33072 collective_rank_calls=448
AMG setup messages level=7 phase=PMIS sends=4542 bytes=50532 collective_rank_calls=1792
AMG setup messages level=7 phase=numbering sends=0 bytes=0 collective_rank_calls=448
AMG setup messages level=7 phase=interpolation sends=1869 bytes=29360 collective_rank_calls=448
AMG setup messages level=7 phase=interpolation-transpose sends=350 bytes=30816 collective_rank_calls=448
AMG setup messages level=7 phase=A*P sends=15696 bytes=588288 collective_rank_calls=448
AMG setup messages level=7 phase=R*(A*P) sends=1050 bytes=187024 collective_rank_calls=448
AMG setup messages level=8 phase=strength sends=0 bytes=0 collective_rank_calls=448
AMG setup messages level=8 phase=strength-transpose sends=135 bytes=8800 collective_rank_calls=448
AMG setup messages level=8 phase=PMIS sends=849 bytes=10024 collective_rank_calls=896
AMG setup messages level=8 phase=numbering sends=0 bytes=0 collective_rank_calls=448
AMG setup messages level=8 phase=interpolation sends=642 bytes=5248 collective_rank_calls=448
AMG setup messages level=8 phase=interpolation-transpose sends=46 bytes=4160 collective_rank_calls=448
AMG setup messages level=8 phase=A*P sends=1896 bytes=48512 collective_rank_calls=448
AMG setup messages level=8 phase=R*(A*P) sends=138 bytes=5376 collective_rank_calls=448
GMRES: iter = 0, residual = 0.2264595337, 1 (rel.)
GMRES: iter = 1, residual = 0.1261626207, 0.5571088956 (rel.)
GMRES: iter = 2, residual = 0.1137759426, 0.5024118029 (rel.)
GMRES: iter = 3, residual = 0.07384117496, 0.3260678575 (rel.)
GMRES: iter = 4, residual = 0.02962454761, 0.1308160762 (rel.)
GMRES: iter = 5, residual = 0.01336553301, 0.05901952015 (rel.)
GMRES: iter = 6, residual = 0.00713062966, 0.03148743417 (rel.)
GMRES: iter = 7, residual = 0.004651026927, 0.02053800452 (rel.)
GMRES: iter = 8, residual = 0.003516448698, 0.01552793402 (rel.)
GMRES: iter = 9, residual = 0.002187680345, 0.009660358781 (rel.)
GMRES: iter = 10, residual = 0.001246963957, 0.005506343393 (rel.)
GMRES: iter = 11, residual = 0.0005661672174, 0.002500081176 (rel.)
GMRES: iter = 12, residual = 0.0003206087431, 0.001415744075 (rel.)
GMRES: iter = 13, residual = 0.0002310268293, 0.001020168264 (rel.)
GMRES: iter = 14, residual = 0.0001766460609, 0.0007800336689 (rel.)
GMRES: iter = 15, residual = 0.0001392369466, 0.0006148425034 (rel.)
GMRES: iter = 16, residual = 0.0001157454823, 0.0005111088962 (rel.)
GMRES: iter = 17, residual = 9.699922908e-05, 0.0004283291919 (rel.)
GMRES: iter = 18, residual = 7.771480461e-05, 0.0003431730312 (rel.)
GMRES: iter = 19, residual = 5.880108928e-05, 0.0002596538478 (rel.)
GMRES: iter = 20, residual = 4.423491458e-05, 0.0001953325341 (rel.)
GMRES: iter = 21, residual = 3.509853435e-05, 0.0001549881066 (rel.)
GMRES: iter = 22, residual = 2.935746762e-05, 0.0001296367044 (rel.)
GMRES: iter = 23, residual = 2.522006459e-05, 0.0001113667602 (rel.)
GMRES: iter = 24, residual = 2.185180254e-05, 9.649318881e-05 (rel.)
GMRES: Solve Time = 9.45826233
AMG setup messages level=0 phase=strength sends=0 bytes=0 collective_rank_calls=448
AMG setup messages level=0 phase=strength-transpose sends=3519 bytes=143911428 collective_rank_calls=448
AMG setup messages level=0 phase=PMIS sends=66692 bytes=420477792 collective_rank_calls=4032
AMG setup messages level=0 phase=numbering sends=0 bytes=0 collective_rank_calls=448
AMG setup messages level=0 phase=interpolation sends=21114 bytes=192161244 collective_rank_calls=448
AMG setup messages level=0 phase=interpolation-transpose sends=7581 bytes=73858784 collective_rank_calls=448
AMG setup messages level=0 phase=A*P sends=11562 bytes=357801504 collective_rank_calls=448
AMG setup messages level=0 phase=R*(A*P) sends=22743 bytes=525297376 collective_rank_calls=448
AMG setup messages level=1 phase=strength sends=0 bytes=0 collective_rank_calls=448
AMG setup messages level=1 phase=strength-transpose sends=8628 bytes=167387748 collective_rank_calls=448
AMG setup messages level=1 phase=PMIS sends=190512 bytes=319450808 collective_rank_calls=4928
AMG setup messages level=1 phase=numbering sends=0 bytes=0 collective_rank_calls=448
AMG setup messages level=1 phase=interpolation sends=51336 bytes=199056372 collective_rank_calls=448
AMG setup messages level=1 phase=interpolation-transpose sends=8355 bytes=59177744 collective_rank_calls=448
AMG setup messages level=1 phase=A*P sends=28728 bytes=349223120 collective_rank_calls=448
AMG setup messages level=1 phase=R*(A*P) sends=25065 bytes=882615344 collective_rank_calls=448
AMG setup messages level=2 phase=strength sends=0 bytes=0 collective_rank_calls=448
AMG setup messages level=2 phase=strength-transpose sends=9537 bytes=72848636 collective_rank_calls=448
AMG setup messages level=2 phase=PMIS sends=211290 bytes=106763248 collective_rank_calls=4928
AMG setup messages level=2 phase=numbering sends=0 bytes=0 collective_rank_calls=448
AMG setup messages level=2 phase=interpolation sends=56604 bytes=77047380 collective_rank_calls=448
AMG setup messages level=2 phase=interpolation-transpose sends=8167 bytes=17479248 collective_rank_calls=448
AMG setup messages level=2 phase=A*P sends=32790 bytes=141692016 collective_rank_calls=448
AMG setup messages level=2 phase=R*(A*P) sends=24501 bytes=398068976 collective_rank_calls=448
AMG setup messages level=3 phase=strength sends=0 bytes=0 collective_rank_calls=448
AMG setup messages level=3 phase=strength-transpose sends=9512 bytes=17801360 collective_rank_calls=448
AMG setup messages level=3 phase=PMIS sends=192814 bytes=25514604 collective_rank_calls=4480
AMG setup messages level=3 phase=numbering sends=0 bytes=0 collective_rank_calls=448
AMG setup messages level=3 phase=interpolation sends=56322 bytes=20156092 collective_rank_calls=448
AMG setup messages level=3 phase=interpolation-transpose sends=7186 bytes=4290144 collective_rank_calls=448
AMG setup messages level=3 phase=A*P sends=33900 bytes=47068496 collective_rank_calls=448
AMG setup messages level=3 phase=R*(A*P) sends=21558 bytes=115509776 collective_rank_calls=448
AMG setup messages level=4 phase=strength sends=0 bytes=0 collective_rank_calls=448
AMG setup messages level=4 phase=strength-transpose sends=9245 bytes=3510752 collective_rank_calls=448
AMG setup messages level=4 phase=PMIS sends=194085 bytes=6744248 collective_rank_calls=4480
AMG setup messages level=4 phase=numbering sends=0 bytes=0 collective_rank_calls=448
AMG setup messages level=4 phase=interpolation sends=54051 bytes=4697500 collective_rank_calls=448
AMG setup messages level=4 phase=interpolation-transpose sends=5551 bytes=1094608 collective_rank_calls=448
AMG setup messages level=4 phase=A*P sends=55308 bytes=18315040 collective_rank_calls=448
AMG setup messages level=4 phase=R*(A*P) sends=16653 bytes=29506880 collective_rank_calls=448
AMG setup messages level=5 phase=strength sends=0 bytes=0 collective_rank_calls=448
AMG setup messages level=5 phase=strength-transpose sends=6943 bytes=641884 collective_rank_calls=448
AMG setup messages level=5 phase=PMIS sends=110138 bytes=1278688 collective_rank_calls=3136
AMG setup messages level=5 phase=numbering sends=0 bytes=0 collective_rank_calls=448
AMG setup messages level=5 phase=interpolation sends=37797 bytes=774776 collective_rank_calls=448
AMG setup messages level=5 phase=interpolation-transpose sends=2763 bytes=275392 collective_rank_calls=448
AMG setup messages level=5 phase=A*P sends=96600 bytes=7769328 collective_rank_calls=448
AMG setup messages level=5 phase=R*(A*P) sends=8289 bytes=6153648 collective_rank_calls=448
AMG setup messages level=6 phase=strength sends=0 bytes=0 collective_rank_calls=448
AMG setup messages level=6 phase=strength-transpose sends=1648 bytes=120892 collective_rank_calls=448
AMG setup messages level=6 phase=PMIS sends=23884 bytes=235216 collective_rank_calls=2240
AMG setup messages level=6 phase=numbering sends=0 bytes=0 collective_rank_calls=448
AMG setup messages level=6 phase=interpolation sends=7479 bytes=84516 collective_rank_calls=448
AMG setup messages level=6 phase=interpolation-transpose sends=746 bytes=59312 collective_rank_calls=448
AMG setup messages level=6 phase=A*P sends=46902 bytes=1830608 collective_rank_calls=448
AMG setup messages level=6 phase=R*(A*P) sends=2238 bytes=922000 collective_rank_calls=448
AMG setup messages level=7 phase=strength sends=0 bytes=0 collective_rank_calls=448
AMG setup messages level=7 phase=strength-transpose sends=412 bytes=36128 collective_rank_calls=448
AMG setup messages level=7 phase=PMIS sends=2854 bytes=48008 collective_rank_calls=896
AMG setup messages level=7 phase=numbering sends=0 bytes=0 collective_rank_calls=448
AMG setup messages level=7 phase=interpolation sends=1911 bytes=15440 collective_rank_calls=448
AMG setup messages level=7 phase=interpolation-transpose sends=189 bytes=19680 collective_rank_calls=448
AMG setup messages level=7 phase=A*P sends=9606 bytes=304160 collective_rank_calls=448
AMG setup messages level=7 phase=R*(A*P) sends=567 bytes=40016 collective_rank_calls=448
GMRES: iter = 0, residual = 0.2246985195, 1 (rel.)
GMRES: iter = 1, residual = 0.2222883915, 0.9892739483 (rel.)
GMRES: iter = 2, residual = 0.1760355043, 0.7834297471 (rel.)
GMRES: iter = 3, residual = 0.1118647512, 0.4978437398 (rel.)
GMRES: iter = 4, residual = 0.04308337041, 0.1917385593 (rel.)
GMRES: iter = 5, residual = 0.01597708825, 0.07110455507 (rel.)
GMRES: iter = 6, residual = 0.009848908175, 0.04383165585 (rel.)
GMRES: iter = 7, residual = 0.007142799066, 0.03178836729 (rel.)
GMRES: iter = 8, residual = 0.005727656603, 0.02549040651 (rel.)
GMRES: iter = 9, residual = 0.004076345124, 0.01814139735 (rel.)
GMRES: iter = 10, residual = 0.002106673105, 0.009375554009 (rel.)
GMRES: iter = 11, residual = 0.000963593333, 0.004288383098 (rel.)
GMRES: iter = 12, residual = 0.0005704615903, 0.0025387866 (rel.)
GMRES: iter = 13, residual = 0.0004309684003, 0.001917985047 (rel.)
GMRES: iter = 14, residual = 0.0003444189511, 0.00153280472 (rel.)
GMRES: iter = 15, residual = 0.0002809747657, 0.001250452234 (rel.)
GMRES: iter = 16, residual = 0.0002331607975, 0.001037660586 (rel.)
GMRES: iter = 17, residual = 0.0001894091816, 0.0008429480624 (rel.)
GMRES: iter = 18, residual = 0.0001459866003, 0.0006496998761 (rel.)
GMRES: iter = 19, residual = 0.0001071620714, 0.0004769148976 (rel.)
GMRES: iter = 20, residual = 7.837950178e-05, 0.0003488207308 (rel.)
GMRES: iter = 21, residual = 5.93607696e-05, 0.0002641796205 (rel.)
GMRES: iter = 22, residual = 4.604700317e-05, 0.0002049279331 (rel.)
GMRES: iter = 23, residual = 3.556840304e-05, 0.0001582938914 (rel.)
GMRES: iter = 24, residual = 2.717743428e-05, 0.0001209506602 (rel.)
GMRES: iter = 25, residual = 2.101248803e-05, 9.351413652e-05 (rel.)
GMRES: Solve Time = 9.854854534
AMG setup messages level=0 phase=strength sends=0 bytes=0 collective_rank_calls=448
AMG setup messages level=0 phase=strength-transpose sends=3519 bytes=143911428 collective_rank_calls=448
AMG setup messages level=0 phase=PMIS sends=81438 bytes=503690232 collective_rank_calls=4928
AMG setup messages level=0 phase=numbering sends=0 bytes=0 collective_rank_calls=448
AMG setup messages level=0 phase=interpolation sends=21114 bytes=192255628 collective_rank_calls=448
AMG setup messages level=0 phase=interpolation-transpose sends=7578 bytes=73922400 collective_rank_calls=448
AMG setup messages level=0 phase=A*P sends=11562 bytes=357835632 collective_rank_calls=448
AMG setup messages level=0 phase=R*(A*P) sends=22734 bytes=525960512 collective_rank_calls=448
AMG setup messages level=1 phase=strength sends=0 bytes=0 collective_rank_calls=448
AMG setup messages level=1 phase=strength-transpose sends=8655 bytes=167420260 collective_rank_calls=448
AMG setup messages level=1 phase=PMIS sends=208617 bytes=346012928 collective_rank_calls=5376
AMG setup messages level=1 phase=numbering sends=0 bytes=0 collective_rank_calls=448
AMG setup messages level=1 phase=interpolation sends=51417 bytes=199147128 collective_rank_calls=448
AMG setup messages level=1 phase=interpolation-transpose sends=8343 bytes=59186080 collective_rank_calls=448
AMG setup messages level=1 phase=A*P sends=28848 bytes=349307952 collective_rank_calls=448
AMG setup messages level=1 phase=R*(A*P) sends=25029 bytes=882815728 collective_rank_calls=448
AMG setup messages level=2 phase=strength sends=0 bytes=0 collective_rank_calls=448
AMG setup messages level=2 phase=strength-transpose sends=9547 bytes=72857760 collective_rank_calls=448
AMG setup messages level=2 phase=PMIS sends=230649 bytes=115668376 collective_rank_calls=5376
AMG setup messages level=2 phase=numbering sends=0 bytes=0 collective_rank_calls=448
AMG setup messages level=2 phase=interpolation sends=56547 bytes=76988940 collective_rank_calls=448
AMG setup messages level=2 phase=interpolation-transpose sends=8213 bytes=17536192 collective_rank_calls=448
AMG setup messages level=2 phase=A*P sends=32784 bytes=141750528 collective_rank_calls=448
AMG setup messages level=2 phase=R*(A*P) sends=24639 bytes=398226016 collective_rank_calls=448
AMG setup messages level=3 phase=strength sends=0 bytes=0 collective_rank_calls=448
AMG setup messages level=3 phase=strength-transpose sends=9478 bytes=17728204 collective_rank_calls=448
AMG setup messages level=3 phase=PMIS sends=211396 bytes=27739216 collective_rank_calls=4928
AMG setup messages level=3 phase=numbering sends=0 bytes=0 collective_rank_calls=448
AMG setup messages level=3 phase=interpolation sends=55992 bytes=20123320 collective_rank_calls=448
AMG setup messages level=3 phase=interpolation-transpose sends=7197 bytes=4281616 collective_rank_calls=448
AMG setup messages level=3 phase=A*P sends=33930 bytes=46901232 collective_rank_calls=448
AMG setup messages level=3 phase=R*(A*P) sends=21591 bytes=115549296 collective_rank_calls=448
AMG setup messages level=4 phase=strength sends=0 bytes=0 collective_rank_calls=448
AMG setup messages level=4 phase=strength-transpose sends=9274 bytes=3528564 collective_rank_calls=448
AMG setup messages level=4 phase=PMIS sends=194544 bytes=6789084 collective_rank_calls=4480
AMG setup messages level=4 phase=numbering sends=0 bytes=0 collective_rank_calls=448
AMG setup messages level=4 phase=interpolation sends=53895 bytes=4755924 collective_rank_calls=448
AMG setup messages level=4 phase=interpolation-transpose sends=5619 bytes=1109728 collective_rank_calls=448
AMG setup messages level=4 phase=A*P sends=55098 bytes=18293792 collective_rank_calls=448
AMG setup messages level=4 phase=R*(A*P) sends=16857 bytes=30343920 collective_rank_calls=448
AMG setup messages level=5 phase=strength sends=0 bytes=0 collective_rank_calls=448
AMG setup messages level=5 phase=strength-transpose sends=6948 bytes=644524 collective_rank_calls=448
AMG setup messages level=5 phase=PMIS sends=111016 bytes=1286568 collective_rank_calls=3136
AMG setup messages level=5 phase=numbering sends=0 bytes=0 collective_rank_calls=448
AMG setup messages level=5 phase=interpolation sends=37710 bytes=790044 collective_rank_calls=448
AMG setup messages level=5 phase=interpolation-transpose sends=2646 bytes=272128 collective_rank_calls=448
AMG setup messages level=5 phase=A*P sends=98820 bytes=7924256 collective_rank_calls=448
AMG setup messages level=5 phase=R*(A*P) sends=7938 bytes=6081344 collective_rank_calls=448
AMG setup messages level=6 phase=strength sends=0 bytes=0 collective_rank_calls=448
AMG setup messages level=6 phase=strength-transpose sends=1861 bytes=137080 collective_rank_calls=448
AMG setup messages level=6 phase=PMIS sends=26476 bytes=259104 collective_rank_calls=2240
AMG setup messages level=6 phase=numbering sends=0 bytes=0 collective_rank_calls=448
AMG setup messages level=6 phase=interpolation sends=8379 bytes=102024 collective_rank_calls=448
AMG setup messages level=6 phase=interpolation-transpose sends=882 bytes=72768 collective_rank_calls=448
AMG setup messages level=6 phase=A*P sends=46740 bytes=1968848 collective_rank_calls=448
AMG setup messages level=6 phase=R*(A*P) sends=2646 bytes=969216 collective_rank_calls=448
AMG setup messages level=7 phase=strength sends=0 bytes=0 collective_rank_calls=448
AMG setup messages level=7 phase=strength-transpose sends=499 bytes=39888 collective_rank_calls=448
AMG setup messages level=7 phase=PMIS sends=3469 bytes=51660 collective_rank_calls=896
AMG setup messages level=7 phase=numbering sends=0 bytes=0 collective_rank_calls=448
AMG setup messages level=7 phase=interpolation sends=2448 bytes=20176 collective_rank_calls=448
AMG setup messages level=7 phase=interpolation-transpose sends=189 bytes=17888 collective_rank_calls=448
AMG setup messages level=7 phase=A*P sends=9078 bytes=265760 collective_rank_calls=448
AMG setup messages level=7 phase=R*(A*P) sends=567 bytes=34784 collective_rank_calls=448
GMRES: iter = 0, residual = 0.2063819934, 1 (rel.)
GMRES: iter = 1, residual = 0.1267858272, 0.614326013 (rel.)
GMRES: iter = 2, residual = 0.06222913714, 0.3015240627 (rel.)
GMRES: iter = 3, residual = 0.05453916766, 0.264263208 (rel.)
GMRES: iter = 4, residual = 0.04014823886, 0.1945336324 (rel.)
GMRES: iter = 5, residual = 0.009187662419, 0.04451775208 (rel.)
GMRES: iter = 6, residual = 0.003626927674, 0.01757385716 (rel.)
GMRES: iter = 7, residual = 0.002082860075, 0.01009225679 (rel.)
GMRES: iter = 8, residual = 0.001441030206, 0.006982344642 (rel.)
GMRES: iter = 9, residual = 0.001116517576, 0.005409956351 (rel.)
GMRES: iter = 10, residual = 0.0008262075125, 0.004003292626 (rel.)
GMRES: iter = 11, residual = 0.0005522026165, 0.002675633699 (rel.)
GMRES: iter = 12, residual = 0.0004274732685, 0.002071272117 (rel.)
GMRES: iter = 13, residual = 0.0003731587901, 0.001808097615 (rel.)
GMRES: iter = 14, residual = 0.0003306180176, 0.001601971238 (rel.)
GMRES: iter = 15, residual = 0.0002913951745, 0.001411921504 (rel.)
GMRES: iter = 16, residual = 0.0002516956744, 0.001219562183 (rel.)
GMRES: iter = 17, residual = 0.0002085009391, 0.001010267105 (rel.)
GMRES: iter = 18, residual = 0.0001682461168, 0.0008152170349 (rel.)
GMRES: iter = 19, residual = 0.0001361942405, 0.0006599133878 (rel.)
GMRES: iter = 20, residual = 0.0001109648602, 0.0005376673535 (rel.)
GMRES: iter = 21, residual = 8.782558362e-05, 0.0004255486739 (rel.)
GMRES: iter = 22, residual = 6.484096428e-05, 0.0003141793681 (rel.)
GMRES: iter = 23, residual = 4.498114148e-05, 0.0002179509013 (rel.)
GMRES: iter = 24, residual = 3.053996367e-05, 0.00014797785 (rel.)
GMRES: iter = 25, residual = 2.127380892e-05, 0.0001030797724 (rel.)
GMRES: iter = 26, residual = 1.598445727e-05, 7.74508328e-05 (rel.)
GMRES: Solve Time = 10.24551758
AMG setup messages level=0 phase=strength sends=0 bytes=0 collective_rank_calls=448
AMG setup messages level=0 phase=strength-transpose sends=3519 bytes=143911428 collective_rank_calls=448
AMG setup messages level=0 phase=PMIS sends=66692 bytes=420477792 collective_rank_calls=4032
AMG setup messages level=0 phase=numbering sends=0 bytes=0 collective_rank_calls=448
AMG setup messages level=0 phase=interpolation sends=21114 bytes=192163388 collective_rank_calls=448
AMG setup messages level=0 phase=interpolation-transpose sends=7581 bytes=73911088 collective_rank_calls=448
AMG setup messages level=0 phase=A*P sends=11562 bytes=357802880 collective_rank_calls=448
AMG setup messages level=0 phase=R*(A*P) sends=22743 bytes=525586864 collective_rank_calls=448
AMG setup messages level=1 phase=strength sends=0 bytes=0 collective_rank_calls=448
AMG setup messages level=1 phase=strength-transpose sends=8669 bytes=167436264 collective_rank_calls=448
AMG setup messages level=1 phase=PMIS sends=191402 bytes=319592664 collective_rank_calls=4928
AMG setup messages level=1 phase=numbering sends=0 bytes=0 collective_rank_calls=448
AMG setup messages level=1 phase=interpolation sends=51633 bytes=199073000 collective_rank_calls=448
AMG setup messages level=1 phase=interpolation-transpose sends=8334 bytes=59210400 collective_rank_calls=448
AMG setup messages level=1 phase=A*P sends=28830 bytes=349338112 collective_rank_calls=448
AMG setup messages level=1 phase=R*(A*P) sends=25002 bytes=883135632 collective_rank_calls=448
AMG setup messages level=2 phase=strength sends=0 bytes=0 collective_rank_calls=448
AMG setup messages level=2 phase=strength-transpose sends=9515 bytes=72794424 collective_rank_calls=448
AMG setup messages level=2 phase=PMIS sends=230115 bytes=115549688 collective_rank_calls=5376
AMG setup messages level=2 phase=numbering sends=0 bytes=0 collective_rank_calls=448
AMG setup messages level=2 phase=interpolation sends=56217 bytes=76945224 collective_rank_calls=448
AMG setup messages level=2 phase=interpolation-transpose sends=8216 bytes=17488432 collective_rank_calls=448
AMG setup messages level=2 phase=A*P sends=32736 bytes=141689504 collective_rank_calls=448
AMG setup messages level=2 phase=R*(A*P) sends=24648 bytes=397040992 collective_rank_calls=448
AMG setup messages level=3 phase=strength sends=0 bytes=0 collective_rank_calls=448
AMG setup messages level=3 phase=strength-transpose sends=9507 bytes=17726664 collective_rank_calls=448
AMG setup messages level=3 phase=PMIS sends=250276 bytes=32296448 collective_rank_calls=5824
AMG setup messages level=3 phase=numbering sends=0 bytes=0 collective_rank_calls=448
AMG setup messages level=3 phase=interpolation sends=56142 bytes=20112528 collective_rank_calls=448
AMG setup messages level=3 phase=interpolation-transpose sends=7247 bytes=4276400 collective_rank_calls=448
AMG setup messages level=3 phase=A*P sends=33966 bytes=46842992 collective_rank_calls=448
AMG setup messages level=3 phase=R*(A*P) sends=21741 bytes=115246672 collective_rank_calls=448
AMG setup messages level=4 phase=strength sends=0 bytes=0 collective_rank_calls=448
AMG setup messages level=4 phase=strength-transpose sends=9178 bytes=3503644 collective_rank_calls=448
AMG setup messages level=4 phase=PMIS sends=174344 bytes=6142032 collective_rank_calls=4032
AMG setup messages level=4 phase=numbering sends=0 bytes=0 collective_rank_calls=448
AMG setup messages level=4 phase=interpolation sends=53427 bytes=4687544 collective_rank_calls=448
AMG setup messages level=4 phase=interpolation-transpose sends=5452 bytes=1101360 collective_rank_calls=448
AMG setup messages level=4 phase=A*P sends=55554 bytes=18344928 collective_rank_calls=448
AMG setup messages level=4 phase=R*(A*P) sends=16356 bytes=29680240 collective_rank_calls=448
AMG setup messages level=5 phase=strength sends=0 bytes=0 collective_rank_calls=448
AMG setup messages level=5 phase=strength-transpose sends=6844 bytes=659504 collective_rank_calls=448
AMG setup messages level=5 phase=PMIS sends=123904 bytes=1448204 collective_rank_calls=3584
AMG setup messages level=5 phase=numbering sends=0 bytes=0 collective_rank_calls=448
AMG setup messages level=5 phase=interpolation sends=37014 bytes=821208 collective_rank_calls=448
AMG setup messages level=5 phase=interpolation-transpose sends=2716 bytes=281712 collective_rank_calls=448
AMG setup messages level=5 phase=A*P sends=94218 bytes=7819792 collective_rank_calls=448
AMG setup messages level=5 phase=R*(A*P) sends=8148 bytes=6390608 collective_rank_calls=448
AMG setup messages level=6 phase=strength sends=0 bytes=0 collective_rank_calls=448
AMG setup messages level=6 phase=strength-transpose sends=1879 bytes=135524 collective_rank_calls=448
AMG setup messages level=6 phase=PMIS sends=21707 bytes=222184 collective_rank_calls=1792
AMG setup messages level=6 phase=numbering sends=0 bytes=0 collective_rank_calls=448
AMG setup messages level=6 phase=interpolation sends=9033 bytes=102064 collective_rank_calls=448
AMG setup messages level=6 phase=interpolation-transpose sends=944 bytes=78256 collective_rank_calls=448
AMG setup messages level=6 phase=A*P sends=49914 bytes=2143104 collective_rank_calls=448
AMG setup messages level=6 phase=R*(A*P) sends=2832 bytes=1261136 collective_rank_calls=448
AMG setup messages level=7 phase=strength sends=0 bytes=0 collective_rank_calls=448
AMG setup messages level=7 phase=strength-transpose sends=421 bytes=35132 collective_rank_calls=448
AMG setup messages level=7 phase=PMIS sends=2905 bytes=45964 collective_rank_calls=896
AMG setup messages level=7 phase=numbering sends=0 bytes=0 collective_rank_calls=448
AMG setup messages level=7 phase=interpolation sends=1965 bytes=15908 collective_rank_calls=448
AMG setup messages level=7 phase=interpolation-transpose sends=191 bytes=19040 collective_rank_calls=448
AMG setup messages level=7 phase=A*P sends=13056 bytes=392560 collective_rank_calls=448
AMG setup messages level=7 phase=R*(A*P) sends=573 bytes=37824 collective_rank_calls=448
GMRES: iter = 0, residual = 0.1607931824, 1 (rel.)
GMRES: iter = 1, residual = 0.07459926505, 0.4639454481 (rel.)
GMRES: iter = 2, residual = 0.07082566755, 0.4404768069 (rel.)
GMRES: iter = 3, residual = 0.06758576709, 0.4203273179 (rel.)
GMRES: iter = 4, residual = 0.03877048788, 0.2411202223 (rel.)
GMRES: iter = 5, residual = 0.01199886364, 0.0746229626 (rel.)
GMRES: iter = 6, residual = 0.007183851061, 0.04467758492 (rel.)
GMRES: iter = 7, residual = 0.005599235067, 0.03482259001 (rel.)
GMRES: iter = 8, residual = 0.003525095319, 0.02192316407 (rel.)
GMRES: iter = 9, residual = 0.002144436702, 0.01333661459 (rel.)
GMRES: iter = 10, residual = 0.001291816789, 0.008034027125 (rel.)
GMRES: iter = 11, residual = 0.0008770193678, 0.005454331799 (rel.)
GMRES: iter = 12, residual = 0.00061735831, 0.003839455758 (rel.)
GMRES: iter = 13, residual = 0.0004487602375, 0.002790915827 (rel.)
GMRES: iter = 14, residual = 0.0003313842299, 0.00206093458 (rel.)
GMRES: iter = 15, residual = 0.0002713343795, 0.001687474403 (rel.)
GMRES: iter = 16, residual = 0.000229753129, 0.001428873573 (rel.)
GMRES: iter = 17, residual = 0.0001950541922, 0.001213075016 (rel.)
GMRES: iter = 18, residual = 0.0001562860908, 0.0009719696351 (rel.)
GMRES: iter = 19, residual = 0.0001157964499, 0.0007201577092 (rel.)
GMRES: iter = 20, residual = 8.378654675e-05, 0.000521082707 (rel.)
GMRES: iter = 21, residual = 6.335632953e-05, 0.0003940237303 (rel.)
GMRES: iter = 22, residual = 5.115117616e-05, 0.0003181178169 (rel.)
GMRES: iter = 23, residual = 4.232175353e-05, 0.0002632061441 (rel.)
GMRES: iter = 24, residual = 3.413707284e-05, 0.0002123042304 (rel.)
GMRES: iter = 25, residual = 2.588972188e-05, 0.0001610125597 (rel.)
GMRES: iter = 26, residual = 1.864325866e-05, 0.0001159455792 (rel.)
GMRES: iter = 27, residual = 1.372250043e-05, 8.534255138e-05 (rel.)
GMRES: Solve Time = 10.68391983
AMG setup messages level=0 phase=strength sends=0 bytes=0 collective_rank_calls=448
AMG setup messages level=0 phase=strength-transpose sends=3519 bytes=143911428 collective_rank_calls=448
AMG setup messages level=0 phase=PMIS sends=66692 bytes=420477792 collective_rank_calls=4032
AMG setup messages level=0 phase=numbering sends=0 bytes=0 collective_rank_calls=448
AMG setup messages level=0 phase=interpolation sends=21114 bytes=192221452 collective_rank_calls=448
AMG setup messages level=0 phase=interpolation-transpose sends=7588 bytes=73898080 collective_rank_calls=448
AMG setup messages level=0 phase=A*P sends=11562 bytes=357811600 collective_rank_calls=448
AMG setup messages level=0 phase=R*(A*P) sends=22764 bytes=525632544 collective_rank_calls=448
AMG setup messages level=1 phase=strength sends=0 bytes=0 collective_rank_calls=448
AMG setup messages level=1 phase=strength-transpose sends=8657 bytes=167411704 collective_rank_calls=448
AMG setup messages level=1 phase=PMIS sends=208483 bytes=345912916 collective_rank_calls=5376
AMG setup messages level=1 phase=numbering sends=0 bytes=0 collective_rank_calls=448
AMG setup messages level=1 phase=interpolation sends=51534 bytes=199047200 collective_rank_calls=448
AMG setup messages level=1 phase=interpolation-transpose sends=8337 bytes=59244208 collective_rank_calls=448
AMG setup messages level=1 phase=A*P sends=28842 bytes=349266912 collective_rank_calls=448
AMG setup messages level=1 phase=R*(A*P) sends=25011 bytes=883529936 collective_rank_calls=448
AMG setup messages level=2 phase=strength sends=0 bytes=0 collective_rank_calls=448
AMG setup messages level=2 phase=strength-transpose sends=9514 bytes=72794104 collective_rank_calls=448
AMG setup messages level=2 phase=PMIS sends=230052 bytes=115600992 collective_rank_calls=5376
AMG setup messages level=2 phase=numbering sends=0 bytes=0 collective_rank_calls=448
AMG setup messages level=2 phase=interpolation sends=56316 bytes=76929884 collective_rank_calls=448
AMG setup messages level=2 phase=interpolation-transpose sends=8180 bytes=17534944 collective_rank_calls=448
AMG setup messages level=2 phase=A*P sends=32748 bytes=141681184 collective_rank_calls=448
AMG setup messages level=2 phase=R*(A*P) sends=24540 bytes=398168432 collective_rank_calls=448
AMG setup messages level=3 phase=strength sends=0 bytes=0 collective_rank_calls=448
AMG setup messages level=3 phase=strength-transpose sends=9513 bytes=17714592 collective_rank_calls=448
AMG setup messages level=3 phase=PMIS sends=192757 bytes=25441956 collective_rank_calls=4480
AMG setup messages level=3 phase=numbering sends=0 bytes=0 collective_rank_calls=448
AMG setup messages level=3 phase=interpolation sends=56190 bytes=20071436 collective_rank_calls=448
AMG setup messages level=3 phase=interpolation-transpose sends=7195 bytes=4288720 collective_rank_calls=448
AMG setup messages level=3 phase=A*P sends=33888 bytes=46947296 collective_rank_calls=448
AMG setup messages level=3 phase=R*(A*P) sends=21585 bytes=115516192 collective_rank_calls=448
AMG setup messages level=4 phase=strength sends=0 bytes=0 collective_rank_calls=448
AMG setup messages level=4 phase=strength-transpose sends=9222 bytes=3502472 collective_rank_calls=448
AMG setup messages level=4 phase=PMIS sends=174376 bytes=6131008 collective_rank_calls=4032
AMG setup messages level=4 phase=numbering sends=0 bytes=0 collective_rank_calls=448
AMG setup messages level=4 phase=interpolation sends=53814 bytes=4669884 collective_rank_calls=448
AMG setup messages level=4 phase=interpolation-transpose sends=5396 bytes=1097824 collective_rank_calls=448
AMG setup messages level=4 phase=A*P sends=55428 bytes=18271024 collective_rank_calls=448
AMG setup messages level=4 phase=R*(A*P) sends=16188 bytes=29189088 collective_rank_calls=448
AMG setup messages level=5 phase=strength sends=0 bytes=0 collective_rank_calls=448
AMG setup messages level=5 phase=strength-transpose sends=6490 bytes=639880 collective_rank_calls=448
AMG setup messages level=5 phase=PMIS sends=117772 bytes=1402248 collective_rank_calls=3584
AMG setup messages level=5 phase=numbering sends=0 bytes=0 collective_rank_calls=448
AMG setup messages level=5 phase=interpolation sends=35028 bytes=793640 collective_rank_calls=448
AMG setup messages level=5 phase=interpolation-transpose sends=2489 bytes=274016 collective_rank_calls=448
AMG setup messages level=5 phase=A*P sends=91122 bytes=7527232 collective_rank_calls=448
AMG setup messages level=5 phase=R*(A*P) sends=7467 bytes=5845232 collective_rank_calls=448
AMG setup messages level=6 phase=strength sends=0 bytes=0 collective_rank_calls=448
AMG setup messages level=6 phase=strength-transpose sends=1711 bytes=126928 collective_rank_calls=448
AMG setup messages level=6 phase=PMIS sends=24424 bytes=232288 collective_rank_calls=2240
AMG setup messages level=6 phase=numbering sends=0 bytes=0 collective_rank_calls=448
AMG setup messages level=6 phase=interpolation sends=8001 bytes=105744 collective_rank_calls=448
AMG setup messages level=6 phase=interpolation-transpose sends=852 bytes=72512 collective_rank_calls=448
AMG setup messages level=6 phase=A*P sends=43818 bytes=1901728 collective_rank_calls=448
AMG setup messages level=6 phase=R*(A*P) sends=2556 bytes=1053136 collective_rank_calls=448
AMG setup messages level=7 phase=strength sends=0 bytes=0 collective_rank_calls=448
AMG setup messages level=7 phase=strength-transpose sends=460 bytes=35068 collective_rank_calls=448
AMG setup messages level=7 phase=PMIS sends=3172 bytes=44332 collective_rank_calls=896
AMG setup messages level=7 phase=numbering sends=0 bytes=0 collective_rank_calls=448
AMG setup messages level=7 phase=interpolation sends=2250 bytes=18896 collective_rank_calls=448
AMG setup messages level=7 phase=interpolation-transpose sends=172 bytes=16128 collective_rank_calls=448
AMG setup messages level=7 phase=A*P sends=11058 bytes=303424 collective_rank_calls=448
AMG setup messages level=7 phase=R*(A*P) sends=516 bytes=30960 collective_rank_calls=448
GMRES: iter = 0, residual = 0.1593198943, 1 (rel.)
GMRES: iter = 1, residual = 0.1114134246, 0.6993064177 (rel.)
GMRES: iter = 2, residual = 0.09976416603, 0.6261877493 (rel.)
GMRES: iter = 3, residual = 0.05100844561, 0.3201636922 (rel.)
GMRES: iter = 4, residual = 0.02433551808, 0.1527462605 (rel.)
GMRES: iter = 5, residual = 0.007147521219, 0.04486270375 (rel.)
GMRES: iter = 6, residual = 0.002503266072, 0.01571220018 (rel.)
GMRES: iter = 7, residual = 0.001010533034, 0.006342792521 (rel.)
GMRES: iter = 8, residual = 0.0007373067983, 0.004627838861 (rel.)
GMRES: iter = 9, residual = 0.0005839213713, 0.003665087614 (rel.)
GMRES: iter = 10, residual = 0.0003701816945, 0.002323512051 (rel.)
GMRES: iter = 11, residual = 0.0001706384605, 0.001071043018 (rel.)
GMRES: iter = 12, residual = 8.235353835e-05, 0.0005169068101 (rel.)
GMRES: iter = 13, residual = 5.017690426e-05, 0.0003149443733 (rel.)
GMRES: iter = 14, residual = 3.731898344e-05, 0.0002342393184 (rel.)
GMRES: iter = 15, residual = 2.964000516e-05, 0.0001860408287 (rel.)
GMRES: iter = 16, residual = 2.382900988e-05, 0.0001495670706 (rel.)
GMRES: iter = 17, residual = 1.910206629e-05, 0.0001198975581 (rel.)
GMRES: iter = 18, residual = 1.508273807e-05, 9.466952093e-05 (rel.)
GMRES: Solve Time = 7.030452388
AMG setup messages level=0 phase=strength sends=0 bytes=0 collective_rank_calls=448
AMG setup messages level=0 phase=strength-transpose sends=3519 bytes=143911428 collective_rank_calls=448
AMG setup messages level=0 phase=PMIS sends=74065 bytes=462084012 collective_rank_calls=4480
AMG setup messages level=0 phase=numbering sends=0 bytes=0 collective_rank_calls=448
AMG setup messages level=0 phase=interpolation sends=21114 bytes=192121580 collective_rank_calls=448
AMG setup messages level=0 phase=interpolation-transpose sends=7566 bytes=73839280 collective_rank_calls=448
AMG setup messages level=0 phase=A*P sends=11562 bytes=357767840 collective_rank_calls=448
AMG setup messages level=0 phase=R*(A*P) sends=22698 bytes=525104496 collective_rank_calls=448
AMG setup messages level=1 phase=strength sends=0 bytes=0 collective_rank_calls=448
AMG setup messages level=1 phase=strength-transpose sends=8630 bytes=167454288 collective_rank_calls=448
AMG setup messages level=1 phase=PMIS sends=208030 bytes=345984068 collective_rank_calls=5376
AMG setup messages level=1 phase=numbering sends=0 bytes=0 collective_rank_calls=448
AMG setup messages level=1 phase=interpolation sends=51420 bytes=199075696 collective_rank_calls=448
AMG setup messages level=1 phase=interpolation-transpose sends=8360 bytes=59250432 collective_rank_calls=448
AMG setup messages level=1 phase=A*P sends=28836 bytes=349264096 collective_rank_calls=448
AMG setup messages level=1 phase=R*(A*P) sends=25080 bytes=883221296 collective_rank_calls=448
AMG setup messages level=2 phase=strength sends=0 bytes=0 collective_rank_calls=448
AMG setup messages level=2 phase=strength-transpose sends=9471 bytes=72752256 collective_rank_calls=448
AMG setup messages level=2 phase=PMIS sends=229085 bytes=115615068 collective_rank_calls=5376
AMG setup messages level=2 phase=numbering sends=0 bytes=0 collective_rank_calls=448
AMG setup messages level=2 phase=interpolation sends=56163 bytes=76939192 collective_rank_calls=448
AMG setup messages level=2 phase=interpolation-transpose sends=8191 bytes=17517984 collective_rank_calls=448
AMG setup messages level=2 phase=A*P sends=32766 bytes=141697184 collective_rank_calls=448
AMG setup messages level=2 phase=R*(A*P) sends=24573 bytes=397843040 collective_rank_calls=448
AMG setup messages level=3 phase=strength sends=0 bytes=0 collective_rank_calls=448
AMG setup messages level=3 phase=strength-transpose sends=9515 bytes=17715804 collective_rank_calls=448
AMG setup messages level=3 phase=PMIS sends=212054 bytes=27756648 collective_rank_calls=4928
AMG setup messages level=3 phase=numbering sends=0 bytes=0 collective_rank_calls=448
AMG setup messages level=3 phase=interpolation sends=56238 bytes=20090972 collective_rank_calls=448
AMG setup messages level=3 phase=interpolation-transpose sends=7274 bytes=4288832 collective_rank_calls=448
AMG setup messages level=3 phase=A*P sends=33948 bytes=46897104 collective_rank_calls=448
AMG setup messages level=3 phase=R*(A*P) sends=21822 bytes=115838000 collective_rank_calls=448
AMG setup messages level=4 phase=strength sends=0 bytes=0 collective_rank_calls=448
AMG setup messages level=4 phase=strength-transpose sends=9236 bytes=3511244 collective_rank_calls=448
AMG setup messages level=4 phase=PMIS sends=174488 bytes=6170304 collective_rank_calls=4032
AMG setup messages level=4 phase=numbering sends=0 bytes=0 collective_rank_calls=448
AMG setup messages level=4 phase=interpolation sends=53901 bytes=4716120 collective_rank_calls=448
AMG setup messages level=4 phase=interpolation-transpose sends=5532 bytes=1114352 collective_rank_calls=448
AMG setup messages level=4 phase=A*P sends=55590 bytes=18420816 collective_rank_calls=448
AMG setup messages level=4 phase=R*(A*P) sends=16596 bytes=29797104 collective_rank_calls=448
AMG setup messages level=5 phase=strength sends=0 bytes=0 collective_rank_calls=448
AMG setup messages level=5 phase=strength-transpose sends=6695 bytes=637440 collective_rank_calls=448
AMG setup messages level=5 phase=PMIS sends=120719 bytes=1408112 collective_rank_calls=3584
AMG setup messages level=5 phase=numbering sends=0 bytes=0 collective_rank_calls=448
AMG setup messages level=5 phase=interpolation sends=36549 bytes=795752 collective_rank_calls=448
AMG setup messages level=5 phase=interpolation-transpose sends=2638 bytes=274928 collective_rank_calls=448
AMG setup messages level=5 phase=A*P sends=94440 bytes=7689664 collective_rank_calls=448
AMG setup messages level=5 phase=R*(A*P) sends=7914 bytes=6078688 collective_rank_calls=448
AMG setup messages level=6 phase=strength sends=0 bytes=0 collective_rank_calls=448
AMG setup messages level=6 phase=strength-transpose sends=1740 bytes=126648 collective_rank_calls=448
AMG setup messages level=6 phase=PMIS sends=24600 bytes=233568 collective_rank_calls=2240
AMG setup messages level=6 phase=numbering sends=0 bytes=0 collective_rank_calls=448
AMG setup messages level=6 phase=interpolation sends=8046 bytes=104288 collective_rank_calls=448
AMG setup messages level=6 phase=interpolation-transpose sends=947 bytes=79504 collective_rank_calls=448
AMG setup messages level=6 phase=A*P sends=48906 bytes=2109472 collective_rank_calls=448
AMG setup messages level=6 phase=R*(A*P) sends=2841 bytes=1148688 collective_rank_calls=448
AMG setup messages level=7 phase=strength sends=0 bytes=0 collective_rank_calls=448
AMG setup messages level=7 phase=strength-transpose sends=527 bytes=39308 collective_rank_calls=448
AMG setup messages level=7 phase=PMIS sends=3617 bytes=49276 collective_rank_calls=896
AMG setup messages level=7 phase=numbering sends=0 bytes=0 collective_rank_calls=448
AMG setup messages level=7 phase=interpolation sends=2613 bytes=21912 collective_rank_calls=448
AMG setup messages level=7 phase=interpolation-transpose sends=190 bytes=16928 collective_rank_calls=448
AMG setup messages level=7 phase=A*P sends=10524 bytes=284096 collective_rank_calls=448
AMG setup messages level=7 phase=R*(A*P) sends=570 bytes=31792 collective_rank_calls=448
GMRES: iter = 0, residual = 0.1574420824, 1 (rel.)
GMRES: iter = 1, residual = 0.1304809085, 0.8287549715 (rel.)
GMRES: iter = 2, residual = 0.1303846066, 0.8281433057 (rel.)
GMRES: iter = 3, residual = 0.1064300104, 0.6759946815 (rel.)
GMRES: iter = 4, residual = 0.05598549657, 0.3555942332 (rel.)
GMRES: iter = 5, residual = 0.01440762156, 0.09151061357 (rel.)
GMRES: iter = 6, residual = 0.00634042396, 0.04027146912 (rel.)
GMRES: iter = 7, residual = 0.003442668417, 0.02186625306 (rel.)
GMRES: iter = 8, residual = 0.002759535097, 0.01752730308 (rel.)
GMRES: iter = 9, residual = 0.002134870882, 0.01355972209 (rel.)
GMRES: iter = 10, residual = 0.001282612298, 0.00814656589 (rel.)
GMRES: iter = 11, residual = 0.0005163186213, 0.003279419412 (rel.)
GMRES: iter = 12, residual = 0.0002370325046, 0.00150552191 (rel.)
GMRES: iter = 13, residual = 0.0001402782356, 0.0008909831058 (rel.)
GMRES: iter = 14, residual = 0.000106320223, 0.0006752973627 (rel.)
GMRES: iter = 15, residual = 9.020224208e-05, 0.0005729233297 (rel.)
GMRES: iter = 16, residual = 7.914650823e-05, 0.0005027023717 (rel.)
GMRES: iter = 17, residual = 6.898162796e-05, 0.0004381397077 (rel.)
GMRES: iter = 18, residual = 5.852942569e-05, 0.0003717521059 (rel.)
GMRES: iter = 19, residual = 4.853603637e-05, 0.0003082786738 (rel.)
GMRES: iter = 20, residual = 4.004876892e-05, 0.0002543714381 (rel.)
GMRES: iter = 21, residual = 3.318373992e-05, 0.000210767918 (rel.)
GMRES: iter = 22, residual = 2.734885159e-05, 0.0001737073797 (rel.)
GMRES: iter = 23, residual = 2.244380812e-05, 0.00014255279 (rel.)
GMRES: iter = 24, residual = 1.862501401e-05, 0.0001182975589 (rel.)
GMRES: iter = 25, residual = 1.549522896e-05, 9.841859763e-05 (rel.)
GMRES: Solve Time = 9.854776422
AMG setup messages level=0 phase=strength sends=0 bytes=0 collective_rank_calls=448
AMG setup messages level=0 phase=strength-transpose sends=3519 bytes=143911428 collective_rank_calls=448
AMG setup messages level=0 phase=PMIS sends=74065 bytes=462084012 collective_rank_calls=4480
AMG setup messages level=0 phase=numbering sends=0 bytes=0 collective_rank_calls=448
AMG setup messages level=0 phase=interpolation sends=21114 bytes=192189020 collective_rank_calls=448
AMG setup messages level=0 phase=interpolation-transpose sends=7595 bytes=73898032 collective_rank_calls=448
AMG setup messages level=0 phase=A*P sends=11562 bytes=357809184 collective_rank_calls=448
AMG setup messages level=0 phase=R*(A*P) sends=22785 bytes=525684192 collective_rank_calls=448
AMG setup messages level=1 phase=strength sends=0 bytes=0 collective_rank_calls=448
AMG setup messages level=1 phase=strength-transpose sends=8637 bytes=167381684 collective_rank_calls=448
AMG setup messages level=1 phase=PMIS sends=207977 bytes=345936484 collective_rank_calls=5376
AMG setup messages level=1 phase=numbering sends=0 bytes=0 collective_rank_calls=448
AMG setup messages level=1 phase=interpolation sends=51399 bytes=198937040 collective_rank_calls=448
AMG setup messages level=1 phase=interpolation-transpose sends=8340 bytes=59226016 collective_rank_calls=448
AMG setup messages level=1 phase=A*P sends=28578 bytes=349341968 collective_rank_calls=448
AMG setup messages level=1 phase=R*(A*P) sends=25020 bytes=883331056 collective_rank_calls=448
AMG setup messages level=2 phase=strength sends=0 bytes=0 collective_rank_calls=448
AMG setup messages level=2 phase=strength-transpose sends=9555 bytes=72806232 collective_rank_calls=448
AMG setup messages level=2 phase=PMIS sends=231127 bytes=115668780 collective_rank_calls=5376
AMG setup messages level=2 phase=numbering sends=0 bytes=0 collective_rank_calls=448
AMG setup messages level=2 phase=interpolation sends=56619 bytes=76983256 collective_rank_calls=448
AMG setup messages level=2 phase=interpolation-transpose sends=8197 bytes=17552720 collective_rank_calls=448
AMG setup messages level=2 phase=A*P sends=32766 bytes=141747952 collective_rank_calls=448
AMG setup messages level=2 phase=R*(A*P) sends=24591 bytes=398597520 collective_rank_calls=448
AMG setup messages level=3 phase=strength sends=0 bytes=0 collective_rank_calls=448
AMG setup messages level=3 phase=strength-transpose sends=9499 bytes=17729324 collective_rank_calls=448
AMG setup messages level=3 phase=PMIS sends=211750 bytes=27752384 collective_rank_calls=4928
AMG setup messages level=3 phase=numbering sends=0 bytes=0 collective_rank_calls=448
AMG setup messages level=3 phase=interpolation sends=56139 bytes=20112144 collective_rank_calls=448
AMG setup messages level=3 phase=interpolation-transpose sends=7249 bytes=4292320 collective_rank_calls=448
AMG setup messages level=3 phase=A*P sends=33870 bytes=46868880 collective_rank_calls=448
AMG setup messages level=3 phase=R*(A*P) sends=21747 bytes=115816800 collective_rank_calls=448
AMG setup messages level=4 phase=strength sends=0 bytes=0 collective_rank_calls=448
AMG setup messages level=4 phase=strength-transpose sends=9158 bytes=3506884 collective_rank_calls=448
AMG setup messages level=4 phase=PMIS sends=173004 bytes=6145264 collective_rank_calls=4032
AMG setup messages level=4 phase=numbering sends=0 bytes=0 collective_rank_calls=448
AMG setup messages level=4 phase=interpolation sends=53271 bytes=4672232 collective_rank_calls=448
AMG setup messages level=4 phase=interpolation-transpose sends=5440 bytes=1100448 collective_rank_calls=448
AMG setup messages level=4 phase=A*P sends=55236 bytes=18276624 collective_rank_calls=448
AMG setup messages level=4 phase=R*(A*P) sends=16320 bytes=29459808 collective_rank_calls=448
AMG setup messages level=5 phase=strength sends=0 bytes=0 collective_rank_calls=448
AMG setup messages level=5 phase=strength-transpose sends=6759 bytes=653812 collective_rank_calls=448
AMG setup messages level=5 phase=PMIS sends=107114 bytes=1293104 collective_rank_calls=3136
AMG setup messages level=5 phase=numbering sends=0 bytes=0 collective_rank_calls=448
AMG setup messages level=5 phase=interpolation sends=36345 bytes=813400 collective_rank_calls=448
AMG setup messages level=5 phase=interpolation-transpose sends=2553 bytes=279696 collective_rank_calls=448
AMG setup messages level=5 phase=A*P sends=94770 bytes=7770832 collective_rank_calls=448
AMG setup messages level=5 phase=R*(A*P) sends=7659 bytes=5944688 collective_rank_calls=448
AMG setup messages level=6 phase=strength sends=0 bytes=0 collective_rank_calls=448
AMG setup messages level=6 phase=strength-transpose sends=1674 bytes=132632 collective_rank_calls=448
AMG setup messages level=6 phase=PMIS sends=23976 bytes=240272 collective_rank_calls=2240
AMG setup messages level=6 phase=numbering sends=0 bytes=0 collective_rank_calls=448
AMG setup messages level=6 phase=interpolation sends=7989 bytes=116084 collective_rank_calls=448
AMG setup messages level=6 phase=interpolation-transpose sends=874 bytes=83232 collective_rank_calls=448
AMG setup messages level=6 phase=A*P sends=46560 bytes=2087392 collective_rank_calls=448
AMG setup messages level=6 phase=R*(A*P) sends=2622 bytes=1058112 collective_rank_calls=448
AMG setup messages level=7 phase=strength sends=0 bytes=0 collective_rank_calls=448
AMG setup messages level=7 phase=strength-transpose sends=486 bytes=42136 collective_rank_calls=448
AMG setup messages level=7 phase=PMIS sends=3144 bytes=49140 collective_rank_calls=896
AMG setup messages level=7 phase=numbering sends=0 bytes=0 collective_rank_calls=448
AMG setup messages level=7 phase=interpolation sends=2397 bytes=22104 collective_rank_calls=448
AMG setup messages level=7 phase=interpolation-transpose sends=166 bytes=21440 collective_rank_calls=448
AMG setup messages level=7 phase=A*P sends=10392 bytes=365968 collective_rank_calls=448
AMG setup messages level=7 phase=R*(A*P) sends=498 bytes=43408 collective_rank_calls=448
GMRES: iter = 0, residual = 0.1572399527, 1 (rel.)
GMRES: iter = 1, residual = 0.1434999369, 0.9126175278 (rel.)
GMRES: iter = 2, residual = 0.139095223, 0.8846048386 (rel.)
GMRES: iter = 3, residual = 0.138220125, 0.8790394718 (rel.)
GMRES: iter = 4, residual = 0.131157949, 0.834126103 (rel.)
GMRES: iter = 5, residual = 0.1243831648, 0.7910404616 (rel.)
GMRES: iter = 6, residual = 0.0827309623, 0.5261446654 (rel.)
GMRES: iter = 7, residual = 0.05655916987, 0.3596997385 (rel.)
GMRES: iter = 8, residual = 0.04795501237, 0.3049798193 (rel.)
GMRES: iter = 9, residual = 0.03526817847, 0.2242952752 (rel.)
GMRES: iter = 10, residual = 0.0210654198, 0.133969894 (rel.)
GMRES: iter = 11, residual = 0.008768228178, 0.05576336056 (rel.)
GMRES: iter = 12, residual = 0.004022998953, 0.02558509389 (rel.)
GMRES: iter = 13, residual = 0.002436461376, 0.01549518003 (rel.)
GMRES: iter = 14, residual = 0.001888087358, 0.01200768205 (rel.)
GMRES: iter = 15, residual = 0.001622022762, 0.01031558923 (rel.)
GMRES: iter = 16, residual = 0.00144567507, 0.009194069604 (rel.)
GMRES: iter = 17, residual = 0.001279748252, 0.008138823691 (rel.)
GMRES: iter = 18, residual = 0.001105662369, 0.007031688511 (rel.)
GMRES: iter = 19, residual = 0.0009388605269, 0.005970877698 (rel.)
GMRES: iter = 20, residual = 0.0007957330608, 0.005060628976 (rel.)
GMRES: iter = 21, residual = 0.0006718759178, 0.004272933858 (rel.)
GMRES: iter = 22, residual = 0.0005589623707, 0.003554836802 (rel.)
GMRES: iter = 23, residual = 0.0004635324594, 0.002947930545 (rel.)
GMRES: iter = 24, residual = 0.0003919611663, 0.002492758103 (rel.)
GMRES: iter = 25, residual = 0.0003336722784, 0.002122057865 (rel.)
GMRES: iter = 26, residual = 0.0002782823705, 0.00176979429 (rel.)
GMRES: iter = 27, residual = 0.0002248365479, 0.001429894528 (rel.)
GMRES: iter = 28, residual = 0.0001781984897, 0.001133290151 (rel.)
GMRES: iter = 29, residual = 0.0001441416656, 0.000916698734 (rel.)
GMRES: iter = 30, residual = 0.000121312913, 0.0007715145602 (rel.)
GMRES: iter = 31, residual = 0.0001047671366, 0.0006662882733 (rel.)
GMRES: iter = 32, residual = 9.131458817e-05, 0.0005807340094 (rel.)
GMRES: iter = 33, residual = 7.950955462e-05, 0.000505657457 (rel.)
GMRES: iter = 34, residual = 6.945928537e-05, 0.0004417406911 (rel.)
GMRES: iter = 35, residual = 6.097732122e-05, 0.0003877978858 (rel.)
GMRES: iter = 36, residual = 5.354962727e-05, 0.0003405599299 (rel.)
GMRES: iter = 37, residual = 4.700660704e-05, 0.0002989482395 (rel.)
GMRES: iter = 38, residual = 4.027165157e-05, 0.0002561158972 (rel.)
GMRES: iter = 39, residual = 3.315878125e-05, 0.0002108801273 (rel.)
GMRES: iter = 40, residual = 2.712008721e-05, 0.0001724758037 (rel.)
GMRES: iter = 41, residual = 2.279196261e-05, 0.0001449502001 (rel.)
GMRES: iter = 42, residual = 1.919142428e-05, 0.0001220518319 (rel.)
GMRES: iter = 43, residual = 1.586314547e-05, 0.0001008849545 (rel.)
GMRES: iter = 44, residual = 1.292971007e-05, 8.222916538e-05 (rel.)
GMRES: Solve Time = 17.78328485
AMG setup messages level=0 phase=strength sends=0 bytes=0 collective_rank_calls=448
AMG setup messages level=0 phase=strength-transpose sends=3519 bytes=143911428 collective_rank_calls=448
AMG setup messages level=0 phase=PMIS sends=74065 bytes=462084012 collective_rank_calls=4480
AMG setup messages level=0 phase=numbering sends=0 bytes=0 collective_rank_calls=448
AMG setup messages level=0 phase=interpolation sends=21114 bytes=192239900 collective_rank_calls=448
AMG setup messages level=0 phase=interpolation-transpose sends=7583 bytes=73901952 collective_rank_calls=448
AMG setup messages level=0 phase=A*P sends=11562 bytes=357821184 collective_rank_calls=448
AMG setup messages level=0 phase=R*(A*P) sends=22749 bytes=525697904 collective_rank_calls=448
AMG setup messages level=1 phase=strength sends=0 bytes=0 collective_rank_calls=448
AMG setup messages level=1 phase=strength-transpose sends=8663 bytes=167456024 collective_rank_calls=448
AMG setup messages level=1 phase=PMIS sends=226176 bytes=372472912 collective_rank_calls=5824
AMG setup messages level=1 phase=numbering sends=0 bytes=0 collective_rank_calls=448
AMG setup messages level=1 phase=interpolation sends=51465 bytes=199121884 collective_rank_calls=448
AMG setup messages level=1 phase=interpolation-transpose sends=8345 bytes=59234544 collective_rank_calls=448
AMG setup messages level=1 phase=A*P sends=28848 bytes=349315104 collective_rank_calls=448
AMG setup messages level=1 phase=R*(A*P) sends=25035 bytes=883437856 collective_rank_calls=448
AMG setup messages level=2 phase=strength sends=0 bytes=0 collective_rank_calls=448
AMG setup messages level=2 phase=strength-transpose sends=9554 bytes=72783188 collective_rank_calls=448
AMG setup messages level=2 phase=PMIS sends=230856 bytes=115633920 collective_rank_calls=5376
AMG setup messages level=2 phase=numbering sends=0 bytes=0 collective_rank_calls=448
AMG setup messages level=2 phase=interpolation sends=56589 bytes=76991836 collective_rank_calls=448
AMG setup messages level=2 phase=interpolation-transpose sends=8200 bytes=17494128 collective_rank_calls=448
AMG setup messages level=2 phase=A*P sends=32832 bytes=141746656 collective_rank_calls=448
AMG setup messages level=2 phase=R*(A*P) sends=24600 bytes=397228096 collective_rank_calls=448
AMG setup messages level=3 phase=strength sends=0 bytes=0 collective_rank_calls=448
AMG setup messages level=3 phase=strength-transpose sends=9493 bytes=17734100 collective_rank_calls=448
AMG setup messages level=3 phase=PMIS sends=192357 bytes=25439416 collective_rank_calls=4480
AMG setup messages level=3 phase=numbering sends=0 bytes=0 collective_rank_calls=448
AMG setup messages level=3 phase=interpolation sends=56055 bytes=20042952 collective_rank_calls=448
AMG setup messages level=3 phase=interpolation-transpose sends=7222 bytes=4290400 collective_rank_calls=448
AMG setup messages level=3 phase=A*P sends=33888 bytes=46867024 collective_rank_calls=448
AMG setup messages level=3 phase=R*(A*P) sends=21666 bytes=115414736 collective_rank_calls=448
AMG setup messages level=4 phase=strength sends=0 bytes=0 collective_rank_calls=448
AMG setup messages level=4 phase=strength-transpose sends=9225 bytes=3493108 collective_rank_calls=448
AMG setup messages level=4 phase=PMIS sends=155187 bytes=5545964 collective_rank_calls=3584
AMG setup messages level=4 phase=numbering sends=0 bytes=0 collective_rank_calls=448
AMG setup messages level=4 phase=interpolation sends=54054 bytes=4653176 collective_rank_calls=448
AMG setup messages level=4 phase=interpolation-transpose sends=5421 bytes=1104464 collective_rank_calls=448
AMG setup messages level=4 phase=A*P sends=55080 bytes=18313776 collective_rank_calls=448
AMG setup messages level=4 phase=R*(A*P) sends=16263 bytes=29564272 collective_rank_calls=448
AMG setup messages level=5 phase=strength sends=0 bytes=0 collective_rank_calls=448
AMG setup messages level=5 phase=strength-transpose sends=6524 bytes=636072 collective_rank_calls=448
AMG setup messages level=5 phase=PMIS sends=119540 bytes=1421512 collective_rank_calls=3584
AMG setup messages level=5 phase=numbering sends=0 bytes=0 collective_rank_calls=448
AMG setup messages level=5 phase=interpolation sends=35502 bytes=760968 collective_rank_calls=448
AMG setup messages level=5 phase=interpolation-transpose sends=2533 bytes=276160 collective_rank_calls=448
AMG setup messages level=5 phase=A*P sends=92838 bytes=7733296 collective_rank_calls=448
AMG setup messages level=5 phase=R*(A*P) sends=7599 bytes=6060512 collective_rank_calls=448
AMG setup messages level=6 phase=strength sends=0 bytes=0 collective_rank_calls=448
AMG setup messages level=6 phase=strength-transpose sends=1922 bytes=145464 collective_rank_calls=448
AMG setup messages level=6 phase=PMIS sends=26864 bytes=263216 collective_rank_calls=2240
AMG setup messages level=6 phase=numbering sends=0 bytes=0 collective_rank_calls=448
AMG setup messages level=6 phase=interpolation sends=9375 bytes=115612 collective_rank_calls=448
AMG setup messages level=6 phase=interpolation-transpose sends=938 bytes=95056 collective_rank_calls=448
AMG setup messages level=6 phase=A*P sends=46782 bytes=2259968 collective_rank_calls=448
AMG setup messages level=6 phase=R*(A*P) sends=2814 bytes=1060656 collective_rank_calls=448
AMG setup messages level=7 phase=strength sends=0 bytes=0 collective_rank_calls=448
AMG setup messages level=7 phase=strength-transpose sends=409 bytes=35024 collective_rank_calls=448
AMG setup messages level=7 phase=PMIS sends=2791 bytes=39736 collective_rank_calls=896
AMG setup messages level=7 phase=numbering sends=0 bytes=0 collective_rank_calls=448
AMG setup messages level=7 phase=interpolation sends=2196 bytes=20016 collective_rank_calls=448
AMG setup messages level=7 phase=interpolation-transpose sends=163 bytes=14592 collective_rank_calls=448
AMG setup messages level=7 phase=A*P sends=8484 bytes=230016 collective_rank_calls=448
AMG setup messages level=7 phase=R*(A*P) sends=489 bytes=27424 collective_rank_calls=448
GMRES: iter = 0, residual = 0.09013772165, 1 (rel.)
GMRES: iter = 1, residual = 0.04828566934, 0.535687706 (rel.)
GMRES: iter = 2, residual = 0.04565578018, 0.5065113623 (rel.)
GMRES: iter = 3, residual = 0.02752364873, 0.3053510587 (rel.)
GMRES: iter = 4, residual = 0.0208941905, 0.2318029579 (rel.)
GMRES: iter = 5, residual = 0.01734421675, 0.1924190719 (rel.)
GMRES: iter = 6, residual = 0.01287461627, 0.1428327235 (rel.)
GMRES: iter = 7, residual = 0.005099502231, 0.0565745632 (rel.)
GMRES: iter = 8, residual = 0.001552400437, 0.01722253912 (rel.)
GMRES: iter = 9, residual = 0.0008378519886, 0.009295242582 (rel.)
GMRES: iter = 10, residual = 0.0006257972964, 0.006942679323 (rel.)
GMRES: iter = 11, residual = 0.0005162702866, 0.005727571955 (rel.)
GMRES: iter = 12, residual = 0.0003930278913, 0.004360304255 (rel.)
GMRES: iter = 13, residual = 0.0002629169869, 0.002916836393 (rel.)
GMRES: iter = 14, residual = 0.0001897950836, 0.002105612169 (rel.)
GMRES: iter = 15, residual = 0.0001580614033, 0.001753554455 (rel.)
GMRES: iter = 16, residual = 0.0001413391542, 0.001568035575 (rel.)
GMRES: iter = 17, residual = 0.0001257210686, 0.001394766434 (rel.)
GMRES: iter = 18, residual = 0.0001045055491, 0.001159398609 (rel.)
GMRES: iter = 19, residual = 8.19453177e-05, 0.0009091123693 (rel.)
GMRES: iter = 20, residual = 6.596626254e-05, 0.0007318385836 (rel.)
GMRES: iter = 21, residual = 5.607613902e-05, 0.0006221162238 (rel.)
GMRES: iter = 22, residual = 4.796649414e-05, 0.0005321467335 (rel.)
GMRES: iter = 23, residual = 3.883469576e-05, 0.0004308373348 (rel.)
GMRES: iter = 24, residual = 2.865439772e-05, 0.00031789574 (rel.)
GMRES: iter = 25, residual = 1.938625144e-05, 0.0002150736793 (rel.)
GMRES: iter = 26, residual = 1.28953835e-05, 0.0001430631179 (rel.)
GMRES: iter = 27, residual = 9.173849591e-06, 0.0001017759205 (rel.)
GMRES: iter = 28, residual = 7.030125431e-06, 7.799315649e-05 (rel.)
GMRES: Solve Time = 11.07628723
AMG setup messages level=0 phase=strength sends=0 bytes=0 collective_rank_calls=448
AMG setup messages level=0 phase=strength-transpose sends=3519 bytes=143911428 collective_rank_calls=448
AMG setup messages level=0 phase=PMIS sends=66692 bytes=420477792 collective_rank_calls=4032
AMG setup messages level=0 phase=numbering sends=0 bytes=0 collective_rank_calls=448
AMG setup messages level=0 phase=interpolation sends=21114 bytes=192183484 collective_rank_calls=448
AMG setup messages level=0 phase=interpolation-transpose sends=7610 bytes=73947136 collective_rank_calls=448
AMG setup messages level=0 phase=A*P sends=11562 bytes=357826064 collective_rank_calls=448
AMG setup messages level=0 phase=R*(A*P) sends=22830 bytes=525953536 collective_rank_calls=448
AMG setup messages level=1 phase=strength sends=0 bytes=0 collective_rank_calls=448
AMG setup messages level=1 phase=strength-transpose sends=8653 bytes=167345748 collective_rank_calls=448
AMG setup messages level=1 phase=PMIS sends=208439 bytes=345796096 collective_rank_calls=5376
AMG setup messages level=1 phase=numbering sends=0 bytes=0 collective_rank_calls=448
AMG setup messages level=1 phase=interpolation sends=51405 bytes=198917660 collective_rank_calls=448
AMG setup messages level=1 phase=interpolation-transpose sends=8334 bytes=59194128 collective_rank_calls=448
AMG setup messages level=1 phase=A*P sends=28920 bytes=349368160 collective_rank_calls=448
AMG setup messages level=1 phase=R*(A*P) sends=25002 bytes=883201648 collective_rank_calls=448
AMG setup messages level=2 phase=strength sends=0 bytes=0 collective_rank_calls=448
AMG setup messages level=2 phase=strength-transpose sends=9534 bytes=72805116 collective_rank_calls=448
AMG setup messages level=2 phase=PMIS sends=230766 bytes=115609464 collective_rank_calls=5376
AMG setup messages level=2 phase=numbering sends=0 bytes=0 collective_rank_calls=448
AMG setup messages level=2 phase=interpolation sends=56436 bytes=77004632 collective_rank_calls=448
AMG setup messages level=2 phase=interpolation-transpose sends=8260 bytes=17496256 collective_rank_calls=448
AMG setup messages level=2 phase=A*P sends=32808 bytes=141685232 collective_rank_calls=448
AMG setup messages level=2 phase=R*(A*P) sends=24780 bytes=397695968 collective_rank_calls=448
AMG setup messages level=3 phase=strength sends=0 bytes=0 collective_rank_calls=448
AMG setup messages level=3 phase=strength-transpose sends=9520 bytes=17757280 collective_rank_calls=448
AMG setup messages level=3 phase=PMIS sends=231314 bytes=30056472 collective_rank_calls=5376
AMG setup messages level=3 phase=numbering sends=0 bytes=0 collective_rank_calls=448
AMG setup messages level=3 phase=interpolation sends=56361 bytes=20098776 collective_rank_calls=448
AMG setup messages level=3 phase=interpolation-transpose sends=7182 bytes=4286768 collective_rank_calls=448
AMG setup messages level=3 phase=A*P sends=33948 bytes=46971184 collective_rank_calls=448
AMG setup messages level=3 phase=R*(A*P) sends=21546 bytes=115037200 collective_rank_calls=448
AMG setup messages level=4 phase=strength sends=0 bytes=0 collective_rank_calls=448
AMG setup messages level=4 phase=strength-transpose sends=9092 bytes=3480392 collective_rank_calls=448
AMG setup messages level=4 phase=PMIS sends=172356 bytes=6095712 collective_rank_calls=4032
AMG setup messages level=4 phase=numbering sends=0 bytes=0 collective_rank_calls=448
AMG setup messages level=4 phase=interpolation sends=52989 bytes=4691396 collective_rank_calls=448
AMG setup messages level=4 phase=interpolation-transpose sends=5420 bytes=1094304 collective_rank_calls=448
AMG setup messages level=4 phase=A*P sends=54978 bytes=18118160 collective_rank_calls=448
AMG setup messages level=4 phase=R*(A*P) sends=16260 bytes=29444384 collective_rank_calls=448
AMG setup messages level=5 phase=strength sends=0 bytes=0 collective_rank_calls=448
AMG setup messages level=5 phase=strength-transpose sends=6730 bytes=658776 collective_rank_calls=448
AMG setup messages level=5 phase=PMIS sends=91806 bytes=1148776 collective_rank_calls=2688
AMG setup messages level=5 phase=numbering sends=0 bytes=0 collective_rank_calls=448
AMG setup messages level=5 phase=interpolation sends=36108 bytes=800576 collective_rank_calls=448
AMG setup messages level=5 phase=interpolation-transpose sends=2761 bytes=293232 collective_rank_calls=448
AMG setup messages level=5 phase=A*P sends=94302 bytes=7993616 collective_rank_calls=448
AMG setup messages level=5 phase=R*(A*P) sends=8283 bytes=6601936 collective_rank_calls=448
AMG setup messages level=6 phase=strength sends=0 bytes=0 collective_rank_calls=448
AMG setup messages level=6 phase=strength-transpose sends=1893 bytes=133056 collective_rank_calls=448
AMG setup messages level=6 phase=PMIS sends=21469 bytes=209888 collective_rank_calls=1792
AMG setup messages level=6 phase=numbering sends=0 bytes=0 collective_rank_calls=448
AMG setup messages level=6 phase=interpolation sends=9066 bytes=109896 collective_rank_calls=448
AMG setup messages level=6 phase=interpolation-transpose sends=796 bytes=71152 collective_rank_calls=448
AMG setup messages level=6 phase=A*P sends=51714 bytes=2086848 collective_rank_calls=448
AMG setup messages level=6 phase=R*(A*P) sends=2388 bytes=992656 collective_rank_calls=448
AMG setup messages level=7 phase=strength sends=0 bytes=0 collective_rank_calls=448
AMG setup messages level=7 phase=strength-transpose sends=312 bytes=33588 collective_rank_calls=448
AMG setup messages level=7 phase=PMIS sends=2148 bytes=37188 collective_rank_calls=896
AMG setup messages level=7 phase=numbering sends=0 bytes=0 collective_rank_calls=448
AMG setup messages level=7 phase=interpolation sends=1632 bytes=15828 collective_rank_calls=448
AMG setup messages level=7 phase=interpolation-transpose sends=183 bytes=18480 collective_rank_calls=448
AMG setup messages level=7 phase=A*P sends=10830 bytes=338240 collective_rank_calls=448
AMG setup messages level=7 phase=R*(A*P) sends=549 bytes=37184 collective_rank_calls=448
GMRES: iter = 0, residual = 0.07856694147, 1 (rel.)
GMRES: iter = 1, residual = 0.02552063829, 0.3248266741 (rel.)
GMRES: iter = 2, residual = 0.01642986212, 0.2091192786 (rel.)
GMRES: iter = 3, residual = 0.009372752449, 0.1192963895 (rel.)
GMRES: iter = 4, residual = 0.005288801926, 0.06731586882 (rel.)
GMRES: iter = 5, residual = 0.002583220223, 0.03287922598 (rel.)
GMRES: iter = 6, residual = 0.001920931742, 0.02444961845 (rel.)
GMRES: iter = 7, residual = 0.00111822386, 0.01423275285 (rel.)
GMRES: iter = 8, residual = 0.0004127043869, 0.005252901273 (rel.)
GMRES: iter = 9, residual = 0.0002138248134, 0.00272156214 (rel.)
GMRES: iter = 10, residual = 0.0001526734381, 0.00194322746 (rel.)
GMRES: iter = 11, residual = 0.0001241675271, 0.001580404235 (rel.)
GMRES: iter = 12, residual = 0.0001050136044, 0.001336613116 (rel.)
GMRES: iter = 13, residual = 8.462081887e-05, 0.001077053749 (rel.)
GMRES: iter = 14, residual = 6.771970703e-05, 0.0008619364043 (rel.)
GMRES: iter = 15, residual = 5.360297281e-05, 0.0006822586167 (rel.)
GMRES: iter = 16, residual = 4.198910362e-05, 0.0005344372943 (rel.)
GMRES: iter = 17, residual = 3.368264328e-05, 0.0004287126704 (rel.)
GMRES: iter = 18, residual = 2.735919433e-05, 0.0003482278147 (rel.)
GMRES: iter = 19, residual = 2.161637498e-05, 0.0002751332122 (rel.)
GMRES: iter = 20, residual = 1.629015386e-05, 0.0002073410719 (rel.)
GMRES: iter = 21, residual = 1.199595862e-05, 0.0001526845565 (rel.)
GMRES: iter = 22, residual = 9.032336394e-06, 0.0001149635741 (rel.)
GMRES: iter = 23, residual = 7.231822882e-06, 9.204663878e-05 (rel.)
GMRES: Solve Time = 9.036349285
AMG setup messages level=0 phase=strength sends=0 bytes=0 collective_rank_calls=448
AMG setup messages level=0 phase=strength-transpose sends=3519 bytes=143911428 collective_rank_calls=448
AMG setup messages level=0 phase=PMIS sends=66692 bytes=420477792 collective_rank_calls=4032
AMG setup messages level=0 phase=numbering sends=0 bytes=0 collective_rank_calls=448
AMG setup messages level=0 phase=interpolation sends=21114 bytes=192175564 collective_rank_calls=448
AMG setup messages level=0 phase=interpolation-transpose sends=7594 bytes=73876160 collective_rank_calls=448
AMG setup messages level=0 phase=A*P sends=11562 bytes=357781200 collective_rank_calls=448
AMG setup messages level=0 phase=R*(A*P) sends=22782 bytes=525374160 collective_rank_calls=448
AMG setup messages level=1 phase=strength sends=0 bytes=0 collective_rank_calls=448
AMG setup messages level=1 phase=strength-transpose sends=8619 bytes=167528092 collective_rank_calls=448
AMG setup messages level=1 phase=PMIS sends=190374 bytes=319656896 collective_rank_calls=4928
AMG setup messages level=1 phase=numbering sends=0 bytes=0 collective_rank_calls=448
AMG setup messages level=1 phase=interpolation sends=51291 bytes=199188540 collective_rank_calls=448
AMG setup messages level=1 phase=interpolation-transpose sends=8348 bytes=59302080 collective_rank_calls=448
AMG setup messages level=1 phase=A*P sends=28830 bytes=349287424 collective_rank_calls=448
AMG setup messages level=1 phase=R*(A*P) sends=25044 bytes=884200800 collective_rank_calls=448
AMG setup messages level=2 phase=strength sends=0 bytes=0 collective_rank_calls=448
AMG setup messages level=2 phase=strength-transpose sends=9499 bytes=72835628 collective_rank_calls=448
AMG setup messages level=2 phase=PMIS sends=229757 bytes=115662944 collective_rank_calls=5376
AMG setup messages level=2 phase=numbering sends=0 bytes=0 collective_rank_calls=448
AMG setup messages level=2 phase=interpolation sends=56340 bytes=77047356 collective_rank_calls=448
AMG setup messages level=2 phase=interpolation-transpose sends=8160 bytes=17465424 collective_rank_calls=448
AMG setup messages level=2 phase=A*P sends=32790 bytes=141684448 collective_rank_calls=448
AMG setup messages level=2 phase=R*(A*P) sends=24480 bytes=397668224 collective_rank_calls=448
AMG setup messages level=3 phase=strength sends=0 bytes=0 collective_rank_calls=448
AMG setup messages level=3 phase=strength-transpose sends=9514 bytes=17725256 collective_rank_calls=448
AMG setup messages level=3 phase=PMIS sends=212044 bytes=27755864 collective_rank_calls=4928
AMG setup messages level=3 phase=numbering sends=0 bytes=0 collective_rank_calls=448
AMG setup messages level=3 phase=interpolation sends=56205 bytes=20060896 collective_rank_calls=448
AMG setup messages level=3 phase=interpolation-transpose sends=7254 bytes=4301968 collective_rank_calls=448
AMG setup messages level=3 phase=A*P sends=33936 bytes=47019168 collective_rank_calls=448
AMG setup messages level=3 phase=R*(A*P) sends=21762 bytes=115770608 collective_rank_calls=448
AMG setup messages level=4 phase=strength sends=0 bytes=0 collective_rank_calls=448
AMG setup messages level=4 phase=strength-transpose sends=9190 bytes=3494496 collective_rank_calls=448
AMG setup messages level=4 phase=PMIS sends=193172 bytes=6718872 collective_rank_calls=4480
AMG setup messages level=4 phase=numbering sends=0 bytes=0 collective_rank_calls=448
AMG setup messages level=4 phase=interpolation sends=53634 bytes=4715220 collective_rank_calls=448
AMG setup messages level=4 phase=interpolation-transpose sends=5425 bytes=1096304 collective_rank_calls=448
AMG setup messages level=4 phase=A*P sends=55080 bytes=18258176 collective_rank_calls=448
AMG setup messages level=4 phase=R*(A*P) sends=16275 bytes=29577648 collective_rank_calls=448
AMG setup messages level=5 phase=strength sends=0 bytes=0 collective_rank_calls=448
AMG setup messages level=5 phase=strength-transpose sends=6758 bytes=667816 collective_rank_calls=448
AMG setup messages level=5 phase=PMIS sends=108004 bytes=1314840 collective_rank_calls=3136
AMG setup messages level=5 phase=numbering sends=0 bytes=0 collective_rank_calls=448
AMG setup messages level=5 phase=interpolation sends=36801 bytes=842580 collective_rank_calls=448
AMG setup messages level=5 phase=interpolation-transpose sends=2649 bytes=284960 collective_rank_calls=448
AMG setup messages level=5 phase=A*P sends=94218 bytes=7899712 collective_rank_calls=448
AMG setup messages level=5 phase=R*(A*P) sends=7947 bytes=6222336 collective_rank_calls=448
AMG setup messages level=6 phase=strength sends=0 bytes=0 collective_rank_calls=448
AMG setup messages level=6 phase=strength-transpose sends=1707 bytes=128808 collective_rank_calls=448
AMG setup messages level=6 phase=PMIS sends=19851 bytes=201696 collective_rank_calls=1792
AMG setup messages level=6 phase=numbering sends=0 bytes=0 collective_rank_calls=448
AMG setup messages level=6 phase=interpolation sends=8247 bytes=106976 collective_rank_calls=448
AMG setup messages level=6 phase=interpolation-transpose sends=891 bytes=79200 collective_rank_calls=448
AMG setup messages level=6 phase=A*P sends=48288 bytes=2082528 collective_rank_calls=448
AMG setup messages level=6 phase=R*(A*P) sends=2673 bytes=900928 collective_rank_calls=448
AMG setup messages level=7 phase=strength sends=0 bytes=0 collective_rank_calls=448
AMG setup messages level=7 phase=strength-transpose sends=380 bytes=30128 collective_rank_calls=448
AMG setup messages level=7 phase=PMIS sends=2594 bytes=37808 collective_rank_calls=896
AMG setup messages level=7 phase=numbering sends=0 bytes=0 collective_rank_calls=448
AMG setup messages level=7 phase=interpolation sends=1815 bytes=15912 collective_rank_calls=448
AMG setup messages level=7 phase=interpolation-transpose sends=154 bytes=13904 collective_rank_calls=448
AMG setup messages level=7 phase=A*P sends=7218 bytes=201776 collective_rank_calls=448
AMG setup messages level=7 phase=R*(A*P) sends=462 bytes=26352 collective_rank_calls=448
GMRES: iter = 0, residual = 0.02154935807, 1 (rel.)
GMRES: iter = 1, residual = 0.01317324158, 0.6113055218 (rel.)
GMRES: iter = 2, residual = 0.007321153574, 0.3397388242 (rel.)
GMRES: iter = 3, residual = 0.005226549163, 0.2425385084 (rel.)
GMRES: iter = 4, residual = 0.003211668999, 0.1490378037 (rel.)
GMRES: iter = 5, residual = 0.001152646566, 0.05348867294 (rel.)
GMRES: iter = 6, residual = 0.0004096642874, 0.01901051001 (rel.)
GMRES: iter = 7, residual = 0.0002645988532, 0.01227873481 (rel.)
GMRES: iter = 8, residual = 0.0002054883753, 0.009535707496 (rel.)
GMRES: iter = 9, residual = 0.0001606391645, 0.007454475625 (rel.)
GMRES: iter = 10, residual = 0.0001228432626, 0.00570055322 (rel.)
GMRES: iter = 11, residual = 9.717233076e-05, 0.004509291201 (rel.)
GMRES: iter = 12, residual = 8.279503017e-05, 0.003842111207 (rel.)
GMRES: iter = 13, residual = 7.146127509e-05, 0.003316167231 (rel.)
GMRES: iter = 14, residual = 6.012293049e-05, 0.002790010277 (rel.)
GMRES: iter = 15, residual = 4.840577683e-05, 0.002246274653 (rel.)
GMRES: iter = 16, residual = 3.807223407e-05, 0.001766745624 (rel.)
GMRES: iter = 17, residual = 3.048629343e-05, 0.00141471933 (rel.)
GMRES: iter = 18, residual = 2.477458888e-05, 0.00114966714 (rel.)
GMRES: iter = 19, residual = 1.956332259e-05, 0.0009078378353 (rel.)
GMRES: iter = 20, residual = 1.465460614e-05, 0.0006800483844 (rel.)
GMRES: iter = 21, residual = 1.071353813e-05, 0.0004971627506 (rel.)
GMRES: iter = 22, residual = 7.993914585e-06, 0.0003709583625 (rel.)
GMRES: iter = 23, residual = 6.322398815e-06, 0.0002933915151 (rel.)
GMRES: iter = 24, residual = 5.356029707e-06, 0.0002485470652 (rel.)
GMRES: iter = 25, residual = 4.700991311e-06, 0.0002181499465 (rel.)
GMRES: iter = 26, residual = 4.114674878e-06, 0.000190941877 (rel.)
GMRES: iter = 27, residual = 3.553889289e-06, 0.0001649185686 (rel.)
GMRES: iter = 28, residual = 3.057108237e-06, 0.0001418653969 (rel.)
GMRES: iter = 29, residual = 2.635996873e-06, 0.0001223236843 (rel.)
GMRES: iter = 30, residual = 2.307869016e-06, 0.00010709688 (rel.)
GMRES: iter = 31, residual = 2.043653526e-06, 9.483593522e-05 (rel.)
GMRES: Solve Time = 12.28984957
AMG setup messages level=0 phase=strength sends=0 bytes=0 collective_rank_calls=448
AMG setup messages level=0 phase=strength-transpose sends=3519 bytes=143911428 collective_rank_calls=448
AMG setup messages level=0 phase=PMIS sends=74065 bytes=462084012 collective_rank_calls=4480
AMG setup messages level=0 phase=numbering sends=0 bytes=0 collective_rank_calls=448
AMG setup messages level=0 phase=interpolation sends=21114 bytes=192158444 collective_rank_calls=448
AMG setup messages level=0 phase=interpolation-transpose sends=7612 bytes=73866896 collective_rank_calls=448
AMG setup messages level=0 phase=A*P sends=11562 bytes=357781584 collective_rank_calls=448
AMG setup messages level=0 phase=R*(A*P) sends=22836 bytes=525455456 collective_rank_calls=448
AMG setup messages level=1 phase=strength sends=0 bytes=0 collective_rank_calls=448
AMG setup messages level=1 phase=strength-transpose sends=8640 bytes=167427984 collective_rank_calls=448
AMG setup messages level=1 phase=PMIS sends=191016 bytes=319610056 collective_rank_calls=4928
AMG setup messages level=1 phase=numbering sends=0 bytes=0 collective_rank_calls=448
AMG setup messages level=1 phase=interpolation sends=51468 bytes=199055132 collective_rank_calls=448
AMG setup messages level=1 phase=interpolation-transpose sends=8336 bytes=59259952 collective_rank_calls=448
AMG setup messages level=1 phase=A*P sends=28680 bytes=349361408 collective_rank_calls=448
AMG setup messages level=1 phase=R*(A*P) sends=25008 bytes=883681344 collective_rank_calls=448
AMG setup messages level=2 phase=strength sends=0 bytes=0 collective_rank_calls=448
AMG setup messages level=2 phase=strength-transpose sends=9550 bytes=72794728 collective_rank_calls=448
AMG setup messages level=2 phase=PMIS sends=211516 bytes=106751480 collective_rank_calls=4928
AMG setup messages level=2 phase=numbering sends=0 bytes=0 collective_rank_calls=448
AMG setup messages level=2 phase=interpolation sends=56550 bytes=76962624 collective_rank_calls=448
AMG setup messages level=2 phase=interpolation-transpose sends=8199 bytes=17553424 collective_rank_calls=448
AMG setup messages level=2 phase=A*P sends=32730 bytes=141696752 collective_rank_calls=448
AMG setup messages level=2 phase=R*(A*P) sends=24597 bytes=398675200 collective_rank_calls=448
AMG setup messages level=3 phase=strength sends=0 bytes=0 collective_rank_calls=448
AMG setup messages level=3 phase=strength-transpose sends=9525 bytes=17734436 collective_rank_calls=448
AMG setup messages level=3 phase=PMIS sends=231681 bytes=30036988 collective_rank_calls=5376
AMG setup messages level=3 phase=numbering sends=0 bytes=0 collective_rank_calls=448
AMG setup messages level=3 phase=interpolation sends=56289 bytes=20029336 collective_rank_calls=448
AMG setup messages level=3 phase=interpolation-transpose sends=7275 bytes=4298672 collective_rank_calls=448
AMG setup messages level=3 phase=A*P sends=33912 bytes=46955232 collective_rank_calls=448
AMG setup messages level=3 phase=R*(A*P) sends=21825 bytes=115585072 collective_rank_calls=448
AMG setup messages level=4 phase=strength sends=0 bytes=0 collective_rank_calls=448
AMG setup messages level=4 phase=strength-transpose sends=9261 bytes=3477648 collective_rank_calls=448
AMG setup messages level=4 phase=PMIS sends=175368 bytes=6121824 collective_rank_calls=4032
AMG setup messages level=4 phase=numbering sends=0 bytes=0 collective_rank_calls=448
AMG setup messages level=4 phase=interpolation sends=54012 bytes=4708184 collective_rank_calls=448
AMG setup messages level=4 phase=interpolation-transpose sends=5500 bytes=1120864 collective_rank_calls=448
AMG setup messages level=4 phase=A*P sends=55212 bytes=18305776 collective_rank_calls=448
AMG setup messages level=4 phase=R*(A*P) sends=16500 bytes=29510768 collective_rank_calls=448
AMG setup messages level=5 phase=strength sends=0 bytes=0 collective_rank_calls=448
AMG setup messages level=5 phase=strength-transpose sends=6558 bytes=634524 collective_rank_calls=448
AMG setup messages level=5 phase=PMIS sends=103444 bytes=1246424 collective_rank_calls=3136
AMG setup messages level=5 phase=numbering sends=0 bytes=0 collective_rank_calls=448
AMG setup messages level=5 phase=interpolation sends=35535 bytes=783196 collective_rank_calls=448
AMG setup messages level=5 phase=interpolation-transpose sends=2399 bytes=256704 collective_rank_calls=448
AMG setup messages level=5 phase=A*P sends=92388 bytes=7454976 collective_rank_calls=448
AMG setup messages level=5 phase=R*(A*P) sends=7197 bytes=5562800 collective_rank_calls=448
AMG setup messages level=6 phase=strength sends=0 bytes=0 collective_rank_calls=448
AMG setup messages level=6 phase=strength-transpose sends=1819 bytes=142160 collective_rank_calls=448
AMG setup messages level=6 phase=PMIS sends=20797 bytes=212792 collective_rank_calls=1792
AMG setup messages level=6 phase=numbering sends=0 bytes=0 collective_rank_calls=448
AMG setup messages level=6 phase=interpolation sends=8730 bytes=125352 collective_rank_calls=448
AMG setup messages level=6 phase=interpolation-transpose sends=975 bytes=88000 collective_rank_calls=448
AMG setup messages level=6 phase=A*P sends=46608 bytes=2091632 collective_rank_calls=448
AMG setup messages level=6 phase=R*(A*P) sends=2925 bytes=1097424 collective_rank_calls=448
AMG setup messages level=7 phase=strength sends=0 bytes=0 collective_rank_calls=448
AMG setup messages level=7 phase=strength-transpose sends=551 bytes=47312 collective_rank_calls=448
AMG setup messages level=7 phase=PMIS sends=3719 bytes=57204 collective_rank_calls=896
AMG setup messages level=7 phase=numbering sends=0 bytes=0 collective_rank_calls=448
AMG setup messages level=7 phase=interpolation sends=2781 bytes=25912 collective_rank_calls=448
AMG setup messages level=7 phase=interpolation-transpose sends=179 bytes=16816 collective_rank_calls=448
AMG setup messages level=7 phase=A*P sends=9762 bytes=265360 collective_rank_calls=448
AMG setup messages level=7 phase=R*(A*P) sends=537 bytes=32032 collective_rank_calls=448
GMRES: iter = 0, residual = 0.007497522434, 1 (rel.)
GMRES: iter = 1, residual = 0.004004632411, 0.5341274329 (rel.)
GMRES: iter = 2, residual = 0.001408060519, 0.1878034419 (rel.)
GMRES: iter = 3, residual = 0.0008694822926, 0.1159692819 (rel.)
GMRES: iter = 4, residual = 0.0004614489585, 0.06154685932 (rel.)
GMRES: iter = 5, residual = 0.0001849746379, 0.02467143507 (rel.)
GMRES: iter = 6, residual = 9.784305422e-05, 0.01305005154 (rel.)
GMRES: iter = 7, residual = 6.947994545e-05, 0.009267054025 (rel.)
GMRES: iter = 8, residual = 4.632523303e-05, 0.006178738835 (rel.)
GMRES: iter = 9, residual = 3.136118303e-05, 0.00418287285 (rel.)
GMRES: iter = 10, residual = 2.276273897e-05, 0.003036034792 (rel.)
GMRES: iter = 11, residual = 1.729353094e-05, 0.002306566082 (rel.)
GMRES: iter = 12, residual = 1.426264149e-05, 0.001902313947 (rel.)
GMRES: iter = 13, residual = 1.205265875e-05, 0.001607552208 (rel.)
GMRES: iter = 14, residual = 9.986431291e-06, 0.001331964176 (rel.)
GMRES: iter = 15, residual = 7.83370879e-06, 0.00104483966 (rel.)
GMRES: iter = 16, residual = 5.874847333e-06, 0.0007835718244 (rel.)
GMRES: iter = 17, residual = 4.472823282e-06, 0.000596573511 (rel.)
GMRES: iter = 18, residual = 3.536427743e-06, 0.0004716795146 (rel.)
GMRES: iter = 19, residual = 2.839018458e-06, 0.000378660882 (rel.)
GMRES: iter = 20, residual = 2.215075594e-06, 0.0002954410091 (rel.)
GMRES: iter = 21, residual = 1.639318814e-06, 0.0002186480705 (rel.)
GMRES: iter = 22, residual = 1.172722286e-06, 0.0001564146418 (rel.)
GMRES: iter = 23, residual = 8.488443977e-07, 0.0001132166533 (rel.)
GMRES: iter = 24, residual = 6.554778753e-07, 8.74259305e-05 (rel.)
GMRES: Solve Time = 9.441960255
AMG setup messages level=0 phase=strength sends=0 bytes=0 collective_rank_calls=448
AMG setup messages level=0 phase=strength-transpose sends=3519 bytes=143911428 collective_rank_calls=448
AMG setup messages level=0 phase=PMIS sends=66692 bytes=420477792 collective_rank_calls=4032
AMG setup messages level=0 phase=numbering sends=0 bytes=0 collective_rank_calls=448
AMG setup messages level=0 phase=interpolation sends=21114 bytes=192147772 collective_rank_calls=448
AMG setup messages level=0 phase=interpolation-transpose sends=7595 bytes=73859584 collective_rank_calls=448
AMG setup messages level=0 phase=A*P sends=11562 bytes=357812384 collective_rank_calls=448
AMG setup messages level=0 phase=R*(A*P) sends=22785 bytes=525427616 collective_rank_calls=448
AMG setup messages level=1 phase=strength sends=0 bytes=0 collective_rank_calls=448
AMG setup messages level=1 phase=strength-transpose sends=8659 bytes=167401140 collective_rank_calls=448
AMG setup messages level=1 phase=PMIS sends=208791 bytes=345956968 collective_rank_calls=5376
AMG setup messages level=1 phase=numbering sends=0 bytes=0 collective_rank_calls=448
AMG setup messages level=1 phase=interpolation sends=51459 bytes=199045932 collective_rank_calls=448
AMG setup messages level=1 phase=interpolation-transpose sends=8353 bytes=59274416 collective_rank_calls=448
AMG setup messages level=1 phase=A*P sends=29028 bytes=349270064 collective_rank_calls=448
AMG setup messages level=1 phase=R*(A*P) sends=25059 bytes=883852640 collective_rank_calls=448
AMG setup messages level=2 phase=strength sends=0 bytes=0 collective_rank_calls=448
AMG setup messages level=2 phase=strength-transpose sends=9553 bytes=72834824 collective_rank_calls=448
AMG setup messages level=2 phase=PMIS sends=230897 bytes=115691804 collective_rank_calls=5376
AMG setup messages level=2 phase=numbering sends=0 bytes=0 collective_rank_calls=448
AMG setup messages level=2 phase=interpolation sends=56580 bytes=76991620 collective_rank_calls=448
AMG setup messages level=2 phase=interpolation-transpose sends=8183 bytes=17509824 collective_rank_calls=448
AMG setup messages level=2 phase=A*P sends=32706 bytes=141708560 collective_rank_calls=448
AMG setup messages level=2 phase=R*(A*P) sends=24549 bytes=397627600 collective_rank_calls=448
AMG setup messages level=3 phase=strength sends=0 bytes=0 collective_rank_calls=448
AMG setup messages level=3 phase=strength-transpose sends=9499 bytes=17694616 collective_rank_calls=448
AMG setup messages level=3 phase=PMIS sends=192565 bytes=25399676 collective_rank_calls=4480
AMG setup messages level=3 phase=numbering sends=0 bytes=0 collective_rank_calls=448
AMG setup messages level=3 phase=interpolation sends=56142 bytes=20003432 collective_rank_calls=448
AMG setup messages level=3 phase=interpolation-transpose sends=7199 bytes=4285344 collective_rank_calls=448
AMG setup messages level=3 phase=A*P sends=33930 bytes=46815632 collective_rank_calls=448
AMG setup messages level=3 phase=R*(A*P) sends=21597 bytes=115357536 collective_rank_calls=448
AMG setup messages level=4 phase=strength sends=0 bytes=0 collective_rank_calls=448
AMG setup messages level=4 phase=strength-transpose sends=9213 bytes=3477272 collective_rank_calls=448
AMG setup messages level=4 phase=PMIS sends=174704 bytes=6108928 collective_rank_calls=4032
AMG setup messages level=4 phase=numbering sends=0 bytes=0 collective_rank_calls=448
AMG setup messages level=4 phase=interpolation sends=53751 bytes=4670336 collective_rank_calls=448
AMG setup messages level=4 phase=interpolation-transpose sends=5452 bytes=1086896 collective_rank_calls=448
AMG setup messages level=4 phase=A*P sends=55206 bytes=18178288 collective_rank_calls=448
AMG setup messages level=4 phase=R*(A*P) sends=16356 bytes=29070304 collective_rank_calls=448
AMG setup messages level=5 phase=strength sends=0 bytes=0 collective_rank_calls=448
AMG setup messages level=5 phase=strength-transpose sends=6636 bytes=647268 collective_rank_calls=448
AMG setup messages level=5 phase=PMIS sends=105464 bytes=1283280 collective_rank_calls=3136
AMG setup messages level=5 phase=numbering sends=0 bytes=0 collective_rank_calls=448
AMG setup messages level=5 phase=interpolation sends=35865 bytes=785576 collective_rank_calls=448
AMG setup messages level=5 phase=interpolation-transpose sends=2723 bytes=278720 collective_rank_calls=448
AMG setup messages level=5 phase=A*P sends=92700 bytes=7711120 collective_rank_calls=448
AMG setup messages level=5 phase=R*(A*P) sends=8169 bytes=6548560 collective_rank_calls=448
AMG setup messages level=6 phase=strength sends=0 bytes=0 collective_rank_calls=448
AMG setup messages level=6 phase=strength-transpose sends=1852 bytes=136860 collective_rank_calls=448
AMG setup messages level=6 phase=PMIS sends=21676 bytes=229440 collective_rank_calls=1792
AMG setup messages level=6 phase=numbering sends=0 bytes=0 collective_rank_calls=448
AMG setup messages level=6 phase=interpolation sends=8931 bytes=99936 collective_rank_calls=448
AMG setup messages level=6 phase=interpolation-transpose sends=965 bytes=84416 collective_rank_calls=448
AMG setup messages level=6 phase=A*P sends=48756 bytes=2259296 collective_rank_calls=448
AMG setup messages level=6 phase=R*(A*P) sends=2895 bytes=1231632 collective_rank_calls=448
AMG setup messages level=7 phase=strength sends=0 bytes=0 collective_rank_calls=448
AMG setup messages level=7 phase=strength-transpose sends=416 bytes=34612 collective_rank_calls=448
AMG setup messages level=7 phase=PMIS sends=2870 bytes=45204 collective_rank_calls=896
AMG setup messages level=7 phase=numbering sends=0 bytes=0 collective_rank_calls=448
AMG setup messages level=7 phase=interpolation sends=1956 bytes=15872 collective_rank_calls=448
AMG setup messages level=7 phase=interpolation-transpose sends=184 bytes=18240 collective_rank_calls=448
AMG setup messages level=7 phase=A*P sends=11808 bytes=350464 collective_rank_calls=448
AMG setup messages level=7 phase=R*(A*P) sends=552 bytes=36272 collective_rank_calls=448
GMRES: iter = 0, residual = 0.0009378916859, 1 (rel.)
GMRES: iter = 1, residual = 0.000317754327, 0.3387964002 (rel.)
GMRES: iter = 2, residual = 7.923825127e-05, 0.08448550346 (rel.)
GMRES: iter = 3, residual = 4.386815563e-05, 0.0467731576 (rel.)
GMRES: iter = 4, residual = 2.637517342e-05, 0.02812176909 (rel.)
GMRES: iter = 5, residual = 1.365648783e-05, 0.01456083686 (rel.)
GMRES: iter = 6, residual = 7.674691706e-06, 0.00818291901 (rel.)
GMRES: iter = 7, residual = 5.028518546e-06, 0.005361513085 (rel.)
GMRES: iter = 8, residual = 2.73988026e-06, 0.002921318422 (rel.)
GMRES: iter = 9, residual = 1.773323581e-06, 0.001890755199 (rel.)
GMRES: iter = 10, residual = 1.447597705e-06, 0.001543459364 (rel.)
GMRES: iter = 11, residual = 1.230542559e-06, 0.001312030565 (rel.)
GMRES: iter = 12, residual = 1.056496407e-06, 0.001126458869 (rel.)
GMRES: iter = 13, residual = 8.930009933e-07, 0.0009521365919 (rel.)
GMRES: iter = 14, residual = 7.305298154e-07, 0.0007789063774 (rel.)
GMRES: iter = 15, residual = 5.591044066e-07, 0.0005961289721 (rel.)
GMRES: iter = 16, residual = 3.999455203e-07, 0.0004264303931 (rel.)
GMRES: iter = 17, residual = 2.842535243e-07, 0.0003030771342 (rel.)
GMRES: iter = 18, residual = 2.127839642e-07, 0.0002268747739 (rel.)
GMRES: iter = 19, residual = 1.686493459e-07, 0.0001798175082 (rel.)
GMRES: iter = 20, residual = 1.37743074e-07, 0.0001468645858 (rel.)
GMRES: iter = 21, residual = 1.130372931e-07, 0.0001205227584 (rel.)
GMRES: iter = 22, residual = 9.278337273e-08, 9.892759913e-05 (rel.)
GMRES: Solve Time = 8.650258854
AMG setup messages level=0 phase=strength sends=0 bytes=0 collective_rank_calls=448
AMG setup messages level=0 phase=strength-transpose sends=3519 bytes=143911428 collective_rank_calls=448
AMG setup messages level=0 phase=PMIS sends=66692 bytes=420477792 collective_rank_calls=4032
AMG setup messages level=0 phase=numbering sends=0 bytes=0 collective_rank_calls=448
AMG setup messages level=0 phase=interpolation sends=21114 bytes=192144060 collective_rank_calls=448
AMG setup messages level=0 phase=interpolation-transpose sends=7584 bytes=73899216 collective_rank_calls=448
AMG setup messages level=0 phase=A*P sends=11562 bytes=357780976 collective_rank_calls=448
AMG setup messages level=0 phase=R*(A*P) sends=22752 bytes=525643168 collective_rank_calls=448
AMG setup messages level=1 phase=strength sends=0 bytes=0 collective_rank_calls=448
AMG setup messages level=1 phase=strength-transpose sends=8652 bytes=167433980 collective_rank_calls=448
AMG setup messages level=1 phase=PMIS sends=208506 bytes=345970300 collective_rank_calls=5376
AMG setup messages level=1 phase=numbering sends=0 bytes=0 collective_rank_calls=448
AMG setup messages level=1 phase=interpolation sends=51393 bytes=199076888 collective_rank_calls=448
AMG setup messages level=1 phase=interpolation-transpose sends=8342 bytes=59237008 collective_rank_calls=448
AMG setup messages level=1 phase=A*P sends=28932 bytes=349312960 collective_rank_calls=448
AMG setup messages level=1 phase=R*(A*P) sends=25026 bytes=883578976 collective_rank_calls=448
AMG setup messages level=2 phase=strength sends=0 bytes=0 collective_rank_calls=448
AMG setup messages level=2 phase=strength-transpose sends=9502 bytes=72811860 collective_rank_calls=448
AMG setup messages level=2 phase=PMIS sends=229842 bytes=115695556 collective_rank_calls=5376
AMG setup messages level=2 phase=numbering sends=0 bytes=0 collective_rank_calls=448
AMG setup messages level=2 phase=interpolation sends=56343 bytes=77209644 collective_rank_calls=448
AMG setup messages level=2 phase=interpolation-transpose sends=8197 bytes=17467232 collective_rank_calls=448
AMG setup messages level=2 phase=A*P sends=32736 bytes=141707088 collective_rank_calls=448
AMG setup messages level=2 phase=R*(A*P) sends=24591 bytes=397497040 collective_rank_calls=448
AMG setup messages level=3 phase=strength sends=0 bytes=0 collective_rank_calls=448
AMG setup messages level=3 phase=strength-transpose sends=9496 bytes=17840412 collective_rank_calls=448
AMG setup messages level=3 phase=PMIS sends=211744 bytes=27863880 collective_rank_calls=4928
AMG setup messages level=3 phase=numbering sends=0 bytes=0 collective_rank_calls=448
AMG setup messages level=3 phase=interpolation sends=56169 bytes=20224812 collective_rank_calls=448
AMG setup messages level=3 phase=interpolation-transpose sends=7235 bytes=4282112 collective_rank_calls=448
AMG setup messages level=3 phase=A*P sends=34008 bytes=47045936 collective_rank_calls=448
AMG setup messages level=3 phase=R*(A*P) sends=21705 bytes=115525152 collective_rank_calls=448
AMG setup messages level=4 phase=strength sends=0 bytes=0 collective_rank_calls=448
AMG setup messages level=4 phase=strength-transpose sends=9261 bytes=3508016 collective_rank_calls=448
AMG setup messages level=4 phase=PMIS sends=214026 bytes=7371352 collective_rank_calls=4928
AMG setup messages level=4 phase=numbering sends=0 bytes=0 collective_rank_calls=448
AMG setup messages level=4 phase=interpolation sends=53994 bytes=4694488 collective_rank_calls=448
AMG setup messages level=4 phase=interpolation-transpose sends=5510 bytes=1101584 collective_rank_calls=448
AMG setup messages level=4 phase=A*P sends=55242 bytes=18229424 collective_rank_calls=448
AMG setup messages level=4 phase=R*(A*P) sends=16530 bytes=29494800 collective_rank_calls=448
AMG setup messages level=5 phase=strength sends=0 bytes=0 collective_rank_calls=448
AMG setup messages level=5 phase=strength-transpose sends=6819 bytes=658632 collective_rank_calls=448
AMG setup messages level=5 phase=PMIS sends=108034 bytes=1304344 collective_rank_calls=3136
AMG setup messages level=5 phase=numbering sends=0 bytes=0 collective_rank_calls=448
AMG setup messages level=5 phase=interpolation sends=36918 bytes=803524 collective_rank_calls=448
AMG setup messages level=5 phase=interpolation-transpose sends=2726 bytes=290928 collective_rank_calls=448
AMG setup messages level=5 phase=A*P sends=96222 bytes=8016656 collective_rank_calls=448
AMG setup messages level=5 phase=R*(A*P) sends=8178 bytes=6542544 collective_rank_calls=448
AMG setup messages level=6 phase=strength sends=0 bytes=0 collective_rank_calls=448
AMG setup messages level=6 phase=strength-transpose sends=1819 bytes=132940 collective_rank_calls=448
AMG setup messages level=6 phase=PMIS sends=30753 bytes=284412 collective_rank_calls=2688
AMG setup messages level=6 phase=numbering sends=0 bytes=0 collective_rank_calls=448
AMG setup messages level=6 phase=interpolation sends=8670 bytes=115112 collective_rank_calls=448
AMG setup messages level=6 phase=interpolation-transpose sends=837 bytes=76432 collective_rank_calls=448
AMG setup messages level=6 phase=A*P sends=49014 bytes=2114416 collective_rank_calls=448
AMG setup messages level=6 phase=R*(A*P) sends=2511 bytes=1041520 collective_rank_calls=448
AMG setup messages level=7 phase=strength sends=0 bytes=0 collective_rank_calls=448
AMG setup messages level=7 phase=strength-transpose sends=474 bytes=41788 collective_rank_calls=448
AMG setup messages level=7 phase=PMIS sends=4604 bytes=61424 collective_rank_calls=1344
AMG setup messages level=7 phase=numbering sends=0 bytes=0 collective_rank_calls=448
AMG setup messages level=7 phase=interpolation sends=2301 bytes=22556 collective_rank_calls=448
AMG setup messages level=7 phase=interpolation-transpose sends=184 bytes=17696 collective_rank_calls=448
AMG setup messages level=7 phase=A*P sends=10860 bytes=316416 collective_rank_calls=448
AMG setup messages level=7 phase=R*(A*P) sends=552 bytes=34528 collective_rank_calls=448
GMRES: iter = 0, residual = 2.923628841e-05, 1 (rel.)
GMRES: iter = 1, residual = 1.091463545e-05, 0.3733249342 (rel.)
GMRES: iter = 2, residual = 2.244785784e-06, 0.07678080585 (rel.)
GMRES: iter = 3, residual = 1.293634802e-06, 0.04424757289 (rel.)
GMRES: iter = 4, residual = 7.738669674e-07, 0.02646939846 (rel.)
GMRES: iter = 5, residual = 3.840402007e-07, 0.01313573718 (rel.)
GMRES: iter = 6, residual = 1.975799954e-07, 0.006758039619 (rel.)
GMRES: iter = 7, residual = 1.333855611e-07, 0.004562328817 (rel.)
GMRES: iter = 8, residual = 7.581335871e-08, 0.002593125285 (rel.)
GMRES: iter = 9, residual = 5.292536802e-08, 0.001810262893 (rel.)
GMRES: iter = 10, residual = 4.508142249e-08, 0.001541968045 (rel.)
GMRES: iter = 11, residual = 3.925197293e-08, 0.001342577156 (rel.)
GMRES: iter = 12, residual = 3.424087681e-08, 0.001171177283 (rel.)
GMRES: iter = 13, residual = 2.971240654e-08, 0.001016285177 (rel.)
GMRES: iter = 14, residual = 2.512090839e-08, 0.0008592372615 (rel.)
GMRES: iter = 15, residual = 2.032849163e-08, 0.0006953171124 (rel.)
GMRES: iter = 16, residual = 1.616032142e-08, 0.0005527487346 (rel.)
GMRES: iter = 17, residual = 1.340220016e-08, 0.0004584097671 (rel.)
GMRES: iter = 18, residual = 1.169609675e-08, 0.0004000540899 (rel.)
GMRES: iter = 19, residual = 1.029650662e-08, 0.0003521824136 (rel.)
GMRES: iter = 20, residual = 8.829089741e-09, 0.0003019907869 (rel.)
GMRES: iter = 21, residual = 7.311840021e-09, 0.0002500946741 (rel.)
GMRES: iter = 22, residual = 5.923416753e-09, 0.0002026049501 (rel.)
GMRES: iter = 23, residual = 4.731947242e-09, 0.0001618518458 (rel.)
GMRES: iter = 24, residual = 3.769728809e-09, 0.000128940061 (rel.)
GMRES: iter = 25, residual = 3.025228648e-09, 0.0001034751267 (rel.)
GMRES: iter = 26, residual = 2.423923108e-09, 8.290803109e-05 (rel.)
GMRES: Solve Time = 10.25754444
FLD cloud AMR Newton-Krylov iterations=20/819, change=1.200102524e-06, residual=1.04408638e-06, transmission=0.7919410364
FLD 3-D Penrose cloud: case=amr, fine_n=512, opacity contrast=100000, cells=35127296, limiter=on, mixed cells=1042988, cloudy volume relative error=0, transmission=0.7919410364, balance error=3.82298435e-12, Newton/Krylov iterations=20/819, nonlinear residual=1.04408638e-06, E range=[1.97983485,2.033018316], whole-case wall=457.2837343 s, preconditioner=amg, AMG backend=native, linear iterations=1127, max true relative residual=5.948266344e-10, aggregate setup=50.51015334 s, aggregate solve=51.19386784 s


TinyProfiler total time across processes [min...avg...max]: 457.3 ... 457.3 ... 457.3

-------------------------------------------------------------------------------------------
Name                                        NCalls  Excl. Min  Excl. Avg  Excl. Max   Max %
-------------------------------------------------------------------------------------------
SpMatrix::finishComm_mv                     113240      27.38      110.4      133.6  29.21%
SpMV                                        113240      22.72      40.42      109.8  24.00%
FabArray::ParallelCopy_finish()              36983         16      57.74      73.86  16.15%
FLD::MLABecLapAMG::assemble                    942      6.996      42.37      69.08  15.11%
FLD::composite_assembly                        942      12.34      25.27      54.67  11.96%
FabArray::setVal()                           35855      3.616      8.591      42.05   9.20%
GMRES::GramSchmidt                            1127      19.87      30.34      36.08   7.89%
SpMatrix::prepare_comm_mv                   116251      1.908      25.34       33.2   7.26%
SpMatrix::split_csr                         120125      11.93      16.64      31.39   6.87%
ChebyshevSmoother                            20066      3.131      6.342      21.84   4.78%
SpGEMM                                         978      8.712      12.41       20.9   4.57%
FillBoundary_finish()                        13034      0.628      9.101      19.99   4.37%
FabArray::Saxpy()                            93270      7.126      8.928      15.28   3.34%
FLD::NewtonKrylov::Jacobian_action             819     0.8701      4.303      14.83   3.24%
SpMatrix::startComm_mv                      113240      1.743      4.669      14.68   3.21%
AMG::setup                                      40      0.446      8.493      11.61   2.54%
SpMatrix::define_split                        2282      2.254      4.935      9.972   2.18%
amrex::Copy()                                34778      4.163      5.543      9.969   2.18%
FLD::MLABecLapAMG::apply                       902      3.275      4.782      8.709   1.90%
FLD::MLABecLapAMG::precondition                840      2.232      3.315      7.969   1.74%
SpMatrix::startComm_tr                         652     0.5415      4.633      6.032   1.32%
FabArray::ParallelCopy_nowait()              36983     0.4155      1.315      5.671   1.24%
GMRES::cycle()                                  40      0.452      3.789      4.756   1.04%
FLD::cloud_linearized_residual                 819      1.606      1.978      3.386   0.74%
FLD::MLABecLapAMG::residual                    902     0.8117      1.424      3.026   0.66%
FLD::compute_diffusion                         943      1.217      1.557      2.633   0.58%
AMG::build_interp_mm                           326      1.161      1.478      2.578   0.56%
AMG::create_soc                                326     0.6676      1.112      2.108   0.46%
AMG::vcycle                                   1168     0.1805      0.523      2.041   0.45%
SpMatrix::preparePairHalo                      326     0.4417       1.32      1.651   0.36%
FillBoundary_nowait()                        13034     0.3189     0.7991      1.589   0.35%
SpMatrix::finishComm_tr                        652     0.2198     0.4933      1.384   0.30%
AMG::pmis                                      326     0.7723     0.9747      1.314   0.29%
AMG::truncate_interp                           326     0.5619      0.724      1.267   0.28%
SpMatrix::gatherRemote                        3368     0.3233      0.917      1.191   0.26%
SpMatrix::transpose                            652     0.3667     0.5255     0.9975   0.22%
FLD::NewtonKrylov::line_search                  21    0.08025     0.7382     0.9383   0.21%
SpMatrix::trim_remote_rows                    2851     0.2936     0.4289     0.8793   0.19%
amrex::average_down                           2769     0.2861     0.3742     0.6998   0.15%
FLD::MLABecLapAMG::solve                        20     0.2747     0.3685     0.5851   0.13%
FLD::composite_topology                          2     0.3172     0.3742     0.5121   0.11%
FabArrayBase::CPC::define()                  10370    0.03038    0.07729     0.4325   0.09%
FLD::NewtonKrylov::solve                         1    0.03758     0.1411     0.4035   0.09%
SpMatrix::gather_pair_plan                    2716     0.2316     0.3135     0.3783   0.08%
FLD::cloud_residual                             83     0.1633     0.2001     0.3552   0.08%
CellConservativeLinear::interp()               538          0    0.03901     0.2766   0.06%
FabArray::mult()                              3316      0.088     0.1097     0.1867   0.04%
GMRES:build_solution()                          40    0.04436    0.07127     0.1605   0.04%
FabArray::LinComb()                            244    0.06219    0.07845     0.1388   0.03%
FLD::cloud_predictor                            20    0.05481    0.07717     0.1114   0.02%
FLD::cloud_newton_prepare                       20    0.06146    0.06855    0.09701   0.02%
FabArray::ParallelCopy()                     36983    0.04171    0.05471    0.08143   0.02%
FLD::cloud_setup                                 1   0.007471      0.062     0.0755   0.02%
FillPatchTwoLevels                            3770    0.01887    0.02599    0.05252   0.01%
FabArrayBase::getCPC()                       13139    0.01573    0.02364    0.04599   0.01%
SpMatrix::gatherRemotePair                    2716   0.005075    0.01459    0.04314   0.01%
GMRES::solve()                                  40   0.004878    0.01094    0.02472   0.01%
FLD::run_cloud                                   1   0.004569    0.00759    0.02002   0.00%
FLD::MLABecLapAMG::preconditioner_cycle       1168   0.005597   0.008841    0.01902   0.00%
FabArray::FillBoundary()                     14838   0.008533   0.009845    0.01254   0.00%
FLD::cloud_precondition                        840   0.003753   0.005229   0.009574   0.00%
amrex::average_down_w_geom                    2769   0.002964   0.003964   0.008329   0.00%
FillPatchSingleLevel                          7540   0.002538   0.003407   0.005669   0.00%
FillPatchInterp(Fab)                          3770   0.001251   0.001897   0.004145   0.00%
AMG::bottom_solve                             1168   0.000728  0.0009643   0.001196   0.00%
FLD::NewtonKrylov::prepare                      20  2.946e-05  4.925e-05  8.428e-05   0.00%
FLD::NewtonKrylov::linear_solve                 20  2.872e-05  4.928e-05  7.868e-05   0.00%
FLD::cloud_predictors                            1  8.857e-06  1.735e-05   2.78e-05   0.00%
Other                                        23770     0.0213    0.05023     0.1611   0.04%
-------------------------------------------------------------------------------------------

-------------------------------------------------------------------------------------------
Name                                        NCalls  Incl. Min  Incl. Avg  Incl. Max   Max %
-------------------------------------------------------------------------------------------
FLD::run_cloud                                   1      457.3      457.3      457.3 100.00%
GMRES::solve()                                  40      386.4      386.7      386.9  84.61%
GMRES::cycle()                                  40      386.3      386.7      386.9  84.61%
FLD::NewtonKrylov::solve                         1      379.4      379.4      379.4  82.97%
FLD::NewtonKrylov::linear_solve                 20      335.3      335.6      335.7  73.40%
SpMV                                        113240      177.5      189.9      197.6  43.21%
FLD::NewtonKrylov::Jacobian_action             819        169      173.9      182.9  39.99%
FLD::MLABecLapAMG::assemble                    942      177.8        180      180.7  39.53%
FLD::cloud_linearized_residual                 819      167.1      168.8      174.2  38.10%
FLD::MLABecLapAMG::preconditioner_cycle       1168      144.5      157.2        164  35.87%
AMG::vcycle                                   1168      144.5      157.2        164  35.87%
ChebyshevSmoother                            20066      99.64        119      135.2  29.57%
SpMatrix::finishComm_mv                     113240      27.38      110.4      133.6  29.21%
FLD::cloud_precondition                        840      114.2      124.9      128.4  28.09%
FLD::MLABecLapAMG::precondition                840        114      124.7      128.3  28.05%
FLD::composite_assembly                        942      56.34      86.54      118.8  25.98%
FabArray::ParallelCopy()                     36983       26.6      63.35      78.14  17.09%
FLD::cloud_predictors                            1      77.16      77.26      77.34  16.91%
FLD::cloud_predictor                            20      77.16      77.26      77.34  16.91%
FabArray::ParallelCopy_finish()              36983         16      57.74      73.86  16.15%
FLD::MLABecLapAMG::residual                    902      44.78      46.74       53.2  11.63%
FLD::MLABecLapAMG::solve                        20      51.65      51.68       51.7  11.31%
FLD::MLABecLapAMG::apply                       902      43.07      44.41      48.68  10.65%
AMG::setup                                      40       44.5      46.32      47.82  10.46%
GMRES::GramSchmidt                            1127      34.08      38.78      43.17   9.44%
FabArray::setVal()                           35855      3.616      8.591      42.05   9.20%
SpMatrix::prepare_comm_mv                   116251       1.91      25.34       33.2   7.26%
SpMatrix::split_csr                         120125      12.24      16.95      32.07   7.01%
SpGEMM                                         978       20.3      22.86      28.44   6.22%
SpMatrix::startComm_mv                      113240      11.59      22.76      26.85   5.87%
FLD::NewtonKrylov::prepare                      20      25.59       25.6       25.6   5.60%
FLD::cloud_newton_prepare                       20      25.59       25.6       25.6   5.60%
FabArray::FillBoundary()                     14838      1.337      9.916      20.57   4.50%
FillBoundary_finish()                        13034      0.628      9.101      19.99   4.37%
FLD::NewtonKrylov::line_search                  21      17.66      17.68      17.69   3.87%
FLD::cloud_residual                             83      16.89      17.07      17.66   3.86%
FabArray::Saxpy()                            93270      7.126      8.928      15.28   3.34%
FabArray::ParallelCopy_nowait()              36983      3.948      5.553      13.05   2.85%
SpMatrix::define_split                        2282      2.338      5.051      10.17   2.22%
amrex::Copy()                                34778      4.163      5.543      9.969   2.18%
AMG::build_interp_mm                           326          6      6.915      8.871   1.94%
SpMatrix::transpose                            652      2.259      5.652      6.778   1.48%
GMRES:build_solution()                          40      5.607      6.032      6.275   1.37%
SpMatrix::startComm_tr                         652     0.5416      4.633      6.032   1.32%
amrex::average_down_w_geom                    2769     0.3733     0.6644      5.132   1.12%
amrex::average_down                           2769     0.3703     0.6605      5.127   1.12%
FLD::compute_diffusion                         943      4.078      4.426      4.754   1.04%
FillPatchTwoLevels                            3770      1.261      2.245      3.827   0.84%
AMG::create_soc                                326      1.347      1.984      3.545   0.78%
AMG::pmis                                      326      2.196      3.123      3.468   0.76%
FillPatchSingleLevel                          7540      0.318     0.9506      3.271   0.72%
SpMatrix::preparePairHalo                      326     0.4417       1.32      1.651   0.36%
FillBoundary_nowait()                        13034     0.3238     0.8047      1.596   0.35%
AMG::truncate_interp                           326     0.6651     0.8899      1.562   0.34%
SpMatrix::finishComm_tr                        652     0.2198     0.4933      1.384   0.30%
SpMatrix::gatherRemote                        3368     0.3243     0.9178      1.192   0.26%
SpMatrix::trim_remote_rows                    2851     0.2936     0.4289     0.8793   0.19%
FLD::cloud_setup                                 1     0.5213     0.6074     0.7075   0.15%
FLD::composite_topology                          2     0.4316     0.5192      0.621   0.14%
FabArrayBase::getCPC()                       13139    0.05162     0.1009      0.476   0.10%
FabArrayBase::CPC::define()                  10370    0.03038    0.07729     0.4325   0.09%
SpMatrix::gatherRemotePair                    2716      0.243     0.3281     0.3986   0.09%
SpMatrix::gather_pair_plan                    2716     0.2316     0.3135     0.3783   0.08%
FillPatchInterp(Fab)                          3770   0.001251    0.04091     0.2804   0.06%
CellConservativeLinear::interp()               538          0    0.03901     0.2766   0.06%
FabArray::mult()                              3316      0.088     0.1097     0.1867   0.04%
FabArray::LinComb()                            244    0.06219    0.07845     0.1388   0.03%
AMG::bottom_solve                             1168    0.03303    0.05711     0.1038   0.02%
Other                                        23770    0.03095      0.101     0.4062   0.09%
-------------------------------------------------------------------------------------------

Async Memory Usage:
----------------------------------------------------------------------------------------------------
Name                  Nalloc  AvgMem min  AvgMem avg  AvgMem max  MaxMem min  MaxMem avg  MaxMem max
----------------------------------------------------------------------------------------------------
amrex::average_down  2835456       5   B      13   B     135   B    8192   B    9362   B      12 KiB
----------------------------------------------------------------------------------------------------

Pinned Memory Usage:
----------------------------------------------------------------------------------------------------------------
Name                              Nalloc  AvgMem min  AvgMem avg  AvgMem max  MaxMem min  MaxMem avg  MaxMem max
----------------------------------------------------------------------------------------------------------------
FLD::composite_assembly           180864       0   B    1149 KiB    8861 KiB       0   B    7076 KiB      48 MiB
FLD::composite_topology             6528     586   B    2666   B      15 KiB    1120 KiB    3810 KiB      18 MiB
The_Pinned_Arena::Initialize()       448       0   B       0   B       0   B    8192 KiB    8192 KiB    8192 KiB
FLD::MLABecLapAMG::assemble      7174272    1416 KiB    1709 KiB    2773 KiB    3632 KiB    4410 KiB    7264 KiB
SpGEMM                            345314    1369   B    6425   B      30 KiB     414 KiB     960 KiB    2971 KiB
FLD::MLABecLapAMG::apply         1962752      95 KiB     120 KiB     214 KiB    1024 KiB    1243 KiB    2048 KiB
FLD::MLABecLapAMG::precondition  1827840     254 KiB     338 KiB     570 KiB    1024 KiB    1243 KiB    2048 KiB
FLD::MLABecLapAMG::residual      1962752    3527   B    6660   B      19 KiB    1024 KiB    1243 KiB    2048 KiB
FLD::MLABecLapAMG::solve           43520     115 KiB     140 KiB     231 KiB    1024 KiB    1243 KiB    2048 KiB
SpMatrix::finishComm_tr           829016      54   B     320   B    1747   B     178 KiB     372 KiB     835 KiB
SpMatrix::startComm_tr            751008    1333   B    2115   B    2917   B     170 KiB     316 KiB     571 KiB
----------------------------------------------------------------------------------------------------------------

Cpu Memory Usage:
--------------------------------------------------------------------------------------------------------------------
Name                                  Nalloc  AvgMem min  AvgMem avg  AvgMem max  MaxMem min  MaxMem avg  MaxMem max
--------------------------------------------------------------------------------------------------------------------
GMRES::cycle()                        869312      10 MiB      12 MiB      20 MiB      41 MiB      50 MiB      83 MiB
FLD::cloud_setup                       22848      10 MiB      13 MiB      21 MiB      10 MiB      13 MiB      21 MiB
FabArray::ParallelCopy_nowait()      4614049      31 KiB     117 KiB     905 KiB     528 KiB    1225 KiB    9399 KiB
SpGEMM                               1065256    2923   B    9557   B      37 KiB    1510 KiB    2830 KiB    6080 KiB
FLD::NewtonKrylov::solve               67456    1744 KiB    2118 KiB    3489 KiB    2765 KiB    3357 KiB    5530 KiB
GMRES::solve()                         87040    1576 KiB    1916 KiB    3156 KiB    2150 KiB    2611 KiB    4301 KiB
FLD::NewtonKrylov::Jacobian_action    891072     225 KiB     277 KiB     471 KiB     614 KiB     746 KiB    1229 KiB
FLD::cloud_linearized_residual        891072     169 KiB     205 KiB     338 KiB     614 KiB     746 KiB    1229 KiB
FLD::cloud_newton_prepare              21760      34 KiB      41 KiB      68 KiB     614 KiB     746 KiB    1229 KiB
FLD::cloud_predictor                   43520     103 KiB     126 KiB     207 KiB     614 KiB     746 KiB    1229 KiB
FLD::cloud_residual                    90304      17 KiB      20 KiB      34 KiB     614 KiB     746 KiB    1229 KiB
FillBoundary_nowait()                8121088     369   B    3561   B    9164   B     176 KiB     371 KiB     546 KiB
SpMatrix::gather_pair_plan           2321166      17   B      40   B      98   B      97 KiB     191 KiB     432 KiB
SpMatrix::startComm_mv              73302524      25 KiB      48 KiB     109 KiB      97 KiB     191 KiB     432 KiB
SpMatrix::gatherRemote               2737480      45   B     137   B     193   B      81 KiB     172 KiB     317 KiB
FillPatchTwoLevels                    482560       0   B      19   B     176   B       0   B      11 KiB      82 KiB
CellConservativeLinear::interp()      241280       0   B       1   B       7   B       0   B    1755   B      12 KiB
amrex::average_down                  2835456       5   B      13   B     135   B    8192   B    9362   B      12 KiB
--------------------------------------------------------------------------------------------------------------------


MPICH Slingshot Network Summary: 24 network timeouts

AMReX (26.09-214-gfe5bcbff5c13) finalized
