Initializing AMReX (26.09-216-g49f8465e6225)...
MPI initialized with 3584 MPI processes
MPI initialized with thread support level 0
AMReX (26.09-216-g49f8465e6225) initialized
AMG setup messages level=0 phase=strength sends=0 bytes=0 collective_rank_calls=3584
AMG setup messages level=0 phase=strength-transpose sends=28852 bytes=1220689940 collective_rank_calls=3584
AMG setup messages level=0 phase=PMIS sends=533296 bytes=3524933696 collective_rank_calls=32256
AMG setup messages level=0 phase=numbering sends=0 bytes=0 collective_rank_calls=3584
AMG setup messages level=0 phase=interpolation sends=173112 bytes=1668000088 collective_rank_calls=3584
AMG setup messages level=0 phase=interpolation-transpose sends=68891 bytes=585228016 collective_rank_calls=3584
AMG setup messages level=0 phase=A*P sends=90744 bytes=2937502208 collective_rank_calls=3584
AMG setup messages level=0 phase=R*(A*P) sends=206673 bytes=4211466464 collective_rank_calls=3584
AMG setup messages level=1 phase=strength sends=0 bytes=0 collective_rank_calls=3584
AMG setup messages level=1 phase=strength-transpose sends=76339 bytes=1436367832 collective_rank_calls=3584
AMG setup messages level=1 phase=PMIS sends=1838519 bytes=2901616788 collective_rank_calls=43008
AMG setup messages level=1 phase=numbering sends=0 bytes=0 collective_rank_calls=3584
AMG setup messages level=1 phase=interpolation sends=453828 bytes=1714652160 collective_rank_calls=3584
AMG setup messages level=1 phase=interpolation-transpose sends=74803 bytes=494284880 collective_rank_calls=3584
AMG setup messages level=1 phase=A*P sends=257100 bytes=2857722096 collective_rank_calls=3584
AMG setup messages level=1 phase=R*(A*P) sends=224409 bytes=7305442592 collective_rank_calls=3584
AMG setup messages level=2 phase=strength sends=0 bytes=0 collective_rank_calls=3584
AMG setup messages level=2 phase=strength-transpose sends=86910 bytes=640185996 collective_rank_calls=3584
AMG setup messages level=2 phase=PMIS sends=1922844 bytes=894918368 collective_rank_calls=39424
AMG setup messages level=2 phase=numbering sends=0 bytes=0 collective_rank_calls=3584
AMG setup messages level=2 phase=interpolation sends=513723 bytes=668325448 collective_rank_calls=3584
AMG setup messages level=2 phase=interpolation-transpose sends=73579 bytes=141896928 collective_rank_calls=3584
AMG setup messages level=2 phase=A*P sends=300222 bytes=1162324912 collective_rank_calls=3584
AMG setup messages level=2 phase=R*(A*P) sends=220737 bytes=3198669200 collective_rank_calls=3584
AMG setup messages level=3 phase=strength sends=0 bytes=0 collective_rank_calls=3584
AMG setup messages level=3 phase=strength-transpose sends=88752 bytes=162679708 collective_rank_calls=3584
AMG setup messages level=3 phase=PMIS sends=1966344 bytes=237788856 collective_rank_calls=39424
AMG setup messages level=3 phase=numbering sends=0 bytes=0 collective_rank_calls=3584
AMG setup messages level=3 phase=interpolation sends=524004 bytes=183508796 collective_rank_calls=3584
AMG setup messages level=3 phase=interpolation-transpose sends=64590 bytes=33062800 collective_rank_calls=3584
AMG setup messages level=3 phase=A*P sends=307098 bytes=369771968 collective_rank_calls=3584
AMG setup messages level=3 phase=R*(A*P) sends=193770 bytes=869014432 collective_rank_calls=3584
AMG setup messages level=4 phase=strength sends=0 bytes=0 collective_rank_calls=3584
AMG setup messages level=4 phase=strength-transpose sends=86836 bytes=33220688 collective_rank_calls=3584
AMG setup messages level=4 phase=PMIS sends=1772998 bytes=57766784 collective_rank_calls=35840
AMG setup messages level=4 phase=numbering sends=0 bytes=0 collective_rank_calls=3584
AMG setup messages level=4 phase=interpolation sends=508128 bytes=46945296 collective_rank_calls=3584
AMG setup messages level=4 phase=interpolation-transpose sends=46967 bytes=7264912 collective_rank_calls=3584
AMG setup messages level=4 phase=A*P sends=461142 bytes=126995104 collective_rank_calls=3584
AMG setup messages level=4 phase=R*(A*P) sends=140901 bytes=190005904 collective_rank_calls=3584
AMG setup messages level=5 phase=strength sends=0 bytes=0 collective_rank_calls=3584
AMG setup messages level=5 phase=strength-transpose sends=79849 bytes=6227072 collective_rank_calls=3584
AMG setup messages level=5 phase=PMIS sends=1579032 bytes=13466576 collective_rank_calls=32256
AMG setup messages level=5 phase=numbering sends=0 bytes=0 collective_rank_calls=3584
AMG setup messages level=5 phase=interpolation sends=438558 bytes=10120608 collective_rank_calls=3584
AMG setup messages level=5 phase=interpolation-transpose sends=21411 bytes=1611600 collective_rank_calls=3584
AMG setup messages level=5 phase=A*P sends=846180 bytes=49830288 collective_rank_calls=3584
AMG setup messages level=5 phase=R*(A*P) sends=64233 bytes=30484976 collective_rank_calls=3584
AMG setup messages level=6 phase=strength sends=0 bytes=0 collective_rank_calls=3584
AMG setup messages level=6 phase=strength-transpose sends=17175 bytes=907948 collective_rank_calls=3584
AMG setup messages level=6 phase=PMIS sends=402260 bytes=2297840 collective_rank_calls=32256
AMG setup messages level=6 phase=numbering sends=0 bytes=0 collective_rank_calls=3584
AMG setup messages level=6 phase=interpolation sends=85224 bytes=1229328 collective_rank_calls=3584
AMG setup messages level=6 phase=interpolation-transpose sends=5975 bytes=349008 collective_rank_calls=3584
AMG setup messages level=6 phase=A*P sends=331650 bytes=10263200 collective_rank_calls=3584
AMG setup messages level=6 phase=R*(A*P) sends=17925 bytes=4189824 collective_rank_calls=3584
AMG setup messages level=7 phase=strength sends=0 bytes=0 collective_rank_calls=3584
AMG setup messages level=7 phase=strength-transpose sends=2882 bytes=148556 collective_rank_calls=3584
AMG setup messages level=7 phase=PMIS sends=51818 bytes=308172 collective_rank_calls=21504
AMG setup messages level=7 phase=numbering sends=0 bytes=0 collective_rank_calls=3584
AMG setup messages level=7 phase=interpolation sends=13479 bytes=153700 collective_rank_calls=3584
AMG setup messages level=7 phase=interpolation-transpose sends=1445 bytes=80800 collective_rank_calls=3584
AMG setup messages level=7 phase=A*P sends=64266 bytes=1680832 collective_rank_calls=3584
AMG setup messages level=7 phase=R*(A*P) sends=4335 bytes=594288 collective_rank_calls=3584
AMG setup messages level=8 phase=strength sends=0 bytes=0 collective_rank_calls=3584
AMG setup messages level=8 phase=strength-transpose sends=627 bytes=33084 collective_rank_calls=3584
AMG setup messages level=8 phase=PMIS sends=4371 bytes=36628 collective_rank_calls=7168
AMG setup messages level=8 phase=numbering sends=0 bytes=0 collective_rank_calls=3584
AMG setup messages level=8 phase=interpolation sends=3102 bytes=25564 collective_rank_calls=3584
AMG setup messages level=8 phase=interpolation-transpose sends=220 bytes=13264 collective_rank_calls=3584
AMG setup messages level=8 phase=A*P sends=10998 bytes=161120 collective_rank_calls=3584
AMG setup messages level=8 phase=R*(A*P) sends=660 bytes=12448 collective_rank_calls=3584
AMG setup messages level=0 phase=strength sends=0 bytes=0 collective_rank_calls=3584
AMG setup messages level=0 phase=strength-transpose sends=28852 bytes=1220430456 collective_rank_calls=3584
AMG setup messages level=0 phase=PMIS sends=533296 bytes=3524637472 collective_rank_calls=32256
AMG setup messages level=0 phase=numbering sends=0 bytes=0 collective_rank_calls=3584
AMG setup messages level=0 phase=interpolation sends=173112 bytes=1667735060 collective_rank_calls=3584
AMG setup messages level=0 phase=interpolation-transpose sends=68955 bytes=625433376 collective_rank_calls=3584
AMG setup messages level=0 phase=A*P sends=90744 bytes=2937414624 collective_rank_calls=3584
AMG setup messages level=0 phase=R*(A*P) sends=206865 bytes=4416743232 collective_rank_calls=3584
AMG setup messages level=1 phase=strength sends=0 bytes=0 collective_rank_calls=3584
AMG setup messages level=1 phase=strength-transpose sends=76399 bytes=1431577456 collective_rank_calls=3584
AMG setup messages level=1 phase=PMIS sends=1839621 bytes=2918378748 collective_rank_calls=43008
AMG setup messages level=1 phase=numbering sends=0 bytes=0 collective_rank_calls=3584
AMG setup messages level=1 phase=interpolation sends=454596 bytes=1724101020 collective_rank_calls=3584
AMG setup messages level=1 phase=interpolation-transpose sends=74772 bytes=488088512 collective_rank_calls=3584
AMG setup messages level=1 phase=A*P sends=258156 bytes=2886236864 collective_rank_calls=3584
AMG setup messages level=1 phase=R*(A*P) sends=224316 bytes=7268486720 collective_rank_calls=3584
AMG setup messages level=2 phase=strength sends=0 bytes=0 collective_rank_calls=3584
AMG setup messages level=2 phase=strength-transpose sends=86778 bytes=639485656 collective_rank_calls=3584
AMG setup messages level=2 phase=PMIS sends=1920060 bytes=895364984 collective_rank_calls=39424
AMG setup messages level=2 phase=numbering sends=0 bytes=0 collective_rank_calls=3584
AMG setup messages level=2 phase=interpolation sends=513024 bytes=668313916 collective_rank_calls=3584
AMG setup messages level=2 phase=interpolation-transpose sends=73726 bytes=142064672 collective_rank_calls=3584
AMG setup messages level=2 phase=A*P sends=300420 bytes=1163930352 collective_rank_calls=3584
AMG setup messages level=2 phase=R*(A*P) sends=221178 bytes=3210603376 collective_rank_calls=3584
AMG setup messages level=3 phase=strength sends=0 bytes=0 collective_rank_calls=3584
AMG setup messages level=3 phase=strength-transpose sends=88910 bytes=162969992 collective_rank_calls=3584
AMG setup messages level=3 phase=PMIS sends=1970492 bytes=238506608 collective_rank_calls=39424
AMG setup messages level=3 phase=numbering sends=0 bytes=0 collective_rank_calls=3584
AMG setup messages level=3 phase=interpolation sends=525318 bytes=183958648 collective_rank_calls=3584
AMG setup messages level=3 phase=interpolation-transpose sends=64707 bytes=33160928 collective_rank_calls=3584
AMG setup messages level=3 phase=A*P sends=307092 bytes=371656544 collective_rank_calls=3584
AMG setup messages level=3 phase=R*(A*P) sends=194121 bytes=874564688 collective_rank_calls=3584
AMG setup messages level=4 phase=strength sends=0 bytes=0 collective_rank_calls=3584
AMG setup messages level=4 phase=strength-transpose sends=86943 bytes=33321800 collective_rank_calls=3584
AMG setup messages level=4 phase=PMIS sends=1775105 bytes=58022768 collective_rank_calls=35840
AMG setup messages level=4 phase=numbering sends=0 bytes=0 collective_rank_calls=3584
AMG setup messages level=4 phase=interpolation sends=508905 bytes=46929676 collective_rank_calls=3584
AMG setup messages level=4 phase=interpolation-transpose sends=46828 bytes=7393744 collective_rank_calls=3584
AMG setup messages level=4 phase=A*P sends=458616 bytes=128191072 collective_rank_calls=3584
AMG setup messages level=4 phase=R*(A*P) sends=140484 bytes=192432880 collective_rank_calls=3584
AMG setup messages level=5 phase=strength sends=0 bytes=0 collective_rank_calls=3584
AMG setup messages level=5 phase=strength-transpose sends=79302 bytes=6189172 collective_rank_calls=3584
AMG setup messages level=5 phase=PMIS sends=1572136 bytes=13431200 collective_rank_calls=32256
AMG setup messages level=5 phase=numbering sends=0 bytes=0 collective_rank_calls=3584
AMG setup messages level=5 phase=interpolation sends=435408 bytes=9995192 collective_rank_calls=3584
AMG setup messages level=5 phase=interpolation-transpose sends=21425 bytes=1618928 collective_rank_calls=3584
AMG setup messages level=5 phase=A*P sends=839676 bytes=49689232 collective_rank_calls=3584
AMG setup messages level=5 phase=R*(A*P) sends=64275 bytes=31017200 collective_rank_calls=3584
AMG setup messages level=6 phase=strength sends=0 bytes=0 collective_rank_calls=3584
AMG setup messages level=6 phase=strength-transpose sends=15947 bytes=853848 collective_rank_calls=3584
AMG setup messages level=6 phase=PMIS sends=257227 bytes=1582316 collective_rank_calls=21504
AMG setup messages level=6 phase=numbering sends=0 bytes=0 collective_rank_calls=3584
AMG setup messages level=6 phase=interpolation sends=78531 bytes=1137336 collective_rank_calls=3584
AMG setup messages level=6 phase=interpolation-transpose sends=5592 bytes=334800 collective_rank_calls=3584
AMG setup messages level=6 phase=A*P sends=347694 bytes=10669616 collective_rank_calls=3584
AMG setup messages level=6 phase=R*(A*P) sends=16776 bytes=4182528 collective_rank_calls=3584
AMG setup messages level=7 phase=strength sends=0 bytes=0 collective_rank_calls=3584
AMG setup messages level=7 phase=strength-transpose sends=3046 bytes=164740 collective_rank_calls=3584
AMG setup messages level=7 phase=PMIS sends=37128 bytes=251208 collective_rank_calls=14336
AMG setup messages level=7 phase=numbering sends=0 bytes=0 collective_rank_calls=3584
AMG setup messages level=7 phase=interpolation sends=14058 bytes=170600 collective_rank_calls=3584
AMG setup messages level=7 phase=interpolation-transpose sends=1649 bytes=95920 collective_rank_calls=3584
AMG setup messages level=7 phase=A*P sends=70812 bytes=1973920 collective_rank_calls=3584
AMG setup messages level=7 phase=R*(A*P) sends=4947 bytes=695600 collective_rank_calls=3584
AMG setup messages level=8 phase=strength sends=0 bytes=0 collective_rank_calls=3584
AMG setup messages level=8 phase=strength-transpose sends=821 bytes=41884 collective_rank_calls=3584
AMG setup messages level=8 phase=PMIS sends=5699 bytes=45404 collective_rank_calls=7168
AMG setup messages level=8 phase=numbering sends=0 bytes=0 collective_rank_calls=3584
AMG setup messages level=8 phase=interpolation sends=4113 bytes=34020 collective_rank_calls=3584
AMG setup messages level=8 phase=interpolation-transpose sends=267 bytes=15376 collective_rank_calls=3584
AMG setup messages level=8 phase=A*P sends=13716 bytes=187136 collective_rank_calls=3584
AMG setup messages level=8 phase=R*(A*P) sends=801 bytes=13664 collective_rank_calls=3584
AMG setup messages level=0 phase=strength sends=0 bytes=0 collective_rank_calls=3584
AMG setup messages level=0 phase=strength-transpose sends=28852 bytes=1220305604 collective_rank_calls=3584
AMG setup messages level=0 phase=PMIS sends=592396 bytes=3875139952 collective_rank_calls=35840
AMG setup messages level=0 phase=numbering sends=0 bytes=0 collective_rank_calls=3584
AMG setup messages level=0 phase=interpolation sends=173112 bytes=1667351760 collective_rank_calls=3584
AMG setup messages level=0 phase=interpolation-transpose sends=68992 bytes=626227344 collective_rank_calls=3584
AMG setup messages level=0 phase=A*P sends=90744 bytes=2937185632 collective_rank_calls=3584
AMG setup messages level=0 phase=R*(A*P) sends=206976 bytes=4420692112 collective_rank_calls=3584
AMG setup messages level=1 phase=strength sends=0 bytes=0 collective_rank_calls=3584
AMG setup messages level=1 phase=strength-transpose sends=76357 bytes=1431594212 collective_rank_calls=3584
AMG setup messages level=1 phase=PMIS sends=1838119 bytes=2919633824 collective_rank_calls=43008
AMG setup messages level=1 phase=numbering sends=0 bytes=0 collective_rank_calls=3584
AMG setup messages level=1 phase=interpolation sends=454155 bytes=1724431556 collective_rank_calls=3584
AMG setup messages level=1 phase=interpolation-transpose sends=74712 bytes=488068416 collective_rank_calls=3584
AMG setup messages level=1 phase=A*P sends=257694 bytes=2887224864 collective_rank_calls=3584
AMG setup messages level=1 phase=R*(A*P) sends=224136 bytes=7269996208 collective_rank_calls=3584
AMG setup messages level=2 phase=strength sends=0 bytes=0 collective_rank_calls=3584
AMG setup messages level=2 phase=strength-transpose sends=86694 bytes=639036696 collective_rank_calls=3584
AMG setup messages level=2 phase=PMIS sends=1918260 bytes=895155312 collective_rank_calls=39424
AMG setup messages level=2 phase=numbering sends=0 bytes=0 collective_rank_calls=3584
AMG setup messages level=2 phase=interpolation sends=512196 bytes=667737768 collective_rank_calls=3584
AMG setup messages level=2 phase=interpolation-transpose sends=73612 bytes=142160176 collective_rank_calls=3584
AMG setup messages level=2 phase=A*P sends=300222 bytes=1164266240 collective_rank_calls=3584
AMG setup messages level=2 phase=R*(A*P) sends=220836 bytes=3212405968 collective_rank_calls=3584
AMG setup messages level=3 phase=strength sends=0 bytes=0 collective_rank_calls=3584
AMG setup messages level=3 phase=strength-transpose sends=88680 bytes=162570968 collective_rank_calls=3584
AMG setup messages level=3 phase=PMIS sends=1965000 bytes=238516224 collective_rank_calls=39424
AMG setup messages level=3 phase=numbering sends=0 bytes=0 collective_rank_calls=3584
AMG setup messages level=3 phase=interpolation sends=523986 bytes=183657948 collective_rank_calls=3584
AMG setup messages level=3 phase=interpolation-transpose sends=64590 bytes=33268912 collective_rank_calls=3584
AMG setup messages level=3 phase=A*P sends=306912 bytes=371812608 collective_rank_calls=3584
AMG setup messages level=3 phase=R*(A*P) sends=193770 bytes=876224864 collective_rank_calls=3584
AMG setup messages level=4 phase=strength sends=0 bytes=0 collective_rank_calls=3584
AMG setup messages level=4 phase=strength-transpose sends=86520 bytes=33042488 collective_rank_calls=3584
AMG setup messages level=4 phase=PMIS sends=1769406 bytes=57946116 collective_rank_calls=35840
AMG setup messages level=4 phase=numbering sends=0 bytes=0 collective_rank_calls=3584
AMG setup messages level=4 phase=interpolation sends=506181 bytes=46714528 collective_rank_calls=3584
AMG setup messages level=4 phase=interpolation-transpose sends=47192 bytes=7406544 collective_rank_calls=3584
AMG setup messages level=4 phase=A*P sends=459534 bytes=128219136 collective_rank_calls=3584
AMG setup messages level=4 phase=R*(A*P) sends=141576 bytes=194771008 collective_rank_calls=3584
AMG setup messages level=5 phase=strength sends=0 bytes=0 collective_rank_calls=3584
AMG setup messages level=5 phase=strength-transpose sends=77965 bytes=6076052 collective_rank_calls=3584
AMG setup messages level=5 phase=PMIS sends=1387831 bytes=12113328 collective_rank_calls=28672
AMG setup messages level=5 phase=numbering sends=0 bytes=0 collective_rank_calls=3584
AMG setup messages level=5 phase=interpolation sends=426270 bytes=9616084 collective_rank_calls=3584
AMG setup messages level=5 phase=interpolation-transpose sends=21525 bytes=1651536 collective_rank_calls=3584
AMG setup messages level=5 phase=A*P sends=851106 bytes=50972144 collective_rank_calls=3584
AMG setup messages level=5 phase=R*(A*P) sends=64575 bytes=31955456 collective_rank_calls=3584
AMG setup messages level=6 phase=strength sends=0 bytes=0 collective_rank_calls=3584
AMG setup messages level=6 phase=strength-transpose sends=15767 bytes=849100 collective_rank_calls=3584
AMG setup messages level=6 phase=PMIS sends=255977 bytes=1590592 collective_rank_calls=21504
AMG setup messages level=6 phase=numbering sends=0 bytes=0 collective_rank_calls=3584
AMG setup messages level=6 phase=interpolation sends=76755 bytes=1043332 collective_rank_calls=3584
AMG setup messages level=6 phase=interpolation-transpose sends=5539 bytes=330064 collective_rank_calls=3584
AMG setup messages level=6 phase=A*P sends=351756 bytes=10822976 collective_rank_calls=3584
AMG setup messages level=6 phase=R*(A*P) sends=16617 bytes=4284928 collective_rank_calls=3584
AMG setup messages level=7 phase=strength sends=0 bytes=0 collective_rank_calls=3584
AMG setup messages level=7 phase=strength-transpose sends=3012 bytes=163208 collective_rank_calls=3584
AMG setup messages level=7 phase=PMIS sends=46200 bytes=302560 collective_rank_calls=17920
AMG setup messages level=7 phase=numbering sends=0 bytes=0 collective_rank_calls=3584
AMG setup messages level=7 phase=interpolation sends=13002 bytes=135632 collective_rank_calls=3584
AMG setup messages level=7 phase=interpolation-transpose sends=1291 bytes=74320 collective_rank_calls=3584
AMG setup messages level=7 phase=A*P sends=73590 bytes=1869936 collective_rank_calls=3584
AMG setup messages level=7 phase=R*(A*P) sends=3873 bytes=745504 collective_rank_calls=3584
AMG setup messages level=8 phase=strength sends=0 bytes=0 collective_rank_calls=3584
AMG setup messages level=8 phase=strength-transpose sends=998 bytes=53980 collective_rank_calls=3584
AMG setup messages level=8 phase=PMIS sends=6950 bytes=60452 collective_rank_calls=7168
AMG setup messages level=8 phase=numbering sends=0 bytes=0 collective_rank_calls=3584
AMG setup messages level=8 phase=interpolation sends=4878 bytes=40056 collective_rank_calls=3584
AMG setup messages level=8 phase=interpolation-transpose sends=367 bytes=22544 collective_rank_calls=3584
AMG setup messages level=8 phase=A*P sends=16428 bytes=245184 collective_rank_calls=3584
AMG setup messages level=8 phase=R*(A*P) sends=1101 bytes=21600 collective_rank_calls=3584
AMG setup messages level=0 phase=strength sends=0 bytes=0 collective_rank_calls=3584
AMG setup messages level=0 phase=strength-transpose sends=28852 bytes=1220219296 collective_rank_calls=3584
AMG setup messages level=0 phase=PMIS sends=533296 bytes=3524396448 collective_rank_calls=32256
AMG setup messages level=0 phase=numbering sends=0 bytes=0 collective_rank_calls=3584
AMG setup messages level=0 phase=interpolation sends=173112 bytes=1667566852 collective_rank_calls=3584
AMG setup messages level=0 phase=interpolation-transpose sends=69044 bytes=626646576 collective_rank_calls=3584
AMG setup messages level=0 phase=A*P sends=90744 bytes=2937282336 collective_rank_calls=3584
AMG setup messages level=0 phase=R*(A*P) sends=207132 bytes=4423483920 collective_rank_calls=3584
AMG setup messages level=1 phase=strength sends=0 bytes=0 collective_rank_calls=3584
AMG setup messages level=1 phase=strength-transpose sends=76402 bytes=1431274080 collective_rank_calls=3584
AMG setup messages level=1 phase=PMIS sends=1686460 bytes=2696473680 collective_rank_calls=39424
AMG setup messages level=1 phase=numbering sends=0 bytes=0 collective_rank_calls=3584
AMG setup messages level=1 phase=interpolation sends=454350 bytes=1724352896 collective_rank_calls=3584
AMG setup messages level=1 phase=interpolation-transpose sends=74655 bytes=488037712 collective_rank_calls=3584
AMG setup messages level=1 phase=A*P sends=257538 bytes=2887179712 collective_rank_calls=3584
AMG setup messages level=1 phase=R*(A*P) sends=223965 bytes=7270893344 collective_rank_calls=3584
AMG setup messages level=2 phase=strength sends=0 bytes=0 collective_rank_calls=3584
AMG setup messages level=2 phase=strength-transpose sends=86710 bytes=638769828 collective_rank_calls=3584
AMG setup messages level=2 phase=PMIS sends=2093442 bytes=969882868 collective_rank_calls=43008
AMG setup messages level=2 phase=numbering sends=0 bytes=0 collective_rank_calls=3584
AMG setup messages level=2 phase=interpolation sends=512481 bytes=667949716 collective_rank_calls=3584
AMG setup messages level=2 phase=interpolation-transpose sends=73591 bytes=142211136 collective_rank_calls=3584
AMG setup messages level=2 phase=A*P sends=300156 bytes=1164861936 collective_rank_calls=3584
AMG setup messages level=2 phase=R*(A*P) sends=220773 bytes=3214520272 collective_rank_calls=3584
AMG setup messages level=3 phase=strength sends=0 bytes=0 collective_rank_calls=3584
AMG setup messages level=3 phase=strength-transpose sends=88771 bytes=162225688 collective_rank_calls=3584
AMG setup messages level=3 phase=PMIS sends=1967710 bytes=238613168 collective_rank_calls=39424
AMG setup messages level=3 phase=numbering sends=0 bytes=0 collective_rank_calls=3584
AMG setup messages level=3 phase=interpolation sends=524841 bytes=183236180 collective_rank_calls=3584
AMG setup messages level=3 phase=interpolation-transpose sends=64606 bytes=33345104 collective_rank_calls=3584
AMG setup messages level=3 phase=A*P sends=306924 bytes=372362832 collective_rank_calls=3584
AMG setup messages level=3 phase=R*(A*P) sends=193818 bytes=879091344 collective_rank_calls=3584
AMG setup messages level=4 phase=strength sends=0 bytes=0 collective_rank_calls=3584
AMG setup messages level=4 phase=strength-transpose sends=86538 bytes=32745112 collective_rank_calls=3584
AMG setup messages level=4 phase=PMIS sends=2124778 bytes=68312492 collective_rank_calls=43008
AMG setup messages level=4 phase=numbering sends=0 bytes=0 collective_rank_calls=3584
AMG setup messages level=4 phase=interpolation sends=506562 bytes=46075460 collective_rank_calls=3584
AMG setup messages level=4 phase=interpolation-transpose sends=47448 bytes=7501920 collective_rank_calls=3584
AMG setup messages level=4 phase=A*P sends=458232 bytes=128694960 collective_rank_calls=3584
AMG setup messages level=4 phase=R*(A*P) sends=142344 bytes=197805680 collective_rank_calls=3584
AMG setup messages level=5 phase=strength sends=0 bytes=0 collective_rank_calls=3584
AMG setup messages level=5 phase=strength-transpose sends=74702 bytes=5742296 collective_rank_calls=3584
AMG setup messages level=5 phase=PMIS sends=1348646 bytes=11656080 collective_rank_calls=28672
AMG setup messages level=5 phase=numbering sends=0 bytes=0 collective_rank_calls=3584
AMG setup messages level=5 phase=interpolation sends=406947 bytes=8867272 collective_rank_calls=3584
AMG setup messages level=5 phase=interpolation-transpose sends=20825 bytes=1631168 collective_rank_calls=3584
AMG setup messages level=5 phase=A*P sends=860478 bytes=51131856 collective_rank_calls=3584
AMG setup messages level=5 phase=R*(A*P) sends=62475 bytes=31121552 collective_rank_calls=3584
AMG setup messages level=6 phase=strength sends=0 bytes=0 collective_rank_calls=3584
AMG setup messages level=6 phase=strength-transpose sends=14209 bytes=788196 collective_rank_calls=3584
AMG setup messages level=6 phase=PMIS sends=307453 bytes=1871452 collective_rank_calls=28672
AMG setup messages level=6 phase=numbering sends=0 bytes=0 collective_rank_calls=3584
AMG setup messages level=6 phase=interpolation sends=68088 bytes=950896 collective_rank_calls=3584
AMG setup messages level=6 phase=interpolation-transpose sends=5299 bytes=318048 collective_rank_calls=3584
AMG setup messages level=6 phase=A*P sends=343752 bytes=10513056 collective_rank_calls=3584
AMG setup messages level=6 phase=R*(A*P) sends=15897 bytes=4436112 collective_rank_calls=3584
AMG setup messages level=7 phase=strength sends=0 bytes=0 collective_rank_calls=3584
AMG setup messages level=7 phase=strength-transpose sends=3293 bytes=174348 collective_rank_calls=3584
AMG setup messages level=7 phase=PMIS sends=50852 bytes=327328 collective_rank_calls=17920
AMG setup messages level=7 phase=numbering sends=0 bytes=0 collective_rank_calls=3584
AMG setup messages level=7 phase=interpolation sends=14124 bytes=155536 collective_rank_calls=3584
AMG setup messages level=7 phase=interpolation-transpose sends=1710 bytes=99024 collective_rank_calls=3584
AMG setup messages level=7 phase=A*P sends=82662 bytes=2189440 collective_rank_calls=3584
AMG setup messages level=7 phase=R*(A*P) sends=5130 bytes=864384 collective_rank_calls=3584
AMG setup messages level=8 phase=strength sends=0 bytes=0 collective_rank_calls=3584
AMG setup messages level=8 phase=strength-transpose sends=1272 bytes=66792 collective_rank_calls=3584
AMG setup messages level=8 phase=PMIS sends=12656 bytes=92496 collective_rank_calls=10752
AMG setup messages level=8 phase=numbering sends=0 bytes=0 collective_rank_calls=3584
AMG setup messages level=8 phase=interpolation sends=6240 bytes=51296 collective_rank_calls=3584
AMG setup messages level=8 phase=interpolation-transpose sends=335 bytes=20016 collective_rank_calls=3584
AMG setup messages level=8 phase=A*P sends=21534 bytes=317024 collective_rank_calls=3584
AMG setup messages level=8 phase=R*(A*P) sends=1005 bytes=41792 collective_rank_calls=3584
AMG setup messages level=9 phase=strength sends=0 bytes=0 collective_rank_calls=3584
AMG setup messages level=9 phase=strength-transpose sends=41 bytes=2104 collective_rank_calls=3584
AMG setup messages level=9 phase=PMIS sends=275 bytes=2224 collective_rank_calls=7168
AMG setup messages level=9 phase=numbering sends=0 bytes=0 collective_rank_calls=3584
AMG setup messages level=9 phase=interpolation sends=123 bytes=820 collective_rank_calls=3584
AMG setup messages level=9 phase=interpolation-transpose sends=39 bytes=2272 collective_rank_calls=3584
AMG setup messages level=9 phase=A*P sends=666 bytes=9376 collective_rank_calls=3584
AMG setup messages level=9 phase=R*(A*P) sends=117 bytes=2048 collective_rank_calls=3584
AMG setup messages level=0 phase=strength sends=0 bytes=0 collective_rank_calls=3584
AMG setup messages level=0 phase=strength-transpose sends=28852 bytes=1220146624 collective_rank_calls=3584
AMG setup messages level=0 phase=PMIS sends=533296 bytes=3524305152 collective_rank_calls=32256
AMG setup messages level=0 phase=numbering sends=0 bytes=0 collective_rank_calls=3584
AMG setup messages level=0 phase=interpolation sends=173112 bytes=1667290564 collective_rank_calls=3584
AMG setup messages level=0 phase=interpolation-transpose sends=68954 bytes=626884144 collective_rank_calls=3584
AMG setup messages level=0 phase=A*P sends=90744 bytes=2937144144 collective_rank_calls=3584
AMG setup messages level=0 phase=R*(A*P) sends=206862 bytes=4423898496 collective_rank_calls=3584
AMG setup messages level=1 phase=strength sends=0 bytes=0 collective_rank_calls=3584
AMG setup messages level=1 phase=strength-transpose sends=76222 bytes=1431199484 collective_rank_calls=3584
AMG setup messages level=1 phase=PMIS sends=1835308 bytes=2920632164 collective_rank_calls=43008
AMG setup messages level=1 phase=numbering sends=0 bytes=0 collective_rank_calls=3584
AMG setup messages level=1 phase=interpolation sends=453450 bytes=1724358456 collective_rank_calls=3584
AMG setup messages level=1 phase=interpolation-transpose sends=74715 bytes=487919888 collective_rank_calls=3584
AMG setup messages level=1 phase=A*P sends=257892 bytes=2887283360 collective_rank_calls=3584
AMG setup messages level=1 phase=R*(A*P) sends=224145 bytes=7270253152 collective_rank_calls=3584
AMG setup messages level=2 phase=strength sends=0 bytes=0 collective_rank_calls=3584
AMG setup messages level=2 phase=strength-transpose sends=86841 bytes=638249128 collective_rank_calls=3584
AMG setup messages level=2 phase=PMIS sends=2096651 bytes=969892292 collective_rank_calls=43008
AMG setup messages level=2 phase=numbering sends=0 bytes=0 collective_rank_calls=3584
AMG setup messages level=2 phase=interpolation sends=512652 bytes=667753188 collective_rank_calls=3584
AMG setup messages level=2 phase=interpolation-transpose sends=73624 bytes=142232768 collective_rank_calls=3584
AMG setup messages level=2 phase=A*P sends=300300 bytes=1164607472 collective_rank_calls=3584
AMG setup messages level=2 phase=R*(A*P) sends=220872 bytes=3217707744 collective_rank_calls=3584
AMG setup messages level=3 phase=strength sends=0 bytes=0 collective_rank_calls=3584
AMG setup messages level=3 phase=strength-transpose sends=88753 bytes=161856216 collective_rank_calls=3584
AMG setup messages level=3 phase=PMIS sends=1967722 bytes=238814096 collective_rank_calls=39424
AMG setup messages level=3 phase=numbering sends=0 bytes=0 collective_rank_calls=3584
AMG setup messages level=3 phase=interpolation sends=524508 bytes=183249812 collective_rank_calls=3584
AMG setup messages level=3 phase=interpolation-transpose sends=64737 bytes=33510880 collective_rank_calls=3584
AMG setup messages level=3 phase=A*P sends=307032 bytes=373010976 collective_rank_calls=3584
AMG setup messages level=3 phase=R*(A*P) sends=194211 bytes=885488352 collective_rank_calls=3584
AMG setup messages level=4 phase=strength sends=0 bytes=0 collective_rank_calls=3584
AMG setup messages level=4 phase=strength-transpose sends=86359 bytes=32346188 collective_rank_calls=3584
AMG setup messages level=4 phase=PMIS sends=1770927 bytes=57945668 collective_rank_calls=35840
AMG setup messages level=4 phase=numbering sends=0 bytes=0 collective_rank_calls=3584
AMG setup messages level=4 phase=interpolation sends=504450 bytes=45670008 collective_rank_calls=3584
AMG setup messages level=4 phase=interpolation-transpose sends=47666 bytes=7559648 collective_rank_calls=3584
AMG setup messages level=4 phase=A*P sends=459498 bytes=129473328 collective_rank_calls=3584
AMG setup messages level=4 phase=R*(A*P) sends=142998 bytes=200818624 collective_rank_calls=3584
AMG setup messages level=5 phase=strength sends=0 bytes=0 collective_rank_calls=3584
AMG setup messages level=5 phase=strength-transpose sends=72581 bytes=5538624 collective_rank_calls=3584
AMG setup messages level=5 phase=PMIS sends=1161726 bytes=10198568 collective_rank_calls=25088
AMG setup messages level=5 phase=numbering sends=0 bytes=0 collective_rank_calls=3584
AMG setup messages level=5 phase=interpolation sends=392691 bytes=8426356 collective_rank_calls=3584
AMG setup messages level=5 phase=interpolation-transpose sends=19741 bytes=1606944 collective_rank_calls=3584
AMG setup messages level=5 phase=A*P sends=868038 bytes=51692704 collective_rank_calls=3584
AMG setup messages level=5 phase=R*(A*P) sends=59223 bytes=29973840 collective_rank_calls=3584
AMG setup messages level=6 phase=strength sends=0 bytes=0 collective_rank_calls=3584
AMG setup messages level=6 phase=strength-transpose sends=12389 bytes=742616 collective_rank_calls=3584
AMG setup messages level=6 phase=PMIS sends=271925 bytes=1765068 collective_rank_calls=28672
AMG setup messages level=6 phase=numbering sends=0 bytes=0 collective_rank_calls=3584
AMG setup messages level=6 phase=interpolation sends=59082 bytes=903792 collective_rank_calls=3584
AMG setup messages level=6 phase=interpolation-transpose sends=4861 bytes=302448 collective_rank_calls=3584
AMG setup messages level=6 phase=A*P sends=332196 bytes=10478912 collective_rank_calls=3584
AMG setup messages level=6 phase=R*(A*P) sends=14583 bytes=4497312 collective_rank_calls=3584
AMG setup messages level=7 phase=strength sends=0 bytes=0 collective_rank_calls=3584
AMG setup messages level=7 phase=strength-transpose sends=3448 bytes=198832 collective_rank_calls=3584
AMG setup messages level=7 phase=PMIS sends=43174 bytes=320428 collective_rank_calls=14336
AMG setup messages level=7 phase=numbering sends=0 bytes=0 collective_rank_calls=3584
AMG setup messages level=7 phase=interpolation sends=15270 bytes=165804 collective_rank_calls=3584
AMG setup messages level=7 phase=interpolation-transpose sends=1724 bytes=110048 collective_rank_calls=3584
AMG setup messages level=7 phase=A*P sends=87360 bytes=2311936 collective_rank_calls=3584
AMG setup messages level=7 phase=R*(A*P) sends=5172 bytes=724688 collective_rank_calls=3584
AMG setup messages level=8 phase=strength sends=0 bytes=0 collective_rank_calls=3584
AMG setup messages level=8 phase=strength-transpose sends=564 bytes=32372 collective_rank_calls=3584
AMG setup messages level=8 phase=PMIS sends=5616 bytes=45016 collective_rank_calls=10752
AMG setup messages level=8 phase=numbering sends=0 bytes=0 collective_rank_calls=3584
AMG setup messages level=8 phase=interpolation sends=2055 bytes=15828 collective_rank_calls=3584
AMG setup messages level=8 phase=interpolation-transpose sends=263 bytes=18464 collective_rank_calls=3584
AMG setup messages level=8 phase=A*P sends=13278 bytes=254976 collective_rank_calls=3584
AMG setup messages level=8 phase=R*(A*P) sends=789 bytes=55616 collective_rank_calls=3584
AMG setup messages level=9 phase=strength sends=0 bytes=0 collective_rank_calls=3584
AMG setup messages level=9 phase=strength-transpose sends=109 bytes=6228 collective_rank_calls=3584
AMG setup messages level=9 phase=PMIS sends=757 bytes=7100 collective_rank_calls=7168
AMG setup messages level=9 phase=numbering sends=0 bytes=0 collective_rank_calls=3584
AMG setup messages level=9 phase=interpolation sends=327 bytes=2200 collective_rank_calls=3584
AMG setup messages level=9 phase=interpolation-transpose sends=108 bytes=7056 collective_rank_calls=3584
AMG setup messages level=9 phase=A*P sends=2040 bytes=36128 collective_rank_calls=3584
AMG setup messages level=9 phase=R*(A*P) sends=324 bytes=7200 collective_rank_calls=3584
AMG setup messages level=0 phase=strength sends=0 bytes=0 collective_rank_calls=3584
AMG setup messages level=0 phase=strength-transpose sends=28852 bytes=1220044224 collective_rank_calls=3584
AMG setup messages level=0 phase=PMIS sends=592396 bytes=3874714984 collective_rank_calls=35840
AMG setup messages level=0 phase=numbering sends=0 bytes=0 collective_rank_calls=3584
AMG setup messages level=0 phase=interpolation sends=173112 bytes=1666919144 collective_rank_calls=3584
AMG setup messages level=0 phase=interpolation-transpose sends=69021 bytes=626472032 collective_rank_calls=3584
AMG setup messages level=0 phase=A*P sends=90744 bytes=2936830336 collective_rank_calls=3584
AMG setup messages level=0 phase=R*(A*P) sends=207063 bytes=4420792624 collective_rank_calls=3584
AMG setup messages level=1 phase=strength sends=0 bytes=0 collective_rank_calls=3584
AMG setup messages level=1 phase=strength-transpose sends=76448 bytes=1431217776 collective_rank_calls=3584
AMG setup messages level=1 phase=PMIS sends=1840784 bytes=2921405204 collective_rank_calls=43008
AMG setup messages level=1 phase=numbering sends=0 bytes=0 collective_rank_calls=3584
AMG setup messages level=1 phase=interpolation sends=454782 bytes=1724543064 collective_rank_calls=3584
AMG setup messages level=1 phase=interpolation-transpose sends=74751 bytes=488117248 collective_rank_calls=3584
AMG setup messages level=1 phase=A*P sends=258882 bytes=2887334880 collective_rank_calls=3584
AMG setup messages level=1 phase=R*(A*P) sends=224253 bytes=7271867072 collective_rank_calls=3584
AMG setup messages level=2 phase=strength sends=0 bytes=0 collective_rank_calls=3584
AMG setup messages level=2 phase=strength-transpose sends=86815 bytes=637796436 collective_rank_calls=3584
AMG setup messages level=2 phase=PMIS sends=2096287 bytes=970032244 collective_rank_calls=43008
AMG setup messages level=2 phase=numbering sends=0 bytes=0 collective_rank_calls=3584
AMG setup messages level=2 phase=interpolation sends=512799 bytes=667337848 collective_rank_calls=3584
AMG setup messages level=2 phase=interpolation-transpose sends=73738 bytes=142410528 collective_rank_calls=3584
AMG setup messages level=2 phase=A*P sends=300432 bytes=1165270576 collective_rank_calls=3584
AMG setup messages level=2 phase=R*(A*P) sends=221214 bytes=3219920400 collective_rank_calls=3584
AMG setup messages level=3 phase=strength sends=0 bytes=0 collective_rank_calls=3584
AMG setup messages level=3 phase=strength-transpose sends=88655 bytes=161230388 collective_rank_calls=3584
AMG setup messages level=3 phase=PMIS sends=1966934 bytes=238748928 collective_rank_calls=39424
AMG setup messages level=3 phase=numbering sends=0 bytes=0 collective_rank_calls=3584
AMG setup messages level=3 phase=interpolation sends=523821 bytes=182422384 collective_rank_calls=3584
AMG setup messages level=3 phase=interpolation-transpose sends=64648 bytes=33674576 collective_rank_calls=3584
AMG setup messages level=3 phase=A*P sends=306966 bytes=373447792 collective_rank_calls=3584
AMG setup messages level=3 phase=R*(A*P) sends=193944 bytes=891109280 collective_rank_calls=3584
AMG setup messages level=4 phase=strength sends=0 bytes=0 collective_rank_calls=3584
AMG setup messages level=4 phase=strength-transpose sends=85978 bytes=31834880 collective_rank_calls=3584
AMG setup messages level=4 phase=PMIS sends=1765826 bytes=57704732 collective_rank_calls=35840
AMG setup messages level=4 phase=numbering sends=0 bytes=0 collective_rank_calls=3584
AMG setup messages level=4 phase=interpolation sends=502356 bytes=44843092 collective_rank_calls=3584
AMG setup messages level=4 phase=interpolation-transpose sends=47722 bytes=7646640 collective_rank_calls=3584
AMG setup messages level=4 phase=A*P sends=460518 bytes=130051424 collective_rank_calls=3584
AMG setup messages level=4 phase=R*(A*P) sends=143166 bytes=205625328 collective_rank_calls=3584
AMG setup messages level=5 phase=strength sends=0 bytes=0 collective_rank_calls=3584
AMG setup messages level=5 phase=strength-transpose sends=69420 bytes=5259888 collective_rank_calls=3584
AMG setup messages level=5 phase=PMIS sends=1281072 bytes=10992800 collective_rank_calls=28672
AMG setup messages level=5 phase=numbering sends=0 bytes=0 collective_rank_calls=3584
AMG setup messages level=5 phase=interpolation sends=373215 bytes=7791516 collective_rank_calls=3584
AMG setup messages level=5 phase=interpolation-transpose sends=19401 bytes=1595936 collective_rank_calls=3584
AMG setup messages level=5 phase=A*P sends=879906 bytes=52385792 collective_rank_calls=3584
AMG setup messages level=5 phase=R*(A*P) sends=58203 bytes=29892432 collective_rank_calls=3584
AMG setup messages level=6 phase=strength sends=0 bytes=0 collective_rank_calls=3584
AMG setup messages level=6 phase=strength-transpose sends=11631 bytes=701840 collective_rank_calls=3584
AMG setup messages level=6 phase=PMIS sends=255513 bytes=1681168 collective_rank_calls=28672
AMG setup messages level=6 phase=numbering sends=0 bytes=0 collective_rank_calls=3584
AMG setup messages level=6 phase=interpolation sends=55017 bytes=835496 collective_rank_calls=3584
AMG setup messages level=6 phase=interpolation-transpose sends=4448 bytes=304416 collective_rank_calls=3584
AMG setup messages level=6 phase=A*P sends=334524 bytes=10695792 collective_rank_calls=3584
AMG setup messages level=6 phase=R*(A*P) sends=13344 bytes=4269072 collective_rank_calls=3584
AMG setup messages level=7 phase=strength sends=0 bytes=0 collective_rank_calls=3584
AMG setup messages level=7 phase=strength-transpose sends=3239 bytes=202436 collective_rank_calls=3584
AMG setup messages level=7 phase=PMIS sends=40347 bytes=314012 collective_rank_calls=14336
AMG setup messages level=7 phase=numbering sends=0 bytes=0 collective_rank_calls=3584
AMG setup messages level=7 phase=interpolation sends=14724 bytes=198736 collective_rank_calls=3584
AMG setup messages level=7 phase=interpolation-transpose sends=2006 bytes=138016 collective_rank_calls=3584
AMG setup messages level=7 phase=A*P sends=87624 bytes=2724304 collective_rank_calls=3584
AMG setup messages level=7 phase=R*(A*P) sends=6018 bytes=1047712 collective_rank_calls=3584
AMG setup messages level=8 phase=strength sends=0 bytes=0 collective_rank_calls=3584
AMG setup messages level=8 phase=strength-transpose sends=690 bytes=45576 collective_rank_calls=3584
AMG setup messages level=8 phase=PMIS sends=6732 bytes=59664 collective_rank_calls=10752
AMG setup messages level=8 phase=numbering sends=0 bytes=0 collective_rank_calls=3584
AMG setup messages level=8 phase=interpolation sends=2475 bytes=23976 collective_rank_calls=3584
AMG setup messages level=8 phase=interpolation-transpose sends=190 bytes=20160 collective_rank_calls=3584
AMG setup messages level=8 phase=A*P sends=19272 bytes=425040 collective_rank_calls=3584
AMG setup messages level=8 phase=R*(A*P) sends=570 bytes=68320 collective_rank_calls=3584
AMG setup messages level=9 phase=strength sends=0 bytes=0 collective_rank_calls=3584
AMG setup messages level=9 phase=strength-transpose sends=121 bytes=11832 collective_rank_calls=3584
AMG setup messages level=9 phase=PMIS sends=847 bytes=10828 collective_rank_calls=7168
AMG setup messages level=9 phase=numbering sends=0 bytes=0 collective_rank_calls=3584
AMG setup messages level=9 phase=interpolation sends=726 bytes=8712 collective_rank_calls=3584
AMG setup messages level=9 phase=interpolation-transpose sends=121 bytes=7888 collective_rank_calls=3584
AMG setup messages level=9 phase=A*P sends=3306 bytes=55648 collective_rank_calls=3584
AMG setup messages level=9 phase=R*(A*P) sends=363 bytes=8032 collective_rank_calls=3584
AMG setup messages level=0 phase=strength sends=0 bytes=0 collective_rank_calls=3584
AMG setup messages level=0 phase=strength-transpose sends=28852 bytes=1219937336 collective_rank_calls=3584
AMG setup messages level=0 phase=PMIS sends=592396 bytes=3874476176 collective_rank_calls=35840
AMG setup messages level=0 phase=numbering sends=0 bytes=0 collective_rank_calls=3584
AMG setup messages level=0 phase=interpolation sends=173112 bytes=1666790960 collective_rank_calls=3584
AMG setup messages level=0 phase=interpolation-transpose sends=69030 bytes=626602016 collective_rank_calls=3584
AMG setup messages level=0 phase=A*P sends=90744 bytes=2936801360 collective_rank_calls=3584
AMG setup messages level=0 phase=R*(A*P) sends=207090 bytes=4420945872 collective_rank_calls=3584
AMG setup messages level=1 phase=strength sends=0 bytes=0 collective_rank_calls=3584
AMG setup messages level=1 phase=strength-transpose sends=76269 bytes=1431217416 collective_rank_calls=3584
AMG setup messages level=1 phase=PMIS sends=1989812 bytes=3145281600 collective_rank_calls=46592
AMG setup messages level=1 phase=numbering sends=0 bytes=0 collective_rank_calls=3584
AMG setup messages level=1 phase=interpolation sends=453717 bytes=1724319840 collective_rank_calls=3584
AMG setup messages level=1 phase=interpolation-transpose sends=74654 bytes=488183184 collective_rank_calls=3584
AMG setup messages level=1 phase=A*P sends=257490 bytes=2886970896 collective_rank_calls=3584
AMG setup messages level=1 phase=R*(A*P) sends=223962 bytes=7270893536 collective_rank_calls=3584
AMG setup messages level=2 phase=strength sends=0 bytes=0 collective_rank_calls=3584
AMG setup messages level=2 phase=strength-transpose sends=86710 bytes=637191936 collective_rank_calls=3584
AMG setup messages level=2 phase=PMIS sends=2093416 bytes=970109812 collective_rank_calls=43008
AMG setup messages level=2 phase=numbering sends=0 bytes=0 collective_rank_calls=3584
AMG setup messages level=2 phase=interpolation sends=512193 bytes=667022404 collective_rank_calls=3584
AMG setup messages level=2 phase=interpolation-transpose sends=73469 bytes=142488256 collective_rank_calls=3584
AMG setup messages level=2 phase=A*P sends=300366 bytes=1165139424 collective_rank_calls=3584
AMG setup messages level=2 phase=R*(A*P) sends=220407 bytes=3223418576 collective_rank_calls=3584
AMG setup messages level=3 phase=strength sends=0 bytes=0 collective_rank_calls=3584
AMG setup messages level=3 phase=strength-transpose sends=88596 bytes=160564964 collective_rank_calls=3584
AMG setup messages level=3 phase=PMIS sends=1788508 bytes=218936496 collective_rank_calls=35840
AMG setup messages level=3 phase=numbering sends=0 bytes=0 collective_rank_calls=3584
AMG setup messages level=3 phase=interpolation sends=523200 bytes=182023232 collective_rank_calls=3584
AMG setup messages level=3 phase=interpolation-transpose sends=64596 bytes=33811648 collective_rank_calls=3584
AMG setup messages level=3 phase=A*P sends=306918 bytes=373997936 collective_rank_calls=3584
AMG setup messages level=3 phase=R*(A*P) sends=193788 bytes=896029344 collective_rank_calls=3584
AMG setup messages level=4 phase=strength sends=0 bytes=0 collective_rank_calls=3584
AMG setup messages level=4 phase=strength-transpose sends=85530 bytes=31368520 collective_rank_calls=3584
AMG setup messages level=4 phase=PMIS sends=1761926 bytes=57470312 collective_rank_calls=35840
AMG setup messages level=4 phase=numbering sends=0 bytes=0 collective_rank_calls=3584
AMG setup messages level=4 phase=interpolation sends=499587 bytes=44135224 collective_rank_calls=3584
AMG setup messages level=4 phase=interpolation-transpose sends=48035 bytes=7708608 collective_rank_calls=3584
AMG setup messages level=4 phase=A*P sends=461784 bytes=130707840 collective_rank_calls=3584
AMG setup messages level=4 phase=R*(A*P) sends=144105 bytes=208677936 collective_rank_calls=3584
AMG setup messages level=5 phase=strength sends=0 bytes=0 collective_rank_calls=3584
AMG setup messages level=5 phase=strength-transpose sends=66945 bytes=5090400 collective_rank_calls=3584
AMG setup messages level=5 phase=PMIS sends=1092486 bytes=9573064 collective_rank_calls=25088
AMG setup messages level=5 phase=numbering sends=0 bytes=0 collective_rank_calls=3584
AMG setup messages level=5 phase=interpolation sends=358995 bytes=7433284 collective_rank_calls=3584
AMG setup messages level=5 phase=interpolation-transpose sends=19047 bytes=1578704 collective_rank_calls=3584
AMG setup messages level=5 phase=A*P sends=884712 bytes=53160368 collective_rank_calls=3584
AMG setup messages level=5 phase=R*(A*P) sends=57141 bytes=30548256 collective_rank_calls=3584
AMG setup messages level=6 phase=strength sends=0 bytes=0 collective_rank_calls=3584
AMG setup messages level=6 phase=strength-transpose sends=11646 bytes=707700 collective_rank_calls=3584
AMG setup messages level=6 phase=PMIS sends=225124 bytes=1515976 collective_rank_calls=25088
AMG setup messages level=6 phase=numbering sends=0 bytes=0 collective_rank_calls=3584
AMG setup messages level=6 phase=interpolation sends=55146 bytes=802520 collective_rank_calls=3584
AMG setup messages level=6 phase=interpolation-transpose sends=4666 bytes=297760 collective_rank_calls=3584
AMG setup messages level=6 phase=A*P sends=345504 bytes=10866128 collective_rank_calls=3584
AMG setup messages level=6 phase=R*(A*P) sends=13998 bytes=4991232 collective_rank_calls=3584
AMG setup messages level=7 phase=strength sends=0 bytes=0 collective_rank_calls=3584
AMG setup messages level=7 phase=strength-transpose sends=3482 bytes=200980 collective_rank_calls=3584
AMG setup messages level=7 phase=PMIS sends=43696 bytes=328540 collective_rank_calls=14336
AMG setup messages level=7 phase=numbering sends=0 bytes=0 collective_rank_calls=3584
AMG setup messages level=7 phase=interpolation sends=15285 bytes=154316 collective_rank_calls=3584
AMG setup messages level=7 phase=interpolation-transpose sends=1591 bytes=102672 collective_rank_calls=3584
AMG setup messages level=7 phase=A*P sends=104058 bytes=2581664 collective_rank_calls=3584
AMG setup messages level=7 phase=R*(A*P) sends=4773 bytes=739392 collective_rank_calls=3584
AMG setup messages level=8 phase=strength sends=0 bytes=0 collective_rank_calls=3584
AMG setup messages level=8 phase=strength-transpose sends=667 bytes=36536 collective_rank_calls=3584
AMG setup messages level=8 phase=PMIS sends=6614 bytes=51392 collective_rank_calls=10752
AMG setup messages level=8 phase=numbering sends=0 bytes=0 collective_rank_calls=3584
AMG setup messages level=8 phase=interpolation sends=2682 bytes=20604 collective_rank_calls=3584
AMG setup messages level=8 phase=interpolation-transpose sends=174 bytes=11120 collective_rank_calls=3584
AMG setup messages level=8 phase=A*P sends=15150 bytes=241280 collective_rank_calls=3584
AMG setup messages level=8 phase=R*(A*P) sends=522 bytes=36448 collective_rank_calls=3584
AMG setup messages level=9 phase=strength sends=0 bytes=0 collective_rank_calls=3584
AMG setup messages level=9 phase=strength-transpose sends=152 bytes=8192 collective_rank_calls=3584
AMG setup messages level=9 phase=PMIS sends=968 bytes=8384 collective_rank_calls=7168
AMG setup messages level=9 phase=numbering sends=0 bytes=0 collective_rank_calls=3584
AMG setup messages level=9 phase=interpolation sends=456 bytes=3120 collective_rank_calls=3584
AMG setup messages level=9 phase=interpolation-transpose sends=136 bytes=8384 collective_rank_calls=3584
AMG setup messages level=9 phase=A*P sends=2574 bytes=40384 collective_rank_calls=3584
AMG setup messages level=9 phase=R*(A*P) sends=408 bytes=8064 collective_rank_calls=3584
AMG setup messages level=0 phase=strength sends=0 bytes=0 collective_rank_calls=3584
AMG setup messages level=0 phase=strength-transpose sends=28852 bytes=1219832844 collective_rank_calls=3584
AMG setup messages level=0 phase=PMIS sends=533296 bytes=3523680256 collective_rank_calls=32256
AMG setup messages level=0 phase=numbering sends=0 bytes=0 collective_rank_calls=3584
AMG setup messages level=0 phase=interpolation sends=173112 bytes=1666529456 collective_rank_calls=3584
AMG setup messages level=0 phase=interpolation-transpose sends=68970 bytes=627210192 collective_rank_calls=3584
AMG setup messages level=0 phase=A*P sends=90744 bytes=2936630432 collective_rank_calls=3584
AMG setup messages level=0 phase=R*(A*P) sends=206910 bytes=4423483760 collective_rank_calls=3584
AMG setup messages level=1 phase=strength sends=0 bytes=0 collective_rank_calls=3584
AMG setup messages level=1 phase=strength-transpose sends=76430 bytes=1430900540 collective_rank_calls=3584
AMG setup messages level=1 phase=PMIS sends=1840846 bytes=2922053880 collective_rank_calls=43008
AMG setup messages level=1 phase=numbering sends=0 bytes=0 collective_rank_calls=3584
AMG setup messages level=1 phase=interpolation sends=454605 bytes=1724091604 collective_rank_calls=3584
AMG setup messages level=1 phase=interpolation-transpose sends=74667 bytes=488231040 collective_rank_calls=3584
AMG setup messages level=1 phase=A*P sends=257880 bytes=2887760144 collective_rank_calls=3584
AMG setup messages level=1 phase=R*(A*P) sends=224001 bytes=7272271232 collective_rank_calls=3584
AMG setup messages level=2 phase=strength sends=0 bytes=0 collective_rank_calls=3584
AMG setup messages level=2 phase=strength-transpose sends=86737 bytes=636520112 collective_rank_calls=3584
AMG setup messages level=2 phase=PMIS sends=1920082 bytes=895639648 collective_rank_calls=39424
AMG setup messages level=2 phase=numbering sends=0 bytes=0 collective_rank_calls=3584
AMG setup messages level=2 phase=interpolation sends=512676 bytes=666881048 collective_rank_calls=3584
AMG setup messages level=2 phase=interpolation-transpose sends=73527 bytes=142558144 collective_rank_calls=3584
AMG setup messages level=2 phase=A*P sends=300282 bytes=1165217904 collective_rank_calls=3584
AMG setup messages level=2 phase=R*(A*P) sends=220581 bytes=3226310448 collective_rank_calls=3584
AMG setup messages level=3 phase=strength sends=0 bytes=0 collective_rank_calls=3584
AMG setup messages level=3 phase=strength-transpose sends=88308 bytes=160029444 collective_rank_calls=3584
AMG setup messages level=3 phase=PMIS sends=1960776 bytes=238784464 collective_rank_calls=39424
AMG setup messages level=3 phase=numbering sends=0 bytes=0 collective_rank_calls=3584
AMG setup messages level=3 phase=interpolation sends=522177 bytes=181633952 collective_rank_calls=3584
AMG setup messages level=3 phase=interpolation-transpose sends=64541 bytes=33929168 collective_rank_calls=3584
AMG setup messages level=3 phase=A*P sends=306942 bytes=374553344 collective_rank_calls=3584
AMG setup messages level=3 phase=R*(A*P) sends=193623 bytes=898762416 collective_rank_calls=3584
AMG setup messages level=4 phase=strength sends=0 bytes=0 collective_rank_calls=3584
AMG setup messages level=4 phase=strength-transpose sends=85009 bytes=31064944 collective_rank_calls=3584
AMG setup messages level=4 phase=PMIS sends=2279548 bytes=72717024 collective_rank_calls=46592
AMG setup messages level=4 phase=numbering sends=0 bytes=0 collective_rank_calls=3584
AMG setup messages level=4 phase=interpolation sends=495801 bytes=43756728 collective_rank_calls=3584
AMG setup messages level=4 phase=interpolation-transpose sends=47728 bytes=7780368 collective_rank_calls=3584
AMG setup messages level=4 phase=A*P sends=460626 bytes=131279616 collective_rank_calls=3584
AMG setup messages level=4 phase=R*(A*P) sends=143184 bytes=212176992 collective_rank_calls=3584
AMG setup messages level=5 phase=strength sends=0 bytes=0 collective_rank_calls=3584
AMG setup messages level=5 phase=strength-transpose sends=65805 bytes=5060088 collective_rank_calls=3584
AMG setup messages level=5 phase=PMIS sends=1076622 bytes=9559536 collective_rank_calls=25088
AMG setup messages level=5 phase=numbering sends=0 bytes=0 collective_rank_calls=3584
AMG setup messages level=5 phase=interpolation sends=352416 bytes=7388580 collective_rank_calls=3584
AMG setup messages level=5 phase=interpolation-transpose sends=18862 bytes=1588208 collective_rank_calls=3584
AMG setup messages level=5 phase=A*P sends=881496 bytes=53817776 collective_rank_calls=3584
AMG setup messages level=5 phase=R*(A*P) sends=56586 bytes=31798352 collective_rank_calls=3584
AMG setup messages level=6 phase=strength sends=0 bytes=0 collective_rank_calls=3584
AMG setup messages level=6 phase=strength-transpose sends=12148 bytes=748572 collective_rank_calls=3584
AMG setup messages level=6 phase=PMIS sends=201972 bytes=1424860 collective_rank_calls=21504
AMG setup messages level=6 phase=numbering sends=0 bytes=0 collective_rank_calls=3584
AMG setup messages level=6 phase=interpolation sends=57267 bytes=866172 collective_rank_calls=3584
AMG setup messages level=6 phase=interpolation-transpose sends=4821 bytes=317600 collective_rank_calls=3584
AMG setup messages level=6 phase=A*P sends=358320 bytes=11616688 collective_rank_calls=3584
AMG setup messages level=6 phase=R*(A*P) sends=14463 bytes=5181904 collective_rank_calls=3584
AMG setup messages level=7 phase=strength sends=0 bytes=0 collective_rank_calls=3584
AMG setup messages level=7 phase=strength-transpose sends=3648 bytes=224428 collective_rank_calls=3584
AMG setup messages level=7 phase=PMIS sends=45894 bytes=364760 collective_rank_calls=14336
AMG setup messages level=7 phase=numbering sends=0 bytes=0 collective_rank_calls=3584
AMG setup messages level=7 phase=interpolation sends=15993 bytes=171888 collective_rank_calls=3584
AMG setup messages level=7 phase=interpolation-transpose sends=1459 bytes=112096 collective_rank_calls=3584
AMG setup messages level=7 phase=A*P sends=105636 bytes=2989600 collective_rank_calls=3584
AMG setup messages level=7 phase=R*(A*P) sends=4377 bytes=1055664 collective_rank_calls=3584
AMG setup messages level=8 phase=strength sends=0 bytes=0 collective_rank_calls=3584
AMG setup messages level=8 phase=strength-transpose sends=793 bytes=52132 collective_rank_calls=3584
AMG setup messages level=8 phase=PMIS sends=7898 bytes=70080 collective_rank_calls=10752
AMG setup messages level=8 phase=numbering sends=0 bytes=0 collective_rank_calls=3584
AMG setup messages level=8 phase=interpolation sends=3333 bytes=31308 collective_rank_calls=3584
AMG setup messages level=8 phase=interpolation-transpose sends=309 bytes=19792 collective_rank_calls=3584
AMG setup messages level=8 phase=A*P sends=26550 bytes=492464 collective_rank_calls=3584
AMG setup messages level=8 phase=R*(A*P) sends=927 bytes=116224 collective_rank_calls=3584
AMG setup messages level=9 phase=strength sends=0 bytes=0 collective_rank_calls=3584
AMG setup messages level=9 phase=strength-transpose sends=177 bytes=9612 collective_rank_calls=3584
AMG setup messages level=9 phase=PMIS sends=1143 bytes=10060 collective_rank_calls=7168
AMG setup messages level=9 phase=numbering sends=0 bytes=0 collective_rank_calls=3584
AMG setup messages level=9 phase=interpolation sends=531 bytes=3600 collective_rank_calls=3584
AMG setup messages level=9 phase=interpolation-transpose sends=161 bytes=10048 collective_rank_calls=3584
AMG setup messages level=9 phase=A*P sends=5646 bytes=89568 collective_rank_calls=3584
AMG setup messages level=9 phase=R*(A*P) sends=483 bytes=9792 collective_rank_calls=3584
AMG setup messages level=0 phase=strength sends=0 bytes=0 collective_rank_calls=3584
AMG setup messages level=0 phase=strength-transpose sends=28852 bytes=1219733440 collective_rank_calls=3584
AMG setup messages level=0 phase=PMIS sends=533296 bytes=3523461600 collective_rank_calls=32256
AMG setup messages level=0 phase=numbering sends=0 bytes=0 collective_rank_calls=3584
AMG setup messages level=0 phase=interpolation sends=173112 bytes=1666443168 collective_rank_calls=3584
AMG setup messages level=0 phase=interpolation-transpose sends=69046 bytes=626757344 collective_rank_calls=3584
AMG setup messages level=0 phase=A*P sends=90744 bytes=2936690240 collective_rank_calls=3584
AMG setup messages level=0 phase=R*(A*P) sends=207138 bytes=4421339232 collective_rank_calls=3584
AMG setup messages level=1 phase=strength sends=0 bytes=0 collective_rank_calls=3584
AMG setup messages level=1 phase=strength-transpose sends=76429 bytes=1430624860 collective_rank_calls=3584
AMG setup messages level=1 phase=PMIS sends=1840549 bytes=2921883432 collective_rank_calls=43008
AMG setup messages level=1 phase=numbering sends=0 bytes=0 collective_rank_calls=3584
AMG setup messages level=1 phase=interpolation sends=454467 bytes=1723866536 collective_rank_calls=3584
AMG setup messages level=1 phase=interpolation-transpose sends=74761 bytes=488128384 collective_rank_calls=3584
AMG setup messages level=1 phase=A*P sends=257940 bytes=2886955024 collective_rank_calls=3584
AMG setup messages level=1 phase=R*(A*P) sends=224283 bytes=7272143744 collective_rank_calls=3584
AMG setup messages level=2 phase=strength sends=0 bytes=0 collective_rank_calls=3584
AMG setup messages level=2 phase=strength-transpose sends=86623 bytes=635915048 collective_rank_calls=3584
AMG setup messages level=2 phase=PMIS sends=1918078 bytes=895645912 collective_rank_calls=39424
AMG setup messages level=2 phase=numbering sends=0 bytes=0 collective_rank_calls=3584
AMG setup messages level=2 phase=interpolation sends=512034 bytes=666283396 collective_rank_calls=3584
AMG setup messages level=2 phase=interpolation-transpose sends=73585 bytes=142612320 collective_rank_calls=3584
AMG setup messages level=2 phase=A*P sends=300156 bytes=1165363232 collective_rank_calls=3584
AMG setup messages level=2 phase=R*(A*P) sends=220755 bytes=3227910688 collective_rank_calls=3584
AMG setup messages level=3 phase=strength sends=0 bytes=0 collective_rank_calls=3584
AMG setup messages level=3 phase=strength-transpose sends=88250 bytes=159453536 collective_rank_calls=3584
AMG setup messages level=3 phase=PMIS sends=1960172 bytes=238729720 collective_rank_calls=39424
AMG setup messages level=3 phase=numbering sends=0 bytes=0 collective_rank_calls=3584
AMG setup messages level=3 phase=interpolation sends=521607 bytes=181207708 collective_rank_calls=3584
AMG setup messages level=3 phase=interpolation-transpose sends=64657 bytes=34034208 collective_rank_calls=3584
AMG setup messages level=3 phase=A*P sends=307158 bytes=375096032 collective_rank_calls=3584
AMG setup messages level=3 phase=R*(A*P) sends=193971 bytes=905002656 collective_rank_calls=3584
AMG setup messages level=4 phase=strength sends=0 bytes=0 collective_rank_calls=3584
AMG setup messages level=4 phase=strength-transpose sends=84956 bytes=30835240 collective_rank_calls=3584
AMG setup messages level=4 phase=PMIS sends=2283644 bytes=72598816 collective_rank_calls=46592
AMG setup messages level=4 phase=numbering sends=0 bytes=0 collective_rank_calls=3584
AMG setup messages level=4 phase=interpolation sends=495756 bytes=43511592 collective_rank_calls=3584
AMG setup messages level=4 phase=interpolation-transpose sends=47986 bytes=7806208 collective_rank_calls=3584
AMG setup messages level=4 phase=A*P sends=461508 bytes=132043472 collective_rank_calls=3584
AMG setup messages level=4 phase=R*(A*P) sends=143958 bytes=215632320 collective_rank_calls=3584
AMG setup messages level=5 phase=strength sends=0 bytes=0 collective_rank_calls=3584
AMG setup messages level=5 phase=strength-transpose sends=66128 bytes=5139252 collective_rank_calls=3584
AMG setup messages level=5 phase=PMIS sends=1083680 bytes=9734752 collective_rank_calls=25088
AMG setup messages level=5 phase=numbering sends=0 bytes=0 collective_rank_calls=3584
AMG setup messages level=5 phase=interpolation sends=356502 bytes=7474876 collective_rank_calls=3584
AMG setup messages level=5 phase=interpolation-transpose sends=19325 bytes=1644704 collective_rank_calls=3584
AMG setup messages level=5 phase=A*P sends=891240 bytes=55556288 collective_rank_calls=3584
AMG setup messages level=5 phase=R*(A*P) sends=57975 bytes=33395936 collective_rank_calls=3584
AMG setup messages level=6 phase=strength sends=0 bytes=0 collective_rank_calls=3584
AMG setup messages level=6 phase=strength-transpose sends=12270 bytes=756288 collective_rank_calls=3584
AMG setup messages level=6 phase=PMIS sends=203996 bytes=1443804 collective_rank_calls=21504
AMG setup messages level=6 phase=numbering sends=0 bytes=0 collective_rank_calls=3584
AMG setup messages level=6 phase=interpolation sends=58869 bytes=822172 collective_rank_calls=3584
AMG setup messages level=6 phase=interpolation-transpose sends=4553 bytes=308992 collective_rank_calls=3584
AMG setup messages level=6 phase=A*P sends=371820 bytes=12001760 collective_rank_calls=3584
AMG setup messages level=6 phase=R*(A*P) sends=13659 bytes=4951600 collective_rank_calls=3584
AMG setup messages level=7 phase=strength sends=0 bytes=0 collective_rank_calls=3584
AMG setup messages level=7 phase=strength-transpose sends=3202 bytes=207024 collective_rank_calls=3584
AMG setup messages level=7 phase=PMIS sends=40766 bytes=333180 collective_rank_calls=14336
AMG setup messages level=7 phase=numbering sends=0 bytes=0 collective_rank_calls=3584
AMG setup messages level=7 phase=interpolation sends=14082 bytes=157092 collective_rank_calls=3584
AMG setup messages level=7 phase=interpolation-transpose sends=1457 bytes=110176 collective_rank_calls=3584
AMG setup messages level=7 phase=A*P sends=97134 bytes=2708032 collective_rank_calls=3584
AMG setup messages level=7 phase=R*(A*P) sends=4371 bytes=974608 collective_rank_calls=3584
AMG setup messages level=8 phase=strength sends=0 bytes=0 collective_rank_calls=3584
AMG setup messages level=8 phase=strength-transpose sends=653 bytes=46408 collective_rank_calls=3584
AMG setup messages level=8 phase=PMIS sends=6458 bytes=60304 collective_rank_calls=10752
AMG setup messages level=8 phase=numbering sends=0 bytes=0 collective_rank_calls=3584
AMG setup messages level=8 phase=interpolation sends=3351 bytes=35832 collective_rank_calls=3584
AMG setup messages level=8 phase=interpolation-transpose sends=589 bytes=39376 collective_rank_calls=3584
AMG setup messages level=8 phase=A*P sends=24558 bytes=536592 collective_rank_calls=3584
AMG setup messages level=8 phase=R*(A*P) sends=1767 bytes=60896 collective_rank_calls=3584
AMG setup messages level=0 phase=strength sends=0 bytes=0 collective_rank_calls=3584
AMG setup messages level=0 phase=strength-transpose sends=28852 bytes=1219636768 collective_rank_calls=3584
AMG setup messages level=0 phase=PMIS sends=592396 bytes=3873754744 collective_rank_calls=35840
AMG setup messages level=0 phase=numbering sends=0 bytes=0 collective_rank_calls=3584
AMG setup messages level=0 phase=interpolation sends=173112 bytes=1666103960 collective_rank_calls=3584
AMG setup messages level=0 phase=interpolation-transpose sends=69038 bytes=627024432 collective_rank_calls=3584
AMG setup messages level=0 phase=A*P sends=90744 bytes=2936373376 collective_rank_calls=3584
AMG setup messages level=0 phase=R*(A*P) sends=207114 bytes=4421666368 collective_rank_calls=3584
AMG setup messages level=1 phase=strength sends=0 bytes=0 collective_rank_calls=3584
AMG setup messages level=1 phase=strength-transpose sends=76403 bytes=1430824852 collective_rank_calls=3584
AMG setup messages level=1 phase=PMIS sends=1839847 bytes=2922683476 collective_rank_calls=43008
AMG setup messages level=1 phase=numbering sends=0 bytes=0 collective_rank_calls=3584
AMG setup messages level=1 phase=interpolation sends=454440 bytes=1724009000 collective_rank_calls=3584
AMG setup messages level=1 phase=interpolation-transpose sends=74679 bytes=488327520 collective_rank_calls=3584
AMG setup messages level=1 phase=A*P sends=258276 bytes=2887556144 collective_rank_calls=3584
AMG setup messages level=1 phase=R*(A*P) sends=224037 bytes=7273547520 collective_rank_calls=3584
AMG setup messages level=2 phase=strength sends=0 bytes=0 collective_rank_calls=3584
AMG setup messages level=2 phase=strength-transpose sends=86754 bytes=635479956 collective_rank_calls=3584
AMG setup messages level=2 phase=PMIS sends=1920900 bytes=895887016 collective_rank_calls=39424
AMG setup messages level=2 phase=numbering sends=0 bytes=0 collective_rank_calls=3584
AMG setup messages level=2 phase=interpolation sends=512385 bytes=666490932 collective_rank_calls=3584
AMG setup messages level=2 phase=interpolation-transpose sends=73690 bytes=142614416 collective_rank_calls=3584
AMG setup messages level=2 phase=A*P sends=300276 bytes=1165723600 collective_rank_calls=3584
AMG setup messages level=2 phase=R*(A*P) sends=221070 bytes=3229985072 collective_rank_calls=3584
AMG setup messages level=3 phase=strength sends=0 bytes=0 collective_rank_calls=3584
AMG setup messages level=3 phase=strength-transpose sends=88503 bytes=159097896 collective_rank_calls=3584
AMG setup messages level=3 phase=PMIS sends=1965462 bytes=238847624 collective_rank_calls=39424
AMG setup messages level=3 phase=numbering sends=0 bytes=0 collective_rank_calls=3584
AMG setup messages level=3 phase=interpolation sends=523083 bytes=181207916 collective_rank_calls=3584
AMG setup messages level=3 phase=interpolation-transpose sends=64667 bytes=34172816 collective_rank_calls=3584
AMG setup messages level=3 phase=A*P sends=307098 bytes=375804592 collective_rank_calls=3584
AMG setup messages level=3 phase=R*(A*P) sends=194001 bytes=908592832 collective_rank_calls=3584
AMG setup messages level=4 phase=strength sends=0 bytes=0 collective_rank_calls=3584
AMG setup messages level=4 phase=strength-transpose sends=84393 bytes=30697416 collective_rank_calls=3584
AMG setup messages level=4 phase=PMIS sends=2271904 bytes=72462944 collective_rank_calls=46592
AMG setup messages level=4 phase=numbering sends=0 bytes=0 collective_rank_calls=3584
AMG setup messages level=4 phase=interpolation sends=491772 bytes=43288120 collective_rank_calls=3584
AMG setup messages level=4 phase=interpolation-transpose sends=48040 bytes=7856528 collective_rank_calls=3584
AMG setup messages level=4 phase=A*P sends=460638 bytes=132718544 collective_rank_calls=3584
AMG setup messages level=4 phase=R*(A*P) sends=144120 bytes=218469824 collective_rank_calls=3584
AMG setup messages level=5 phase=strength sends=0 bytes=0 collective_rank_calls=3584
AMG setup messages level=5 phase=strength-transpose sends=66167 bytes=5200488 collective_rank_calls=3584
AMG setup messages level=5 phase=PMIS sends=1233137 bytes=10952712 collective_rank_calls=28672
AMG setup messages level=5 phase=numbering sends=0 bytes=0 collective_rank_calls=3584
AMG setup messages level=5 phase=interpolation sends=358662 bytes=7651976 collective_rank_calls=3584
AMG setup messages level=5 phase=interpolation-transpose sends=19838 bytes=1678592 collective_rank_calls=3584
AMG setup messages level=5 phase=A*P sends=893088 bytes=56680736 collective_rank_calls=3584
AMG setup messages level=5 phase=R*(A*P) sends=59514 bytes=35902336 collective_rank_calls=3584
AMG setup messages level=6 phase=strength sends=0 bytes=0 collective_rank_calls=3584
AMG setup messages level=6 phase=strength-transpose sends=13194 bytes=795700 collective_rank_calls=3584
AMG setup messages level=6 phase=PMIS sends=287226 bytes=1915460 collective_rank_calls=28672
AMG setup messages level=6 phase=numbering sends=0 bytes=0 collective_rank_calls=3584
AMG setup messages level=6 phase=interpolation sends=62943 bytes=932584 collective_rank_calls=3584
AMG setup messages level=6 phase=interpolation-transpose sends=5273 bytes=342080 collective_rank_calls=3584
AMG setup messages level=6 phase=A*P sends=393792 bytes=12975072 collective_rank_calls=3584
AMG setup messages level=6 phase=R*(A*P) sends=15819 bytes=5888816 collective_rank_calls=3584
AMG setup messages level=7 phase=strength sends=0 bytes=0 collective_rank_calls=3584
AMG setup messages level=7 phase=strength-transpose sends=3464 bytes=206372 collective_rank_calls=3584
AMG setup messages level=7 phase=PMIS sends=33320 bytes=282096 collective_rank_calls=10752
AMG setup messages level=7 phase=numbering sends=0 bytes=0 collective_rank_calls=3584
AMG setup messages level=7 phase=interpolation sends=14805 bytes=154800 collective_rank_calls=3584
AMG setup messages level=7 phase=interpolation-transpose sends=1658 bytes=112576 collective_rank_calls=3584
AMG setup messages level=7 phase=A*P sends=103824 bytes=2893312 collective_rank_calls=3584
AMG setup messages level=7 phase=R*(A*P) sends=4974 bytes=1018032 collective_rank_calls=3584
AMG setup messages level=8 phase=strength sends=0 bytes=0 collective_rank_calls=3584
AMG setup messages level=8 phase=strength-transpose sends=838 bytes=48440 collective_rank_calls=3584
AMG setup messages level=8 phase=PMIS sends=5842 bytes=55992 collective_rank_calls=7168
AMG setup messages level=8 phase=numbering sends=0 bytes=0 collective_rank_calls=3584
AMG setup messages level=8 phase=interpolation sends=3927 bytes=31832 collective_rank_calls=3584
AMG setup messages level=8 phase=interpolation-transpose sends=365 bytes=24144 collective_rank_calls=3584
AMG setup messages level=8 phase=A*P sends=20142 bytes=346304 collective_rank_calls=3584
AMG setup messages level=8 phase=R*(A*P) sends=1095 bytes=36464 collective_rank_calls=3584
AMG setup messages level=0 phase=strength sends=0 bytes=0 collective_rank_calls=3584
AMG setup messages level=0 phase=strength-transpose sends=28852 bytes=1219549928 collective_rank_calls=3584
AMG setup messages level=0 phase=PMIS sends=651496 bytes=4224027088 collective_rank_calls=39424
AMG setup messages level=0 phase=numbering sends=0 bytes=0 collective_rank_calls=3584
AMG setup messages level=0 phase=interpolation sends=173112 bytes=1666078208 collective_rank_calls=3584
AMG setup messages level=0 phase=interpolation-transpose sends=69082 bytes=626807696 collective_rank_calls=3584
AMG setup messages level=0 phase=A*P sends=90744 bytes=2936312336 collective_rank_calls=3584
AMG setup messages level=0 phase=R*(A*P) sends=207246 bytes=4420284768 collective_rank_calls=3584
AMG setup messages level=1 phase=strength sends=0 bytes=0 collective_rank_calls=3584
AMG setup messages level=1 phase=strength-transpose sends=76354 bytes=1430576224 collective_rank_calls=3584
AMG setup messages level=1 phase=PMIS sends=1838944 bytes=2922651564 collective_rank_calls=43008
AMG setup messages level=1 phase=numbering sends=0 bytes=0 collective_rank_calls=3584
AMG setup messages level=1 phase=interpolation sends=454071 bytes=1723840740 collective_rank_calls=3584
AMG setup messages level=1 phase=interpolation-transpose sends=74554 bytes=488389936 collective_rank_calls=3584
AMG setup messages level=1 phase=A*P sends=257706 bytes=2887129712 collective_rank_calls=3584
AMG setup messages level=1 phase=R*(A*P) sends=223662 bytes=7273846384 collective_rank_calls=3584
AMG setup messages level=2 phase=strength sends=0 bytes=0 collective_rank_calls=3584
AMG setup messages level=2 phase=strength-transpose sends=86754 bytes=634946520 collective_rank_calls=3584
AMG setup messages level=2 phase=PMIS sends=2095720 bytes=970237248 collective_rank_calls=43008
AMG setup messages level=2 phase=numbering sends=0 bytes=0 collective_rank_calls=3584
AMG setup messages level=2 phase=interpolation sends=512379 bytes=666001224 collective_rank_calls=3584
AMG setup messages level=2 phase=interpolation-transpose sends=73585 bytes=142795648 collective_rank_calls=3584
AMG setup messages level=2 phase=A*P sends=300306 bytes=1166180640 collective_rank_calls=3584
AMG setup messages level=2 phase=R*(A*P) sends=220755 bytes=3233231984 collective_rank_calls=3584
AMG setup messages level=3 phase=strength sends=0 bytes=0 collective_rank_calls=3584
AMG setup messages level=3 phase=strength-transpose sends=88450 bytes=158677332 collective_rank_calls=3584
AMG setup messages level=3 phase=PMIS sends=2143236 bytes=258504784 collective_rank_calls=43008
AMG setup messages level=3 phase=numbering sends=0 bytes=0 collective_rank_calls=3584
AMG setup messages level=3 phase=interpolation sends=522339 bytes=180627520 collective_rank_calls=3584
AMG setup messages level=3 phase=interpolation-transpose sends=64604 bytes=34319216 collective_rank_calls=3584
AMG setup messages level=3 phase=A*P sends=307128 bytes=376177008 collective_rank_calls=3584
AMG setup messages level=3 phase=R*(A*P) sends=193812 bytes=913751472 collective_rank_calls=3584
AMG setup messages level=4 phase=strength sends=0 bytes=0 collective_rank_calls=3584
AMG setup messages level=4 phase=strength-transpose sends=84035 bytes=30545380 collective_rank_calls=3584
AMG setup messages level=4 phase=PMIS sends=2264416 bytes=72182880 collective_rank_calls=46592
AMG setup messages level=4 phase=numbering sends=0 bytes=0 collective_rank_calls=3584
AMG setup messages level=4 phase=interpolation sends=489990 bytes=43104136 collective_rank_calls=3584
AMG setup messages level=4 phase=interpolation-transpose sends=48096 bytes=7872048 collective_rank_calls=3584
AMG setup messages level=4 phase=A*P sends=460572 bytes=133249408 collective_rank_calls=3584
AMG setup messages level=4 phase=R*(A*P) sends=144288 bytes=220812096 collective_rank_calls=3584
AMG setup messages level=5 phase=strength sends=0 bytes=0 collective_rank_calls=3584
AMG setup messages level=5 phase=strength-transpose sends=67579 bytes=5303872 collective_rank_calls=3584
AMG setup messages level=5 phase=PMIS sends=1406152 bytes=12297648 collective_rank_calls=32256
AMG setup messages level=5 phase=numbering sends=0 bytes=0 collective_rank_calls=3584
AMG setup messages level=5 phase=interpolation sends=364764 bytes=7918076 collective_rank_calls=3584
AMG setup messages level=5 phase=interpolation-transpose sends=20540 bytes=1709504 collective_rank_calls=3584
AMG setup messages level=5 phase=A*P sends=897534 bytes=57451696 collective_rank_calls=3584
AMG setup messages level=5 phase=R*(A*P) sends=61620 bytes=38469616 collective_rank_calls=3584
AMG setup messages level=6 phase=strength sends=0 bytes=0 collective_rank_calls=3584
AMG setup messages level=6 phase=strength-transpose sends=14425 bytes=841736 collective_rank_calls=3584
AMG setup messages level=6 phase=PMIS sends=276118 bytes=1834096 collective_rank_calls=25088
AMG setup messages level=6 phase=numbering sends=0 bytes=0 collective_rank_calls=3584
AMG setup messages level=6 phase=interpolation sends=69960 bytes=1020696 collective_rank_calls=3584
AMG setup messages level=6 phase=interpolation-transpose sends=5949 bytes=382800 collective_rank_calls=3584
AMG setup messages level=6 phase=A*P sends=418488 bytes=14068816 collective_rank_calls=3584
AMG setup messages level=6 phase=R*(A*P) sends=17847 bytes=6291392 collective_rank_calls=3584
AMG setup messages level=7 phase=strength sends=0 bytes=0 collective_rank_calls=3584
AMG setup messages level=7 phase=strength-transpose sends=3601 bytes=203544 collective_rank_calls=3584
AMG setup messages level=7 phase=PMIS sends=45103 bytes=337680 collective_rank_calls=14336
AMG setup messages level=7 phase=numbering sends=0 bytes=0 collective_rank_calls=3584
AMG setup messages level=7 phase=interpolation sends=16125 bytes=164768 collective_rank_calls=3584
AMG setup messages level=7 phase=interpolation-transpose sends=1732 bytes=112384 collective_rank_calls=3584
AMG setup messages level=7 phase=A*P sends=98286 bytes=2796400 collective_rank_calls=3584
AMG setup messages level=7 phase=R*(A*P) sends=5196 bytes=1084576 collective_rank_calls=3584
AMG setup messages level=8 phase=strength sends=0 bytes=0 collective_rank_calls=3584
AMG setup messages level=8 phase=strength-transpose sends=632 bytes=36092 collective_rank_calls=3584
AMG setup messages level=8 phase=PMIS sends=4352 bytes=41112 collective_rank_calls=7168
AMG setup messages level=8 phase=numbering sends=0 bytes=0 collective_rank_calls=3584
AMG setup messages level=8 phase=interpolation sends=2883 bytes=23188 collective_rank_calls=3584
AMG setup messages level=8 phase=interpolation-transpose sends=294 bytes=19136 collective_rank_calls=3584
AMG setup messages level=8 phase=A*P sends=20046 bytes=337872 collective_rank_calls=3584
AMG setup messages level=8 phase=R*(A*P) sends=882 bytes=27952 collective_rank_calls=3584
AMG setup messages level=0 phase=strength sends=0 bytes=0 collective_rank_calls=3584
AMG setup messages level=0 phase=strength-transpose sends=28852 bytes=1219468628 collective_rank_calls=3584
AMG setup messages level=0 phase=PMIS sends=592396 bytes=3873334420 collective_rank_calls=35840
AMG setup messages level=0 phase=numbering sends=0 bytes=0 collective_rank_calls=3584
AMG setup messages level=0 phase=interpolation sends=173112 bytes=1666200652 collective_rank_calls=3584
AMG setup messages level=0 phase=interpolation-transpose sends=69008 bytes=626676976 collective_rank_calls=3584
AMG setup messages level=0 phase=A*P sends=90744 bytes=2936324016 collective_rank_calls=3584
AMG setup messages level=0 phase=R*(A*P) sends=207024 bytes=4419253248 collective_rank_calls=3584
AMG setup messages level=1 phase=strength sends=0 bytes=0 collective_rank_calls=3584
AMG setup messages level=1 phase=strength-transpose sends=76311 bytes=1430565656 collective_rank_calls=3584
AMG setup messages level=1 phase=PMIS sends=1838029 bytes=2922758668 collective_rank_calls=43008
AMG setup messages level=1 phase=numbering sends=0 bytes=0 collective_rank_calls=3584
AMG setup messages level=1 phase=interpolation sends=454128 bytes=1723800556 collective_rank_calls=3584
AMG setup messages level=1 phase=interpolation-transpose sends=74687 bytes=488397424 collective_rank_calls=3584
AMG setup messages level=1 phase=A*P sends=258000 bytes=2886728576 collective_rank_calls=3584
AMG setup messages level=1 phase=R*(A*P) sends=224061 bytes=7272610416 collective_rank_calls=3584
AMG setup messages level=2 phase=strength sends=0 bytes=0 collective_rank_calls=3584
AMG setup messages level=2 phase=strength-transpose sends=86792 bytes=634600868 collective_rank_calls=3584
AMG setup messages level=2 phase=PMIS sends=1921400 bytes=896045976 collective_rank_calls=39424
AMG setup messages level=2 phase=numbering sends=0 bytes=0 collective_rank_calls=3584
AMG setup messages level=2 phase=interpolation sends=513171 bytes=665923456 collective_rank_calls=3584
AMG setup messages level=2 phase=interpolation-transpose sends=73577 bytes=142842016 collective_rank_calls=3584
AMG setup messages level=2 phase=A*P sends=300288 bytes=1166118800 collective_rank_calls=3584
AMG setup messages level=2 phase=R*(A*P) sends=220731 bytes=3235743024 collective_rank_calls=3584
AMG setup messages level=3 phase=strength sends=0 bytes=0 collective_rank_calls=3584
AMG setup messages level=3 phase=strength-transpose sends=88334 bytes=158307276 collective_rank_calls=3584
AMG setup messages level=3 phase=PMIS sends=2141102 bytes=258506324 collective_rank_calls=43008
AMG setup messages level=3 phase=numbering sends=0 bytes=0 collective_rank_calls=3584
AMG setup messages level=3 phase=interpolation sends=521526 bytes=180514764 collective_rank_calls=3584
AMG setup messages level=3 phase=interpolation-transpose sends=64642 bytes=34371200 collective_rank_calls=3584
AMG setup messages level=3 phase=A*P sends=307062 bytes=376806080 collective_rank_calls=3584
AMG setup messages level=3 phase=R*(A*P) sends=193926 bytes=915764032 collective_rank_calls=3584
AMG setup messages level=4 phase=strength sends=0 bytes=0 collective_rank_calls=3584
AMG setup messages level=4 phase=strength-transpose sends=84272 bytes=30615764 collective_rank_calls=3584
AMG setup messages level=4 phase=PMIS sends=2097902 bytes=67222908 collective_rank_calls=43008
AMG setup messages level=4 phase=numbering sends=0 bytes=0 collective_rank_calls=3584
AMG setup messages level=4 phase=interpolation sends=491271 bytes=43237924 collective_rank_calls=3584
AMG setup messages level=4 phase=interpolation-transpose sends=47303 bytes=7862752 collective_rank_calls=3584
AMG setup messages level=4 phase=A*P sends=460776 bytes=133681728 collective_rank_calls=3584
AMG setup messages level=4 phase=R*(A*P) sends=141909 bytes=220518240 collective_rank_calls=3584
AMG setup messages level=5 phase=strength sends=0 bytes=0 collective_rank_calls=3584
AMG setup messages level=5 phase=strength-transpose sends=67121 bytes=5357828 collective_rank_calls=3584
AMG setup messages level=5 phase=PMIS sends=1392148 bytes=12379344 collective_rank_calls=32256
AMG setup messages level=5 phase=numbering sends=0 bytes=0 collective_rank_calls=3584
AMG setup messages level=5 phase=interpolation sends=363342 bytes=8011688 collective_rank_calls=3584
AMG setup messages level=5 phase=interpolation-transpose sends=21031 bytes=1748880 collective_rank_calls=3584
AMG setup messages level=5 phase=A*P sends=888150 bytes=57984672 collective_rank_calls=3584
AMG setup messages level=5 phase=R*(A*P) sends=63093 bytes=40134368 collective_rank_calls=3584
AMG setup messages level=6 phase=strength sends=0 bytes=0 collective_rank_calls=3584
AMG setup messages level=6 phase=strength-transpose sends=15087 bytes=877680 collective_rank_calls=3584
AMG setup messages level=6 phase=PMIS sends=248377 bytes=1702056 collective_rank_calls=21504
AMG setup messages level=6 phase=numbering sends=0 bytes=0 collective_rank_calls=3584
AMG setup messages level=6 phase=interpolation sends=73248 bytes=1038988 collective_rank_calls=3584
AMG setup messages level=6 phase=interpolation-transpose sends=6187 bytes=397168 collective_rank_calls=3584
AMG setup messages level=6 phase=A*P sends=435582 bytes=14483456 collective_rank_calls=3584
AMG setup messages level=6 phase=R*(A*P) sends=18561 bytes=6570688 collective_rank_calls=3584
AMG setup messages level=7 phase=strength sends=0 bytes=0 collective_rank_calls=3584
AMG setup messages level=7 phase=strength-transpose sends=2962 bytes=167540 collective_rank_calls=3584
AMG setup messages level=7 phase=PMIS sends=36986 bytes=276620 collective_rank_calls=14336
AMG setup messages level=7 phase=numbering sends=0 bytes=0 collective_rank_calls=3584
AMG setup messages level=7 phase=interpolation sends=13194 bytes=127512 collective_rank_calls=3584
AMG setup messages level=7 phase=interpolation-transpose sends=1403 bytes=92208 collective_rank_calls=3584
AMG setup messages level=7 phase=A*P sends=103692 bytes=2547008 collective_rank_calls=3584
AMG setup messages level=7 phase=R*(A*P) sends=4209 bytes=750976 collective_rank_calls=3584
AMG setup messages level=8 phase=strength sends=0 bytes=0 collective_rank_calls=3584
AMG setup messages level=8 phase=strength-transpose sends=562 bytes=32132 collective_rank_calls=3584
AMG setup messages level=8 phase=PMIS sends=3886 bytes=36748 collective_rank_calls=7168
AMG setup messages level=8 phase=numbering sends=0 bytes=0 collective_rank_calls=3584
AMG setup messages level=8 phase=interpolation sends=2484 bytes=19752 collective_rank_calls=3584
AMG setup messages level=8 phase=interpolation-transpose sends=288 bytes=18896 collective_rank_calls=3584
AMG setup messages level=8 phase=A*P sends=14916 bytes=255552 collective_rank_calls=3584
AMG setup messages level=8 phase=R*(A*P) sends=864 bytes=28128 collective_rank_calls=3584
AMG setup messages level=0 phase=strength sends=0 bytes=0 collective_rank_calls=3584
AMG setup messages level=0 phase=strength-transpose sends=28852 bytes=1219397880 collective_rank_calls=3584
AMG setup messages level=0 phase=PMIS sends=592396 bytes=3873154288 collective_rank_calls=35840
AMG setup messages level=0 phase=numbering sends=0 bytes=0 collective_rank_calls=3584
AMG setup messages level=0 phase=interpolation sends=173112 bytes=1665918904 collective_rank_calls=3584
AMG setup messages level=0 phase=interpolation-transpose sends=68959 bytes=627263504 collective_rank_calls=3584
AMG setup messages level=0 phase=A*P sends=90744 bytes=2936170800 collective_rank_calls=3584
AMG setup messages level=0 phase=R*(A*P) sends=206877 bytes=4421585856 collective_rank_calls=3584
AMG setup messages level=1 phase=strength sends=0 bytes=0 collective_rank_calls=3584
AMG setup messages level=1 phase=strength-transpose sends=76375 bytes=1430517736 collective_rank_calls=3584
AMG setup messages level=1 phase=PMIS sends=1839591 bytes=2923160856 collective_rank_calls=43008
AMG setup messages level=1 phase=numbering sends=0 bytes=0 collective_rank_calls=3584
AMG setup messages level=1 phase=interpolation sends=454155 bytes=1723801212 collective_rank_calls=3584
AMG setup messages level=1 phase=interpolation-transpose sends=74655 bytes=488330128 collective_rank_calls=3584
AMG setup messages level=1 phase=A*P sends=258156 bytes=2887024512 collective_rank_calls=3584
AMG setup messages level=1 phase=R*(A*P) sends=223965 bytes=7273076528 collective_rank_calls=3584
AMG setup messages level=2 phase=strength sends=0 bytes=0 collective_rank_calls=3584
AMG setup messages level=2 phase=strength-transpose sends=86627 bytes=634017440 collective_rank_calls=3584
AMG setup messages level=2 phase=PMIS sends=1918022 bytes=895802288 collective_rank_calls=39424
AMG setup messages level=2 phase=numbering sends=0 bytes=0 collective_rank_calls=3584
AMG setup messages level=2 phase=interpolation sends=511716 bytes=665560976 collective_rank_calls=3584
AMG setup messages level=2 phase=interpolation-transpose sends=73572 bytes=142824720 collective_rank_calls=3584
AMG setup messages level=2 phase=A*P sends=300078 bytes=1166304128 collective_rank_calls=3584
AMG setup messages level=2 phase=R*(A*P) sends=220716 bytes=3235334784 collective_rank_calls=3584
AMG setup messages level=3 phase=strength sends=0 bytes=0 collective_rank_calls=3584
AMG setup messages level=3 phase=strength-transpose sends=88418 bytes=157981336 collective_rank_calls=3584
AMG setup messages level=3 phase=PMIS sends=1964252 bytes=238547960 collective_rank_calls=39424
AMG setup messages level=3 phase=numbering sends=0 bytes=0 collective_rank_calls=3584
AMG setup messages level=3 phase=interpolation sends=522354 bytes=180100716 collective_rank_calls=3584
AMG setup messages level=3 phase=interpolation-transpose sends=64519 bytes=34454768 collective_rank_calls=3584
AMG setup messages level=3 phase=A*P sends=307056 bytes=377094064 collective_rank_calls=3584
AMG setup messages level=3 phase=R*(A*P) sends=193557 bytes=917439872 collective_rank_calls=3584
AMG setup messages level=4 phase=strength sends=0 bytes=0 collective_rank_calls=3584
AMG setup messages level=4 phase=strength-transpose sends=83699 bytes=30607784 collective_rank_calls=3584
AMG setup messages level=4 phase=PMIS sends=2256996 bytes=72158368 collective_rank_calls=46592
AMG setup messages level=4 phase=numbering sends=0 bytes=0 collective_rank_calls=3584
AMG setup messages level=4 phase=interpolation sends=487965 bytes=43095672 collective_rank_calls=3584
AMG setup messages level=4 phase=interpolation-transpose sends=47662 bytes=7898448 collective_rank_calls=3584
AMG setup messages level=4 phase=A*P sends=459996 bytes=134103824 collective_rank_calls=3584
AMG setup messages level=4 phase=R*(A*P) sends=142986 bytes=222074816 collective_rank_calls=3584
AMG setup messages level=5 phase=strength sends=0 bytes=0 collective_rank_calls=3584
AMG setup messages level=5 phase=strength-transpose sends=68059 bytes=5410256 collective_rank_calls=3584
AMG setup messages level=5 phase=PMIS sends=1250143 bytes=11263084 collective_rank_calls=28672
AMG setup messages level=5 phase=numbering sends=0 bytes=0 collective_rank_calls=3584
AMG setup messages level=5 phase=interpolation sends=368259 bytes=8111084 collective_rank_calls=3584
AMG setup messages level=5 phase=interpolation-transpose sends=21054 bytes=1776624 collective_rank_calls=3584
AMG setup messages level=5 phase=A*P sends=891120 bytes=58610480 collective_rank_calls=3584
AMG setup messages level=5 phase=R*(A*P) sends=63162 bytes=39852016 collective_rank_calls=3584
AMG setup messages level=6 phase=strength sends=0 bytes=0 collective_rank_calls=3584
AMG setup messages level=6 phase=strength-transpose sends=14313 bytes=838852 collective_rank_calls=3584
AMG setup messages level=6 phase=PMIS sends=274150 bytes=1842696 collective_rank_calls=25088
AMG setup messages level=6 phase=numbering sends=0 bytes=0 collective_rank_calls=3584
AMG setup messages level=6 phase=interpolation sends=69801 bytes=944372 collective_rank_calls=3584
AMG setup messages level=6 phase=interpolation-transpose sends=5748 bytes=376896 collective_rank_calls=3584
AMG setup messages level=6 phase=A*P sends=414726 bytes=13808320 collective_rank_calls=3584
AMG setup messages level=6 phase=R*(A*P) sends=17244 bytes=6014416 collective_rank_calls=3584
AMG setup messages level=7 phase=strength sends=0 bytes=0 collective_rank_calls=3584
AMG setup messages level=7 phase=strength-transpose sends=2764 bytes=166136 collective_rank_calls=3584
AMG setup messages level=7 phase=PMIS sends=26528 bytes=223064 collective_rank_calls=10752
AMG setup messages level=7 phase=numbering sends=0 bytes=0 collective_rank_calls=3584
AMG setup messages level=7 phase=interpolation sends=11832 bytes=117388 collective_rank_calls=3584
AMG setup messages level=7 phase=interpolation-transpose sends=1186 bytes=87536 collective_rank_calls=3584
AMG setup messages level=7 phase=A*P sends=96954 bytes=2637872 collective_rank_calls=3584
AMG setup messages level=7 phase=R*(A*P) sends=3558 bytes=1031728 collective_rank_calls=3584
AMG setup messages level=8 phase=strength sends=0 bytes=0 collective_rank_calls=3584
AMG setup messages level=8 phase=strength-transpose sends=549 bytes=40020 collective_rank_calls=3584
AMG setup messages level=8 phase=PMIS sends=3795 bytes=40344 collective_rank_calls=7168
AMG setup messages level=8 phase=numbering sends=0 bytes=0 collective_rank_calls=3584
AMG setup messages level=8 phase=interpolation sends=2577 bytes=25340 collective_rank_calls=3584
AMG setup messages level=8 phase=interpolation-transpose sends=456 bytes=30016 collective_rank_calls=3584
AMG setup messages level=8 phase=A*P sends=30060 bytes=533232 collective_rank_calls=3584
AMG setup messages level=8 phase=R*(A*P) sends=1368 bytes=44608 collective_rank_calls=3584
The cloud-layer FLD system Newton 0: residual=15.67888073, GMRES rtol=0.5
AMG setup messages level=0 phase=strength sends=0 bytes=0 collective_rank_calls=3584
AMG setup messages level=0 phase=strength-transpose sends=28852 bytes=1219332464 collective_rank_calls=3584
AMG setup messages level=0 phase=PMIS sends=592396 bytes=3872991708 collective_rank_calls=35840
AMG setup messages level=0 phase=numbering sends=0 bytes=0 collective_rank_calls=3584
AMG setup messages level=0 phase=interpolation sends=173112 bytes=1665546444 collective_rank_calls=3584
AMG setup messages level=0 phase=interpolation-transpose sends=68987 bytes=627256080 collective_rank_calls=3584
AMG setup messages level=0 phase=A*P sends=90744 bytes=2935953136 collective_rank_calls=3584
AMG setup messages level=0 phase=R*(A*P) sends=206961 bytes=4420851216 collective_rank_calls=3584
AMG setup messages level=1 phase=strength sends=0 bytes=0 collective_rank_calls=3584
AMG setup messages level=1 phase=strength-transpose sends=76293 bytes=1430291024 collective_rank_calls=3584
AMG setup messages level=1 phase=PMIS sends=1837701 bytes=2923390444 collective_rank_calls=43008
AMG setup messages level=1 phase=numbering sends=0 bytes=0 collective_rank_calls=3584
AMG setup messages level=1 phase=interpolation sends=453723 bytes=1723504320 collective_rank_calls=3584
AMG setup messages level=1 phase=interpolation-transpose sends=74759 bytes=488441104 collective_rank_calls=3584
AMG setup messages level=1 phase=A*P sends=257892 bytes=2887203568 collective_rank_calls=3584
AMG setup messages level=1 phase=R*(A*P) sends=224277 bytes=7274803760 collective_rank_calls=3584
AMG setup messages level=2 phase=strength sends=0 bytes=0 collective_rank_calls=3584
AMG setup messages level=2 phase=strength-transpose sends=86717 bytes=633791816 collective_rank_calls=3584
AMG setup messages level=2 phase=PMIS sends=2095313 bytes=970417728 collective_rank_calls=43008
AMG setup messages level=2 phase=numbering sends=0 bytes=0 collective_rank_calls=3584
AMG setup messages level=2 phase=interpolation sends=512283 bytes=665096936 collective_rank_calls=3584
AMG setup messages level=2 phase=interpolation-transpose sends=73532 bytes=143012352 collective_rank_calls=3584
AMG setup messages level=2 phase=A*P sends=300240 bytes=1166888160 collective_rank_calls=3584
AMG setup messages level=2 phase=R*(A*P) sends=220596 bytes=3239948800 collective_rank_calls=3584
AMG setup messages level=3 phase=strength sends=0 bytes=0 collective_rank_calls=3584
AMG setup messages level=3 phase=strength-transpose sends=88348 bytes=157658576 collective_rank_calls=3584
AMG setup messages level=3 phase=PMIS sends=2142556 bytes=258142580 collective_rank_calls=43008
AMG setup messages level=3 phase=numbering sends=0 bytes=0 collective_rank_calls=3584
AMG setup messages level=3 phase=interpolation sends=521451 bytes=179858472 collective_rank_calls=3584
AMG setup messages level=3 phase=interpolation-transpose sends=64497 bytes=34488064 collective_rank_calls=3584
AMG setup messages level=3 phase=A*P sends=307170 bytes=377181792 collective_rank_calls=3584
AMG setup messages level=3 phase=R*(A*P) sends=193491 bytes=919265024 collective_rank_calls=3584
AMG setup messages level=4 phase=strength sends=0 bytes=0 collective_rank_calls=3584
AMG setup messages level=4 phase=strength-transpose sends=83643 bytes=30694208 collective_rank_calls=3584
AMG setup messages level=4 phase=PMIS sends=2083521 bytes=67017160 collective_rank_calls=43008
AMG setup messages level=4 phase=numbering sends=0 bytes=0 collective_rank_calls=3584
AMG setup messages level=4 phase=interpolation sends=487368 bytes=43267436 collective_rank_calls=3584
AMG setup messages level=4 phase=interpolation-transpose sends=47275 bytes=7892656 collective_rank_calls=3584
AMG setup messages level=4 phase=A*P sends=460272 bytes=134503744 collective_rank_calls=3584
AMG setup messages level=4 phase=R*(A*P) sends=141825 bytes=222001504 collective_rank_calls=3584
AMG setup messages level=5 phase=strength sends=0 bytes=0 collective_rank_calls=3584
AMG setup messages level=5 phase=strength-transpose sends=68566 bytes=5538676 collective_rank_calls=3584
AMG setup messages level=5 phase=PMIS sends=1410328 bytes=12659232 collective_rank_calls=32256
AMG setup messages level=5 phase=numbering sends=0 bytes=0 collective_rank_calls=3584
AMG setup messages level=5 phase=interpolation sends=374739 bytes=8252052 collective_rank_calls=3584
AMG setup messages level=5 phase=interpolation-transpose sends=21455 bytes=1812832 collective_rank_calls=3584
AMG setup messages level=5 phase=A*P sends=878370 bytes=59111136 collective_rank_calls=3584
AMG setup messages level=5 phase=R*(A*P) sends=64365 bytes=40556640 collective_rank_calls=3584
AMG setup messages level=6 phase=strength sends=0 bytes=0 collective_rank_calls=3584
AMG setup messages level=6 phase=strength-transpose sends=14943 bytes=854588 collective_rank_calls=3584
AMG setup messages level=6 phase=PMIS sends=244941 bytes=1652212 collective_rank_calls=21504
AMG setup messages level=6 phase=numbering sends=0 bytes=0 collective_rank_calls=3584
AMG setup messages level=6 phase=interpolation sends=72234 bytes=1035272 collective_rank_calls=3584
AMG setup messages level=6 phase=interpolation-transpose sends=5784 bytes=382832 collective_rank_calls=3584
AMG setup messages level=6 phase=A*P sends=411558 bytes=13616656 collective_rank_calls=3584
AMG setup messages level=6 phase=R*(A*P) sends=17352 bytes=5947168 collective_rank_calls=3584
AMG setup messages level=7 phase=strength sends=0 bytes=0 collective_rank_calls=3584
AMG setup messages level=7 phase=strength-transpose sends=2919 bytes=170972 collective_rank_calls=3584
AMG setup messages level=7 phase=PMIS sends=36257 bytes=275756 collective_rank_calls=14336
AMG setup messages level=7 phase=numbering sends=0 bytes=0 collective_rank_calls=3584
AMG setup messages level=7 phase=interpolation sends=13257 bytes=153908 collective_rank_calls=3584
AMG setup messages level=7 phase=interpolation-transpose sends=1581 bytes=121728 collective_rank_calls=3584
AMG setup messages level=7 phase=A*P sends=91128 bytes=2790512 collective_rank_calls=3584
AMG setup messages level=7 phase=R*(A*P) sends=4743 bytes=922000 collective_rank_calls=3584
AMG setup messages level=8 phase=strength sends=0 bytes=0 collective_rank_calls=3584
AMG setup messages level=8 phase=strength-transpose sends=467 bytes=29416 collective_rank_calls=3584
AMG setup messages level=8 phase=PMIS sends=3173 bytes=31324 collective_rank_calls=7168
AMG setup messages level=8 phase=numbering sends=0 bytes=0 collective_rank_calls=3584
AMG setup messages level=8 phase=interpolation sends=1980 bytes=19072 collective_rank_calls=3584
AMG setup messages level=8 phase=interpolation-transpose sends=264 bytes=17328 collective_rank_calls=3584
AMG setup messages level=8 phase=A*P sends=16806 bytes=292624 collective_rank_calls=3584
AMG setup messages level=8 phase=R*(A*P) sends=792 bytes=25584 collective_rank_calls=3584
GMRES: iter = 0, residual = 7.462370222, 1 (rel.)
GMRES: iter = 1, residual = 6.069470528, 0.8133435286 (rel.)
GMRES: iter = 2, residual = 3.851669643, 0.5161456117 (rel.)
GMRES: iter = 3, residual = 3.44479638, 0.4616222831 (rel.)
GMRES: Solve Time = 1.286423016
The cloud-layer FLD system Newton 1: residual=7.197577699, GMRES rtol=0.8372625197
AMG setup messages level=0 phase=strength sends=0 bytes=0 collective_rank_calls=3584
AMG setup messages level=0 phase=strength-transpose sends=28852 bytes=1219166648 collective_rank_calls=3584
AMG setup messages level=0 phase=PMIS sends=592396 bytes=3872611664 collective_rank_calls=35840
AMG setup messages level=0 phase=numbering sends=0 bytes=0 collective_rank_calls=3584
AMG setup messages level=0 phase=interpolation sends=173112 bytes=1665228020 collective_rank_calls=3584
AMG setup messages level=0 phase=interpolation-transpose sends=68941 bytes=627114032 collective_rank_calls=3584
AMG setup messages level=0 phase=A*P sends=90744 bytes=2935588272 collective_rank_calls=3584
AMG setup messages level=0 phase=R*(A*P) sends=206823 bytes=4418887968 collective_rank_calls=3584
AMG setup messages level=1 phase=strength sends=0 bytes=0 collective_rank_calls=3584
AMG setup messages level=1 phase=strength-transpose sends=76412 bytes=1429999612 collective_rank_calls=3584
AMG setup messages level=1 phase=PMIS sends=1840570 bytes=2923203916 collective_rank_calls=43008
AMG setup messages level=1 phase=numbering sends=0 bytes=0 collective_rank_calls=3584
AMG setup messages level=1 phase=interpolation sends=454521 bytes=1723219812 collective_rank_calls=3584
AMG setup messages level=1 phase=interpolation-transpose sends=74647 bytes=488687552 collective_rank_calls=3584
AMG setup messages level=1 phase=A*P sends=257994 bytes=2886277456 collective_rank_calls=3584
AMG setup messages level=1 phase=R*(A*P) sends=223941 bytes=7275573232 collective_rank_calls=3584
AMG setup messages level=2 phase=strength sends=0 bytes=0 collective_rank_calls=3584
AMG setup messages level=2 phase=strength-transpose sends=86548 bytes=633323484 collective_rank_calls=3584
AMG setup messages level=2 phase=PMIS sends=1916248 bytes=896091048 collective_rank_calls=39424
AMG setup messages level=2 phase=numbering sends=0 bytes=0 collective_rank_calls=3584
AMG setup messages level=2 phase=interpolation sends=511662 bytes=665439092 collective_rank_calls=3584
AMG setup messages level=2 phase=interpolation-transpose sends=73569 bytes=143244944 collective_rank_calls=3584
AMG setup messages level=2 phase=A*P sends=300150 bytes=1167475616 collective_rank_calls=3584
AMG setup messages level=2 phase=R*(A*P) sends=220707 bytes=3246195808 collective_rank_calls=3584
AMG setup messages level=3 phase=strength sends=0 bytes=0 collective_rank_calls=3584
AMG setup messages level=3 phase=strength-transpose sends=88154 bytes=157758732 collective_rank_calls=3584
AMG setup messages level=3 phase=PMIS sends=2315888 bytes=277783568 collective_rank_calls=46592
AMG setup messages level=3 phase=numbering sends=0 bytes=0 collective_rank_calls=3584
AMG setup messages level=3 phase=interpolation sends=521160 bytes=180031020 collective_rank_calls=3584
AMG setup messages level=3 phase=interpolation-transpose sends=64103 bytes=34570512 collective_rank_calls=3584
AMG setup messages level=3 phase=A*P sends=307170 bytes=378416896 collective_rank_calls=3584
AMG setup messages level=3 phase=R*(A*P) sends=192309 bytes=925754928 collective_rank_calls=3584
AMG setup messages level=4 phase=strength sends=0 bytes=0 collective_rank_calls=3584
AMG setup messages level=4 phase=strength-transpose sends=83691 bytes=31295552 collective_rank_calls=3584
AMG setup messages level=4 phase=PMIS sends=2079031 bytes=67610404 collective_rank_calls=43008
AMG setup messages level=4 phase=numbering sends=0 bytes=0 collective_rank_calls=3584
AMG setup messages level=4 phase=interpolation sends=487899 bytes=43774756 collective_rank_calls=3584
AMG setup messages level=4 phase=interpolation-transpose sends=46857 bytes=7954976 collective_rank_calls=3584
AMG setup messages level=4 phase=A*P sends=460620 bytes=136510656 collective_rank_calls=3584
AMG setup messages level=4 phase=R*(A*P) sends=140571 bytes=222794992 collective_rank_calls=3584
AMG setup messages level=5 phase=strength sends=0 bytes=0 collective_rank_calls=3584
AMG setup messages level=5 phase=strength-transpose sends=71203 bytes=5794332 collective_rank_calls=3584
AMG setup messages level=5 phase=PMIS sends=1288369 bytes=11871116 collective_rank_calls=28672
AMG setup messages level=5 phase=numbering sends=0 bytes=0 collective_rank_calls=3584
AMG setup messages level=5 phase=interpolation sends=387534 bytes=8709032 collective_rank_calls=3584
AMG setup messages level=5 phase=interpolation-transpose sends=21437 bytes=1875312 collective_rank_calls=3584
AMG setup messages level=5 phase=A*P sends=873768 bytes=59072880 collective_rank_calls=3584
AMG setup messages level=5 phase=R*(A*P) sends=64311 bytes=41584352 collective_rank_calls=3584
AMG setup messages level=6 phase=strength sends=0 bytes=0 collective_rank_calls=3584
AMG setup messages level=6 phase=strength-transpose sends=15578 bytes=917968 collective_rank_calls=3584
AMG setup messages level=6 phase=PMIS sends=336296 bytes=2240392 collective_rank_calls=28672
AMG setup messages level=6 phase=numbering sends=0 bytes=0 collective_rank_calls=3584
AMG setup messages level=6 phase=interpolation sends=76656 bytes=1093344 collective_rank_calls=3584
AMG setup messages level=6 phase=interpolation-transpose sends=6325 bytes=409744 collective_rank_calls=3584
AMG setup messages level=6 phase=A*P sends=402066 bytes=13988880 collective_rank_calls=3584
AMG setup messages level=6 phase=R*(A*P) sends=18975 bytes=6699168 collective_rank_calls=3584
AMG setup messages level=7 phase=strength sends=0 bytes=0 collective_rank_calls=3584
AMG setup messages level=7 phase=strength-transpose sends=3066 bytes=175988 collective_rank_calls=3584
AMG setup messages level=7 phase=PMIS sends=38268 bytes=294436 collective_rank_calls=14336
AMG setup messages level=7 phase=numbering sends=0 bytes=0 collective_rank_calls=3584
AMG setup messages level=7 phase=interpolation sends=13983 bytes=143064 collective_rank_calls=3584
AMG setup messages level=7 phase=interpolation-transpose sends=1675 bytes=112416 collective_rank_calls=3584
AMG setup messages level=7 phase=A*P sends=95616 bytes=2737280 collective_rank_calls=3584
AMG setup messages level=7 phase=R*(A*P) sends=5025 bytes=930112 collective_rank_calls=3584
AMG setup messages level=8 phase=strength sends=0 bytes=0 collective_rank_calls=3584
AMG setup messages level=8 phase=strength-transpose sends=663 bytes=38364 collective_rank_calls=3584
AMG setup messages level=8 phase=PMIS sends=4611 bytes=44292 collective_rank_calls=7168
AMG setup messages level=8 phase=numbering sends=0 bytes=0 collective_rank_calls=3584
AMG setup messages level=8 phase=interpolation sends=3183 bytes=25996 collective_rank_calls=3584
AMG setup messages level=8 phase=interpolation-transpose sends=262 bytes=17392 collective_rank_calls=3584
AMG setup messages level=8 phase=A*P sends=13356 bytes=240128 collective_rank_calls=3584
AMG setup messages level=8 phase=R*(A*P) sends=786 bytes=26096 collective_rank_calls=3584
GMRES: iter = 0, residual = 7.176007724, 1 (rel.)
GMRES: iter = 1, residual = 3.555715401, 0.4955004979 (rel.)
GMRES: Solve Time = 0.552718126
The cloud-layer FLD system Newton 2: residual=3.505079723, GMRES rtol=0.6309076742
AMG setup messages level=0 phase=strength sends=0 bytes=0 collective_rank_calls=3584
AMG setup messages level=0 phase=strength-transpose sends=28852 bytes=1219133356 collective_rank_calls=3584
AMG setup messages level=0 phase=PMIS sends=592396 bytes=3872521956 collective_rank_calls=35840
AMG setup messages level=0 phase=numbering sends=0 bytes=0 collective_rank_calls=3584
AMG setup messages level=0 phase=interpolation sends=173112 bytes=1665237760 collective_rank_calls=3584
AMG setup messages level=0 phase=interpolation-transpose sends=68888 bytes=627108656 collective_rank_calls=3584
AMG setup messages level=0 phase=A*P sends=90744 bytes=2935539984 collective_rank_calls=3584
AMG setup messages level=0 phase=R*(A*P) sends=206664 bytes=4419130352 collective_rank_calls=3584
AMG setup messages level=1 phase=strength sends=0 bytes=0 collective_rank_calls=3584
AMG setup messages level=1 phase=strength-transpose sends=76433 bytes=1429531796 collective_rank_calls=3584
AMG setup messages level=1 phase=PMIS sends=1994328 bytes=3145257712 collective_rank_calls=46592
AMG setup messages level=1 phase=numbering sends=0 bytes=0 collective_rank_calls=3584
AMG setup messages level=1 phase=interpolation sends=454344 bytes=1722330884 collective_rank_calls=3584
AMG setup messages level=1 phase=interpolation-transpose sends=74618 bytes=488520640 collective_rank_calls=3584
AMG setup messages level=1 phase=A*P sends=258492 bytes=2886537728 collective_rank_calls=3584
AMG setup messages level=1 phase=R*(A*P) sends=223854 bytes=7274215568 collective_rank_calls=3584
AMG setup messages level=2 phase=strength sends=0 bytes=0 collective_rank_calls=3584
AMG setup messages level=2 phase=strength-transpose sends=86502 bytes=633258644 collective_rank_calls=3584
AMG setup messages level=2 phase=PMIS sends=2089360 bytes=970399552 collective_rank_calls=43008
AMG setup messages level=2 phase=numbering sends=0 bytes=0 collective_rank_calls=3584
AMG setup messages level=2 phase=interpolation sends=511320 bytes=664859072 collective_rank_calls=3584
AMG setup messages level=2 phase=interpolation-transpose sends=73382 bytes=143305984 collective_rank_calls=3584
AMG setup messages level=2 phase=A*P sends=300366 bytes=1167467376 collective_rank_calls=3584
AMG setup messages level=2 phase=R*(A*P) sends=220146 bytes=3247263952 collective_rank_calls=3584
AMG setup messages level=3 phase=strength sends=0 bytes=0 collective_rank_calls=3584
AMG setup messages level=3 phase=strength-transpose sends=88148 bytes=157565784 collective_rank_calls=3584
AMG setup messages level=3 phase=PMIS sends=2315200 bytes=277574720 collective_rank_calls=46592
AMG setup messages level=3 phase=numbering sends=0 bytes=0 collective_rank_calls=3584
AMG setup messages level=3 phase=interpolation sends=520734 bytes=179876768 collective_rank_calls=3584
AMG setup messages level=3 phase=interpolation-transpose sends=64301 bytes=34479616 collective_rank_calls=3584
AMG setup messages level=3 phase=A*P sends=306942 bytes=378282944 collective_rank_calls=3584
AMG setup messages level=3 phase=R*(A*P) sends=192903 bytes=926221808 collective_rank_calls=3584
AMG setup messages level=4 phase=strength sends=0 bytes=0 collective_rank_calls=3584
AMG setup messages level=4 phase=strength-transpose sends=83908 bytes=31409892 collective_rank_calls=3584
AMG setup messages level=4 phase=PMIS sends=2080534 bytes=67739308 collective_rank_calls=43008
AMG setup messages level=4 phase=numbering sends=0 bytes=0 collective_rank_calls=3584
AMG setup messages level=4 phase=interpolation sends=489264 bytes=43864100 collective_rank_calls=3584
AMG setup messages level=4 phase=interpolation-transpose sends=46850 bytes=8017520 collective_rank_calls=3584
AMG setup messages level=4 phase=A*P sends=459558 bytes=137203632 collective_rank_calls=3584
AMG setup messages level=4 phase=R*(A*P) sends=140550 bytes=223682896 collective_rank_calls=3584
AMG setup messages level=5 phase=strength sends=0 bytes=0 collective_rank_calls=3584
AMG setup messages level=5 phase=strength-transpose sends=71722 bytes=5821128 collective_rank_calls=3584
AMG setup messages level=5 phase=PMIS sends=1291966 bytes=11880956 collective_rank_calls=28672
AMG setup messages level=5 phase=numbering sends=0 bytes=0 collective_rank_calls=3584
AMG setup messages level=5 phase=interpolation sends=389646 bytes=8835688 collective_rank_calls=3584
AMG setup messages level=5 phase=interpolation-transpose sends=21694 bytes=1864048 collective_rank_calls=3584
AMG setup messages level=5 phase=A*P sends=868890 bytes=58319248 collective_rank_calls=3584
AMG setup messages level=5 phase=R*(A*P) sends=65082 bytes=41556128 collective_rank_calls=3584
AMG setup messages level=6 phase=strength sends=0 bytes=0 collective_rank_calls=3584
AMG setup messages level=6 phase=strength-transpose sends=16273 bytes=931412 collective_rank_calls=3584
AMG setup messages level=6 phase=PMIS sends=435867 bytes=2745720 collective_rank_calls=35840
AMG setup messages level=6 phase=numbering sends=0 bytes=0 collective_rank_calls=3584
AMG setup messages level=6 phase=interpolation sends=79725 bytes=1101924 collective_rank_calls=3584
AMG setup messages level=6 phase=interpolation-transpose sends=6305 bytes=402880 collective_rank_calls=3584
AMG setup messages level=6 phase=A*P sends=425346 bytes=14292208 collective_rank_calls=3584
AMG setup messages level=6 phase=R*(A*P) sends=18915 bytes=6564544 collective_rank_calls=3584
AMG setup messages level=7 phase=strength sends=0 bytes=0 collective_rank_calls=3584
AMG setup messages level=7 phase=strength-transpose sends=3323 bytes=191620 collective_rank_calls=3584
AMG setup messages level=7 phase=PMIS sends=41009 bytes=314972 collective_rank_calls=14336
AMG setup messages level=7 phase=numbering sends=0 bytes=0 collective_rank_calls=3584
AMG setup messages level=7 phase=interpolation sends=15297 bytes=145980 collective_rank_calls=3584
AMG setup messages level=7 phase=interpolation-transpose sends=1394 bytes=92896 collective_rank_calls=3584
AMG setup messages level=7 phase=A*P sends=95088 bytes=2352960 collective_rank_calls=3584
AMG setup messages level=7 phase=R*(A*P) sends=4182 bytes=596576 collective_rank_calls=3584
AMG setup messages level=8 phase=strength sends=0 bytes=0 collective_rank_calls=3584
AMG setup messages level=8 phase=strength-transpose sends=534 bytes=33588 collective_rank_calls=3584
AMG setup messages level=8 phase=PMIS sends=3726 bytes=40236 collective_rank_calls=7168
AMG setup messages level=8 phase=numbering sends=0 bytes=0 collective_rank_calls=3584
AMG setup messages level=8 phase=interpolation sends=2391 bytes=19096 collective_rank_calls=3584
AMG setup messages level=8 phase=interpolation-transpose sends=274 bytes=19904 collective_rank_calls=3584
AMG setup messages level=8 phase=A*P sends=9006 bytes=177840 collective_rank_calls=3584
AMG setup messages level=8 phase=R*(A*P) sends=822 bytes=32464 collective_rank_calls=3584
GMRES: iter = 0, residual = 3.500771914, 1 (rel.)
GMRES: iter = 1, residual = 3.139300358, 0.8967451852 (rel.)
GMRES: iter = 2, residual = 2.989298442, 0.8538969449 (rel.)
GMRES: iter = 3, residual = 2.830172665, 0.8084424622 (rel.)
GMRES: iter = 4, residual = 2.628861632, 0.7509377065 (rel.)
GMRES: iter = 5, residual = 2.439891289, 0.696958085 (rel.)
GMRES: iter = 6, residual = 2.312281549, 0.6605061986 (rel.)
GMRES: iter = 7, residual = 2.203585881, 0.6294571413 (rel.)
GMRES: Solve Time = 2.7845234
The cloud-layer FLD system Newton 3: residual=3.009578608, GMRES rtol=0.6651602073
AMG setup messages level=0 phase=strength sends=0 bytes=0 collective_rank_calls=3584
AMG setup messages level=0 phase=strength-transpose sends=28852 bytes=1219083960 collective_rank_calls=3584
AMG setup messages level=0 phase=PMIS sends=592396 bytes=3872413492 collective_rank_calls=35840
AMG setup messages level=0 phase=numbering sends=0 bytes=0 collective_rank_calls=3584
AMG setup messages level=0 phase=interpolation sends=173112 bytes=1665403336 collective_rank_calls=3584
AMG setup messages level=0 phase=interpolation-transpose sends=68894 bytes=627010480 collective_rank_calls=3584
AMG setup messages level=0 phase=A*P sends=90744 bytes=2935649664 collective_rank_calls=3584
AMG setup messages level=0 phase=R*(A*P) sends=206682 bytes=4420054736 collective_rank_calls=3584
AMG setup messages level=1 phase=strength sends=0 bytes=0 collective_rank_calls=3584
AMG setup messages level=1 phase=strength-transpose sends=76378 bytes=1429352608 collective_rank_calls=3584
AMG setup messages level=1 phase=PMIS sends=1839416 bytes=2920718976 collective_rank_calls=43008
AMG setup messages level=1 phase=numbering sends=0 bytes=0 collective_rank_calls=3584
AMG setup messages level=1 phase=interpolation sends=454278 bytes=1722004116 collective_rank_calls=3584
AMG setup messages level=1 phase=interpolation-transpose sends=74704 bytes=488197408 collective_rank_calls=3584
AMG setup messages level=1 phase=A*P sends=257676 bytes=2886654944 collective_rank_calls=3584
AMG setup messages level=1 phase=R*(A*P) sends=224112 bytes=7271865344 collective_rank_calls=3584
AMG setup messages level=2 phase=strength sends=0 bytes=0 collective_rank_calls=3584
AMG setup messages level=2 phase=strength-transpose sends=86617 bytes=633517556 collective_rank_calls=3584
AMG setup messages level=2 phase=PMIS sends=2092237 bytes=970477604 collective_rank_calls=43008
AMG setup messages level=2 phase=numbering sends=0 bytes=0 collective_rank_calls=3584
AMG setup messages level=2 phase=interpolation sends=511980 bytes=665512192 collective_rank_calls=3584
AMG setup messages level=2 phase=interpolation-transpose sends=73483 bytes=143061760 collective_rank_calls=3584
AMG setup messages level=2 phase=A*P sends=300444 bytes=1167789616 collective_rank_calls=3584
AMG setup messages level=2 phase=R*(A*P) sends=220449 bytes=3248965824 collective_rank_calls=3584
AMG setup messages level=3 phase=strength sends=0 bytes=0 collective_rank_calls=3584
AMG setup messages level=3 phase=strength-transpose sends=88272 bytes=157964796 collective_rank_calls=3584
AMG setup messages level=3 phase=PMIS sends=2495916 bytes=297781016 collective_rank_calls=50176
AMG setup messages level=3 phase=numbering sends=0 bytes=0 collective_rank_calls=3584
AMG setup messages level=3 phase=interpolation sends=521106 bytes=180512100 collective_rank_calls=3584
AMG setup messages level=3 phase=interpolation-transpose sends=64305 bytes=34478496 collective_rank_calls=3584
AMG setup messages level=3 phase=A*P sends=306918 bytes=378932176 collective_rank_calls=3584
AMG setup messages level=3 phase=R*(A*P) sends=192915 bytes=924490160 collective_rank_calls=3584
AMG setup messages level=4 phase=strength sends=0 bytes=0 collective_rank_calls=3584
AMG setup messages level=4 phase=strength-transpose sends=83751 bytes=31332948 collective_rank_calls=3584
AMG setup messages level=4 phase=PMIS sends=2077507 bytes=67390788 collective_rank_calls=43008
AMG setup messages level=4 phase=numbering sends=0 bytes=0 collective_rank_calls=3584
AMG setup messages level=4 phase=interpolation sends=488484 bytes=43778036 collective_rank_calls=3584
AMG setup messages level=4 phase=interpolation-transpose sends=46680 bytes=7989312 collective_rank_calls=3584
AMG setup messages level=4 phase=A*P sends=460236 bytes=137238960 collective_rank_calls=3584
AMG setup messages level=4 phase=R*(A*P) sends=140040 bytes=222022768 collective_rank_calls=3584
AMG setup messages level=5 phase=strength sends=0 bytes=0 collective_rank_calls=3584
AMG setup messages level=5 phase=strength-transpose sends=71419 bytes=5853912 collective_rank_calls=3584
AMG setup messages level=5 phase=PMIS sends=1447112 bytes=13198288 collective_rank_calls=32256
AMG setup messages level=5 phase=numbering sends=0 bytes=0 collective_rank_calls=3584
AMG setup messages level=5 phase=interpolation sends=388656 bytes=8818528 collective_rank_calls=3584
AMG setup messages level=5 phase=interpolation-transpose sends=21319 bytes=1862336 collective_rank_calls=3584
AMG setup messages level=5 phase=A*P sends=865806 bytes=58374784 collective_rank_calls=3584
AMG setup messages level=5 phase=R*(A*P) sends=63957 bytes=41548976 collective_rank_calls=3584
AMG setup messages level=6 phase=strength sends=0 bytes=0 collective_rank_calls=3584
AMG setup messages level=6 phase=strength-transpose sends=16147 bytes=956316 collective_rank_calls=3584
AMG setup messages level=6 phase=PMIS sends=263939 bytes=1866460 collective_rank_calls=21504
AMG setup messages level=6 phase=numbering sends=0 bytes=0 collective_rank_calls=3584
AMG setup messages level=6 phase=interpolation sends=78468 bytes=1128680 collective_rank_calls=3584
AMG setup messages level=6 phase=interpolation-transpose sends=6387 bytes=433264 collective_rank_calls=3584
AMG setup messages level=6 phase=A*P sends=420870 bytes=14824992 collective_rank_calls=3584
AMG setup messages level=6 phase=R*(A*P) sends=19161 bytes=7127648 collective_rank_calls=3584
AMG setup messages level=7 phase=strength sends=0 bytes=0 collective_rank_calls=3584
AMG setup messages level=7 phase=strength-transpose sends=3306 bytes=196024 collective_rank_calls=3584
AMG setup messages level=7 phase=PMIS sends=41128 bytes=318888 collective_rank_calls=14336
AMG setup messages level=7 phase=numbering sends=0 bytes=0 collective_rank_calls=3584
AMG setup messages level=7 phase=interpolation sends=15048 bytes=163352 collective_rank_calls=3584
AMG setup messages level=7 phase=interpolation-transpose sends=1981 bytes=134816 collective_rank_calls=3584
AMG setup messages level=7 phase=A*P sends=101154 bytes=2955696 collective_rank_calls=3584
AMG setup messages level=7 phase=R*(A*P) sends=5943 bytes=845376 collective_rank_calls=3584
AMG setup messages level=8 phase=strength sends=0 bytes=0 collective_rank_calls=3584
AMG setup messages level=8 phase=strength-transpose sends=401 bytes=23032 collective_rank_calls=3584
AMG setup messages level=8 phase=PMIS sends=2771 bytes=26384 collective_rank_calls=7168
AMG setup messages level=8 phase=numbering sends=0 bytes=0 collective_rank_calls=3584
AMG setup messages level=8 phase=interpolation sends=1878 bytes=15220 collective_rank_calls=3584
AMG setup messages level=8 phase=interpolation-transpose sends=175 bytes=11664 collective_rank_calls=3584
AMG setup messages level=8 phase=A*P sends=8550 bytes=148384 collective_rank_calls=3584
AMG setup messages level=8 phase=R*(A*P) sends=525 bytes=17504 collective_rank_calls=3584
GMRES: iter = 0, residual = 3.004080435, 1 (rel.)
GMRES: iter = 1, residual = 2.63506686, 0.8771625517 (rel.)
GMRES: iter = 2, residual = 2.477433274, 0.8246893942 (rel.)
GMRES: iter = 3, residual = 2.319140275, 0.7719967309 (rel.)
GMRES: iter = 4, residual = 2.167953991, 0.7216697548 (rel.)
GMRES: iter = 5, residual = 2.024292992, 0.6738477998 (rel.)
GMRES: iter = 6, residual = 1.93410323, 0.6438253807 (rel.)
GMRES: Solve Time = 2.397885611
The cloud-layer FLD system Newton 4: residual=2.585376612, GMRES rtol=0.6666026371
AMG setup messages level=0 phase=strength sends=0 bytes=0 collective_rank_calls=3584
AMG setup messages level=0 phase=strength-transpose sends=28852 bytes=1219039716 collective_rank_calls=3584
AMG setup messages level=0 phase=PMIS sends=592396 bytes=3872307180 collective_rank_calls=35840
AMG setup messages level=0 phase=numbering sends=0 bytes=0 collective_rank_calls=3584
AMG setup messages level=0 phase=interpolation sends=173112 bytes=1664903712 collective_rank_calls=3584
AMG setup messages level=0 phase=interpolation-transpose sends=69036 bytes=626945296 collective_rank_calls=3584
AMG setup messages level=0 phase=A*P sends=90744 bytes=2935438448 collective_rank_calls=3584
AMG setup messages level=0 phase=R*(A*P) sends=207108 bytes=4419222960 collective_rank_calls=3584
AMG setup messages level=1 phase=strength sends=0 bytes=0 collective_rank_calls=3584
AMG setup messages level=1 phase=strength-transpose sends=76349 bytes=1429168644 collective_rank_calls=3584
AMG setup messages level=1 phase=PMIS sends=1992228 bytes=3144021776 collective_rank_calls=46592
AMG setup messages level=1 phase=numbering sends=0 bytes=0 collective_rank_calls=3584
AMG setup messages level=1 phase=interpolation sends=454227 bytes=1722246748 collective_rank_calls=3584
AMG setup messages level=1 phase=interpolation-transpose sends=74644 bytes=488163040 collective_rank_calls=3584
AMG setup messages level=1 phase=A*P sends=258324 bytes=2886521440 collective_rank_calls=3584
AMG setup messages level=1 phase=R*(A*P) sends=223932 bytes=7272151648 collective_rank_calls=3584
AMG setup messages level=2 phase=strength sends=0 bytes=0 collective_rank_calls=3584
AMG setup messages level=2 phase=strength-transpose sends=86669 bytes=633691148 collective_rank_calls=3584
AMG setup messages level=2 phase=PMIS sends=1919402 bytes=896238920 collective_rank_calls=39424
AMG setup messages level=2 phase=numbering sends=0 bytes=0 collective_rank_calls=3584
AMG setup messages level=2 phase=interpolation sends=512304 bytes=665768896 collective_rank_calls=3584
AMG setup messages level=2 phase=interpolation-transpose sends=73352 bytes=142960800 collective_rank_calls=3584
AMG setup messages level=2 phase=A*P sends=300324 bytes=1168308512 collective_rank_calls=3584
AMG setup messages level=2 phase=R*(A*P) sends=220056 bytes=3245867584 collective_rank_calls=3584
AMG setup messages level=3 phase=strength sends=0 bytes=0 collective_rank_calls=3584
AMG setup messages level=3 phase=strength-transpose sends=88134 bytes=158034348 collective_rank_calls=3584
AMG setup messages level=3 phase=PMIS sends=2311896 bytes=277955776 collective_rank_calls=46592
AMG setup messages level=3 phase=numbering sends=0 bytes=0 collective_rank_calls=3584
AMG setup messages level=3 phase=interpolation sends=520767 bytes=180572640 collective_rank_calls=3584
AMG setup messages level=3 phase=interpolation-transpose sends=64279 bytes=34428448 collective_rank_calls=3584
AMG setup messages level=3 phase=A*P sends=306924 bytes=378779616 collective_rank_calls=3584
AMG setup messages level=3 phase=R*(A*P) sends=192837 bytes=924435184 collective_rank_calls=3584
AMG setup messages level=4 phase=strength sends=0 bytes=0 collective_rank_calls=3584
AMG setup messages level=4 phase=strength-transpose sends=83551 bytes=31392640 collective_rank_calls=3584
AMG setup messages level=4 phase=PMIS sends=2071251 bytes=67344072 collective_rank_calls=43008
AMG setup messages level=4 phase=numbering sends=0 bytes=0 collective_rank_calls=3584
AMG setup messages level=4 phase=interpolation sends=487092 bytes=43680664 collective_rank_calls=3584
AMG setup messages level=4 phase=interpolation-transpose sends=46593 bytes=8008608 collective_rank_calls=3584
AMG setup messages level=4 phase=A*P sends=460824 bytes=137735008 collective_rank_calls=3584
AMG setup messages level=4 phase=R*(A*P) sends=139779 bytes=222527184 collective_rank_calls=3584
AMG setup messages level=5 phase=strength sends=0 bytes=0 collective_rank_calls=3584
AMG setup messages level=5 phase=strength-transpose sends=72049 bytes=5915744 collective_rank_calls=3584
AMG setup messages level=5 phase=PMIS sends=1455512 bytes=13336208 collective_rank_calls=32256
AMG setup messages level=5 phase=numbering sends=0 bytes=0 collective_rank_calls=3584
AMG setup messages level=5 phase=interpolation sends=392619 bytes=8922736 collective_rank_calls=3584
AMG setup messages level=5 phase=interpolation-transpose sends=21503 bytes=1903968 collective_rank_calls=3584
AMG setup messages level=5 phase=A*P sends=860844 bytes=58606464 collective_rank_calls=3584
AMG setup messages level=5 phase=R*(A*P) sends=64509 bytes=41729440 collective_rank_calls=3584
AMG setup messages level=6 phase=strength sends=0 bytes=0 collective_rank_calls=3584
AMG setup messages level=6 phase=strength-transpose sends=16200 bytes=964184 collective_rank_calls=3584
AMG setup messages level=6 phase=PMIS sends=348408 bytes=2367012 collective_rank_calls=28672
AMG setup messages level=6 phase=numbering sends=0 bytes=0 collective_rank_calls=3584
AMG setup messages level=6 phase=interpolation sends=79317 bytes=1193268 collective_rank_calls=3584
AMG setup messages level=6 phase=interpolation-transpose sends=6492 bytes=451824 collective_rank_calls=3584
AMG setup messages level=6 phase=A*P sends=402552 bytes=14404560 collective_rank_calls=3584
AMG setup messages level=6 phase=R*(A*P) sends=19476 bytes=7190448 collective_rank_calls=3584
AMG setup messages level=7 phase=strength sends=0 bytes=0 collective_rank_calls=3584
AMG setup messages level=7 phase=strength-transpose sends=3500 bytes=207388 collective_rank_calls=3584
AMG setup messages level=7 phase=PMIS sends=42840 bytes=334900 collective_rank_calls=14336
AMG setup messages level=7 phase=numbering sends=0 bytes=0 collective_rank_calls=3584
AMG setup messages level=7 phase=interpolation sends=15300 bytes=191660 collective_rank_calls=3584
AMG setup messages level=7 phase=interpolation-transpose sends=2121 bytes=142448 collective_rank_calls=3584
AMG setup messages level=7 phase=A*P sends=97656 bytes=3247936 collective_rank_calls=3584
AMG setup messages level=7 phase=R*(A*P) sends=6363 bytes=1338384 collective_rank_calls=3584
AMG setup messages level=8 phase=strength sends=0 bytes=0 collective_rank_calls=3584
AMG setup messages level=8 phase=strength-transpose sends=876 bytes=54572 collective_rank_calls=3584
AMG setup messages level=8 phase=PMIS sends=6048 bytes=64652 collective_rank_calls=7168
AMG setup messages level=8 phase=numbering sends=0 bytes=0 collective_rank_calls=3584
AMG setup messages level=8 phase=interpolation sends=4506 bytes=37656 collective_rank_calls=3584
AMG setup messages level=8 phase=interpolation-transpose sends=248 bytes=18016 collective_rank_calls=3584
AMG setup messages level=8 phase=A*P sends=16086 bytes=310496 collective_rank_calls=3584
AMG setup messages level=8 phase=R*(A*P) sends=744 bytes=28528 collective_rank_calls=3584
GMRES: iter = 0, residual = 2.580705506, 1 (rel.)
GMRES: iter = 1, residual = 2.265589135, 0.8778952617 (rel.)
GMRES: iter = 2, residual = 2.128978237, 0.8249597763 (rel.)
GMRES: iter = 3, residual = 1.984186135, 0.7688541491 (rel.)
GMRES: iter = 4, residual = 1.867110097, 0.7234882451 (rel.)
GMRES: iter = 5, residual = 1.75775976, 0.68111598 (rel.)
GMRES: iter = 6, residual = 1.678658688, 0.6504650315 (rel.)
GMRES: Solve Time = 2.37467628
The cloud-layer FLD system Newton 5: residual=2.243259615, GMRES rtol=0.6800247019
AMG setup messages level=0 phase=strength sends=0 bytes=0 collective_rank_calls=3584
AMG setup messages level=0 phase=strength-transpose sends=28852 bytes=1218997984 collective_rank_calls=3584
AMG setup messages level=0 phase=PMIS sends=592396 bytes=3872207156 collective_rank_calls=35840
AMG setup messages level=0 phase=numbering sends=0 bytes=0 collective_rank_calls=3584
AMG setup messages level=0 phase=interpolation sends=173112 bytes=1665090264 collective_rank_calls=3584
AMG setup messages level=0 phase=interpolation-transpose sends=68929 bytes=627032080 collective_rank_calls=3584
AMG setup messages level=0 phase=A*P sends=90744 bytes=2935480240 collective_rank_calls=3584
AMG setup messages level=0 phase=R*(A*P) sends=206787 bytes=4419951248 collective_rank_calls=3584
AMG setup messages level=1 phase=strength sends=0 bytes=0 collective_rank_calls=3584
AMG setup messages level=1 phase=strength-transpose sends=76339 bytes=1429135640 collective_rank_calls=3584
AMG setup messages level=1 phase=PMIS sends=1837921 bytes=2920793216 collective_rank_calls=43008
AMG setup messages level=1 phase=numbering sends=0 bytes=0 collective_rank_calls=3584
AMG setup messages level=1 phase=interpolation sends=454143 bytes=1722490796 collective_rank_calls=3584
AMG setup messages level=1 phase=interpolation-transpose sends=74702 bytes=487984400 collective_rank_calls=3584
AMG setup messages level=1 phase=A*P sends=257508 bytes=2886204192 collective_rank_calls=3584
AMG setup messages level=1 phase=R*(A*P) sends=224106 bytes=7270620800 collective_rank_calls=3584
AMG setup messages level=2 phase=strength sends=0 bytes=0 collective_rank_calls=3584
AMG setup messages level=2 phase=strength-transpose sends=86571 bytes=633739020 collective_rank_calls=3584
AMG setup messages level=2 phase=PMIS sends=2091991 bytes=970858308 collective_rank_calls=43008
AMG setup messages level=2 phase=numbering sends=0 bytes=0 collective_rank_calls=3584
AMG setup messages level=2 phase=interpolation sends=511344 bytes=666290416 collective_rank_calls=3584
AMG setup messages level=2 phase=interpolation-transpose sends=73436 bytes=142912480 collective_rank_calls=3584
AMG setup messages level=2 phase=A*P sends=300270 bytes=1168366320 collective_rank_calls=3584
AMG setup messages level=2 phase=R*(A*P) sends=220308 bytes=3247859440 collective_rank_calls=3584
AMG setup messages level=3 phase=strength sends=0 bytes=0 collective_rank_calls=3584
AMG setup messages level=3 phase=strength-transpose sends=88351 bytes=158241928 collective_rank_calls=3584
AMG setup messages level=3 phase=PMIS sends=2318364 bytes=278124384 collective_rank_calls=46592
AMG setup messages level=3 phase=numbering sends=0 bytes=0 collective_rank_calls=3584
AMG setup messages level=3 phase=interpolation sends=521859 bytes=180526072 collective_rank_calls=3584
AMG setup messages level=3 phase=interpolation-transpose sends=64148 bytes=34422976 collective_rank_calls=3584
AMG setup messages level=3 phase=A*P sends=306846 bytes=379556480 collective_rank_calls=3584
AMG setup messages level=3 phase=R*(A*P) sends=192444 bytes=925015728 collective_rank_calls=3584
AMG setup messages level=4 phase=strength sends=0 bytes=0 collective_rank_calls=3584
AMG setup messages level=4 phase=strength-transpose sends=83797 bytes=31531240 collective_rank_calls=3584
AMG setup messages level=4 phase=PMIS sends=1900354 bytes=62433560 collective_rank_calls=39424
AMG setup messages level=4 phase=numbering sends=0 bytes=0 collective_rank_calls=3584
AMG setup messages level=4 phase=interpolation sends=488868 bytes=43838876 collective_rank_calls=3584
AMG setup messages level=4 phase=interpolation-transpose sends=46684 bytes=8033408 collective_rank_calls=3584
AMG setup messages level=4 phase=A*P sends=459948 bytes=137948528 collective_rank_calls=3584
AMG setup messages level=4 phase=R*(A*P) sends=140052 bytes=222310752 collective_rank_calls=3584
AMG setup messages level=5 phase=strength sends=0 bytes=0 collective_rank_calls=3584
AMG setup messages level=5 phase=strength-transpose sends=72194 bytes=5917944 collective_rank_calls=3584
AMG setup messages level=5 phase=PMIS sends=1298798 bytes=12079880 collective_rank_calls=28672
AMG setup messages level=5 phase=numbering sends=0 bytes=0 collective_rank_calls=3584
AMG setup messages level=5 phase=interpolation sends=394587 bytes=8907848 collective_rank_calls=3584
AMG setup messages level=5 phase=interpolation-transpose sends=21533 bytes=1923168 collective_rank_calls=3584
AMG setup messages level=5 phase=A*P sends=863640 bytes=58446672 collective_rank_calls=3584
AMG setup messages level=5 phase=R*(A*P) sends=64599 bytes=41900832 collective_rank_calls=3584
AMG setup messages level=6 phase=strength sends=0 bytes=0 collective_rank_calls=3584
AMG setup messages level=6 phase=strength-transpose sends=15993 bytes=956380 collective_rank_calls=3584
AMG setup messages level=6 phase=PMIS sends=302406 bytes=2109280 collective_rank_calls=25088
AMG setup messages level=6 phase=numbering sends=0 bytes=0 collective_rank_calls=3584
AMG setup messages level=6 phase=interpolation sends=78510 bytes=1135100 collective_rank_calls=3584
AMG setup messages level=6 phase=interpolation-transpose sends=6298 bytes=447312 collective_rank_calls=3584
AMG setup messages level=6 phase=A*P sends=410880 bytes=14830720 collective_rank_calls=3584
AMG setup messages level=6 phase=R*(A*P) sends=18894 bytes=6798896 collective_rank_calls=3584
AMG setup messages level=7 phase=strength sends=0 bytes=0 collective_rank_calls=3584
AMG setup messages level=7 phase=strength-transpose sends=3064 bytes=188428 collective_rank_calls=3584
AMG setup messages level=7 phase=PMIS sends=37742 bytes=302824 collective_rank_calls=14336
AMG setup messages level=7 phase=numbering sends=0 bytes=0 collective_rank_calls=3584
AMG setup messages level=7 phase=interpolation sends=13491 bytes=167628 collective_rank_calls=3584
AMG setup messages level=7 phase=interpolation-transpose sends=1748 bytes=118672 collective_rank_calls=3584
AMG setup messages level=7 phase=A*P sends=86994 bytes=2622272 collective_rank_calls=3584
AMG setup messages level=7 phase=R*(A*P) sends=5244 bytes=1004912 collective_rank_calls=3584
AMG setup messages level=8 phase=strength sends=0 bytes=0 collective_rank_calls=3584
AMG setup messages level=8 phase=strength-transpose sends=793 bytes=48920 collective_rank_calls=3584
AMG setup messages level=8 phase=PMIS sends=5443 bytes=57552 collective_rank_calls=7168
AMG setup messages level=8 phase=numbering sends=0 bytes=0 collective_rank_calls=3584
AMG setup messages level=8 phase=interpolation sends=3987 bytes=33012 collective_rank_calls=3584
AMG setup messages level=8 phase=interpolation-transpose sends=246 bytes=17456 collective_rank_calls=3584
AMG setup messages level=8 phase=A*P sends=15012 bytes=289840 collective_rank_calls=3584
AMG setup messages level=8 phase=R*(A*P) sends=738 bytes=27552 collective_rank_calls=3584
GMRES: iter = 0, residual = 2.239682113, 1 (rel.)
GMRES: iter = 1, residual = 1.970715551, 0.8799085993 (rel.)
GMRES: iter = 2, residual = 1.856036008, 0.8287051081 (rel.)
GMRES: iter = 3, residual = 1.728311794, 0.7716772768 (rel.)
GMRES: iter = 4, residual = 1.636515036, 0.7306907649 (rel.)
GMRES: iter = 5, residual = 1.546800906, 0.6906341293 (rel.)
GMRES: iter = 6, residual = 1.474969347, 0.6585619174 (rel.)
GMRES: Solve Time = 2.38264686
The cloud-layer FLD system Newton 6: residual=1.948182355, GMRES rtol=0.6809715328
AMG setup messages level=0 phase=strength sends=0 bytes=0 collective_rank_calls=3584
AMG setup messages level=0 phase=strength-transpose sends=28852 bytes=1218961920 collective_rank_calls=3584
AMG setup messages level=0 phase=PMIS sends=592396 bytes=3872122776 collective_rank_calls=35840
AMG setup messages level=0 phase=numbering sends=0 bytes=0 collective_rank_calls=3584
AMG setup messages level=0 phase=interpolation sends=173112 bytes=1665097496 collective_rank_calls=3584
AMG setup messages level=0 phase=interpolation-transpose sends=68906 bytes=626996160 collective_rank_calls=3584
AMG setup messages level=0 phase=A*P sends=90744 bytes=2935443904 collective_rank_calls=3584
AMG setup messages level=0 phase=R*(A*P) sends=206718 bytes=4420274576 collective_rank_calls=3584
AMG setup messages level=1 phase=strength sends=0 bytes=0 collective_rank_calls=3584
AMG setup messages level=1 phase=strength-transpose sends=76352 bytes=1428959972 collective_rank_calls=3584
AMG setup messages level=1 phase=PMIS sends=1839052 bytes=2920821744 collective_rank_calls=43008
AMG setup messages level=1 phase=numbering sends=0 bytes=0 collective_rank_calls=3584
AMG setup messages level=1 phase=interpolation sends=453960 bytes=1722350972 collective_rank_calls=3584
AMG setup messages level=1 phase=interpolation-transpose sends=74675 bytes=487945552 collective_rank_calls=3584
AMG setup messages level=1 phase=A*P sends=257634 bytes=2886431184 collective_rank_calls=3584
AMG setup messages level=1 phase=R*(A*P) sends=224025 bytes=7270628080 collective_rank_calls=3584
AMG setup messages level=2 phase=strength sends=0 bytes=0 collective_rank_calls=3584
AMG setup messages level=2 phase=strength-transpose sends=86767 bytes=633698000 collective_rank_calls=3584
AMG setup messages level=2 phase=PMIS sends=2095499 bytes=970969112 collective_rank_calls=43008
AMG setup messages level=2 phase=numbering sends=0 bytes=0 collective_rank_calls=3584
AMG setup messages level=2 phase=interpolation sends=512457 bytes=666154976 collective_rank_calls=3584
AMG setup messages level=2 phase=interpolation-transpose sends=73432 bytes=142914736 collective_rank_calls=3584
AMG setup messages level=2 phase=A*P sends=300282 bytes=1168969760 collective_rank_calls=3584
AMG setup messages level=2 phase=R*(A*P) sends=220296 bytes=3248555136 collective_rank_calls=3584
AMG setup messages level=3 phase=strength sends=0 bytes=0 collective_rank_calls=3584
AMG setup messages level=3 phase=strength-transpose sends=88174 bytes=158181004 collective_rank_calls=3584
AMG setup messages level=3 phase=PMIS sends=2313804 bytes=277844816 collective_rank_calls=46592
AMG setup messages level=3 phase=numbering sends=0 bytes=0 collective_rank_calls=3584
AMG setup messages level=3 phase=interpolation sends=520464 bytes=180504364 collective_rank_calls=3584
AMG setup messages level=3 phase=interpolation-transpose sends=64077 bytes=34309744 collective_rank_calls=3584
AMG setup messages level=3 phase=A*P sends=307092 bytes=379779680 collective_rank_calls=3584
AMG setup messages level=3 phase=R*(A*P) sends=192231 bytes=922431056 collective_rank_calls=3584
AMG setup messages level=4 phase=strength sends=0 bytes=0 collective_rank_calls=3584
AMG setup messages level=4 phase=strength-transpose sends=83913 bytes=31610748 collective_rank_calls=3584
AMG setup messages level=4 phase=PMIS sends=2073829 bytes=67531788 collective_rank_calls=43008
AMG setup messages level=4 phase=numbering sends=0 bytes=0 collective_rank_calls=3584
AMG setup messages level=4 phase=interpolation sends=489429 bytes=44040716 collective_rank_calls=3584
AMG setup messages level=4 phase=interpolation-transpose sends=46793 bytes=8029808 collective_rank_calls=3584
AMG setup messages level=4 phase=A*P sends=459516 bytes=138013568 collective_rank_calls=3584
AMG setup messages level=4 phase=R*(A*P) sends=140379 bytes=223309568 collective_rank_calls=3584
AMG setup messages level=5 phase=strength sends=0 bytes=0 collective_rank_calls=3584
AMG setup messages level=5 phase=strength-transpose sends=73089 bytes=6006144 collective_rank_calls=3584
AMG setup messages level=5 phase=PMIS sends=1475052 bytes=13555344 collective_rank_calls=32256
AMG setup messages level=5 phase=numbering sends=0 bytes=0 collective_rank_calls=3584
AMG setup messages level=5 phase=interpolation sends=397755 bytes=9027368 collective_rank_calls=3584
AMG setup messages level=5 phase=interpolation-transpose sends=21782 bytes=1958832 collective_rank_calls=3584
AMG setup messages level=5 phase=A*P sends=865548 bytes=59192720 collective_rank_calls=3584
AMG setup messages level=5 phase=R*(A*P) sends=65346 bytes=41922416 collective_rank_calls=3584
AMG setup messages level=6 phase=strength sends=0 bytes=0 collective_rank_calls=3584
AMG setup messages level=6 phase=strength-transpose sends=16131 bytes=958196 collective_rank_calls=3584
AMG setup messages level=6 phase=PMIS sends=343569 bytes=2333700 collective_rank_calls=28672
AMG setup messages level=6 phase=numbering sends=0 bytes=0 collective_rank_calls=3584
AMG setup messages level=6 phase=interpolation sends=79035 bytes=1148592 collective_rank_calls=3584
AMG setup messages level=6 phase=interpolation-transpose sends=6363 bytes=417200 collective_rank_calls=3584
AMG setup messages level=6 phase=A*P sends=401508 bytes=13921872 collective_rank_calls=3584
AMG setup messages level=6 phase=R*(A*P) sends=19089 bytes=6922352 collective_rank_calls=3584
AMG setup messages level=7 phase=strength sends=0 bytes=0 collective_rank_calls=3584
AMG setup messages level=7 phase=strength-transpose sends=2997 bytes=175540 collective_rank_calls=3584
AMG setup messages level=7 phase=PMIS sends=37151 bytes=293776 collective_rank_calls=14336
AMG setup messages level=7 phase=numbering sends=0 bytes=0 collective_rank_calls=3584
AMG setup messages level=7 phase=interpolation sends=12852 bytes=139132 collective_rank_calls=3584
AMG setup messages level=7 phase=interpolation-transpose sends=1441 bytes=99344 collective_rank_calls=3584
AMG setup messages level=7 phase=A*P sends=94650 bytes=2816880 collective_rank_calls=3584
AMG setup messages level=7 phase=R*(A*P) sends=4323 bytes=1370016 collective_rank_calls=3584
AMG setup messages level=8 phase=strength sends=0 bytes=0 collective_rank_calls=3584
AMG setup messages level=8 phase=strength-transpose sends=812 bytes=50304 collective_rank_calls=3584
AMG setup messages level=8 phase=PMIS sends=5546 bytes=58800 collective_rank_calls=7168
AMG setup messages level=8 phase=numbering sends=0 bytes=0 collective_rank_calls=3584
AMG setup messages level=8 phase=interpolation sends=3609 bytes=29088 collective_rank_calls=3584
AMG setup messages level=8 phase=interpolation-transpose sends=401 bytes=28992 collective_rank_calls=3584
AMG setup messages level=8 phase=A*P sends=30174 bytes=597920 collective_rank_calls=3584
AMG setup messages level=8 phase=R*(A*P) sends=1203 bytes=61520 collective_rank_calls=3584
GMRES: iter = 0, residual = 1.945731418, 1 (rel.)
GMRES: iter = 1, residual = 1.72693595, 0.8875510435 (rel.)
GMRES: iter = 2, residual = 1.629643679, 0.837548114 (rel.)
GMRES: iter = 3, residual = 1.515769172, 0.7790228177 (rel.)
GMRES: iter = 4, residual = 1.440518133, 0.7403478813 (rel.)
GMRES: iter = 5, residual = 1.364994313, 0.7015327503 (rel.)
GMRES: iter = 6, residual = 1.298715533, 0.6674690665 (rel.)
GMRES: Solve Time = 2.386477271
The cloud-layer FLD system Newton 7: residual=1.696816803, GMRES rtol=0.6844577398
AMG setup messages level=0 phase=strength sends=0 bytes=0 collective_rank_calls=3584
AMG setup messages level=0 phase=strength-transpose sends=28852 bytes=1218933208 collective_rank_calls=3584
AMG setup messages level=0 phase=PMIS sends=592396 bytes=3872049528 collective_rank_calls=35840
AMG setup messages level=0 phase=numbering sends=0 bytes=0 collective_rank_calls=3584
AMG setup messages level=0 phase=interpolation sends=173112 bytes=1664878724 collective_rank_calls=3584
AMG setup messages level=0 phase=interpolation-transpose sends=68933 bytes=626936560 collective_rank_calls=3584
AMG setup messages level=0 phase=A*P sends=90744 bytes=2935300288 collective_rank_calls=3584
AMG setup messages level=0 phase=R*(A*P) sends=206799 bytes=4418793840 collective_rank_calls=3584
AMG setup messages level=1 phase=strength sends=0 bytes=0 collective_rank_calls=3584
AMG setup messages level=1 phase=strength-transpose sends=76361 bytes=1428882012 collective_rank_calls=3584
AMG setup messages level=1 phase=PMIS sends=1838761 bytes=2921130392 collective_rank_calls=43008
AMG setup messages level=1 phase=numbering sends=0 bytes=0 collective_rank_calls=3584
AMG setup messages level=1 phase=interpolation sends=453975 bytes=1722282328 collective_rank_calls=3584
AMG setup messages level=1 phase=interpolation-transpose sends=74723 bytes=488137488 collective_rank_calls=3584
AMG setup messages level=1 phase=A*P sends=257844 bytes=2886325456 collective_rank_calls=3584
AMG setup messages level=1 phase=R*(A*P) sends=224169 bytes=7272603104 collective_rank_calls=3584
AMG setup messages level=2 phase=strength sends=0 bytes=0 collective_rank_calls=3584
AMG setup messages level=2 phase=strength-transpose sends=86721 bytes=633298012 collective_rank_calls=3584
AMG setup messages level=2 phase=PMIS sends=2095019 bytes=970763492 collective_rank_calls=43008
AMG setup messages level=2 phase=numbering sends=0 bytes=0 collective_rank_calls=3584
AMG setup messages level=2 phase=interpolation sends=512532 bytes=665755236 collective_rank_calls=3584
AMG setup messages level=2 phase=interpolation-transpose sends=73445 bytes=142884304 collective_rank_calls=3584
AMG setup messages level=2 phase=A*P sends=300084 bytes=1169223296 collective_rank_calls=3584
AMG setup messages level=2 phase=R*(A*P) sends=220335 bytes=3249239040 collective_rank_calls=3584
AMG setup messages level=3 phase=strength sends=0 bytes=0 collective_rank_calls=3584
AMG setup messages level=3 phase=strength-transpose sends=87974 bytes=158158816 collective_rank_calls=3584
AMG setup messages level=3 phase=PMIS sends=2310004 bytes=277550304 collective_rank_calls=46592
AMG setup messages level=3 phase=numbering sends=0 bytes=0 collective_rank_calls=3584
AMG setup messages level=3 phase=interpolation sends=519237 bytes=180080632 collective_rank_calls=3584
AMG setup messages level=3 phase=interpolation-transpose sends=64324 bytes=34353984 collective_rank_calls=3584
AMG setup messages level=3 phase=A*P sends=307176 bytes=380203952 collective_rank_calls=3584
AMG setup messages level=3 phase=R*(A*P) sends=192972 bytes=922108384 collective_rank_calls=3584
AMG setup messages level=4 phase=strength sends=0 bytes=0 collective_rank_calls=3584
AMG setup messages level=4 phase=strength-transpose sends=83870 bytes=31704976 collective_rank_calls=3584
AMG setup messages level=4 phase=PMIS sends=1900364 bytes=62477768 collective_rank_calls=39424
AMG setup messages level=4 phase=numbering sends=0 bytes=0 collective_rank_calls=3584
AMG setup messages level=4 phase=interpolation sends=489189 bytes=44136964 collective_rank_calls=3584
AMG setup messages level=4 phase=interpolation-transpose sends=46736 bytes=8079984 collective_rank_calls=3584
AMG setup messages level=4 phase=A*P sends=459744 bytes=138559216 collective_rank_calls=3584
AMG setup messages level=4 phase=R*(A*P) sends=140208 bytes=222884240 collective_rank_calls=3584
AMG setup messages level=5 phase=strength sends=0 bytes=0 collective_rank_calls=3584
AMG setup messages level=5 phase=strength-transpose sends=73509 bytes=6018296 collective_rank_calls=3584
AMG setup messages level=5 phase=PMIS sends=1481232 bytes=13573264 collective_rank_calls=32256
AMG setup messages level=5 phase=numbering sends=0 bytes=0 collective_rank_calls=3584
AMG setup messages level=5 phase=interpolation sends=401448 bytes=8964076 collective_rank_calls=3584
AMG setup messages level=5 phase=interpolation-transpose sends=21867 bytes=1961760 collective_rank_calls=3584
AMG setup messages level=5 phase=A*P sends=867432 bytes=59120624 collective_rank_calls=3584
AMG setup messages level=5 phase=R*(A*P) sends=65601 bytes=41872800 collective_rank_calls=3584
AMG setup messages level=6 phase=strength sends=0 bytes=0 collective_rank_calls=3584
AMG setup messages level=6 phase=strength-transpose sends=15491 bytes=916224 collective_rank_calls=3584
AMG setup messages level=6 phase=PMIS sends=332465 bytes=2241248 collective_rank_calls=28672
AMG setup messages level=6 phase=numbering sends=0 bytes=0 collective_rank_calls=3584
AMG setup messages level=6 phase=interpolation sends=76293 bytes=1085348 collective_rank_calls=3584
AMG setup messages level=6 phase=interpolation-transpose sends=6119 bytes=422128 collective_rank_calls=3584
AMG setup messages level=6 phase=A*P sends=398130 bytes=13847024 collective_rank_calls=3584
AMG setup messages level=6 phase=R*(A*P) sends=18357 bytes=6423632 collective_rank_calls=3584
AMG setup messages level=7 phase=strength sends=0 bytes=0 collective_rank_calls=3584
AMG setup messages level=7 phase=strength-transpose sends=2925 bytes=174416 collective_rank_calls=3584
AMG setup messages level=7 phase=PMIS sends=27314 bytes=235120 collective_rank_calls=10752
AMG setup messages level=7 phase=numbering sends=0 bytes=0 collective_rank_calls=3584
AMG setup messages level=7 phase=interpolation sends=12831 bytes=132212 collective_rank_calls=3584
AMG setup messages level=7 phase=interpolation-transpose sends=1273 bytes=85984 collective_rank_calls=3584
AMG setup messages level=7 phase=A*P sends=83886 bytes=2364448 collective_rank_calls=3584
AMG setup messages level=7 phase=R*(A*P) sends=3819 bytes=962080 collective_rank_calls=3584
AMG setup messages level=8 phase=strength sends=0 bytes=0 collective_rank_calls=3584
AMG setup messages level=8 phase=strength-transpose sends=634 bytes=38624 collective_rank_calls=3584
AMG setup messages level=8 phase=PMIS sends=4426 bytes=45696 collective_rank_calls=7168
AMG setup messages level=8 phase=numbering sends=0 bytes=0 collective_rank_calls=3584
AMG setup messages level=8 phase=interpolation sends=2883 bytes=23144 collective_rank_calls=3584
AMG setup messages level=8 phase=interpolation-transpose sends=305 bytes=21488 collective_rank_calls=3584
AMG setup messages level=8 phase=A*P sends=19800 bytes=370720 collective_rank_calls=3584
AMG setup messages level=8 phase=R*(A*P) sends=915 bytes=33216 collective_rank_calls=3584
GMRES: iter = 0, residual = 1.695560438, 1 (rel.)
GMRES: iter = 1, residual = 1.522156538, 0.8977306287 (rel.)
GMRES: iter = 2, residual = 1.442287248, 0.8506256783 (rel.)
GMRES: iter = 3, residual = 1.341553443, 0.7912153485 (rel.)
GMRES: iter = 4, residual = 1.275628747, 0.752334578 (rel.)
GMRES: iter = 5, residual = 1.206492002, 0.71155942 (rel.)
GMRES: iter = 6, residual = 1.141958412, 0.6734990899 (rel.)
GMRES: Solve Time = 2.398508162
The cloud-layer FLD system Newton 8: residual=1.482785512, GMRES rtol=0.688291851
AMG setup messages level=0 phase=strength sends=0 bytes=0 collective_rank_calls=3584
AMG setup messages level=0 phase=strength-transpose sends=28852 bytes=1218909128 collective_rank_calls=3584
AMG setup messages level=0 phase=PMIS sends=592396 bytes=3871993192 collective_rank_calls=35840
AMG setup messages level=0 phase=numbering sends=0 bytes=0 collective_rank_calls=3584
AMG setup messages level=0 phase=interpolation sends=173112 bytes=1664808308 collective_rank_calls=3584
AMG setup messages level=0 phase=interpolation-transpose sends=69016 bytes=627032032 collective_rank_calls=3584
AMG setup messages level=0 phase=A*P sends=90744 bytes=2935365056 collective_rank_calls=3584
AMG setup messages level=0 phase=R*(A*P) sends=207048 bytes=4419882144 collective_rank_calls=3584
AMG setup messages level=1 phase=strength sends=0 bytes=0 collective_rank_calls=3584
AMG setup messages level=1 phase=strength-transpose sends=76342 bytes=1428730576 collective_rank_calls=3584
AMG setup messages level=1 phase=PMIS sends=1991724 bytes=3144664480 collective_rank_calls=46592
AMG setup messages level=1 phase=numbering sends=0 bytes=0 collective_rank_calls=3584
AMG setup messages level=1 phase=interpolation sends=454251 bytes=1722269352 collective_rank_calls=3584
AMG setup messages level=1 phase=interpolation-transpose sends=74600 bytes=488042272 collective_rank_calls=3584
AMG setup messages level=1 phase=A*P sends=257394 bytes=2885998096 collective_rank_calls=3584
AMG setup messages level=1 phase=R*(A*P) sends=223800 bytes=7270647840 collective_rank_calls=3584
AMG setup messages level=2 phase=strength sends=0 bytes=0 collective_rank_calls=3584
AMG setup messages level=2 phase=strength-transpose sends=86533 bytes=633211408 collective_rank_calls=3584
AMG setup messages level=2 phase=PMIS sends=2090325 bytes=970660524 collective_rank_calls=43008
AMG setup messages level=2 phase=numbering sends=0 bytes=0 collective_rank_calls=3584
AMG setup messages level=2 phase=interpolation sends=511464 bytes=665843948 collective_rank_calls=3584
AMG setup messages level=2 phase=interpolation-transpose sends=73403 bytes=142944192 collective_rank_calls=3584
AMG setup messages level=2 phase=A*P sends=300402 bytes=1169458912 collective_rank_calls=3584
AMG setup messages level=2 phase=R*(A*P) sends=220209 bytes=3251541376 collective_rank_calls=3584
AMG setup messages level=3 phase=strength sends=0 bytes=0 collective_rank_calls=3584
AMG setup messages level=3 phase=strength-transpose sends=88066 bytes=158076936 collective_rank_calls=3584
AMG setup messages level=3 phase=PMIS sends=2490088 bytes=297056100 collective_rank_calls=50176
AMG setup messages level=3 phase=numbering sends=0 bytes=0 collective_rank_calls=3584
AMG setup messages level=3 phase=interpolation sends=520263 bytes=179885700 collective_rank_calls=3584
AMG setup messages level=3 phase=interpolation-transpose sends=64059 bytes=34335280 collective_rank_calls=3584
AMG setup messages level=3 phase=A*P sends=307068 bytes=380431408 collective_rank_calls=3584
AMG setup messages level=3 phase=R*(A*P) sends=192177 bytes=921361472 collective_rank_calls=3584
AMG setup messages level=4 phase=strength sends=0 bytes=0 collective_rank_calls=3584
AMG setup messages level=4 phase=strength-transpose sends=83995 bytes=31761428 collective_rank_calls=3584
AMG setup messages level=4 phase=PMIS sends=1902262 bytes=62501992 collective_rank_calls=39424
AMG setup messages level=4 phase=numbering sends=0 bytes=0 collective_rank_calls=3584
AMG setup messages level=4 phase=interpolation sends=490227 bytes=44024224 collective_rank_calls=3584
AMG setup messages level=4 phase=interpolation-transpose sends=46826 bytes=8075680 collective_rank_calls=3584
AMG setup messages level=4 phase=A*P sends=459816 bytes=138528176 collective_rank_calls=3584
AMG setup messages level=4 phase=R*(A*P) sends=140478 bytes=223737136 collective_rank_calls=3584
AMG setup messages level=5 phase=strength sends=0 bytes=0 collective_rank_calls=3584
AMG setup messages level=5 phase=strength-transpose sends=73595 bytes=6002888 collective_rank_calls=3584
AMG setup messages level=5 phase=PMIS sends=1483960 bytes=13610256 collective_rank_calls=32256
AMG setup messages level=5 phase=numbering sends=0 bytes=0 collective_rank_calls=3584
AMG setup messages level=5 phase=interpolation sends=401577 bytes=8901664 collective_rank_calls=3584
AMG setup messages level=5 phase=interpolation-transpose sends=22164 bytes=1969888 collective_rank_calls=3584
AMG setup messages level=5 phase=A*P sends=869712 bytes=59141120 collective_rank_calls=3584
AMG setup messages level=5 phase=R*(A*P) sends=66492 bytes=42610096 collective_rank_calls=3584
AMG setup messages level=6 phase=strength sends=0 bytes=0 collective_rank_calls=3584
AMG setup messages level=6 phase=strength-transpose sends=16072 bytes=933376 collective_rank_calls=3584
AMG setup messages level=6 phase=PMIS sends=302288 bytes=2059432 collective_rank_calls=25088
AMG setup messages level=6 phase=numbering sends=0 bytes=0 collective_rank_calls=3584
AMG setup messages level=6 phase=interpolation sends=78936 bytes=1070324 collective_rank_calls=3584
AMG setup messages level=6 phase=interpolation-transpose sends=6324 bytes=420144 collective_rank_calls=3584
AMG setup messages level=6 phase=A*P sends=409620 bytes=14148848 collective_rank_calls=3584
AMG setup messages level=6 phase=R*(A*P) sends=18972 bytes=6648944 collective_rank_calls=3584
AMG setup messages level=7 phase=strength sends=0 bytes=0 collective_rank_calls=3584
AMG setup messages level=7 phase=strength-transpose sends=2776 bytes=161552 collective_rank_calls=3584
AMG setup messages level=7 phase=PMIS sends=34548 bytes=270496 collective_rank_calls=14336
AMG setup messages level=7 phase=numbering sends=0 bytes=0 collective_rank_calls=3584
AMG setup messages level=7 phase=interpolation sends=12363 bytes=122360 collective_rank_calls=3584
AMG setup messages level=7 phase=interpolation-transpose sends=1450 bytes=95968 collective_rank_calls=3584
AMG setup messages level=7 phase=A*P sends=88740 bytes=2519136 collective_rank_calls=3584
AMG setup messages level=7 phase=R*(A*P) sends=4350 bytes=1023280 collective_rank_calls=3584
AMG setup messages level=8 phase=strength sends=0 bytes=0 collective_rank_calls=3584
AMG setup messages level=8 phase=strength-transpose sends=679 bytes=42824 collective_rank_calls=3584
AMG setup messages level=8 phase=PMIS sends=6750 bytes=63680 collective_rank_calls=10752
AMG setup messages level=8 phase=numbering sends=0 bytes=0 collective_rank_calls=3584
AMG setup messages level=8 phase=interpolation sends=3105 bytes=24972 collective_rank_calls=3584
AMG setup messages level=8 phase=interpolation-transpose sends=318 bytes=23408 collective_rank_calls=3584
AMG setup messages level=8 phase=A*P sends=16800 bytes=337072 collective_rank_calls=3584
AMG setup messages level=8 phase=R*(A*P) sends=954 bytes=49872 collective_rank_calls=3584
GMRES: iter = 0, residual = 1.482070683, 1 (rel.)
GMRES: iter = 1, residual = 1.343201755, 0.9063007388 (rel.)
GMRES: iter = 2, residual = 1.273211231, 0.8590759166 (rel.)
GMRES: iter = 3, residual = 1.182065655, 0.7975771116 (rel.)
GMRES: iter = 4, residual = 1.123511062, 0.7580684746 (rel.)
GMRES: iter = 5, residual = 1.059736047, 0.7150374535 (rel.)
GMRES: iter = 6, residual = 0.9983674477, 0.673630117 (rel.)
GMRES: Solve Time = 2.390922091
The cloud-layer FLD system Newton 9: residual=1.462121819, GMRES rtol=0.8759348236
AMG setup messages level=0 phase=strength sends=0 bytes=0 collective_rank_calls=3584
AMG setup messages level=0 phase=strength-transpose sends=28852 bytes=1218865140 collective_rank_calls=3584
AMG setup messages level=0 phase=PMIS sends=592396 bytes=3871894204 collective_rank_calls=35840
AMG setup messages level=0 phase=numbering sends=0 bytes=0 collective_rank_calls=3584
AMG setup messages level=0 phase=interpolation sends=173112 bytes=1664762872 collective_rank_calls=3584
AMG setup messages level=0 phase=interpolation-transpose sends=68944 bytes=626916272 collective_rank_calls=3584
AMG setup messages level=0 phase=A*P sends=90744 bytes=2935169872 collective_rank_calls=3584
AMG setup messages level=0 phase=R*(A*P) sends=206832 bytes=4418078816 collective_rank_calls=3584
AMG setup messages level=1 phase=strength sends=0 bytes=0 collective_rank_calls=3584
AMG setup messages level=1 phase=strength-transpose sends=76480 bytes=1428571676 collective_rank_calls=3584
AMG setup messages level=1 phase=PMIS sends=1841942 bytes=2921746208 collective_rank_calls=43008
AMG setup messages level=1 phase=numbering sends=0 bytes=0 collective_rank_calls=3584
AMG setup messages level=1 phase=interpolation sends=454911 bytes=1722823064 collective_rank_calls=3584
AMG setup messages level=1 phase=interpolation-transpose sends=74688 bytes=488074656 collective_rank_calls=3584
AMG setup messages level=1 phase=A*P sends=258036 bytes=2885910784 collective_rank_calls=3584
AMG setup messages level=1 phase=R*(A*P) sends=224064 bytes=7274381664 collective_rank_calls=3584
AMG setup messages level=2 phase=strength sends=0 bytes=0 collective_rank_calls=3584
AMG setup messages level=2 phase=strength-transpose sends=86752 bytes=632971380 collective_rank_calls=3584
AMG setup messages level=2 phase=PMIS sends=2096114 bytes=971135164 collective_rank_calls=43008
AMG setup messages level=2 phase=numbering sends=0 bytes=0 collective_rank_calls=3584
AMG setup messages level=2 phase=interpolation sends=512457 bytes=665507344 collective_rank_calls=3584
AMG setup messages level=2 phase=interpolation-transpose sends=73504 bytes=143116304 collective_rank_calls=3584
AMG setup messages level=2 phase=A*P sends=300222 bytes=1170615024 collective_rank_calls=3584
AMG setup messages level=2 phase=R*(A*P) sends=220512 bytes=3255861824 collective_rank_calls=3584
AMG setup messages level=3 phase=strength sends=0 bytes=0 collective_rank_calls=3584
AMG setup messages level=3 phase=strength-transpose sends=88012 bytes=158308444 collective_rank_calls=3584
AMG setup messages level=3 phase=PMIS sends=2311524 bytes=277195408 collective_rank_calls=46592
AMG setup messages level=3 phase=numbering sends=0 bytes=0 collective_rank_calls=3584
AMG setup messages level=3 phase=interpolation sends=519840 bytes=179655116 collective_rank_calls=3584
AMG setup messages level=3 phase=interpolation-transpose sends=64159 bytes=34373584 collective_rank_calls=3584
AMG setup messages level=3 phase=A*P sends=307038 bytes=381473712 collective_rank_calls=3584
AMG setup messages level=3 phase=R*(A*P) sends=192477 bytes=920926048 collective_rank_calls=3584
AMG setup messages level=4 phase=strength sends=0 bytes=0 collective_rank_calls=3584
AMG setup messages level=4 phase=strength-transpose sends=84054 bytes=31954364 collective_rank_calls=3584
AMG setup messages level=4 phase=PMIS sends=2075250 bytes=67933108 collective_rank_calls=43008
AMG setup messages level=4 phase=numbering sends=0 bytes=0 collective_rank_calls=3584
AMG setup messages level=4 phase=interpolation sends=490665 bytes=44404780 collective_rank_calls=3584
AMG setup messages level=4 phase=interpolation-transpose sends=47067 bytes=8132720 collective_rank_calls=3584
AMG setup messages level=4 phase=A*P sends=459648 bytes=139221872 collective_rank_calls=3584
AMG setup messages level=4 phase=R*(A*P) sends=141201 bytes=223214240 collective_rank_calls=3584
AMG setup messages level=5 phase=strength sends=0 bytes=0 collective_rank_calls=3584
AMG setup messages level=5 phase=strength-transpose sends=74356 bytes=6099076 collective_rank_calls=3584
AMG setup messages level=5 phase=PMIS sends=1332454 bytes=12459804 collective_rank_calls=28672
AMG setup messages level=5 phase=numbering sends=0 bytes=0 collective_rank_calls=3584
AMG setup messages level=5 phase=interpolation sends=405825 bytes=9144624 collective_rank_calls=3584
AMG setup messages level=5 phase=interpolation-transpose sends=21836 bytes=1982480 collective_rank_calls=3584
AMG setup messages level=5 phase=A*P sends=870588 bytes=59224416 collective_rank_calls=3584
AMG setup messages level=5 phase=R*(A*P) sends=65508 bytes=41966080 collective_rank_calls=3584
AMG setup messages level=6 phase=strength sends=0 bytes=0 collective_rank_calls=3584
AMG setup messages level=6 phase=strength-transpose sends=15984 bytes=956604 collective_rank_calls=3584
AMG setup messages level=6 phase=PMIS sends=299216 bytes=2092448 collective_rank_calls=25088
AMG setup messages level=6 phase=numbering sends=0 bytes=0 collective_rank_calls=3584
AMG setup messages level=6 phase=interpolation sends=78648 bytes=1134376 collective_rank_calls=3584
AMG setup messages level=6 phase=interpolation-transpose sends=6028 bytes=425168 collective_rank_calls=3584
AMG setup messages level=6 phase=A*P sends=392844 bytes=13823920 collective_rank_calls=3584
AMG setup messages level=6 phase=R*(A*P) sends=18084 bytes=6708992 collective_rank_calls=3584
AMG setup messages level=7 phase=strength sends=0 bytes=0 collective_rank_calls=3584
AMG setup messages level=7 phase=strength-transpose sends=3283 bytes=201692 collective_rank_calls=3584
AMG setup messages level=7 phase=PMIS sends=39839 bytes=324720 collective_rank_calls=14336
AMG setup messages level=7 phase=numbering sends=0 bytes=0 collective_rank_calls=3584
AMG setup messages level=7 phase=interpolation sends=14334 bytes=174156 collective_rank_calls=3584
AMG setup messages level=7 phase=interpolation-transpose sends=1578 bytes=119216 collective_rank_calls=3584
AMG setup messages level=7 phase=A*P sends=86052 bytes=2829648 collective_rank_calls=3584
AMG setup messages level=7 phase=R*(A*P) sends=4734 bytes=1188528 collective_rank_calls=3584
AMG setup messages level=8 phase=strength sends=0 bytes=0 collective_rank_calls=3584
AMG setup messages level=8 phase=strength-transpose sends=1016 bytes=68764 collective_rank_calls=3584
AMG setup messages level=8 phase=PMIS sends=6968 bytes=74288 collective_rank_calls=7168
AMG setup messages level=8 phase=numbering sends=0 bytes=0 collective_rank_calls=3584
AMG setup messages level=8 phase=interpolation sends=5586 bytes=50672 collective_rank_calls=3584
AMG setup messages level=8 phase=interpolation-transpose sends=315 bytes=22624 collective_rank_calls=3584
AMG setup messages level=8 phase=A*P sends=19530 bytes=382000 collective_rank_calls=3584
AMG setup messages level=8 phase=R*(A*P) sends=945 bytes=35376 collective_rank_calls=3584
GMRES: iter = 0, residual = 1.461447128, 1 (rel.)
GMRES: iter = 1, residual = 1.120993504, 0.7670434889 (rel.)
GMRES: Solve Time = 0.551268102
The cloud-layer FLD system Newton 10: residual=1.12015721, GMRES rtol=0.6905356337
AMG setup messages level=0 phase=strength sends=0 bytes=0 collective_rank_calls=3584
AMG setup messages level=0 phase=strength-transpose sends=28852 bytes=1218857216 collective_rank_calls=3584
AMG setup messages level=0 phase=PMIS sends=592396 bytes=3871874864 collective_rank_calls=35840
AMG setup messages level=0 phase=numbering sends=0 bytes=0 collective_rank_calls=3584
AMG setup messages level=0 phase=interpolation sends=173112 bytes=1664693612 collective_rank_calls=3584
AMG setup messages level=0 phase=interpolation-transpose sends=68951 bytes=626996496 collective_rank_calls=3584
AMG setup messages level=0 phase=A*P sends=90744 bytes=2935147232 collective_rank_calls=3584
AMG setup messages level=0 phase=R*(A*P) sends=206853 bytes=4418242560 collective_rank_calls=3584
AMG setup messages level=1 phase=strength sends=0 bytes=0 collective_rank_calls=3584
AMG setup messages level=1 phase=strength-transpose sends=76352 bytes=1428675600 collective_rank_calls=3584
AMG setup messages level=1 phase=PMIS sends=1992180 bytes=3145447232 collective_rank_calls=46592
AMG setup messages level=1 phase=numbering sends=0 bytes=0 collective_rank_calls=3584
AMG setup messages level=1 phase=interpolation sends=454017 bytes=1722400896 collective_rank_calls=3584
AMG setup messages level=1 phase=interpolation-transpose sends=74687 bytes=488100736 collective_rank_calls=3584
AMG setup messages level=1 phase=A*P sends=257790 bytes=2886426304 collective_rank_calls=3584
AMG setup messages level=1 phase=R*(A*P) sends=224061 bytes=7273149424 collective_rank_calls=3584
AMG setup messages level=2 phase=strength sends=0 bytes=0 collective_rank_calls=3584
AMG setup messages level=2 phase=strength-transpose sends=86648 bytes=632722400 collective_rank_calls=3584
AMG setup messages level=2 phase=PMIS sends=2094060 bytes=970632276 collective_rank_calls=43008
AMG setup messages level=2 phase=numbering sends=0 bytes=0 collective_rank_calls=3584
AMG setup messages level=2 phase=interpolation sends=512304 bytes=665090332 collective_rank_calls=3584
AMG setup messages level=2 phase=interpolation-transpose sends=73351 bytes=142955584 collective_rank_calls=3584
AMG setup messages level=2 phase=A*P sends=300138 bytes=1170689952 collective_rank_calls=3584
AMG setup messages level=2 phase=R*(A*P) sends=220053 bytes=3250831776 collective_rank_calls=3584
AMG setup messages level=3 phase=strength sends=0 bytes=0 collective_rank_calls=3584
AMG setup messages level=3 phase=strength-transpose sends=87900 bytes=158059988 collective_rank_calls=3584
AMG setup messages level=3 phase=PMIS sends=2131804 bytes=256980424 collective_rank_calls=43008
AMG setup messages level=3 phase=numbering sends=0 bytes=0 collective_rank_calls=3584
AMG setup messages level=3 phase=interpolation sends=519270 bytes=179127088 collective_rank_calls=3584
AMG setup messages level=3 phase=interpolation-transpose sends=63945 bytes=34359040 collective_rank_calls=3584
AMG setup messages level=3 phase=A*P sends=307236 bytes=381286768 collective_rank_calls=3584
AMG setup messages level=3 phase=R*(A*P) sends=191835 bytes=918847376 collective_rank_calls=3584
AMG setup messages level=4 phase=strength sends=0 bytes=0 collective_rank_calls=3584
AMG setup messages level=4 phase=strength-transpose sends=84040 bytes=31841380 collective_rank_calls=3584
AMG setup messages level=4 phase=PMIS sends=1728584 bytes=57430892 collective_rank_calls=35840
AMG setup messages level=4 phase=numbering sends=0 bytes=0 collective_rank_calls=3584
AMG setup messages level=4 phase=interpolation sends=490596 bytes=44377540 collective_rank_calls=3584
AMG setup messages level=4 phase=interpolation-transpose sends=46746 bytes=8070288 collective_rank_calls=3584
AMG setup messages level=4 phase=A*P sends=459210 bytes=138687168 collective_rank_calls=3584
AMG setup messages level=4 phase=R*(A*P) sends=140238 bytes=221694192 collective_rank_calls=3584
AMG setup messages level=5 phase=strength sends=0 bytes=0 collective_rank_calls=3584
AMG setup messages level=5 phase=strength-transpose sends=73458 bytes=6090264 collective_rank_calls=3584
AMG setup messages level=5 phase=PMIS sends=1315926 bytes=12443340 collective_rank_calls=28672
AMG setup messages level=5 phase=numbering sends=0 bytes=0 collective_rank_calls=3584
AMG setup messages level=5 phase=interpolation sends=400293 bytes=9150084 collective_rank_calls=3584
AMG setup messages level=5 phase=interpolation-transpose sends=21728 bytes=1980432 collective_rank_calls=3584
AMG setup messages level=5 phase=A*P sends=864078 bytes=59245024 collective_rank_calls=3584
AMG setup messages level=5 phase=R*(A*P) sends=65184 bytes=42162656 collective_rank_calls=3584
AMG setup messages level=6 phase=strength sends=0 bytes=0 collective_rank_calls=3584
AMG setup messages level=6 phase=strength-transpose sends=16090 bytes=968252 collective_rank_calls=3584
AMG setup messages level=6 phase=PMIS sends=302428 bytes=2118664 collective_rank_calls=25088
AMG setup messages level=6 phase=numbering sends=0 bytes=0 collective_rank_calls=3584
AMG setup messages level=6 phase=interpolation sends=78546 bytes=1139616 collective_rank_calls=3584
AMG setup messages level=6 phase=interpolation-transpose sends=5985 bytes=425296 collective_rank_calls=3584
AMG setup messages level=6 phase=A*P sends=403524 bytes=14230512 collective_rank_calls=3584
AMG setup messages level=6 phase=R*(A*P) sends=17955 bytes=6814192 collective_rank_calls=3584
AMG setup messages level=7 phase=strength sends=0 bytes=0 collective_rank_calls=3584
AMG setup messages level=7 phase=strength-transpose sends=3195 bytes=204456 collective_rank_calls=3584
AMG setup messages level=7 phase=PMIS sends=39425 bytes=329948 collective_rank_calls=14336
AMG setup messages level=7 phase=numbering sends=0 bytes=0 collective_rank_calls=3584
AMG setup messages level=7 phase=interpolation sends=14613 bytes=170968 collective_rank_calls=3584
AMG setup messages level=7 phase=interpolation-transpose sends=1586 bytes=110240 collective_rank_calls=3584
AMG setup messages level=7 phase=A*P sends=91908 bytes=2769216 collective_rank_calls=3584
AMG setup messages level=7 phase=R*(A*P) sends=4758 bytes=1120944 collective_rank_calls=3584
AMG setup messages level=8 phase=strength sends=0 bytes=0 collective_rank_calls=3584
AMG setup messages level=8 phase=strength-transpose sends=884 bytes=57268 collective_rank_calls=3584
AMG setup messages level=8 phase=PMIS sends=6128 bytes=69116 collective_rank_calls=7168
AMG setup messages level=8 phase=numbering sends=0 bytes=0 collective_rank_calls=3584
AMG setup messages level=8 phase=interpolation sends=4311 bytes=35376 collective_rank_calls=3584
AMG setup messages level=8 phase=interpolation-transpose sends=333 bytes=24816 collective_rank_calls=3584
AMG setup messages level=8 phase=A*P sends=17436 bytes=356096 collective_rank_calls=3584
AMG setup messages level=8 phase=R*(A*P) sends=999 bytes=40976 collective_rank_calls=3584
GMRES: iter = 0, residual = 1.120262462, 1 (rel.)
GMRES: iter = 1, residual = 1.053456806, 0.9403660682 (rel.)
GMRES: iter = 2, residual = 0.978778131, 0.8737043012 (rel.)
GMRES: iter = 3, residual = 0.9002177127, 0.803577504 (rel.)
GMRES: iter = 4, residual = 0.8404758339, 0.7502490379 (rel.)
GMRES: iter = 5, residual = 0.7729191666, 0.6899447167 (rel.)
GMRES: Solve Time = 2.006577872
The cloud-layer FLD system Newton 11: residual=0.9234988577, GMRES rtol=0.6116115347
AMG setup messages level=0 phase=strength sends=0 bytes=0 collective_rank_calls=3584
AMG setup messages level=0 phase=strength-transpose sends=28852 bytes=1218843468 collective_rank_calls=3584
AMG setup messages level=0 phase=PMIS sends=592396 bytes=3871858956 collective_rank_calls=35840
AMG setup messages level=0 phase=numbering sends=0 bytes=0 collective_rank_calls=3584
AMG setup messages level=0 phase=interpolation sends=173112 bytes=1664889280 collective_rank_calls=3584
AMG setup messages level=0 phase=interpolation-transpose sends=68985 bytes=627088288 collective_rank_calls=3584
AMG setup messages level=0 phase=A*P sends=90744 bytes=2935238688 collective_rank_calls=3584
AMG setup messages level=0 phase=R*(A*P) sends=206955 bytes=4419320112 collective_rank_calls=3584
AMG setup messages level=1 phase=strength sends=0 bytes=0 collective_rank_calls=3584
AMG setup messages level=1 phase=strength-transpose sends=76353 bytes=1427928168 collective_rank_calls=3584
AMG setup messages level=1 phase=PMIS sends=1992276 bytes=3144779616 collective_rank_calls=46592
AMG setup messages level=1 phase=numbering sends=0 bytes=0 collective_rank_calls=3584
AMG setup messages level=1 phase=interpolation sends=454137 bytes=1722110360 collective_rank_calls=3584
AMG setup messages level=1 phase=interpolation-transpose sends=74722 bytes=488063600 collective_rank_calls=3584
AMG setup messages level=1 phase=A*P sends=258114 bytes=2885792752 collective_rank_calls=3584
AMG setup messages level=1 phase=R*(A*P) sends=224166 bytes=7272061248 collective_rank_calls=3584
AMG setup messages level=2 phase=strength sends=0 bytes=0 collective_rank_calls=3584
AMG setup messages level=2 phase=strength-transpose sends=86606 bytes=632359992 collective_rank_calls=3584
AMG setup messages level=2 phase=PMIS sends=2441288 bytes=1119236576 collective_rank_calls=50176
AMG setup messages level=2 phase=numbering sends=0 bytes=0 collective_rank_calls=3584
AMG setup messages level=2 phase=interpolation sends=511545 bytes=664325232 collective_rank_calls=3584
AMG setup messages level=2 phase=interpolation-transpose sends=73325 bytes=143117520 collective_rank_calls=3584
AMG setup messages level=2 phase=A*P sends=300126 bytes=1171540512 collective_rank_calls=3584
AMG setup messages level=2 phase=R*(A*P) sends=219975 bytes=3253621232 collective_rank_calls=3584
AMG setup messages level=3 phase=strength sends=0 bytes=0 collective_rank_calls=3584
AMG setup messages level=3 phase=strength-transpose sends=87791 bytes=158096112 collective_rank_calls=3584
AMG setup messages level=3 phase=PMIS sends=2484953 bytes=296058976 collective_rank_calls=50176
AMG setup messages level=3 phase=numbering sends=0 bytes=0 collective_rank_calls=3584
AMG setup messages level=3 phase=interpolation sends=518433 bytes=179228300 collective_rank_calls=3584
AMG setup messages level=3 phase=interpolation-transpose sends=64004 bytes=34280832 collective_rank_calls=3584
AMG setup messages level=3 phase=A*P sends=307230 bytes=381450080 collective_rank_calls=3584
AMG setup messages level=3 phase=R*(A*P) sends=192012 bytes=918439152 collective_rank_calls=3584
AMG setup messages level=4 phase=strength sends=0 bytes=0 collective_rank_calls=3584
AMG setup messages level=4 phase=strength-transpose sends=84294 bytes=32025276 collective_rank_calls=3584
AMG setup messages level=4 phase=PMIS sends=2078254 bytes=67937880 collective_rank_calls=43008
AMG setup messages level=4 phase=numbering sends=0 bytes=0 collective_rank_calls=3584
AMG setup messages level=4 phase=interpolation sends=491388 bytes=44534628 collective_rank_calls=3584
AMG setup messages level=4 phase=interpolation-transpose sends=46942 bytes=8120384 collective_rank_calls=3584
AMG setup messages level=4 phase=A*P sends=458100 bytes=138972944 collective_rank_calls=3584
AMG setup messages level=4 phase=R*(A*P) sends=140826 bytes=222242064 collective_rank_calls=3584
AMG setup messages level=5 phase=strength sends=0 bytes=0 collective_rank_calls=3584
AMG setup messages level=5 phase=strength-transpose sends=74812 bytes=6166316 collective_rank_calls=3584
AMG setup messages level=5 phase=PMIS sends=1338220 bytes=12599352 collective_rank_calls=28672
AMG setup messages level=5 phase=numbering sends=0 bytes=0 collective_rank_calls=3584
AMG setup messages level=5 phase=interpolation sends=408450 bytes=9194696 collective_rank_calls=3584
AMG setup messages level=5 phase=interpolation-transpose sends=22220 bytes=2028848 collective_rank_calls=3584
AMG setup messages level=5 phase=A*P sends=864198 bytes=59423536 collective_rank_calls=3584
AMG setup messages level=5 phase=R*(A*P) sends=66660 bytes=42341328 collective_rank_calls=3584
AMG setup messages level=6 phase=strength sends=0 bytes=0 collective_rank_calls=3584
AMG setup messages level=6 phase=strength-transpose sends=16059 bytes=960648 collective_rank_calls=3584
AMG setup messages level=6 phase=PMIS sends=301298 bytes=2108608 collective_rank_calls=25088
AMG setup messages level=6 phase=numbering sends=0 bytes=0 collective_rank_calls=3584
AMG setup messages level=6 phase=interpolation sends=78111 bytes=1140156 collective_rank_calls=3584
AMG setup messages level=6 phase=interpolation-transpose sends=6316 bytes=439088 collective_rank_calls=3584
AMG setup messages level=6 phase=A*P sends=395472 bytes=13926576 collective_rank_calls=3584
AMG setup messages level=6 phase=R*(A*P) sends=18948 bytes=7024400 collective_rank_calls=3584
AMG setup messages level=7 phase=strength sends=0 bytes=0 collective_rank_calls=3584
AMG setup messages level=7 phase=strength-transpose sends=3088 bytes=185260 collective_rank_calls=3584
AMG setup messages level=7 phase=PMIS sends=45916 bytes=348368 collective_rank_calls=17920
AMG setup messages level=7 phase=numbering sends=0 bytes=0 collective_rank_calls=3584
AMG setup messages level=7 phase=interpolation sends=14322 bytes=159620 collective_rank_calls=3584
AMG setup messages level=7 phase=interpolation-transpose sends=1245 bytes=96896 collective_rank_calls=3584
AMG setup messages level=7 phase=A*P sends=93084 bytes=2574928 collective_rank_calls=3584
AMG setup messages level=7 phase=R*(A*P) sends=3735 bytes=724992 collective_rank_calls=3584
AMG setup messages level=8 phase=strength sends=0 bytes=0 collective_rank_calls=3584
AMG setup messages level=8 phase=strength-transpose sends=453 bytes=33704 collective_rank_calls=3584
AMG setup messages level=8 phase=PMIS sends=3111 bytes=35368 collective_rank_calls=7168
AMG setup messages level=8 phase=numbering sends=0 bytes=0 collective_rank_calls=3584
AMG setup messages level=8 phase=interpolation sends=2448 bytes=23356 collective_rank_calls=3584
AMG setup messages level=8 phase=interpolation-transpose sends=223 bytes=16432 collective_rank_calls=3584
AMG setup messages level=8 phase=A*P sends=10248 bytes=207760 collective_rank_calls=3584
AMG setup messages level=8 phase=R*(A*P) sends=669 bytes=26320 collective_rank_calls=3584
GMRES: iter = 0, residual = 0.9250464114, 1 (rel.)
GMRES: iter = 1, residual = 0.8461864084, 0.9147502201 (rel.)
GMRES: iter = 2, residual = 0.7742507557, 0.8369858487 (rel.)
GMRES: iter = 3, residual = 0.6988734389, 0.7555009459 (rel.)
GMRES: iter = 4, residual = 0.6449950044, 0.6972569121 (rel.)
GMRES: iter = 5, residual = 0.5839601734, 0.6312766216 (rel.)
GMRES: iter = 6, residual = 0.5336592959, 0.5769000228 (rel.)
GMRES: Solve Time = 2.375389094
The cloud-layer FLD system Newton 12: residual=0.6961278626, GMRES rtol=0.5096751948
AMG setup messages level=0 phase=strength sends=0 bytes=0 collective_rank_calls=3584
AMG setup messages level=0 phase=strength-transpose sends=28852 bytes=1218857300 collective_rank_calls=3584
AMG setup messages level=0 phase=PMIS sends=651496 bytes=4222260072 collective_rank_calls=39424
AMG setup messages level=0 phase=numbering sends=0 bytes=0 collective_rank_calls=3584
AMG setup messages level=0 phase=interpolation sends=173112 bytes=1664969208 collective_rank_calls=3584
AMG setup messages level=0 phase=interpolation-transpose sends=69003 bytes=627070064 collective_rank_calls=3584
AMG setup messages level=0 phase=A*P sends=90744 bytes=2935314400 collective_rank_calls=3584
AMG setup messages level=0 phase=R*(A*P) sends=207009 bytes=4419018528 collective_rank_calls=3584
AMG setup messages level=1 phase=strength sends=0 bytes=0 collective_rank_calls=3584
AMG setup messages level=1 phase=strength-transpose sends=76378 bytes=1428036196 collective_rank_calls=3584
AMG setup messages level=1 phase=PMIS sends=1993416 bytes=3145411808 collective_rank_calls=46592
AMG setup messages level=1 phase=numbering sends=0 bytes=0 collective_rank_calls=3584
AMG setup messages level=1 phase=interpolation sends=454215 bytes=1722106136 collective_rank_calls=3584
AMG setup messages level=1 phase=interpolation-transpose sends=74634 bytes=488278064 collective_rank_calls=3584
AMG setup messages level=1 phase=A*P sends=257772 bytes=2885707520 collective_rank_calls=3584
AMG setup messages level=1 phase=R*(A*P) sends=223902 bytes=7275093008 collective_rank_calls=3584
AMG setup messages level=2 phase=strength sends=0 bytes=0 collective_rank_calls=3584
AMG setup messages level=2 phase=strength-transpose sends=86365 bytes=631970164 collective_rank_calls=3584
AMG setup messages level=2 phase=PMIS sends=2087203 bytes=970161840 collective_rank_calls=43008
AMG setup messages level=2 phase=numbering sends=0 bytes=0 collective_rank_calls=3584
AMG setup messages level=2 phase=interpolation sends=510243 bytes=663755212 collective_rank_calls=3584
AMG setup messages level=2 phase=interpolation-transpose sends=73219 bytes=143234112 collective_rank_calls=3584
AMG setup messages level=2 phase=A*P sends=300150 bytes=1171494624 collective_rank_calls=3584
AMG setup messages level=2 phase=R*(A*P) sends=219657 bytes=3253172272 collective_rank_calls=3584
AMG setup messages level=3 phase=strength sends=0 bytes=0 collective_rank_calls=3584
AMG setup messages level=3 phase=strength-transpose sends=87589 bytes=158130284 collective_rank_calls=3584
AMG setup messages level=3 phase=PMIS sends=2125471 bytes=256549280 collective_rank_calls=43008
AMG setup messages level=3 phase=numbering sends=0 bytes=0 collective_rank_calls=3584
AMG setup messages level=3 phase=interpolation sends=517191 bytes=179115096 collective_rank_calls=3584
AMG setup messages level=3 phase=interpolation-transpose sends=63901 bytes=34288320 collective_rank_calls=3584
AMG setup messages level=3 phase=A*P sends=307134 bytes=381280640 collective_rank_calls=3584
AMG setup messages level=3 phase=R*(A*P) sends=191703 bytes=915118176 collective_rank_calls=3584
AMG setup messages level=4 phase=strength sends=0 bytes=0 collective_rank_calls=3584
AMG setup messages level=4 phase=strength-transpose sends=84188 bytes=32055916 collective_rank_calls=3584
AMG setup messages level=4 phase=PMIS sends=1730202 bytes=57648120 collective_rank_calls=35840
AMG setup messages level=4 phase=numbering sends=0 bytes=0 collective_rank_calls=3584
AMG setup messages level=4 phase=interpolation sends=491103 bytes=44444604 collective_rank_calls=3584
AMG setup messages level=4 phase=interpolation-transpose sends=47281 bytes=8114480 collective_rank_calls=3584
AMG setup messages level=4 phase=A*P sends=458016 bytes=138796160 collective_rank_calls=3584
AMG setup messages level=4 phase=R*(A*P) sends=141843 bytes=221928016 collective_rank_calls=3584
AMG setup messages level=5 phase=strength sends=0 bytes=0 collective_rank_calls=3584
AMG setup messages level=5 phase=strength-transpose sends=75372 bytes=6161240 collective_rank_calls=3584
AMG setup messages level=5 phase=PMIS sends=1344606 bytes=12579660 collective_rank_calls=28672
AMG setup messages level=5 phase=numbering sends=0 bytes=0 collective_rank_calls=3584
AMG setup messages level=5 phase=interpolation sends=410274 bytes=9315712 collective_rank_calls=3584
AMG setup messages level=5 phase=interpolation-transpose sends=21951 bytes=1981216 collective_rank_calls=3584
AMG setup messages level=5 phase=A*P sends=871998 bytes=58894144 collective_rank_calls=3584
AMG setup messages level=5 phase=R*(A*P) sends=65853 bytes=42207824 collective_rank_calls=3584
AMG setup messages level=6 phase=strength sends=0 bytes=0 collective_rank_calls=3584
AMG setup messages level=6 phase=strength-transpose sends=16518 bytes=1008208 collective_rank_calls=3584
AMG setup messages level=6 phase=PMIS sends=394324 bytes=2728112 collective_rank_calls=32256
AMG setup messages level=6 phase=numbering sends=0 bytes=0 collective_rank_calls=3584
AMG setup messages level=6 phase=interpolation sends=81501 bytes=1193948 collective_rank_calls=3584
AMG setup messages level=6 phase=interpolation-transpose sends=6309 bytes=445840 collective_rank_calls=3584
AMG setup messages level=6 phase=A*P sends=407124 bytes=14607392 collective_rank_calls=3584
AMG setup messages level=6 phase=R*(A*P) sends=18927 bytes=7246112 collective_rank_calls=3584
AMG setup messages level=7 phase=strength sends=0 bytes=0 collective_rank_calls=3584
AMG setup messages level=7 phase=strength-transpose sends=3456 bytes=214324 collective_rank_calls=3584
AMG setup messages level=7 phase=PMIS sends=42478 bytes=353848 collective_rank_calls=14336
AMG setup messages level=7 phase=numbering sends=0 bytes=0 collective_rank_calls=3584
AMG setup messages level=7 phase=interpolation sends=15672 bytes=178024 collective_rank_calls=3584
AMG setup messages level=7 phase=interpolation-transpose sends=1971 bytes=142480 collective_rank_calls=3584
AMG setup messages level=7 phase=A*P sends=94878 bytes=3238112 collective_rank_calls=3584
AMG setup messages level=7 phase=R*(A*P) sends=5913 bytes=1442896 collective_rank_calls=3584
AMG setup messages level=8 phase=strength sends=0 bytes=0 collective_rank_calls=3584
AMG setup messages level=8 phase=strength-transpose sends=791 bytes=47888 collective_rank_calls=3584
AMG setup messages level=8 phase=PMIS sends=7534 bytes=68040 collective_rank_calls=10752
AMG setup messages level=8 phase=numbering sends=0 bytes=0 collective_rank_calls=3584
AMG setup messages level=8 phase=interpolation sends=3651 bytes=32428 collective_rank_calls=3584
AMG setup messages level=8 phase=interpolation-transpose sends=456 bytes=33056 collective_rank_calls=3584
AMG setup messages level=8 phase=A*P sends=19518 bytes=473712 collective_rank_calls=3584
AMG setup messages level=8 phase=R*(A*P) sends=1368 bytes=71136 collective_rank_calls=3584
GMRES: iter = 0, residual = 0.6987921591, 1 (rel.)
GMRES: iter = 1, residual = 0.6179963633, 0.8843779303 (rel.)
GMRES: iter = 2, residual = 0.5521024894, 0.7900811168 (rel.)
GMRES: iter = 3, residual = 0.4917313667, 0.7036875849 (rel.)
GMRES: iter = 4, residual = 0.4542401707, 0.6500361586 (rel.)
GMRES: iter = 5, residual = 0.4164171785, 0.5959099184 (rel.)
GMRES: iter = 6, residual = 0.3897600157, 0.5577624342 (rel.)
GMRES: iter = 7, residual = 0.3588457903, 0.5135229204 (rel.)
GMRES: iter = 8, residual = 0.3218892342, 0.4606365856 (rel.)
GMRES: Solve Time = 3.115006845
The cloud-layer FLD system Newton 13: residual=0.4542408165, GMRES rtol=0.380293388
AMG setup messages level=0 phase=strength sends=0 bytes=0 collective_rank_calls=3584
AMG setup messages level=0 phase=strength-transpose sends=28852 bytes=1218899940 collective_rank_calls=3584
AMG setup messages level=0 phase=PMIS sends=651496 bytes=4222420912 collective_rank_calls=39424
AMG setup messages level=0 phase=numbering sends=0 bytes=0 collective_rank_calls=3584
AMG setup messages level=0 phase=interpolation sends=173112 bytes=1664710656 collective_rank_calls=3584
AMG setup messages level=0 phase=interpolation-transpose sends=69005 bytes=626692912 collective_rank_calls=3584
AMG setup messages level=0 phase=A*P sends=90744 bytes=2935203600 collective_rank_calls=3584
AMG setup messages level=0 phase=R*(A*P) sends=207015 bytes=4416423776 collective_rank_calls=3584
AMG setup messages level=1 phase=strength sends=0 bytes=0 collective_rank_calls=3584
AMG setup messages level=1 phase=strength-transpose sends=76454 bytes=1428145424 collective_rank_calls=3584
AMG setup messages level=1 phase=PMIS sends=1841500 bytes=2921855544 collective_rank_calls=43008
AMG setup messages level=1 phase=numbering sends=0 bytes=0 collective_rank_calls=3584
AMG setup messages level=1 phase=interpolation sends=454743 bytes=1721866608 collective_rank_calls=3584
AMG setup messages level=1 phase=interpolation-transpose sends=74667 bytes=488485344 collective_rank_calls=3584
AMG setup messages level=1 phase=A*P sends=257898 bytes=2885825488 collective_rank_calls=3584
AMG setup messages level=1 phase=R*(A*P) sends=224001 bytes=7279538384 collective_rank_calls=3584
AMG setup messages level=2 phase=strength sends=0 bytes=0 collective_rank_calls=3584
AMG setup messages level=2 phase=strength-transpose sends=86603 bytes=631950764 collective_rank_calls=3584
AMG setup messages level=2 phase=PMIS sends=2093045 bytes=970025016 collective_rank_calls=43008
AMG setup messages level=2 phase=numbering sends=0 bytes=0 collective_rank_calls=3584
AMG setup messages level=2 phase=interpolation sends=511989 bytes=663552932 collective_rank_calls=3584
AMG setup messages level=2 phase=interpolation-transpose sends=73402 bytes=143226912 collective_rank_calls=3584
AMG setup messages level=2 phase=A*P sends=300192 bytes=1171934224 collective_rank_calls=3584
AMG setup messages level=2 phase=R*(A*P) sends=220206 bytes=3251391744 collective_rank_calls=3584
AMG setup messages level=3 phase=strength sends=0 bytes=0 collective_rank_calls=3584
AMG setup messages level=3 phase=strength-transpose sends=87657 bytes=158135600 collective_rank_calls=3584
AMG setup messages level=3 phase=PMIS sends=2305388 bytes=276031296 collective_rank_calls=46592
AMG setup messages level=3 phase=numbering sends=0 bytes=0 collective_rank_calls=3584
AMG setup messages level=3 phase=interpolation sends=517902 bytes=179019008 collective_rank_calls=3584
AMG setup messages level=3 phase=interpolation-transpose sends=64140 bytes=34243040 collective_rank_calls=3584
AMG setup messages level=3 phase=A*P sends=306828 bytes=381104288 collective_rank_calls=3584
AMG setup messages level=3 phase=R*(A*P) sends=192420 bytes=913591280 collective_rank_calls=3584
AMG setup messages level=4 phase=strength sends=0 bytes=0 collective_rank_calls=3584
AMG setup messages level=4 phase=strength-transpose sends=84460 bytes=32082564 collective_rank_calls=3584
AMG setup messages level=4 phase=PMIS sends=2083434 bytes=67959676 collective_rank_calls=43008
AMG setup messages level=4 phase=numbering sends=0 bytes=0 collective_rank_calls=3584
AMG setup messages level=4 phase=interpolation sends=493347 bytes=44626588 collective_rank_calls=3584
AMG setup messages level=4 phase=interpolation-transpose sends=46860 bytes=8076320 collective_rank_calls=3584
AMG setup messages level=4 phase=A*P sends=458196 bytes=138251152 collective_rank_calls=3584
AMG setup messages level=4 phase=R*(A*P) sends=140580 bytes=221076960 collective_rank_calls=3584
AMG setup messages level=5 phase=strength sends=0 bytes=0 collective_rank_calls=3584
AMG setup messages level=5 phase=strength-transpose sends=74448 bytes=6146160 collective_rank_calls=3584
AMG setup messages level=5 phase=PMIS sends=1331586 bytes=12558956 collective_rank_calls=28672
AMG setup messages level=5 phase=numbering sends=0 bytes=0 collective_rank_calls=3584
AMG setup messages level=5 phase=interpolation sends=407952 bytes=9226072 collective_rank_calls=3584
AMG setup messages level=5 phase=interpolation-transpose sends=21823 bytes=2009856 collective_rank_calls=3584
AMG setup messages level=5 phase=A*P sends=864330 bytes=59185520 collective_rank_calls=3584
AMG setup messages level=5 phase=R*(A*P) sends=65469 bytes=41841264 collective_rank_calls=3584
AMG setup messages level=6 phase=strength sends=0 bytes=0 collective_rank_calls=3584
AMG setup messages level=6 phase=strength-transpose sends=15803 bytes=965508 collective_rank_calls=3584
AMG setup messages level=6 phase=PMIS sends=296386 bytes=2119304 collective_rank_calls=25088
AMG setup messages level=6 phase=numbering sends=0 bytes=0 collective_rank_calls=3584
AMG setup messages level=6 phase=interpolation sends=78135 bytes=1081780 collective_rank_calls=3584
AMG setup messages level=6 phase=interpolation-transpose sends=6192 bytes=424000 collective_rank_calls=3584
AMG setup messages level=6 phase=A*P sends=386736 bytes=13772240 collective_rank_calls=3584
AMG setup messages level=6 phase=R*(A*P) sends=18576 bytes=6847616 collective_rank_calls=3584
AMG setup messages level=7 phase=strength sends=0 bytes=0 collective_rank_calls=3584
AMG setup messages level=7 phase=strength-transpose sends=3136 bytes=191408 collective_rank_calls=3584
AMG setup messages level=7 phase=PMIS sends=48508 bytes=378992 collective_rank_calls=17920
AMG setup messages level=7 phase=numbering sends=0 bytes=0 collective_rank_calls=3584
AMG setup messages level=7 phase=interpolation sends=14256 bytes=142236 collective_rank_calls=3584
AMG setup messages level=7 phase=interpolation-transpose sends=1591 bytes=112672 collective_rank_calls=3584
AMG setup messages level=7 phase=A*P sends=91296 bytes=2669952 collective_rank_calls=3584
AMG setup messages level=7 phase=R*(A*P) sends=4773 bytes=824880 collective_rank_calls=3584
AMG setup messages level=8 phase=strength sends=0 bytes=0 collective_rank_calls=3584
AMG setup messages level=8 phase=strength-transpose sends=564 bytes=37068 collective_rank_calls=3584
AMG setup messages level=8 phase=PMIS sends=3918 bytes=45076 collective_rank_calls=7168
AMG setup messages level=8 phase=numbering sends=0 bytes=0 collective_rank_calls=3584
AMG setup messages level=8 phase=interpolation sends=2625 bytes=21232 collective_rank_calls=3584
AMG setup messages level=8 phase=interpolation-transpose sends=250 bytes=19376 collective_rank_calls=3584
AMG setup messages level=8 phase=A*P sends=10566 bytes=225088 collective_rank_calls=3584
AMG setup messages level=8 phase=R*(A*P) sends=750 bytes=32768 collective_rank_calls=3584
GMRES: iter = 0, residual = 0.4570466963, 1 (rel.)
GMRES: iter = 1, residual = 0.3982651904, 0.8713884023 (rel.)
GMRES: iter = 2, residual = 0.3701704662, 0.8099182627 (rel.)
GMRES: iter = 3, residual = 0.3466552864, 0.7584679843 (rel.)
GMRES: iter = 4, residual = 0.3357233629, 0.7345493702 (rel.)
GMRES: iter = 5, residual = 0.3246819649, 0.7103912303 (rel.)
GMRES: iter = 6, residual = 0.3186152423, 0.6971174824 (rel.)
GMRES: iter = 7, residual = 0.3109845585, 0.6804218498 (rel.)
GMRES: iter = 8, residual = 0.3036311696, 0.6643329271 (rel.)
GMRES: iter = 9, residual = 0.298136006, 0.6523097277 (rel.)
GMRES: iter = 10, residual = 0.2935957068, 0.6423757336 (rel.)
GMRES: iter = 11, residual = 0.2908914932, 0.6364590219 (rel.)
GMRES: iter = 12, residual = 0.2898695806, 0.6342231175 (rel.)
GMRES: iter = 13, residual = 0.2896459696, 0.6337338656 (rel.)
GMRES: iter = 14, residual = 0.2895342515, 0.6334894308 (rel.)
GMRES: iter = 15, residual = 0.289220457, 0.6328028609 (rel.)
GMRES: iter = 16, residual = 0.2886867953, 0.6316352304 (rel.)
GMRES: iter = 17, residual = 0.2877274149, 0.6295361442 (rel.)
GMRES: iter = 18, residual = 0.285097805, 0.6237826622 (rel.)
GMRES: iter = 19, residual = 0.2792753599, 0.6110433839 (rel.)
GMRES: iter = 20, residual = 0.27058545, 0.5920302066 (rel.)
GMRES: iter = 21, residual = 0.259344206, 0.5674348115 (rel.)
GMRES: iter = 22, residual = 0.2461403536, 0.5385453075 (rel.)
GMRES: iter = 23, residual = 0.23167801, 0.5069022748 (rel.)
GMRES: iter = 24, residual = 0.2150196468, 0.4704544383 (rel.)
GMRES: iter = 25, residual = 0.1981702327, 0.4335885902 (rel.)
GMRES: iter = 26, residual = 0.1829950784, 0.4003859559 (rel.)
GMRES: iter = 27, residual = 0.1700130656, 0.371981828 (rel.)
GMRES: Solve Time = 10.54279581
The cloud-layer FLD system Newton 14: residual=0.456673869, GMRES rtol=0.8985322827
AMG setup messages level=0 phase=strength sends=0 bytes=0 collective_rank_calls=3584
AMG setup messages level=0 phase=strength-transpose sends=28852 bytes=1218909652 collective_rank_calls=3584
AMG setup messages level=0 phase=PMIS sends=592396 bytes=3872107372 collective_rank_calls=35840
AMG setup messages level=0 phase=numbering sends=0 bytes=0 collective_rank_calls=3584
AMG setup messages level=0 phase=interpolation sends=173112 bytes=1664439640 collective_rank_calls=3584
AMG setup messages level=0 phase=interpolation-transpose sends=68945 bytes=626613056 collective_rank_calls=3584
AMG setup messages level=0 phase=A*P sends=90744 bytes=2935141360 collective_rank_calls=3584
AMG setup messages level=0 phase=R*(A*P) sends=206835 bytes=4415362208 collective_rank_calls=3584
AMG setup messages level=1 phase=strength sends=0 bytes=0 collective_rank_calls=3584
AMG setup messages level=1 phase=strength-transpose sends=76390 bytes=1428399340 collective_rank_calls=3584
AMG setup messages level=1 phase=PMIS sends=1839860 bytes=2922150804 collective_rank_calls=43008
AMG setup messages level=1 phase=numbering sends=0 bytes=0 collective_rank_calls=3584
AMG setup messages level=1 phase=interpolation sends=454293 bytes=1722220096 collective_rank_calls=3584
AMG setup messages level=1 phase=interpolation-transpose sends=74642 bytes=488663808 collective_rank_calls=3584
AMG setup messages level=1 phase=A*P sends=257586 bytes=2886227952 collective_rank_calls=3584
AMG setup messages level=1 phase=R*(A*P) sends=223926 bytes=7279378400 collective_rank_calls=3584
AMG setup messages level=2 phase=strength sends=0 bytes=0 collective_rank_calls=3584
AMG setup messages level=2 phase=strength-transpose sends=86577 bytes=632066492 collective_rank_calls=3584
AMG setup messages level=2 phase=PMIS sends=2266360 bytes=1044618528 collective_rank_calls=46592
AMG setup messages level=2 phase=numbering sends=0 bytes=0 collective_rank_calls=3584
AMG setup messages level=2 phase=interpolation sends=511728 bytes=663916216 collective_rank_calls=3584
AMG setup messages level=2 phase=interpolation-transpose sends=73297 bytes=143148240 collective_rank_calls=3584
AMG setup messages level=2 phase=A*P sends=300354 bytes=1171507280 collective_rank_calls=3584
AMG setup messages level=2 phase=R*(A*P) sends=219891 bytes=3250669232 collective_rank_calls=3584
AMG setup messages level=3 phase=strength sends=0 bytes=0 collective_rank_calls=3584
AMG setup messages level=3 phase=strength-transpose sends=87639 bytes=158087844 collective_rank_calls=3584
AMG setup messages level=3 phase=PMIS sends=2127425 bytes=256464888 collective_rank_calls=43008
AMG setup messages level=3 phase=numbering sends=0 bytes=0 collective_rank_calls=3584
AMG setup messages level=3 phase=interpolation sends=517623 bytes=178989908 collective_rank_calls=3584
AMG setup messages level=3 phase=interpolation-transpose sends=63954 bytes=34199664 collective_rank_calls=3584
AMG setup messages level=3 phase=A*P sends=306738 bytes=381023920 collective_rank_calls=3584
AMG setup messages level=3 phase=R*(A*P) sends=191862 bytes=912509264 collective_rank_calls=3584
AMG setup messages level=4 phase=strength sends=0 bytes=0 collective_rank_calls=3584
AMG setup messages level=4 phase=strength-transpose sends=84184 bytes=32010316 collective_rank_calls=3584
AMG setup messages level=4 phase=PMIS sends=1731134 bytes=57623304 collective_rank_calls=35840
AMG setup messages level=4 phase=numbering sends=0 bytes=0 collective_rank_calls=3584
AMG setup messages level=4 phase=interpolation sends=491094 bytes=44478068 collective_rank_calls=3584
AMG setup messages level=4 phase=interpolation-transpose sends=46756 bytes=8081376 collective_rank_calls=3584
AMG setup messages level=4 phase=A*P sends=458904 bytes=138047136 collective_rank_calls=3584
AMG setup messages level=4 phase=R*(A*P) sends=140268 bytes=221063808 collective_rank_calls=3584
AMG setup messages level=5 phase=strength sends=0 bytes=0 collective_rank_calls=3584
AMG setup messages level=5 phase=strength-transpose sends=74255 bytes=6136088 collective_rank_calls=3584
AMG setup messages level=5 phase=PMIS sends=1495180 bytes=13867056 collective_rank_calls=32256
AMG setup messages level=5 phase=numbering sends=0 bytes=0 collective_rank_calls=3584
AMG setup messages level=5 phase=interpolation sends=405972 bytes=9120544 collective_rank_calls=3584
AMG setup messages level=5 phase=interpolation-transpose sends=21577 bytes=1985824 collective_rank_calls=3584
AMG setup messages level=5 phase=A*P sends=862356 bytes=59039648 collective_rank_calls=3584
AMG setup messages level=5 phase=R*(A*P) sends=64731 bytes=41803296 collective_rank_calls=3584
AMG setup messages level=6 phase=strength sends=0 bytes=0 collective_rank_calls=3584
AMG setup messages level=6 phase=strength-transpose sends=15382 bytes=948508 collective_rank_calls=3584
AMG setup messages level=6 phase=PMIS sends=370436 bytes=2564400 collective_rank_calls=32256
AMG setup messages level=6 phase=numbering sends=0 bytes=0 collective_rank_calls=3584
AMG setup messages level=6 phase=interpolation sends=75624 bytes=1086220 collective_rank_calls=3584
AMG setup messages level=6 phase=interpolation-transpose sends=6026 bytes=433920 collective_rank_calls=3584
AMG setup messages level=6 phase=A*P sends=382380 bytes=14024096 collective_rank_calls=3584
AMG setup messages level=6 phase=R*(A*P) sends=18078 bytes=6774992 collective_rank_calls=3584
AMG setup messages level=7 phase=strength sends=0 bytes=0 collective_rank_calls=3584
AMG setup messages level=7 phase=strength-transpose sends=2976 bytes=187332 collective_rank_calls=3584
AMG setup messages level=7 phase=PMIS sends=28224 bytes=255672 collective_rank_calls=10752
AMG setup messages level=7 phase=numbering sends=0 bytes=0 collective_rank_calls=3584
AMG setup messages level=7 phase=interpolation sends=13143 bytes=130644 collective_rank_calls=3584
AMG setup messages level=7 phase=interpolation-transpose sends=1131 bytes=94912 collective_rank_calls=3584
AMG setup messages level=7 phase=A*P sends=84156 bytes=2468032 collective_rank_calls=3584
AMG setup messages level=7 phase=R*(A*P) sends=3393 bytes=829168 collective_rank_calls=3584
AMG setup messages level=8 phase=strength sends=0 bytes=0 collective_rank_calls=3584
AMG setup messages level=8 phase=strength-transpose sends=473 bytes=39796 collective_rank_calls=3584
AMG setup messages level=8 phase=PMIS sends=3299 bytes=39888 collective_rank_calls=7168
AMG setup messages level=8 phase=numbering sends=0 bytes=0 collective_rank_calls=3584
AMG setup messages level=8 phase=interpolation sends=2487 bytes=25532 collective_rank_calls=3584
AMG setup messages level=8 phase=interpolation-transpose sends=355 bytes=25248 collective_rank_calls=3584
AMG setup messages level=8 phase=A*P sends=18876 bytes=370160 collective_rank_calls=3584
AMG setup messages level=8 phase=R*(A*P) sends=1065 bytes=40256 collective_rank_calls=3584
GMRES: iter = 0, residual = 0.4571433959, 1 (rel.)
GMRES: iter = 1, residual = 0.3774833285, 0.8257438079 (rel.)
GMRES: Solve Time = 0.571539023
The cloud-layer FLD system Newton 15: residual=0.3780962947, GMRES rtol=0.7266242368
AMG setup messages level=0 phase=strength sends=0 bytes=0 collective_rank_calls=3584
AMG setup messages level=0 phase=strength-transpose sends=28852 bytes=1218912900 collective_rank_calls=3584
AMG setup messages level=0 phase=PMIS sends=592396 bytes=3872119348 collective_rank_calls=35840
AMG setup messages level=0 phase=numbering sends=0 bytes=0 collective_rank_calls=3584
AMG setup messages level=0 phase=interpolation sends=173112 bytes=1664649976 collective_rank_calls=3584
AMG setup messages level=0 phase=interpolation-transpose sends=68962 bytes=626742512 collective_rank_calls=3584
AMG setup messages level=0 phase=A*P sends=90744 bytes=2935316560 collective_rank_calls=3584
AMG setup messages level=0 phase=R*(A*P) sends=206886 bytes=4416947424 collective_rank_calls=3584
AMG setup messages level=1 phase=strength sends=0 bytes=0 collective_rank_calls=3584
AMG setup messages level=1 phase=strength-transpose sends=76348 bytes=1427851992 collective_rank_calls=3584
AMG setup messages level=1 phase=PMIS sends=1838852 bytes=2921495956 collective_rank_calls=43008
AMG setup messages level=1 phase=numbering sends=0 bytes=0 collective_rank_calls=3584
AMG setup messages level=1 phase=interpolation sends=454086 bytes=1721722924 collective_rank_calls=3584
AMG setup messages level=1 phase=interpolation-transpose sends=74728 bytes=488527600 collective_rank_calls=3584
AMG setup messages level=1 phase=A*P sends=257748 bytes=2885841168 collective_rank_calls=3584
AMG setup messages level=1 phase=R*(A*P) sends=224184 bytes=7277789408 collective_rank_calls=3584
AMG setup messages level=2 phase=strength sends=0 bytes=0 collective_rank_calls=3584
AMG setup messages level=2 phase=strength-transpose sends=86548 bytes=631943208 collective_rank_calls=3584
AMG setup messages level=2 phase=PMIS sends=2265592 bytes=1044305536 collective_rank_calls=46592
AMG setup messages level=2 phase=numbering sends=0 bytes=0 collective_rank_calls=3584
AMG setup messages level=2 phase=interpolation sends=511362 bytes=663680240 collective_rank_calls=3584
AMG setup messages level=2 phase=interpolation-transpose sends=73238 bytes=143260144 collective_rank_calls=3584
AMG setup messages level=2 phase=A*P sends=300120 bytes=1171451088 collective_rank_calls=3584
AMG setup messages level=2 phase=R*(A*P) sends=219714 bytes=3249715712 collective_rank_calls=3584
AMG setup messages level=3 phase=strength sends=0 bytes=0 collective_rank_calls=3584
AMG setup messages level=3 phase=strength-transpose sends=87586 bytes=158156768 collective_rank_calls=3584
AMG setup messages level=3 phase=PMIS sends=2302156 bytes=276007600 collective_rank_calls=46592
AMG setup messages level=3 phase=numbering sends=0 bytes=0 collective_rank_calls=3584
AMG setup messages level=3 phase=interpolation sends=517173 bytes=178939684 collective_rank_calls=3584
AMG setup messages level=3 phase=interpolation-transpose sends=63991 bytes=34243552 collective_rank_calls=3584
AMG setup messages level=3 phase=A*P sends=306852 bytes=380910544 collective_rank_calls=3584
AMG setup messages level=3 phase=R*(A*P) sends=191973 bytes=915477088 collective_rank_calls=3584
AMG setup messages level=4 phase=strength sends=0 bytes=0 collective_rank_calls=3584
AMG setup messages level=4 phase=strength-transpose sends=84284 bytes=32098668 collective_rank_calls=3584
AMG setup messages level=4 phase=PMIS sends=1905848 bytes=62902920 collective_rank_calls=39424
AMG setup messages level=4 phase=numbering sends=0 bytes=0 collective_rank_calls=3584
AMG setup messages level=4 phase=interpolation sends=491874 bytes=44582276 collective_rank_calls=3584
AMG setup messages level=4 phase=interpolation-transpose sends=47146 bytes=8114528 collective_rank_calls=3584
AMG setup messages level=4 phase=A*P sends=458190 bytes=138367520 collective_rank_calls=3584
AMG setup messages level=4 phase=R*(A*P) sends=141438 bytes=220753264 collective_rank_calls=3584
AMG setup messages level=5 phase=strength sends=0 bytes=0 collective_rank_calls=3584
AMG setup messages level=5 phase=strength-transpose sends=74975 bytes=6150416 collective_rank_calls=3584
AMG setup messages level=5 phase=PMIS sends=1507020 bytes=13870128 collective_rank_calls=32256
AMG setup messages level=5 phase=numbering sends=0 bytes=0 collective_rank_calls=3584
AMG setup messages level=5 phase=interpolation sends=410163 bytes=9189808 collective_rank_calls=3584
AMG setup messages level=5 phase=interpolation-transpose sends=22147 bytes=1997488 collective_rank_calls=3584
AMG setup messages level=5 phase=A*P sends=867420 bytes=58780864 collective_rank_calls=3584
AMG setup messages level=5 phase=R*(A*P) sends=66441 bytes=41992992 collective_rank_calls=3584
AMG setup messages level=6 phase=strength sends=0 bytes=0 collective_rank_calls=3584
AMG setup messages level=6 phase=strength-transpose sends=16140 bytes=973100 collective_rank_calls=3584
AMG setup messages level=6 phase=PMIS sends=303672 bytes=2153168 collective_rank_calls=25088
AMG setup messages level=6 phase=numbering sends=0 bytes=0 collective_rank_calls=3584
AMG setup messages level=6 phase=interpolation sends=79395 bytes=1108508 collective_rank_calls=3584
AMG setup messages level=6 phase=interpolation-transpose sends=6467 bytes=444992 collective_rank_calls=3584
AMG setup messages level=6 phase=A*P sends=405090 bytes=14319584 collective_rank_calls=3584
AMG setup messages level=6 phase=R*(A*P) sends=19401 bytes=6953520 collective_rank_calls=3584
AMG setup messages level=7 phase=strength sends=0 bytes=0 collective_rank_calls=3584
AMG setup messages level=7 phase=strength-transpose sends=3002 bytes=181240 collective_rank_calls=3584
AMG setup messages level=7 phase=PMIS sends=37026 bytes=298372 collective_rank_calls=14336
AMG setup messages level=7 phase=numbering sends=0 bytes=0 collective_rank_calls=3584
AMG setup messages level=7 phase=interpolation sends=13335 bytes=129252 collective_rank_calls=3584
AMG setup messages level=7 phase=interpolation-transpose sends=1352 bytes=93936 collective_rank_calls=3584
AMG setup messages level=7 phase=A*P sends=89274 bytes=2419664 collective_rank_calls=3584
AMG setup messages level=7 phase=R*(A*P) sends=4056 bytes=861344 collective_rank_calls=3584
AMG setup messages level=8 phase=strength sends=0 bytes=0 collective_rank_calls=3584
AMG setup messages level=8 phase=strength-transpose sends=538 bytes=33332 collective_rank_calls=3584
AMG setup messages level=8 phase=PMIS sends=3754 bytes=39692 collective_rank_calls=7168
AMG setup messages level=8 phase=numbering sends=0 bytes=0 collective_rank_calls=3584
AMG setup messages level=8 phase=interpolation sends=2424 bytes=19400 collective_rank_calls=3584
AMG setup messages level=8 phase=interpolation-transpose sends=266 bytes=19232 collective_rank_calls=3584
AMG setup messages level=8 phase=A*P sends=15198 bytes=298480 collective_rank_calls=3584
AMG setup messages level=8 phase=R*(A*P) sends=798 bytes=30816 collective_rank_calls=3584
GMRES: iter = 0, residual = 0.3781382762, 1 (rel.)
GMRES: iter = 1, residual = 0.3546334912, 0.9378407676 (rel.)
GMRES: iter = 2, residual = 0.3309271311, 0.8751484628 (rel.)
GMRES: iter = 3, residual = 0.3133914927, 0.828774849 (rel.)
GMRES: iter = 4, residual = 0.3049045262, 0.8063307668 (rel.)
GMRES: iter = 5, residual = 0.2977435992, 0.7873934431 (rel.)
GMRES: iter = 6, residual = 0.2924817754, 0.7734783645 (rel.)
GMRES: iter = 7, residual = 0.2870922696, 0.7592256265 (rel.)
GMRES: iter = 8, residual = 0.281425101, 0.7442385993 (rel.)
GMRES: iter = 9, residual = 0.2773094003, 0.7333544838 (rel.)
GMRES: iter = 10, residual = 0.2743681366, 0.7255762083 (rel.)
GMRES: Solve Time = 3.866903134
The cloud-layer FLD system Newton 16: residual=0.3363550153, GMRES rtol=0.7120935383
AMG setup messages level=0 phase=strength sends=0 bytes=0 collective_rank_calls=3584
AMG setup messages level=0 phase=strength-transpose sends=28852 bytes=1218945296 collective_rank_calls=3584
AMG setup messages level=0 phase=PMIS sends=592396 bytes=3872228392 collective_rank_calls=35840
AMG setup messages level=0 phase=numbering sends=0 bytes=0 collective_rank_calls=3584
AMG setup messages level=0 phase=interpolation sends=173112 bytes=1664799484 collective_rank_calls=3584
AMG setup messages level=0 phase=interpolation-transpose sends=68906 bytes=626552960 collective_rank_calls=3584
AMG setup messages level=0 phase=A*P sends=90744 bytes=2935224736 collective_rank_calls=3584
AMG setup messages level=0 phase=R*(A*P) sends=206718 bytes=4414683472 collective_rank_calls=3584
AMG setup messages level=1 phase=strength sends=0 bytes=0 collective_rank_calls=3584
AMG setup messages level=1 phase=strength-transpose sends=76346 bytes=1428234940 collective_rank_calls=3584
AMG setup messages level=1 phase=PMIS sends=1838648 bytes=2921819200 collective_rank_calls=43008
AMG setup messages level=1 phase=numbering sends=0 bytes=0 collective_rank_calls=3584
AMG setup messages level=1 phase=interpolation sends=454371 bytes=1721875024 collective_rank_calls=3584
AMG setup messages level=1 phase=interpolation-transpose sends=74577 bytes=488509232 collective_rank_calls=3584
AMG setup messages level=1 phase=A*P sends=257832 bytes=2885649456 collective_rank_calls=3584
AMG setup messages level=1 phase=R*(A*P) sends=223731 bytes=7278897840 collective_rank_calls=3584
AMG setup messages level=2 phase=strength sends=0 bytes=0 collective_rank_calls=3584
AMG setup messages level=2 phase=strength-transpose sends=86660 bytes=632199584 collective_rank_calls=3584
AMG setup messages level=2 phase=PMIS sends=2268952 bytes=1044556528 collective_rank_calls=46592
AMG setup messages level=2 phase=numbering sends=0 bytes=0 collective_rank_calls=3584
AMG setup messages level=2 phase=interpolation sends=511980 bytes=663876580 collective_rank_calls=3584
AMG setup messages level=2 phase=interpolation-transpose sends=73311 bytes=143153488 collective_rank_calls=3584
AMG setup messages level=2 phase=A*P sends=300348 bytes=1171815456 collective_rank_calls=3584
AMG setup messages level=2 phase=R*(A*P) sends=219933 bytes=3250372688 collective_rank_calls=3584
AMG setup messages level=3 phase=strength sends=0 bytes=0 collective_rank_calls=3584
AMG setup messages level=3 phase=strength-transpose sends=87586 bytes=158153176 collective_rank_calls=3584
AMG setup messages level=3 phase=PMIS sends=1949140 bytes=236819664 collective_rank_calls=39424
AMG setup messages level=3 phase=numbering sends=0 bytes=0 collective_rank_calls=3584
AMG setup messages level=3 phase=interpolation sends=517311 bytes=178976944 collective_rank_calls=3584
AMG setup messages level=3 phase=interpolation-transpose sends=63902 bytes=34177136 collective_rank_calls=3584
AMG setup messages level=3 phase=A*P sends=307260 bytes=380912864 collective_rank_calls=3584
AMG setup messages level=3 phase=R*(A*P) sends=191706 bytes=912199424 collective_rank_calls=3584
AMG setup messages level=4 phase=strength sends=0 bytes=0 collective_rank_calls=3584
AMG setup messages level=4 phase=strength-transpose sends=84308 bytes=32070924 collective_rank_calls=3584
AMG setup messages level=4 phase=PMIS sends=1907312 bytes=62775848 collective_rank_calls=39424
AMG setup messages level=4 phase=numbering sends=0 bytes=0 collective_rank_calls=3584
AMG setup messages level=4 phase=interpolation sends=492609 bytes=44633868 collective_rank_calls=3584
AMG setup messages level=4 phase=interpolation-transpose sends=46726 bytes=8079024 collective_rank_calls=3584
AMG setup messages level=4 phase=A*P sends=458022 bytes=138112064 collective_rank_calls=3584
AMG setup messages level=4 phase=R*(A*P) sends=140178 bytes=219944448 collective_rank_calls=3584
AMG setup messages level=5 phase=strength sends=0 bytes=0 collective_rank_calls=3584
AMG setup messages level=5 phase=strength-transpose sends=74304 bytes=6122876 collective_rank_calls=3584
AMG setup messages level=5 phase=PMIS sends=1329066 bytes=12489560 collective_rank_calls=28672
AMG setup messages level=5 phase=numbering sends=0 bytes=0 collective_rank_calls=3584
AMG setup messages level=5 phase=interpolation sends=406050 bytes=9135864 collective_rank_calls=3584
AMG setup messages level=5 phase=interpolation-transpose sends=21883 bytes=1975936 collective_rank_calls=3584
AMG setup messages level=5 phase=A*P sends=862662 bytes=58760880 collective_rank_calls=3584
AMG setup messages level=5 phase=R*(A*P) sends=65649 bytes=41796192 collective_rank_calls=3584
AMG setup messages level=6 phase=strength sends=0 bytes=0 collective_rank_calls=3584
AMG setup messages level=6 phase=strength-transpose sends=15730 bytes=950684 collective_rank_calls=3584
AMG setup messages level=6 phase=PMIS sends=297324 bytes=2109832 collective_rank_calls=25088
AMG setup messages level=6 phase=numbering sends=0 bytes=0 collective_rank_calls=3584
AMG setup messages level=6 phase=interpolation sends=76170 bytes=1057088 collective_rank_calls=3584
AMG setup messages level=6 phase=interpolation-transpose sends=6017 bytes=422112 collective_rank_calls=3584
AMG setup messages level=6 phase=A*P sends=391158 bytes=13975280 collective_rank_calls=3584
AMG setup messages level=6 phase=R*(A*P) sends=18051 bytes=6962112 collective_rank_calls=3584
AMG setup messages level=7 phase=strength sends=0 bytes=0 collective_rank_calls=3584
AMG setup messages level=7 phase=strength-transpose sends=3154 bytes=197612 collective_rank_calls=3584
AMG setup messages level=7 phase=PMIS sends=39322 bytes=332420 collective_rank_calls=14336
AMG setup messages level=7 phase=numbering sends=0 bytes=0 collective_rank_calls=3584
AMG setup messages level=7 phase=interpolation sends=13146 bytes=138960 collective_rank_calls=3584
AMG setup messages level=7 phase=interpolation-transpose sends=1609 bytes=116560 collective_rank_calls=3584
AMG setup messages level=7 phase=A*P sends=92376 bytes=2928976 collective_rank_calls=3584
AMG setup messages level=7 phase=R*(A*P) sends=4827 bytes=1266112 collective_rank_calls=3584
AMG setup messages level=8 phase=strength sends=0 bytes=0 collective_rank_calls=3584
AMG setup messages level=8 phase=strength-transpose sends=822 bytes=52104 collective_rank_calls=3584
AMG setup messages level=8 phase=PMIS sends=8116 bytes=77280 collective_rank_calls=10752
AMG setup messages level=8 phase=numbering sends=0 bytes=0 collective_rank_calls=3584
AMG setup messages level=8 phase=interpolation sends=3771 bytes=30360 collective_rank_calls=3584
AMG setup messages level=8 phase=interpolation-transpose sends=371 bytes=28144 collective_rank_calls=3584
AMG setup messages level=8 phase=A*P sends=20352 bytes=420592 collective_rank_calls=3584
AMG setup messages level=8 phase=R*(A*P) sends=1113 bytes=60784 collective_rank_calls=3584
GMRES: iter = 0, residual = 0.3374288517, 1 (rel.)
GMRES: iter = 1, residual = 0.2967771104, 0.8795249987 (rel.)
GMRES: iter = 2, residual = 0.28158079, 0.8344893703 (rel.)
GMRES: iter = 3, residual = 0.2765641283, 0.8196220533 (rel.)
GMRES: iter = 4, residual = 0.2753013694, 0.8158797567 (rel.)
GMRES: iter = 5, residual = 0.272231062, 0.8067806313 (rel.)
GMRES: iter = 6, residual = 0.271469857, 0.8045247335 (rel.)
GMRES: iter = 7, residual = 0.2705554271, 0.8018147402 (rel.)
GMRES: iter = 8, residual = 0.2680216618, 0.7943057046 (rel.)
GMRES: iter = 9, residual = 0.2660429298, 0.7884415588 (rel.)
GMRES: iter = 10, residual = 0.2642389307, 0.7830952493 (rel.)
GMRES: iter = 11, residual = 0.2618706407, 0.7760766141 (rel.)
GMRES: iter = 12, residual = 0.2597704106, 0.7698523979 (rel.)
GMRES: iter = 13, residual = 0.2580673532, 0.764805238 (rel.)
GMRES: iter = 14, residual = 0.256729848, 0.7608414238 (rel.)
GMRES: iter = 15, residual = 0.2550621089, 0.7558989329 (rel.)
GMRES: iter = 16, residual = 0.2522811369, 0.7476572783 (rel.)
GMRES: iter = 17, residual = 0.2483263107, 0.7359368039 (rel.)
GMRES: iter = 18, residual = 0.2427008082, 0.7192651338 (rel.)
GMRES: iter = 19, residual = 0.2336548793, 0.6924567301 (rel.)
GMRES: Solve Time = 7.298367465
The cloud-layer FLD system Newton 17: residual=0.3276825948, GMRES rtol=0.8487598542
AMG setup messages level=0 phase=strength sends=0 bytes=0 collective_rank_calls=3584
AMG setup messages level=0 phase=strength-transpose sends=28852 bytes=1218950168 collective_rank_calls=3584
AMG setup messages level=0 phase=PMIS sends=651496 bytes=4222606704 collective_rank_calls=39424
AMG setup messages level=0 phase=numbering sends=0 bytes=0 collective_rank_calls=3584
AMG setup messages level=0 phase=interpolation sends=173112 bytes=1665008756 collective_rank_calls=3584
AMG setup messages level=0 phase=interpolation-transpose sends=68945 bytes=626737120 collective_rank_calls=3584
AMG setup messages level=0 phase=A*P sends=90744 bytes=2935443664 collective_rank_calls=3584
AMG setup messages level=0 phase=R*(A*P) sends=206835 bytes=4417508400 collective_rank_calls=3584
AMG setup messages level=1 phase=strength sends=0 bytes=0 collective_rank_calls=3584
AMG setup messages level=1 phase=strength-transpose sends=76306 bytes=1428043108 collective_rank_calls=3584
AMG setup messages level=1 phase=PMIS sends=1990788 bytes=3145133888 collective_rank_calls=46592
AMG setup messages level=1 phase=numbering sends=0 bytes=0 collective_rank_calls=3584
AMG setup messages level=1 phase=interpolation sends=453873 bytes=1721837648 collective_rank_calls=3584
AMG setup messages level=1 phase=interpolation-transpose sends=74584 bytes=488508080 collective_rank_calls=3584
AMG setup messages level=1 phase=A*P sends=257652 bytes=2885662144 collective_rank_calls=3584
AMG setup messages level=1 phase=R*(A*P) sends=223752 bytes=7278635520 collective_rank_calls=3584
AMG setup messages level=2 phase=strength sends=0 bytes=0 collective_rank_calls=3584
AMG setup messages level=2 phase=strength-transpose sends=86551 bytes=632141420 collective_rank_calls=3584
AMG setup messages level=2 phase=PMIS sends=2091329 bytes=970068944 collective_rank_calls=43008
AMG setup messages level=2 phase=numbering sends=0 bytes=0 collective_rank_calls=3584
AMG setup messages level=2 phase=interpolation sends=511797 bytes=663935032 collective_rank_calls=3584
AMG setup messages level=2 phase=interpolation-transpose sends=73341 bytes=143120160 collective_rank_calls=3584
AMG setup messages level=2 phase=A*P sends=300246 bytes=1171426784 collective_rank_calls=3584
AMG setup messages level=2 phase=R*(A*P) sends=220023 bytes=3249380672 collective_rank_calls=3584
AMG setup messages level=3 phase=strength sends=0 bytes=0 collective_rank_calls=3584
AMG setup messages level=3 phase=strength-transpose sends=87659 bytes=158223916 collective_rank_calls=3584
AMG setup messages level=3 phase=PMIS sends=2127255 bytes=256416916 collective_rank_calls=43008
AMG setup messages level=3 phase=numbering sends=0 bytes=0 collective_rank_calls=3584
AMG setup messages level=3 phase=interpolation sends=517344 bytes=179058320 collective_rank_calls=3584
AMG setup messages level=3 phase=interpolation-transpose sends=64146 bytes=34203488 collective_rank_calls=3584
AMG setup messages level=3 phase=A*P sends=306858 bytes=380864432 collective_rank_calls=3584
AMG setup messages level=3 phase=R*(A*P) sends=192438 bytes=912577760 collective_rank_calls=3584
AMG setup messages level=4 phase=strength sends=0 bytes=0 collective_rank_calls=3584
AMG setup messages level=4 phase=strength-transpose sends=84220 bytes=32081800 collective_rank_calls=3584
AMG setup messages level=4 phase=PMIS sends=1904896 bytes=62776120 collective_rank_calls=39424
AMG setup messages level=4 phase=numbering sends=0 bytes=0 collective_rank_calls=3584
AMG setup messages level=4 phase=interpolation sends=492033 bytes=44581716 collective_rank_calls=3584
AMG setup messages level=4 phase=interpolation-transpose sends=46819 bytes=8098272 collective_rank_calls=3584
AMG setup messages level=4 phase=A*P sends=458628 bytes=138182256 collective_rank_calls=3584
AMG setup messages level=4 phase=R*(A*P) sends=140457 bytes=219370368 collective_rank_calls=3584
AMG setup messages level=5 phase=strength sends=0 bytes=0 collective_rank_calls=3584
AMG setup messages level=5 phase=strength-transpose sends=73724 bytes=6116848 collective_rank_calls=3584
AMG setup messages level=5 phase=PMIS sends=1158632 bytes=11154992 collective_rank_calls=25088
AMG setup messages level=5 phase=numbering sends=0 bytes=0 collective_rank_calls=3584
AMG setup messages level=5 phase=interpolation sends=402759 bytes=9166468 collective_rank_calls=3584
AMG setup messages level=5 phase=interpolation-transpose sends=21755 bytes=1979568 collective_rank_calls=3584
AMG setup messages level=5 phase=A*P sends=856134 bytes=58359440 collective_rank_calls=3584
AMG setup messages level=5 phase=R*(A*P) sends=65265 bytes=41434192 collective_rank_calls=3584
AMG setup messages level=6 phase=strength sends=0 bytes=0 collective_rank_calls=3584
AMG setup messages level=6 phase=strength-transpose sends=15989 bytes=968456 collective_rank_calls=3584
AMG setup messages level=6 phase=PMIS sends=301118 bytes=2126816 collective_rank_calls=25088
AMG setup messages level=6 phase=numbering sends=0 bytes=0 collective_rank_calls=3584
AMG setup messages level=6 phase=interpolation sends=78222 bytes=1171572 collective_rank_calls=3584
AMG setup messages level=6 phase=interpolation-transpose sends=6639 bytes=473136 collective_rank_calls=3584
AMG setup messages level=6 phase=A*P sends=400692 bytes=14445728 collective_rank_calls=3584
AMG setup messages level=6 phase=R*(A*P) sends=19917 bytes=7306800 collective_rank_calls=3584
AMG setup messages level=7 phase=strength sends=0 bytes=0 collective_rank_calls=3584
AMG setup messages level=7 phase=strength-transpose sends=3298 bytes=188144 collective_rank_calls=3584
AMG setup messages level=7 phase=PMIS sends=40264 bytes=300020 collective_rank_calls=14336
AMG setup messages level=7 phase=numbering sends=0 bytes=0 collective_rank_calls=3584
AMG setup messages level=7 phase=interpolation sends=14724 bytes=156236 collective_rank_calls=3584
AMG setup messages level=7 phase=interpolation-transpose sends=1554 bytes=99024 collective_rank_calls=3584
AMG setup messages level=7 phase=A*P sends=90672 bytes=2592976 collective_rank_calls=3584
AMG setup messages level=7 phase=R*(A*P) sends=4662 bytes=940784 collective_rank_calls=3584
AMG setup messages level=8 phase=strength sends=0 bytes=0 collective_rank_calls=3584
AMG setup messages level=8 phase=strength-transpose sends=664 bytes=40004 collective_rank_calls=3584
AMG setup messages level=8 phase=PMIS sends=4612 bytes=46996 collective_rank_calls=7168
AMG setup messages level=8 phase=numbering sends=0 bytes=0 collective_rank_calls=3584
AMG setup messages level=8 phase=interpolation sends=3189 bytes=26048 collective_rank_calls=3584
AMG setup messages level=8 phase=interpolation-transpose sends=269 bytes=18528 collective_rank_calls=3584
AMG setup messages level=8 phase=A*P sends=13548 bytes=254832 collective_rank_calls=3584
AMG setup messages level=8 phase=R*(A*P) sends=807 bytes=28624 collective_rank_calls=3584
GMRES: iter = 0, residual = 0.3278502861, 1 (rel.)
GMRES: iter = 1, residual = 0.2892257476, 0.8821884862 (rel.)
GMRES: iter = 2, residual = 0.27479079, 0.8381593721 (rel.)
GMRES: Solve Time = 0.915351423
The cloud-layer FLD system Newton 18: residual=0.2751117843, GMRES rtol=0.648353961
AMG setup messages level=0 phase=strength sends=0 bytes=0 collective_rank_calls=3584
AMG setup messages level=0 phase=strength-transpose sends=28852 bytes=1218959828 collective_rank_calls=3584
AMG setup messages level=0 phase=PMIS sends=592396 bytes=3872277548 collective_rank_calls=35840
AMG setup messages level=0 phase=numbering sends=0 bytes=0 collective_rank_calls=3584
AMG setup messages level=0 phase=interpolation sends=173112 bytes=1664753688 collective_rank_calls=3584
AMG setup messages level=0 phase=interpolation-transpose sends=68947 bytes=626593312 collective_rank_calls=3584
AMG setup messages level=0 phase=A*P sends=90744 bytes=2935339008 collective_rank_calls=3584
AMG setup messages level=0 phase=R*(A*P) sends=206841 bytes=4415913120 collective_rank_calls=3584
AMG setup messages level=1 phase=strength sends=0 bytes=0 collective_rank_calls=3584
AMG setup messages level=1 phase=strength-transpose sends=76464 bytes=1428065536 collective_rank_calls=3584
AMG setup messages level=1 phase=PMIS sends=1841428 bytes=2921666024 collective_rank_calls=43008
AMG setup messages level=1 phase=numbering sends=0 bytes=0 collective_rank_calls=3584
AMG setup messages level=1 phase=interpolation sends=454557 bytes=1721781936 collective_rank_calls=3584
AMG setup messages level=1 phase=interpolation-transpose sends=74656 bytes=488628704 collective_rank_calls=3584
AMG setup messages level=1 phase=A*P sends=258204 bytes=2885694624 collective_rank_calls=3584
AMG setup messages level=1 phase=R*(A*P) sends=223968 bytes=7278391968 collective_rank_calls=3584
AMG setup messages level=2 phase=strength sends=0 bytes=0 collective_rank_calls=3584
AMG setup messages level=2 phase=strength-transpose sends=86619 bytes=632236812 collective_rank_calls=3584
AMG setup messages level=2 phase=PMIS sends=2267676 bytes=1044574128 collective_rank_calls=46592
AMG setup messages level=2 phase=numbering sends=0 bytes=0 collective_rank_calls=3584
AMG setup messages level=2 phase=interpolation sends=511809 bytes=663815668 collective_rank_calls=3584
AMG setup messages level=2 phase=interpolation-transpose sends=73341 bytes=143190192 collective_rank_calls=3584
AMG setup messages level=2 phase=A*P sends=300138 bytes=1171715664 collective_rank_calls=3584
AMG setup messages level=2 phase=R*(A*P) sends=220023 bytes=3248948608 collective_rank_calls=3584
AMG setup messages level=3 phase=strength sends=0 bytes=0 collective_rank_calls=3584
AMG setup messages level=3 phase=strength-transpose sends=87704 bytes=158152764 collective_rank_calls=3584
AMG setup messages level=3 phase=PMIS sends=1951160 bytes=236707288 collective_rank_calls=39424
AMG setup messages level=3 phase=numbering sends=0 bytes=0 collective_rank_calls=3584
AMG setup messages level=3 phase=interpolation sends=517851 bytes=178908192 collective_rank_calls=3584
AMG setup messages level=3 phase=interpolation-transpose sends=63954 bytes=34224976 collective_rank_calls=3584
AMG setup messages level=3 phase=A*P sends=306936 bytes=380539984 collective_rank_calls=3584
AMG setup messages level=3 phase=R*(A*P) sends=191862 bytes=911892896 collective_rank_calls=3584
AMG setup messages level=4 phase=strength sends=0 bytes=0 collective_rank_calls=3584
AMG setup messages level=4 phase=strength-transpose sends=84130 bytes=32033260 collective_rank_calls=3584
AMG setup messages level=4 phase=PMIS sends=2074630 bytes=67837068 collective_rank_calls=43008
AMG setup messages level=4 phase=numbering sends=0 bytes=0 collective_rank_calls=3584
AMG setup messages level=4 phase=interpolation sends=491079 bytes=44398208 collective_rank_calls=3584
AMG setup messages level=4 phase=interpolation-transpose sends=46833 bytes=8084064 collective_rank_calls=3584
AMG setup messages level=4 phase=A*P sends=458844 bytes=138069424 collective_rank_calls=3584
AMG setup messages level=4 phase=R*(A*P) sends=140499 bytes=219345696 collective_rank_calls=3584
AMG setup messages level=5 phase=strength sends=0 bytes=0 collective_rank_calls=3584
AMG setup messages level=5 phase=strength-transpose sends=74318 bytes=6138000 collective_rank_calls=3584
AMG setup messages level=5 phase=PMIS sends=1496864 bytes=13858064 collective_rank_calls=32256
AMG setup messages level=5 phase=numbering sends=0 bytes=0 collective_rank_calls=3584
AMG setup messages level=5 phase=interpolation sends=406884 bytes=9209784 collective_rank_calls=3584
AMG setup messages level=5 phase=interpolation-transpose sends=21678 bytes=1995216 collective_rank_calls=3584
AMG setup messages level=5 phase=A*P sends=865062 bytes=58894880 collective_rank_calls=3584
AMG setup messages level=5 phase=R*(A*P) sends=65034 bytes=41132384 collective_rank_calls=3584
AMG setup messages level=6 phase=strength sends=0 bytes=0 collective_rank_calls=3584
AMG setup messages level=6 phase=strength-transpose sends=15898 bytes=977304 collective_rank_calls=3584
AMG setup messages level=6 phase=PMIS sends=339580 bytes=2380032 collective_rank_calls=28672
AMG setup messages level=6 phase=numbering sends=0 bytes=0 collective_rank_calls=3584
AMG setup messages level=6 phase=interpolation sends=78279 bytes=1165896 collective_rank_calls=3584
AMG setup messages level=6 phase=interpolation-transpose sends=6078 bytes=428304 collective_rank_calls=3584
AMG setup messages level=6 phase=A*P sends=385524 bytes=13803760 collective_rank_calls=3584
AMG setup messages level=6 phase=R*(A*P) sends=18234 bytes=6742352 collective_rank_calls=3584
AMG setup messages level=7 phase=strength sends=0 bytes=0 collective_rank_calls=3584
AMG setup messages level=7 phase=strength-transpose sends=3384 bytes=210020 collective_rank_calls=3584
AMG setup messages level=7 phase=PMIS sends=41672 bytes=345944 collective_rank_calls=14336
AMG setup messages level=7 phase=numbering sends=0 bytes=0 collective_rank_calls=3584
AMG setup messages level=7 phase=interpolation sends=15351 bytes=172680 collective_rank_calls=3584
AMG setup messages level=7 phase=interpolation-transpose sends=1378 bytes=107184 collective_rank_calls=3584
AMG setup messages level=7 phase=A*P sends=89580 bytes=2768736 collective_rank_calls=3584
AMG setup messages level=7 phase=R*(A*P) sends=4134 bytes=1124976 collective_rank_calls=3584
AMG setup messages level=8 phase=strength sends=0 bytes=0 collective_rank_calls=3584
AMG setup messages level=8 phase=strength-transpose sends=739 bytes=55220 collective_rank_calls=3584
AMG setup messages level=8 phase=PMIS sends=5137 bytes=60364 collective_rank_calls=7168
AMG setup messages level=8 phase=numbering sends=0 bytes=0 collective_rank_calls=3584
AMG setup messages level=8 phase=interpolation sends=3813 bytes=35076 collective_rank_calls=3584
AMG setup messages level=8 phase=interpolation-transpose sends=371 bytes=27872 collective_rank_calls=3584
AMG setup messages level=8 phase=A*P sends=20334 bytes=433312 collective_rank_calls=3584
AMG setup messages level=8 phase=R*(A*P) sends=1113 bytes=45776 collective_rank_calls=3584
GMRES: iter = 0, residual = 0.2753645192, 1 (rel.)
GMRES: iter = 1, residual = 0.2689778913, 0.9768066416 (rel.)
GMRES: iter = 2, residual = 0.2664365788, 0.9675777387 (rel.)
GMRES: iter = 3, residual = 0.2649822411, 0.9622962386 (rel.)
GMRES: iter = 4, residual = 0.2642034519, 0.9594680267 (rel.)
GMRES: iter = 5, residual = 0.2633519064, 0.9563755967 (rel.)
GMRES: iter = 6, residual = 0.2627830189, 0.9543096534 (rel.)
GMRES: iter = 7, residual = 0.2610748769, 0.9481064505 (rel.)
GMRES: iter = 8, residual = 0.2589377538, 0.9403453811 (rel.)
GMRES: iter = 9, residual = 0.2566688555, 0.9321057635 (rel.)
GMRES: iter = 10, residual = 0.2545648157, 0.9244648379 (rel.)
GMRES: iter = 11, residual = 0.2521873202, 0.9158308443 (rel.)
GMRES: iter = 12, residual = 0.249865338, 0.9073984503 (rel.)
GMRES: iter = 13, residual = 0.2474458988, 0.8986121361 (rel.)
GMRES: iter = 14, residual = 0.2443223237, 0.8872687169 (rel.)
GMRES: iter = 15, residual = 0.2398135322, 0.8708948156 (rel.)
GMRES: iter = 16, residual = 0.2335491844, 0.8481455237 (rel.)
GMRES: iter = 17, residual = 0.2248434578, 0.8165302429 (rel.)
GMRES: iter = 18, residual = 0.213207952, 0.7742753225 (rel.)
GMRES: iter = 19, residual = 0.19838482, 0.7204443788 (rel.)
GMRES: iter = 20, residual = 0.1826286161, 0.6632249375 (rel.)
GMRES: iter = 21, residual = 0.1670074293, 0.6064958179 (rel.)
GMRES: Solve Time = 8.111528032
The cloud-layer FLD system Newton 19: residual=0.269519928, GMRES rtol=0.8622005829
AMG setup messages level=0 phase=strength sends=0 bytes=0 collective_rank_calls=3584
AMG setup messages level=0 phase=strength-transpose sends=28852 bytes=1218962964 collective_rank_calls=3584
AMG setup messages level=0 phase=PMIS sends=592396 bytes=3872287924 collective_rank_calls=35840
AMG setup messages level=0 phase=numbering sends=0 bytes=0 collective_rank_calls=3584
AMG setup messages level=0 phase=interpolation sends=173112 bytes=1664792616 collective_rank_calls=3584
AMG setup messages level=0 phase=interpolation-transpose sends=69027 bytes=626503440 collective_rank_calls=3584
AMG setup messages level=0 phase=A*P sends=90744 bytes=2935322672 collective_rank_calls=3584
AMG setup messages level=0 phase=R*(A*P) sends=207081 bytes=4415324608 collective_rank_calls=3584
AMG setup messages level=1 phase=strength sends=0 bytes=0 collective_rank_calls=3584
AMG setup messages level=1 phase=strength-transpose sends=76353 bytes=1428140408 collective_rank_calls=3584
AMG setup messages level=1 phase=PMIS sends=1991940 bytes=3145293632 collective_rank_calls=46592
AMG setup messages level=1 phase=numbering sends=0 bytes=0 collective_rank_calls=3584
AMG setup messages level=1 phase=interpolation sends=454191 bytes=1721726192 collective_rank_calls=3584
AMG setup messages level=1 phase=interpolation-transpose sends=74667 bytes=488517856 collective_rank_calls=3584
AMG setup messages level=1 phase=A*P sends=257790 bytes=2885969504 collective_rank_calls=3584
AMG setup messages level=1 phase=R*(A*P) sends=224001 bytes=7279482432 collective_rank_calls=3584
AMG setup messages level=2 phase=strength sends=0 bytes=0 collective_rank_calls=3584
AMG setup messages level=2 phase=strength-transpose sends=86688 bytes=632116884 collective_rank_calls=3584
AMG setup messages level=2 phase=PMIS sends=2270156 bytes=1044557216 collective_rank_calls=46592
AMG setup messages level=2 phase=numbering sends=0 bytes=0 collective_rank_calls=3584
AMG setup messages level=2 phase=interpolation sends=512238 bytes=663647032 collective_rank_calls=3584
AMG setup messages level=2 phase=interpolation-transpose sends=73342 bytes=143230016 collective_rank_calls=3584
AMG setup messages level=2 phase=A*P sends=300198 bytes=1171865808 collective_rank_calls=3584
AMG setup messages level=2 phase=R*(A*P) sends=220026 bytes=3248784608 collective_rank_calls=3584
AMG setup messages level=3 phase=strength sends=0 bytes=0 collective_rank_calls=3584
AMG setup messages level=3 phase=strength-transpose sends=87579 bytes=158062572 collective_rank_calls=3584
AMG setup messages level=3 phase=PMIS sends=2124659 bytes=256204476 collective_rank_calls=43008
AMG setup messages level=3 phase=numbering sends=0 bytes=0 collective_rank_calls=3584
AMG setup messages level=3 phase=interpolation sends=517164 bytes=178736932 collective_rank_calls=3584
AMG setup messages level=3 phase=interpolation-transpose sends=63981 bytes=34200944 collective_rank_calls=3584
AMG setup messages level=3 phase=A*P sends=307182 bytes=380447152 collective_rank_calls=3584
AMG setup messages level=3 phase=R*(A*P) sends=191943 bytes=910766448 collective_rank_calls=3584
AMG setup messages level=4 phase=strength sends=0 bytes=0 collective_rank_calls=3584
AMG setup messages level=4 phase=strength-transpose sends=84227 bytes=32007840 collective_rank_calls=3584
AMG setup messages level=4 phase=PMIS sends=1903910 bytes=62624480 collective_rank_calls=39424
AMG setup messages level=4 phase=numbering sends=0 bytes=0 collective_rank_calls=3584
AMG setup messages level=4 phase=interpolation sends=491496 bytes=44440188 collective_rank_calls=3584
AMG setup messages level=4 phase=interpolation-transpose sends=46752 bytes=8072448 collective_rank_calls=3584
AMG setup messages level=4 phase=A*P sends=457608 bytes=137635072 collective_rank_calls=3584
AMG setup messages level=4 phase=R*(A*P) sends=140256 bytes=218348848 collective_rank_calls=3584
AMG setup messages level=5 phase=strength sends=0 bytes=0 collective_rank_calls=3584
AMG setup messages level=5 phase=strength-transpose sends=74095 bytes=6110736 collective_rank_calls=3584
AMG setup messages level=5 phase=PMIS sends=1327333 bytes=12457296 collective_rank_calls=28672
AMG setup messages level=5 phase=numbering sends=0 bytes=0 collective_rank_calls=3584
AMG setup messages level=5 phase=interpolation sends=406116 bytes=9161684 collective_rank_calls=3584
AMG setup messages level=5 phase=interpolation-transpose sends=22012 bytes=1992896 collective_rank_calls=3584
AMG setup messages level=5 phase=A*P sends=852114 bytes=58326464 collective_rank_calls=3584
AMG setup messages level=5 phase=R*(A*P) sends=66036 bytes=42030640 collective_rank_calls=3584
AMG setup messages level=6 phase=strength sends=0 bytes=0 collective_rank_calls=3584
AMG setup messages level=6 phase=strength-transpose sends=16467 bytes=971952 collective_rank_calls=3584
AMG setup messages level=6 phase=PMIS sends=353949 bytes=2391564 collective_rank_calls=28672
AMG setup messages level=6 phase=numbering sends=0 bytes=0 collective_rank_calls=3584
AMG setup messages level=6 phase=interpolation sends=80577 bytes=1144904 collective_rank_calls=3584
AMG setup messages level=6 phase=interpolation-transpose sends=6550 bytes=437392 collective_rank_calls=3584
AMG setup messages level=6 phase=A*P sends=405942 bytes=14136384 collective_rank_calls=3584
AMG setup messages level=6 phase=R*(A*P) sends=19650 bytes=7154896 collective_rank_calls=3584
AMG setup messages level=7 phase=strength sends=0 bytes=0 collective_rank_calls=3584
AMG setup messages level=7 phase=strength-transpose sends=3077 bytes=175780 collective_rank_calls=3584
AMG setup messages level=7 phase=PMIS sends=37861 bytes=288828 collective_rank_calls=14336
AMG setup messages level=7 phase=numbering sends=0 bytes=0 collective_rank_calls=3584
AMG setup messages level=7 phase=interpolation sends=14067 bytes=145124 collective_rank_calls=3584
AMG setup messages level=7 phase=interpolation-transpose sends=1803 bytes=126976 collective_rank_calls=3584
AMG setup messages level=7 phase=A*P sends=99066 bytes=3070496 collective_rank_calls=3584
AMG setup messages level=7 phase=R*(A*P) sends=5409 bytes=1135200 collective_rank_calls=3584
AMG setup messages level=8 phase=strength sends=0 bytes=0 collective_rank_calls=3584
AMG setup messages level=8 phase=strength-transpose sends=535 bytes=31820 collective_rank_calls=3584
AMG setup messages level=8 phase=PMIS sends=3709 bytes=37100 collective_rank_calls=7168
AMG setup messages level=8 phase=numbering sends=0 bytes=0 collective_rank_calls=3584
AMG setup messages level=8 phase=interpolation sends=2457 bytes=19788 collective_rank_calls=3584
AMG setup messages level=8 phase=interpolation-transpose sends=248 bytes=17104 collective_rank_calls=3584
AMG setup messages level=8 phase=A*P sends=16068 bytes=294144 collective_rank_calls=3584
AMG setup messages level=8 phase=R*(A*P) sends=744 bytes=26336 collective_rank_calls=3584
GMRES: iter = 0, residual = 0.269607013, 1 (rel.)
GMRES: iter = 1, residual = 0.2622373822, 0.972665285 (rel.)
GMRES: iter = 2, residual = 0.2593352052, 0.9619008138 (rel.)
GMRES: iter = 3, residual = 0.2579824064, 0.9568831444 (rel.)
GMRES: iter = 4, residual = 0.2573077839, 0.9543809006 (rel.)
GMRES: iter = 5, residual = 0.2564249972, 0.9511065543 (rel.)
GMRES: iter = 6, residual = 0.2558844167, 0.9491014861 (rel.)
GMRES: iter = 7, residual = 0.2543068933, 0.9432502902 (rel.)
GMRES: iter = 8, residual = 0.2520067003, 0.9347186392 (rel.)
GMRES: iter = 9, residual = 0.2495764661, 0.9257046518 (rel.)
GMRES: iter = 10, residual = 0.2473333037, 0.917384533 (rel.)
GMRES: iter = 11, residual = 0.2449244235, 0.9084497498 (rel.)
GMRES: iter = 12, residual = 0.2426283309, 0.8999333075 (rel.)
GMRES: iter = 13, residual = 0.2401954208, 0.8909093947 (rel.)
GMRES: iter = 14, residual = 0.2371902868, 0.8797630455 (rel.)
GMRES: iter = 15, residual = 0.2330275231, 0.8643229287 (rel.)
GMRES: iter = 16, residual = 0.227336194, 0.8432132068 (rel.)
GMRES: Solve Time = 6.181634642
The cloud-layer FLD system Newton 20: residual=0.268219909, GMRES rtol=0.8907629836
AMG setup messages level=0 phase=strength sends=0 bytes=0 collective_rank_calls=3584
AMG setup messages level=0 phase=strength-transpose sends=28852 bytes=1218970636 collective_rank_calls=3584
AMG setup messages level=0 phase=PMIS sends=592396 bytes=3872313752 collective_rank_calls=35840
AMG setup messages level=0 phase=numbering sends=0 bytes=0 collective_rank_calls=3584
AMG setup messages level=0 phase=interpolation sends=173112 bytes=1664843840 collective_rank_calls=3584
AMG setup messages level=0 phase=interpolation-transpose sends=69014 bytes=626455312 collective_rank_calls=3584
AMG setup messages level=0 phase=A*P sends=90744 bytes=2935356368 collective_rank_calls=3584
AMG setup messages level=0 phase=R*(A*P) sends=207042 bytes=4415071536 collective_rank_calls=3584
AMG setup messages level=1 phase=strength sends=0 bytes=0 collective_rank_calls=3584
AMG setup messages level=1 phase=strength-transpose sends=76382 bytes=1428399480 collective_rank_calls=3584
AMG setup messages level=1 phase=PMIS sends=1840058 bytes=2922001604 collective_rank_calls=43008
AMG setup messages level=1 phase=numbering sends=0 bytes=0 collective_rank_calls=3584
AMG setup messages level=1 phase=interpolation sends=454293 bytes=1722023728 collective_rank_calls=3584
AMG setup messages level=1 phase=interpolation-transpose sends=74624 bytes=488543328 collective_rank_calls=3584
AMG setup messages level=1 phase=A*P sends=257706 bytes=2885740864 collective_rank_calls=3584
AMG setup messages level=1 phase=R*(A*P) sends=223872 bytes=7278924400 collective_rank_calls=3584
AMG setup messages level=2 phase=strength sends=0 bytes=0 collective_rank_calls=3584
AMG setup messages level=2 phase=strength-transpose sends=86561 bytes=632167036 collective_rank_calls=3584
AMG setup messages level=2 phase=PMIS sends=2092401 bytes=970125568 collective_rank_calls=43008
AMG setup messages level=2 phase=numbering sends=0 bytes=0 collective_rank_calls=3584
AMG setup messages level=2 phase=interpolation sends=511197 bytes=663610328 collective_rank_calls=3584
AMG setup messages level=2 phase=interpolation-transpose sends=73261 bytes=143266640 collective_rank_calls=3584
AMG setup messages level=2 phase=A*P sends=300390 bytes=1171822064 collective_rank_calls=3584
AMG setup messages level=2 phase=R*(A*P) sends=219783 bytes=3250369056 collective_rank_calls=3584
AMG setup messages level=3 phase=strength sends=0 bytes=0 collective_rank_calls=3584
AMG setup messages level=3 phase=strength-transpose sends=87555 bytes=158110104 collective_rank_calls=3584
AMG setup messages level=3 phase=PMIS sends=2124759 bytes=256277268 collective_rank_calls=43008
AMG setup messages level=3 phase=numbering sends=0 bytes=0 collective_rank_calls=3584
AMG setup messages level=3 phase=interpolation sends=516900 bytes=178796892 collective_rank_calls=3584
AMG setup messages level=3 phase=interpolation-transpose sends=64077 bytes=34213920 collective_rank_calls=3584
AMG setup messages level=3 phase=A*P sends=307278 bytes=380642816 collective_rank_calls=3584
AMG setup messages level=3 phase=R*(A*P) sends=192231 bytes=911422960 collective_rank_calls=3584
AMG setup messages level=4 phase=strength sends=0 bytes=0 collective_rank_calls=3584
AMG setup messages level=4 phase=strength-transpose sends=84233 bytes=32017436 collective_rank_calls=3584
AMG setup messages level=4 phase=PMIS sends=1731245 bytes=57543872 collective_rank_calls=35840
AMG setup messages level=4 phase=numbering sends=0 bytes=0 collective_rank_calls=3584
AMG setup messages level=4 phase=interpolation sends=491739 bytes=44583088 collective_rank_calls=3584
AMG setup messages level=4 phase=interpolation-transpose sends=47043 bytes=8064944 collective_rank_calls=3584
AMG setup messages level=4 phase=A*P sends=460068 bytes=137863936 collective_rank_calls=3584
AMG setup messages level=4 phase=R*(A*P) sends=141129 bytes=219288160 collective_rank_calls=3584
AMG setup messages level=5 phase=strength sends=0 bytes=0 collective_rank_calls=3584
AMG setup messages level=5 phase=strength-transpose sends=74705 bytes=6144456 collective_rank_calls=3584
AMG setup messages level=5 phase=PMIS sends=1665733 bytes=15179088 collective_rank_calls=35840
AMG setup messages level=5 phase=numbering sends=0 bytes=0 collective_rank_calls=3584
AMG setup messages level=5 phase=interpolation sends=407409 bytes=9293768 collective_rank_calls=3584
AMG setup messages level=5 phase=interpolation-transpose sends=22133 bytes=1985248 collective_rank_calls=3584
AMG setup messages level=5 phase=A*P sends=867324 bytes=58641456 collective_rank_calls=3584
AMG setup messages level=5 phase=R*(A*P) sends=66399 bytes=41864720 collective_rank_calls=3584
AMG setup messages level=6 phase=strength sends=0 bytes=0 collective_rank_calls=3584
AMG setup messages level=6 phase=strength-transpose sends=16152 bytes=961976 collective_rank_calls=3584
AMG setup messages level=6 phase=PMIS sends=386996 bytes=2590384 collective_rank_calls=32256
AMG setup messages level=6 phase=numbering sends=0 bytes=0 collective_rank_calls=3584
AMG setup messages level=6 phase=interpolation sends=78660 bytes=1174564 collective_rank_calls=3584
AMG setup messages level=6 phase=interpolation-transpose sends=6330 bytes=439776 collective_rank_calls=3584
AMG setup messages level=6 phase=A*P sends=401460 bytes=13977232 collective_rank_calls=3584
AMG setup messages level=6 phase=R*(A*P) sends=18990 bytes=6936704 collective_rank_calls=3584
AMG setup messages level=7 phase=strength sends=0 bytes=0 collective_rank_calls=3584
AMG setup messages level=7 phase=strength-transpose sends=3181 bytes=189004 collective_rank_calls=3584
AMG setup messages level=7 phase=PMIS sends=47908 bytes=358176 collective_rank_calls=17920
AMG setup messages level=7 phase=numbering sends=0 bytes=0 collective_rank_calls=3584
AMG setup messages level=7 phase=interpolation sends=14196 bytes=162064 collective_rank_calls=3584
AMG setup messages level=7 phase=interpolation-transpose sends=1869 bytes=128816 collective_rank_calls=3584
AMG setup messages level=7 phase=A*P sends=95892 bytes=3084768 collective_rank_calls=3584
AMG setup messages level=7 phase=R*(A*P) sends=5607 bytes=1203952 collective_rank_calls=3584
AMG setup messages level=8 phase=strength sends=0 bytes=0 collective_rank_calls=3584
AMG setup messages level=8 phase=strength-transpose sends=434 bytes=26620 collective_rank_calls=3584
AMG setup messages level=8 phase=PMIS sends=3020 bytes=31516 collective_rank_calls=7168
AMG setup messages level=8 phase=numbering sends=0 bytes=0 collective_rank_calls=3584
AMG setup messages level=8 phase=interpolation sends=1887 bytes=14920 collective_rank_calls=3584
AMG setup messages level=8 phase=interpolation-transpose sends=236 bytes=17024 collective_rank_calls=3584
AMG setup messages level=8 phase=A*P sends=16578 bytes=323536 collective_rank_calls=3584
AMG setup messages level=8 phase=R*(A*P) sends=708 bytes=27376 collective_rank_calls=3584
GMRES: iter = 0, residual = 0.2684118448, 1 (rel.)
GMRES: iter = 1, residual = 0.2541177273, 0.9467455787 (rel.)
GMRES: iter = 2, residual = 0.2491336611, 0.9281768519 (rel.)
GMRES: iter = 3, residual = 0.2483515187, 0.9252628881 (rel.)
GMRES: iter = 4, residual = 0.2481915274, 0.9246668216 (rel.)
GMRES: iter = 5, residual = 0.2471658777, 0.9208456428 (rel.)
GMRES: iter = 6, residual = 0.2467352211, 0.9192411806 (rel.)
GMRES: iter = 7, residual = 0.2460068865, 0.9165276842 (rel.)
GMRES: iter = 8, residual = 0.2436697489, 0.9078204022 (rel.)
GMRES: iter = 9, residual = 0.241026755, 0.8979736165 (rel.)
GMRES: iter = 10, residual = 0.2387837702, 0.8896171122 (rel.)
GMRES: Solve Time = 3.882405588
The cloud-layer FLD system Newton 21: residual=0.255786301, GMRES rtol=0.8173229965
AMG setup messages level=0 phase=strength sends=0 bytes=0 collective_rank_calls=3584
AMG setup messages level=0 phase=strength-transpose sends=28852 bytes=1218978992 collective_rank_calls=3584
AMG setup messages level=0 phase=PMIS sends=592396 bytes=3872340964 collective_rank_calls=35840
AMG setup messages level=0 phase=numbering sends=0 bytes=0 collective_rank_calls=3584
AMG setup messages level=0 phase=interpolation sends=173112 bytes=1665051704 collective_rank_calls=3584
AMG setup messages level=0 phase=interpolation-transpose sends=68963 bytes=626603648 collective_rank_calls=3584
AMG setup messages level=0 phase=A*P sends=90744 bytes=2935555536 collective_rank_calls=3584
AMG setup messages level=0 phase=R*(A*P) sends=206889 bytes=4417007568 collective_rank_calls=3584
AMG setup messages level=1 phase=strength sends=0 bytes=0 collective_rank_calls=3584
AMG setup messages level=1 phase=strength-transpose sends=76374 bytes=1427988816 collective_rank_calls=3584
AMG setup messages level=1 phase=PMIS sends=1840126 bytes=2921467968 collective_rank_calls=43008
AMG setup messages level=1 phase=numbering sends=0 bytes=0 collective_rank_calls=3584
AMG setup messages level=1 phase=interpolation sends=454314 bytes=1721504324 collective_rank_calls=3584
AMG setup messages level=1 phase=interpolation-transpose sends=74673 bytes=488587584 collective_rank_calls=3584
AMG setup messages level=1 phase=A*P sends=257976 bytes=2885529024 collective_rank_calls=3584
AMG setup messages level=1 phase=R*(A*P) sends=224019 bytes=7278456384 collective_rank_calls=3584
AMG setup messages level=2 phase=strength sends=0 bytes=0 collective_rank_calls=3584
AMG setup messages level=2 phase=strength-transpose sends=86652 bytes=632091512 collective_rank_calls=3584
AMG setup messages level=2 phase=PMIS sends=2094598 bytes=970088176 collective_rank_calls=43008
AMG setup messages level=2 phase=numbering sends=0 bytes=0 collective_rank_calls=3584
AMG setup messages level=2 phase=interpolation sends=512088 bytes=663900992 collective_rank_calls=3584
AMG setup messages level=2 phase=interpolation-transpose sends=73344 bytes=143053744 collective_rank_calls=3584
AMG setup messages level=2 phase=A*P sends=300264 bytes=1171432144 collective_rank_calls=3584
AMG setup messages level=2 phase=R*(A*P) sends=220032 bytes=3246582592 collective_rank_calls=3584
AMG setup messages level=3 phase=strength sends=0 bytes=0 collective_rank_calls=3584
AMG setup messages level=3 phase=strength-transpose sends=87746 bytes=158192376 collective_rank_calls=3584
AMG setup messages level=3 phase=PMIS sends=2129174 bytes=256343132 collective_rank_calls=43008
AMG setup messages level=3 phase=numbering sends=0 bytes=0 collective_rank_calls=3584
AMG setup messages level=3 phase=interpolation sends=517863 bytes=179053452 collective_rank_calls=3584
AMG setup messages level=3 phase=interpolation-transpose sends=64043 bytes=34166464 collective_rank_calls=3584
AMG setup messages level=3 phase=A*P sends=307170 bytes=380686512 collective_rank_calls=3584
AMG setup messages level=3 phase=R*(A*P) sends=192129 bytes=913702240 collective_rank_calls=3584
AMG setup messages level=4 phase=strength sends=0 bytes=0 collective_rank_calls=3584
AMG setup messages level=4 phase=strength-transpose sends=84428 bytes=32075444 collective_rank_calls=3584
AMG setup messages level=4 phase=PMIS sends=1909424 bytes=62842344 collective_rank_calls=39424
AMG setup messages level=4 phase=numbering sends=0 bytes=0 collective_rank_calls=3584
AMG setup messages level=4 phase=interpolation sends=492999 bytes=44720744 collective_rank_calls=3584
AMG setup messages level=4 phase=interpolation-transpose sends=47030 bytes=8060576 collective_rank_calls=3584
AMG setup messages level=4 phase=A*P sends=459534 bytes=138169840 collective_rank_calls=3584
AMG setup messages level=4 phase=R*(A*P) sends=141090 bytes=220000784 collective_rank_calls=3584
AMG setup messages level=5 phase=strength sends=0 bytes=0 collective_rank_calls=3584
AMG setup messages level=5 phase=strength-transpose sends=75182 bytes=6158868 collective_rank_calls=3584
AMG setup messages level=5 phase=PMIS sends=1676934 bytes=15237076 collective_rank_calls=35840
AMG setup messages level=5 phase=numbering sends=0 bytes=0 collective_rank_calls=3584
AMG setup messages level=5 phase=interpolation sends=411171 bytes=9258088 collective_rank_calls=3584
AMG setup messages level=5 phase=interpolation-transpose sends=22194 bytes=1982064 collective_rank_calls=3584
AMG setup messages level=5 phase=A*P sends=872016 bytes=58997616 collective_rank_calls=3584
AMG setup messages level=5 phase=R*(A*P) sends=66582 bytes=42266240 collective_rank_calls=3584
AMG setup messages level=6 phase=strength sends=0 bytes=0 collective_rank_calls=3584
AMG setup messages level=6 phase=strength-transpose sends=16153 bytes=964700 collective_rank_calls=3584
AMG setup messages level=6 phase=PMIS sends=303222 bytes=2129312 collective_rank_calls=25088
AMG setup messages level=6 phase=numbering sends=0 bytes=0 collective_rank_calls=3584
AMG setup messages level=6 phase=interpolation sends=79302 bytes=1147332 collective_rank_calls=3584
AMG setup messages level=6 phase=interpolation-transpose sends=5947 bytes=421408 collective_rank_calls=3584
AMG setup messages level=6 phase=A*P sends=399384 bytes=13975280 collective_rank_calls=3584
AMG setup messages level=6 phase=R*(A*P) sends=17841 bytes=6674912 collective_rank_calls=3584
AMG setup messages level=7 phase=strength sends=0 bytes=0 collective_rank_calls=3584
AMG setup messages level=7 phase=strength-transpose sends=3061 bytes=195020 collective_rank_calls=3584
AMG setup messages level=7 phase=PMIS sends=46504 bytes=366480 collective_rank_calls=17920
AMG setup messages level=7 phase=numbering sends=0 bytes=0 collective_rank_calls=3584
AMG setup messages level=7 phase=interpolation sends=13290 bytes=147660 collective_rank_calls=3584
AMG setup messages level=7 phase=interpolation-transpose sends=1213 bytes=106320 collective_rank_calls=3584
AMG setup messages level=7 phase=A*P sends=91440 bytes=2835760 collective_rank_calls=3584
AMG setup messages level=7 phase=R*(A*P) sends=3639 bytes=898704 collective_rank_calls=3584
AMG setup messages level=8 phase=strength sends=0 bytes=0 collective_rank_calls=3584
AMG setup messages level=8 phase=strength-transpose sends=705 bytes=57196 collective_rank_calls=3584
AMG setup messages level=8 phase=PMIS sends=4917 bytes=60576 collective_rank_calls=7168
AMG setup messages level=8 phase=numbering sends=0 bytes=0 collective_rank_calls=3584
AMG setup messages level=8 phase=interpolation sends=3630 bytes=38276 collective_rank_calls=3584
AMG setup messages level=8 phase=interpolation-transpose sends=347 bytes=25920 collective_rank_calls=3584
AMG setup messages level=8 phase=A*P sends=15000 bytes=324496 collective_rank_calls=3584
AMG setup messages level=8 phase=R*(A*P) sends=1041 bytes=42672 collective_rank_calls=3584
GMRES: iter = 0, residual = 0.255974135, 1 (rel.)
GMRES: iter = 1, residual = 0.2455527709, 0.959287433 (rel.)
GMRES: iter = 2, residual = 0.2418957829, 0.9450008803 (rel.)
GMRES: iter = 3, residual = 0.2415512129, 0.9436547679 (rel.)
GMRES: iter = 4, residual = 0.2415249144, 0.9435520287 (rel.)
GMRES: iter = 5, residual = 0.2407497479, 0.9405237288 (rel.)
GMRES: iter = 6, residual = 0.2403760708, 0.9390639053 (rel.)
GMRES: iter = 7, residual = 0.2398234206, 0.9369048972 (rel.)
GMRES: iter = 8, residual = 0.2378987188, 0.9293857709 (rel.)
GMRES: iter = 9, residual = 0.235699101, 0.9207926459 (rel.)
GMRES: iter = 10, residual = 0.2337683349, 0.9132498287 (rel.)
GMRES: iter = 11, residual = 0.2312167056, 0.9032815194 (rel.)
GMRES: iter = 12, residual = 0.2278017284, 0.8899404168 (rel.)
GMRES: iter = 13, residual = 0.2235530092, 0.8733421805 (rel.)
GMRES: iter = 14, residual = 0.2190322549, 0.8556811995 (rel.)
GMRES: iter = 15, residual = 0.2137048093, 0.8348687623 (rel.)
GMRES: iter = 16, residual = 0.2068912528, 0.8082506179 (rel.)
GMRES: Solve Time = 6.145992371
The cloud-layer FLD system Newton 22: residual=0.2498996528, GMRES rtol=0.8577913188
AMG setup messages level=0 phase=strength sends=0 bytes=0 collective_rank_calls=3584
AMG setup messages level=0 phase=strength-transpose sends=28852 bytes=1218982856 collective_rank_calls=3584
AMG setup messages level=0 phase=PMIS sends=592396 bytes=3872354148 collective_rank_calls=35840
AMG setup messages level=0 phase=numbering sends=0 bytes=0 collective_rank_calls=3584
AMG setup messages level=0 phase=interpolation sends=173112 bytes=1665043072 collective_rank_calls=3584
AMG setup messages level=0 phase=interpolation-transpose sends=68863 bytes=626482752 collective_rank_calls=3584
AMG setup messages level=0 phase=A*P sends=90744 bytes=2935489040 collective_rank_calls=3584
AMG setup messages level=0 phase=R*(A*P) sends=206589 bytes=4415919520 collective_rank_calls=3584
AMG setup messages level=1 phase=strength sends=0 bytes=0 collective_rank_calls=3584
AMG setup messages level=1 phase=strength-transpose sends=76370 bytes=1428216036 collective_rank_calls=3584
AMG setup messages level=1 phase=PMIS sends=1839744 bytes=2921449352 collective_rank_calls=43008
AMG setup messages level=1 phase=numbering sends=0 bytes=0 collective_rank_calls=3584
AMG setup messages level=1 phase=interpolation sends=454335 bytes=1721870728 collective_rank_calls=3584
AMG setup messages level=1 phase=interpolation-transpose sends=74688 bytes=488519888 collective_rank_calls=3584
AMG setup messages level=1 phase=A*P sends=257658 bytes=2885484400 collective_rank_calls=3584
AMG setup messages level=1 phase=R*(A*P) sends=224064 bytes=7278261936 collective_rank_calls=3584
AMG setup messages level=2 phase=strength sends=0 bytes=0 collective_rank_calls=3584
AMG setup messages level=2 phase=strength-transpose sends=86543 bytes=632156984 collective_rank_calls=3584
AMG setup messages level=2 phase=PMIS sends=2266148 bytes=1044615568 collective_rank_calls=46592
AMG setup messages level=2 phase=numbering sends=0 bytes=0 collective_rank_calls=3584
AMG setup messages level=2 phase=interpolation sends=511509 bytes=663687500 collective_rank_calls=3584
AMG setup messages level=2 phase=interpolation-transpose sends=73175 bytes=143119776 collective_rank_calls=3584
AMG setup messages level=2 phase=A*P sends=300048 bytes=1171577008 collective_rank_calls=3584
AMG setup messages level=2 phase=R*(A*P) sends=219525 bytes=3248813904 collective_rank_calls=3584
AMG setup messages level=3 phase=strength sends=0 bytes=0 collective_rank_calls=3584
AMG setup messages level=3 phase=strength-transpose sends=87429 bytes=158128312 collective_rank_calls=3584
AMG setup messages level=3 phase=PMIS sends=2121397 bytes=256235996 collective_rank_calls=43008
AMG setup messages level=3 phase=numbering sends=0 bytes=0 collective_rank_calls=3584
AMG setup messages level=3 phase=interpolation sends=516102 bytes=178854440 collective_rank_calls=3584
AMG setup messages level=3 phase=interpolation-transpose sends=64015 bytes=34200800 collective_rank_calls=3584
AMG setup messages level=3 phase=A*P sends=307026 bytes=380751728 collective_rank_calls=3584
AMG setup messages level=3 phase=R*(A*P) sends=192045 bytes=910915056 collective_rank_calls=3584
AMG setup messages level=4 phase=strength sends=0 bytes=0 collective_rank_calls=3584
AMG setup messages level=4 phase=strength-transpose sends=84250 bytes=31945896 collective_rank_calls=3584
AMG setup messages level=4 phase=PMIS sends=1904548 bytes=62553448 collective_rank_calls=39424
AMG setup messages level=4 phase=numbering sends=0 bytes=0 collective_rank_calls=3584
AMG setup messages level=4 phase=interpolation sends=491808 bytes=44525892 collective_rank_calls=3584
AMG setup messages level=4 phase=interpolation-transpose sends=46760 bytes=8020704 collective_rank_calls=3584
AMG setup messages level=4 phase=A*P sends=459780 bytes=137530960 collective_rank_calls=3584
AMG setup messages level=4 phase=R*(A*P) sends=140280 bytes=218323344 collective_rank_calls=3584
AMG setup messages level=5 phase=strength sends=0 bytes=0 collective_rank_calls=3584
AMG setup messages level=5 phase=strength-transpose sends=74537 bytes=6155724 collective_rank_calls=3584
AMG setup messages level=5 phase=PMIS sends=1498836 bytes=13830704 collective_rank_calls=32256
AMG setup messages level=5 phase=numbering sends=0 bytes=0 collective_rank_calls=3584
AMG setup messages level=5 phase=interpolation sends=407049 bytes=9229016 collective_rank_calls=3584
AMG setup messages level=5 phase=interpolation-transpose sends=21833 bytes=1993728 collective_rank_calls=3584
AMG setup messages level=5 phase=A*P sends=861696 bytes=58693664 collective_rank_calls=3584
AMG setup messages level=5 phase=R*(A*P) sends=65499 bytes=41594592 collective_rank_calls=3584
AMG setup messages level=6 phase=strength sends=0 bytes=0 collective_rank_calls=3584
AMG setup messages level=6 phase=strength-transpose sends=15882 bytes=939644 collective_rank_calls=3584
AMG setup messages level=6 phase=PMIS sends=300764 bytes=2066984 collective_rank_calls=25088
AMG setup messages level=6 phase=numbering sends=0 bytes=0 collective_rank_calls=3584
AMG setup messages level=6 phase=interpolation sends=77205 bytes=1150636 collective_rank_calls=3584
AMG setup messages level=6 phase=interpolation-transpose sends=6447 bytes=432000 collective_rank_calls=3584
AMG setup messages level=6 phase=A*P sends=397884 bytes=13787408 collective_rank_calls=3584
AMG setup messages level=6 phase=R*(A*P) sends=19341 bytes=6864720 collective_rank_calls=3584
AMG setup messages level=7 phase=strength sends=0 bytes=0 collective_rank_calls=3584
AMG setup messages level=7 phase=strength-transpose sends=3619 bytes=211380 collective_rank_calls=3584
AMG setup messages level=7 phase=PMIS sends=44557 bytes=349664 collective_rank_calls=14336
AMG setup messages level=7 phase=numbering sends=0 bytes=0 collective_rank_calls=3584
AMG setup messages level=7 phase=interpolation sends=15789 bytes=166036 collective_rank_calls=3584
AMG setup messages level=7 phase=interpolation-transpose sends=1937 bytes=133216 collective_rank_calls=3584
AMG setup messages level=7 phase=A*P sends=95550 bytes=2951824 collective_rank_calls=3584
AMG setup messages level=7 phase=R*(A*P) sends=5811 bytes=1031472 collective_rank_calls=3584
AMG setup messages level=8 phase=strength sends=0 bytes=0 collective_rank_calls=3584
AMG setup messages level=8 phase=strength-transpose sends=861 bytes=53768 collective_rank_calls=3584
AMG setup messages level=8 phase=PMIS sends=5943 bytes=63732 collective_rank_calls=7168
AMG setup messages level=8 phase=numbering sends=0 bytes=0 collective_rank_calls=3584
AMG setup messages level=8 phase=interpolation sends=4344 bytes=36108 collective_rank_calls=3584
AMG setup messages level=8 phase=interpolation-transpose sends=269 bytes=19264 collective_rank_calls=3584
AMG setup messages level=8 phase=A*P sends=13320 bytes=260048 collective_rank_calls=3584
AMG setup messages level=8 phase=R*(A*P) sends=807 bytes=30240 collective_rank_calls=3584
GMRES: iter = 0, residual = 0.2499885133, 1 (rel.)
GMRES: iter = 1, residual = 0.2397321123, 0.958972511 (rel.)
GMRES: iter = 2, residual = 0.2359267433, 0.9437503356 (rel.)
GMRES: iter = 3, residual = 0.2355483377, 0.9422366439 (rel.)
GMRES: iter = 4, residual = 0.235529034, 0.9421594254 (rel.)
GMRES: iter = 5, residual = 0.2347783043, 0.9391563688 (rel.)
GMRES: iter = 6, residual = 0.2343707314, 0.9375260022 (rel.)
GMRES: iter = 7, residual = 0.2338467921, 0.9354301487 (rel.)
GMRES: iter = 8, residual = 0.2320097837, 0.9280817775 (rel.)
GMRES: iter = 9, residual = 0.2297545817, 0.919060555 (rel.)
GMRES: iter = 10, residual = 0.2277216808, 0.9109285775 (rel.)
GMRES: iter = 11, residual = 0.2251825309, 0.9007715113 (rel.)
GMRES: iter = 12, residual = 0.2217590943, 0.8870771358 (rel.)
GMRES: iter = 13, residual = 0.2173041032, 0.8692563525 (rel.)
GMRES: iter = 14, residual = 0.2125330002, 0.8501710636 (rel.)
GMRES: Solve Time = 5.406493309
The cloud-layer FLD system Newton 23: residual=0.2430036407, GMRES rtol=0.850409225
AMG setup messages level=0 phase=strength sends=0 bytes=0 collective_rank_calls=3584
AMG setup messages level=0 phase=strength-transpose sends=28852 bytes=1218989644 collective_rank_calls=3584
AMG setup messages level=0 phase=PMIS sends=592396 bytes=3872375756 collective_rank_calls=35840
AMG setup messages level=0 phase=numbering sends=0 bytes=0 collective_rank_calls=3584
AMG setup messages level=0 phase=interpolation sends=173112 bytes=1664786424 collective_rank_calls=3584
AMG setup messages level=0 phase=interpolation-transpose sends=68981 bytes=626414496 collective_rank_calls=3584
AMG setup messages level=0 phase=A*P sends=90744 bytes=2935350320 collective_rank_calls=3584
AMG setup messages level=0 phase=R*(A*P) sends=206943 bytes=4414893616 collective_rank_calls=3584
AMG setup messages level=1 phase=strength sends=0 bytes=0 collective_rank_calls=3584
AMG setup messages level=1 phase=strength-transpose sends=76512 bytes=1428323052 collective_rank_calls=3584
AMG setup messages level=1 phase=PMIS sends=1997012 bytes=3145334176 collective_rank_calls=46592
AMG setup messages level=1 phase=numbering sends=0 bytes=0 collective_rank_calls=3584
AMG setup messages level=1 phase=interpolation sends=454998 bytes=1721711384 collective_rank_calls=3584
AMG setup messages level=1 phase=interpolation-transpose sends=74576 bytes=488566464 collective_rank_calls=3584
AMG setup messages level=1 phase=A*P sends=258048 bytes=2885749520 collective_rank_calls=3584
AMG setup messages level=1 phase=R*(A*P) sends=223728 bytes=7279110736 collective_rank_calls=3584
AMG setup messages level=2 phase=strength sends=0 bytes=0 collective_rank_calls=3584
AMG setup messages level=2 phase=strength-transpose sends=86486 bytes=632003556 collective_rank_calls=3584
AMG setup messages level=2 phase=PMIS sends=2611828 bytes=1192834784 collective_rank_calls=53760
AMG setup messages level=2 phase=numbering sends=0 bytes=0 collective_rank_calls=3584
AMG setup messages level=2 phase=interpolation sends=511026 bytes=663708672 collective_rank_calls=3584
AMG setup messages level=2 phase=interpolation-transpose sends=73372 bytes=143041456 collective_rank_calls=3584
AMG setup messages level=2 phase=A*P sends=300258 bytes=1171276032 collective_rank_calls=3584
AMG setup messages level=2 phase=R*(A*P) sends=220116 bytes=3247633920 collective_rank_calls=3584
AMG setup messages level=3 phase=strength sends=0 bytes=0 collective_rank_calls=3584
AMG setup messages level=3 phase=strength-transpose sends=87655 bytes=158190264 collective_rank_calls=3584
AMG setup messages level=3 phase=PMIS sends=2125885 bytes=256384120 collective_rank_calls=43008
AMG setup messages level=3 phase=numbering sends=0 bytes=0 collective_rank_calls=3584
AMG setup messages level=3 phase=interpolation sends=517443 bytes=179118184 collective_rank_calls=3584
AMG setup messages level=3 phase=interpolation-transpose sends=64059 bytes=34123952 collective_rank_calls=3584
AMG setup messages level=3 phase=A*P sends=307170 bytes=380471312 collective_rank_calls=3584
AMG setup messages level=3 phase=R*(A*P) sends=192177 bytes=909672320 collective_rank_calls=3584
AMG setup messages level=4 phase=strength sends=0 bytes=0 collective_rank_calls=3584
AMG setup messages level=4 phase=strength-transpose sends=84447 bytes=32035824 collective_rank_calls=3584
AMG setup messages level=4 phase=PMIS sends=1908750 bytes=62656080 collective_rank_calls=39424
AMG setup messages level=4 phase=numbering sends=0 bytes=0 collective_rank_calls=3584
AMG setup messages level=4 phase=interpolation sends=492948 bytes=44681532 collective_rank_calls=3584
AMG setup messages level=4 phase=interpolation-transpose sends=46660 bytes=8033360 collective_rank_calls=3584
AMG setup messages level=4 phase=A*P sends=459102 bytes=137895792 collective_rank_calls=3584
AMG setup messages level=4 phase=R*(A*P) sends=139980 bytes=219007808 collective_rank_calls=3584
AMG setup messages level=5 phase=strength sends=0 bytes=0 collective_rank_calls=3584
AMG setup messages level=5 phase=strength-transpose sends=74439 bytes=6176728 collective_rank_calls=3584
AMG setup messages level=5 phase=PMIS sends=1335177 bytes=12600968 collective_rank_calls=28672
AMG setup messages level=5 phase=numbering sends=0 bytes=0 collective_rank_calls=3584
AMG setup messages level=5 phase=interpolation sends=406077 bytes=9276216 collective_rank_calls=3584
AMG setup messages level=5 phase=interpolation-transpose sends=21764 bytes=1994064 collective_rank_calls=3584
AMG setup messages level=5 phase=A*P sends=858390 bytes=58606368 collective_rank_calls=3584
AMG setup messages level=5 phase=R*(A*P) sends=65292 bytes=41439296 collective_rank_calls=3584
AMG setup messages level=6 phase=strength sends=0 bytes=0 collective_rank_calls=3584
AMG setup messages level=6 phase=strength-transpose sends=16037 bytes=979644 collective_rank_calls=3584
AMG setup messages level=6 phase=PMIS sends=300558 bytes=2135648 collective_rank_calls=25088
AMG setup messages level=6 phase=numbering sends=0 bytes=0 collective_rank_calls=3584
AMG setup messages level=6 phase=interpolation sends=78648 bytes=1224248 collective_rank_calls=3584
AMG setup messages level=6 phase=interpolation-transpose sends=6689 bytes=464624 collective_rank_calls=3584
AMG setup messages level=6 phase=A*P sends=391356 bytes=14277600 collective_rank_calls=3584
AMG setup messages level=6 phase=R*(A*P) sends=20067 bytes=7011760 collective_rank_calls=3584
AMG setup messages level=7 phase=strength sends=0 bytes=0 collective_rank_calls=3584
AMG setup messages level=7 phase=strength-transpose sends=3386 bytes=197760 collective_rank_calls=3584
AMG setup messages level=7 phase=PMIS sends=41218 bytes=322780 collective_rank_calls=14336
AMG setup messages level=7 phase=numbering sends=0 bytes=0 collective_rank_calls=3584
AMG setup messages level=7 phase=interpolation sends=14376 bytes=169412 collective_rank_calls=3584
AMG setup messages level=7 phase=interpolation-transpose sends=2042 bytes=136992 collective_rank_calls=3584
AMG setup messages level=7 phase=A*P sends=85398 bytes=2836816 collective_rank_calls=3584
AMG setup messages level=7 phase=R*(A*P) sends=6126 bytes=1164704 collective_rank_calls=3584
AMG setup messages level=8 phase=strength sends=0 bytes=0 collective_rank_calls=3584
AMG setup messages level=8 phase=strength-transpose sends=817 bytes=54224 collective_rank_calls=3584
AMG setup messages level=8 phase=PMIS sends=5659 bytes=66008 collective_rank_calls=7168
AMG setup messages level=8 phase=numbering sends=0 bytes=0 collective_rank_calls=3584
AMG setup messages level=8 phase=interpolation sends=4170 bytes=34676 collective_rank_calls=3584
AMG setup messages level=8 phase=interpolation-transpose sends=238 bytes=18256 collective_rank_calls=3584
AMG setup messages level=8 phase=A*P sends=13062 bytes=272480 collective_rank_calls=3584
AMG setup messages level=8 phase=R*(A*P) sends=714 bytes=30352 collective_rank_calls=3584
GMRES: iter = 0, residual = 0.2431388015, 1 (rel.)
GMRES: iter = 1, residual = 0.2320299849, 0.954310803 (rel.)
GMRES: iter = 2, residual = 0.2281088709, 0.9381837432 (rel.)
GMRES: iter = 3, residual = 0.2278362322, 0.9370624136 (rel.)
GMRES: iter = 4, residual = 0.2278342823, 0.9370543941 (rel.)
GMRES: iter = 5, residual = 0.2270100211, 0.9336643089 (rel.)
GMRES: iter = 6, residual = 0.2264622021, 0.9314111967 (rel.)
GMRES: iter = 7, residual = 0.225885884, 0.9290408715 (rel.)
GMRES: iter = 8, residual = 0.223903678, 0.9208883018 (rel.)
GMRES: iter = 9, residual = 0.2215634364, 0.9112631757 (rel.)
GMRES: iter = 10, residual = 0.2196235101, 0.9032844973 (rel.)
GMRES: iter = 11, residual = 0.2173946287, 0.8941173823 (rel.)
GMRES: iter = 12, residual = 0.2142751194, 0.8812872238 (rel.)
GMRES: iter = 13, residual = 0.2099437101, 0.8634726701 (rel.)
GMRES: iter = 14, residual = 0.2050162326, 0.8432065609 (rel.)
GMRES: Solve Time = 5.382594922
The cloud-layer FLD system Newton 24: residual=0.2362816858, GMRES rtol=0.8499513887
AMG setup messages level=0 phase=strength sends=0 bytes=0 collective_rank_calls=3584
AMG setup messages level=0 phase=strength-transpose sends=28852 bytes=1218995160 collective_rank_calls=3584
AMG setup messages level=0 phase=PMIS sends=592396 bytes=3872394184 collective_rank_calls=35840
AMG setup messages level=0 phase=numbering sends=0 bytes=0 collective_rank_calls=3584
AMG setup messages level=0 phase=interpolation sends=173112 bytes=1664798668 collective_rank_calls=3584
AMG setup messages level=0 phase=interpolation-transpose sends=68949 bytes=626412480 collective_rank_calls=3584
AMG setup messages level=0 phase=A*P sends=90744 bytes=2935338336 collective_rank_calls=3584
AMG setup messages level=0 phase=R*(A*P) sends=206847 bytes=4415125472 collective_rank_calls=3584
AMG setup messages level=1 phase=strength sends=0 bytes=0 collective_rank_calls=3584
AMG setup messages level=1 phase=strength-transpose sends=76511 bytes=1428287176 collective_rank_calls=3584
AMG setup messages level=1 phase=PMIS sends=1842855 bytes=2921850820 collective_rank_calls=43008
AMG setup messages level=1 phase=numbering sends=0 bytes=0 collective_rank_calls=3584
AMG setup messages level=1 phase=interpolation sends=454893 bytes=1721802060 collective_rank_calls=3584
AMG setup messages level=1 phase=interpolation-transpose sends=74622 bytes=488700000 collective_rank_calls=3584
AMG setup messages level=1 phase=A*P sends=258180 bytes=2886140032 collective_rank_calls=3584
AMG setup messages level=1 phase=R*(A*P) sends=223866 bytes=7280339664 collective_rank_calls=3584
AMG setup messages level=2 phase=strength sends=0 bytes=0 collective_rank_calls=3584
AMG setup messages level=2 phase=strength-transpose sends=86672 bytes=632178160 collective_rank_calls=3584
AMG setup messages level=2 phase=PMIS sends=2269096 bytes=1044317232 collective_rank_calls=46592
AMG setup messages level=2 phase=numbering sends=0 bytes=0 collective_rank_calls=3584
AMG setup messages level=2 phase=interpolation sends=511980 bytes=663762580 collective_rank_calls=3584
AMG setup messages level=2 phase=interpolation-transpose sends=73228 bytes=143177408 collective_rank_calls=3584
AMG setup messages level=2 phase=A*P sends=300174 bytes=1171931024 collective_rank_calls=3584
AMG setup messages level=2 phase=R*(A*P) sends=219684 bytes=3246267312 collective_rank_calls=3584
AMG setup messages level=3 phase=strength sends=0 bytes=0 collective_rank_calls=3584
AMG setup messages level=3 phase=strength-transpose sends=87647 bytes=158218712 collective_rank_calls=3584
AMG setup messages level=3 phase=PMIS sends=2126707 bytes=256325364 collective_rank_calls=43008
AMG setup messages level=3 phase=numbering sends=0 bytes=0 collective_rank_calls=3584
AMG setup messages level=3 phase=interpolation sends=517536 bytes=179129788 collective_rank_calls=3584
AMG setup messages level=3 phase=interpolation-transpose sends=63902 bytes=34130320 collective_rank_calls=3584
AMG setup messages level=3 phase=A*P sends=307158 bytes=380351216 collective_rank_calls=3584
AMG setup messages level=3 phase=R*(A*P) sends=191706 bytes=911256672 collective_rank_calls=3584
AMG setup messages level=4 phase=strength sends=0 bytes=0 collective_rank_calls=3584
AMG setup messages level=4 phase=strength-transpose sends=84289 bytes=31999376 collective_rank_calls=3584
AMG setup messages level=4 phase=PMIS sends=1905538 bytes=62682848 collective_rank_calls=39424
AMG setup messages level=4 phase=numbering sends=0 bytes=0 collective_rank_calls=3584
AMG setup messages level=4 phase=interpolation sends=492087 bytes=44499396 collective_rank_calls=3584
AMG setup messages level=4 phase=interpolation-transpose sends=46957 bytes=8052864 collective_rank_calls=3584
AMG setup messages level=4 phase=A*P sends=459204 bytes=137879952 collective_rank_calls=3584
AMG setup messages level=4 phase=R*(A*P) sends=140871 bytes=219415760 collective_rank_calls=3584
AMG setup messages level=5 phase=strength sends=0 bytes=0 collective_rank_calls=3584
AMG setup messages level=5 phase=strength-transpose sends=74355 bytes=6102068 collective_rank_calls=3584
AMG setup messages level=5 phase=PMIS sends=1493400 bytes=13746448 collective_rank_calls=32256
AMG setup messages level=5 phase=numbering sends=0 bytes=0 collective_rank_calls=3584
AMG setup messages level=5 phase=interpolation sends=405579 bytes=9205688 collective_rank_calls=3584
AMG setup messages level=5 phase=interpolation-transpose sends=21820 bytes=1959536 collective_rank_calls=3584
AMG setup messages level=5 phase=A*P sends=864168 bytes=58442912 collective_rank_calls=3584
AMG setup messages level=5 phase=R*(A*P) sends=65460 bytes=41286480 collective_rank_calls=3584
AMG setup messages level=6 phase=strength sends=0 bytes=0 collective_rank_calls=3584
AMG setup messages level=6 phase=strength-transpose sends=16008 bytes=960456 collective_rank_calls=3584
AMG setup messages level=6 phase=PMIS sends=388464 bytes=2609136 collective_rank_calls=32256
AMG setup messages level=6 phase=numbering sends=0 bytes=0 collective_rank_calls=3584
AMG setup messages level=6 phase=interpolation sends=78597 bytes=1125744 collective_rank_calls=3584
AMG setup messages level=6 phase=interpolation-transpose sends=6337 bytes=427392 collective_rank_calls=3584
AMG setup messages level=6 phase=A*P sends=405738 bytes=14092160 collective_rank_calls=3584
AMG setup messages level=6 phase=R*(A*P) sends=19011 bytes=6639104 collective_rank_calls=3584
AMG setup messages level=7 phase=strength sends=0 bytes=0 collective_rank_calls=3584
AMG setup messages level=7 phase=strength-transpose sends=3279 bytes=195816 collective_rank_calls=3584
AMG setup messages level=7 phase=PMIS sends=40807 bytes=326976 collective_rank_calls=14336
AMG setup messages level=7 phase=numbering sends=0 bytes=0 collective_rank_calls=3584
AMG setup messages level=7 phase=interpolation sends=14667 bytes=149816 collective_rank_calls=3584
AMG setup messages level=7 phase=interpolation-transpose sends=1460 bytes=100720 collective_rank_calls=3584
AMG setup messages level=7 phase=A*P sends=89862 bytes=2610832 collective_rank_calls=3584
AMG setup messages level=7 phase=R*(A*P) sends=4380 bytes=1026528 collective_rank_calls=3584
AMG setup messages level=8 phase=strength sends=0 bytes=0 collective_rank_calls=3584
AMG setup messages level=8 phase=strength-transpose sends=884 bytes=55456 collective_rank_calls=3584
AMG setup messages level=8 phase=PMIS sends=6158 bytes=66296 collective_rank_calls=7168
AMG setup messages level=8 phase=numbering sends=0 bytes=0 collective_rank_calls=3584
AMG setup messages level=8 phase=interpolation sends=4191 bytes=34096 collective_rank_calls=3584
AMG setup messages level=8 phase=interpolation-transpose sends=368 bytes=26576 collective_rank_calls=3584
AMG setup messages level=8 phase=A*P sends=19416 bytes=377504 collective_rank_calls=3584
AMG setup messages level=8 phase=R*(A*P) sends=1104 bytes=42112 collective_rank_calls=3584
GMRES: iter = 0, residual = 0.2364112715, 1 (rel.)
GMRES: iter = 1, residual = 0.224485208, 0.9495537439 (rel.)
GMRES: iter = 2, residual = 0.220203163, 0.9314410501 (rel.)
GMRES: iter = 3, residual = 0.2199675911, 0.9304446004 (rel.)
GMRES: iter = 4, residual = 0.2199636007, 0.9304277215 (rel.)
GMRES: iter = 5, residual = 0.2191000057, 0.9267747865 (rel.)
GMRES: iter = 6, residual = 0.2183520016, 0.9236107915 (rel.)
GMRES: iter = 7, residual = 0.2177273584, 0.9209686028 (rel.)
GMRES: iter = 8, residual = 0.2157293253, 0.9125170889 (rel.)
GMRES: iter = 9, residual = 0.213388737, 0.9026165952 (rel.)
GMRES: iter = 10, residual = 0.2115669968, 0.894910786 (rel.)
GMRES: iter = 11, residual = 0.2095269355, 0.8862814965 (rel.)
GMRES: iter = 12, residual = 0.2064583196, 0.8733015066 (rel.)
GMRES: iter = 13, residual = 0.2020524307, 0.8546649633 (rel.)
GMRES: iter = 14, residual = 0.1971583356, 0.8339633486 (rel.)
GMRES: Solve Time = 6.492696179
The cloud-layer FLD system Newton 25: residual=0.2295576883, GMRES rtol=0.848574227
AMG setup messages level=0 phase=strength sends=0 bytes=0 collective_rank_calls=3584
AMG setup messages level=0 phase=strength-transpose sends=28852 bytes=1219001544 collective_rank_calls=3584
AMG setup messages level=0 phase=PMIS sends=592396 bytes=3872414976 collective_rank_calls=35840
AMG setup messages level=0 phase=numbering sends=0 bytes=0 collective_rank_calls=3584
AMG setup messages level=0 phase=interpolation sends=173112 bytes=1664887004 collective_rank_calls=3584
AMG setup messages level=0 phase=interpolation-transpose sends=68977 bytes=626360640 collective_rank_calls=3584
AMG setup messages level=0 phase=A*P sends=90744 bytes=2935416736 collective_rank_calls=3584
AMG setup messages level=0 phase=R*(A*P) sends=206931 bytes=4414604512 collective_rank_calls=3584
AMG setup messages level=1 phase=strength sends=0 bytes=0 collective_rank_calls=3584
AMG setup messages level=1 phase=strength-transpose sends=76273 bytes=1428217988 collective_rank_calls=3584
AMG setup messages level=1 phase=PMIS sends=1836857 bytes=2921554124 collective_rank_calls=43008
AMG setup messages level=1 phase=numbering sends=0 bytes=0 collective_rank_calls=3584
AMG setup messages level=1 phase=interpolation sends=453537 bytes=1721804996 collective_rank_calls=3584
AMG setup messages level=1 phase=interpolation-transpose sends=74644 bytes=488577168 collective_rank_calls=3584
AMG setup messages level=1 phase=A*P sends=257616 bytes=2885568480 collective_rank_calls=3584
AMG setup messages level=1 phase=R*(A*P) sends=223932 bytes=7278225952 collective_rank_calls=3584
AMG setup messages level=2 phase=strength sends=0 bytes=0 collective_rank_calls=3584
AMG setup messages level=2 phase=strength-transpose sends=86432 bytes=632082664 collective_rank_calls=3584
AMG setup messages level=2 phase=PMIS sends=2089162 bytes=970006936 collective_rank_calls=43008
AMG setup messages level=2 phase=numbering sends=0 bytes=0 collective_rank_calls=3584
AMG setup messages level=2 phase=interpolation sends=510954 bytes=663829744 collective_rank_calls=3584
AMG setup messages level=2 phase=interpolation-transpose sends=73104 bytes=143027888 collective_rank_calls=3584
AMG setup messages level=2 phase=A*P sends=300264 bytes=1171634896 collective_rank_calls=3584
AMG setup messages level=2 phase=R*(A*P) sends=219312 bytes=3243719744 collective_rank_calls=3584
AMG setup messages level=3 phase=strength sends=0 bytes=0 collective_rank_calls=3584
AMG setup messages level=3 phase=strength-transpose sends=87551 bytes=158159176 collective_rank_calls=3584
AMG setup messages level=3 phase=PMIS sends=2301456 bytes=275840688 collective_rank_calls=46592
AMG setup messages level=3 phase=numbering sends=0 bytes=0 collective_rank_calls=3584
AMG setup messages level=3 phase=interpolation sends=517137 bytes=178867108 collective_rank_calls=3584
AMG setup messages level=3 phase=interpolation-transpose sends=63904 bytes=34131776 collective_rank_calls=3584
AMG setup messages level=3 phase=A*P sends=307134 bytes=380428432 collective_rank_calls=3584
AMG setup messages level=3 phase=R*(A*P) sends=191712 bytes=910936448 collective_rank_calls=3584
AMG setup messages level=4 phase=strength sends=0 bytes=0 collective_rank_calls=3584
AMG setup messages level=4 phase=strength-transpose sends=84110 bytes=31964492 collective_rank_calls=3584
AMG setup messages level=4 phase=PMIS sends=1728906 bytes=57465380 collective_rank_calls=35840
AMG setup messages level=4 phase=numbering sends=0 bytes=0 collective_rank_calls=3584
AMG setup messages level=4 phase=interpolation sends=491031 bytes=44354464 collective_rank_calls=3584
AMG setup messages level=4 phase=interpolation-transpose sends=47026 bytes=8058368 collective_rank_calls=3584
AMG setup messages level=4 phase=A*P sends=458280 bytes=137731568 collective_rank_calls=3584
AMG setup messages level=4 phase=R*(A*P) sends=141078 bytes=219752416 collective_rank_calls=3584
AMG setup messages level=5 phase=strength sends=0 bytes=0 collective_rank_calls=3584
AMG setup messages level=5 phase=strength-transpose sends=75217 bytes=6129396 collective_rank_calls=3584
AMG setup messages level=5 phase=PMIS sends=1346365 bytes=12521308 collective_rank_calls=28672
AMG setup messages level=5 phase=numbering sends=0 bytes=0 collective_rank_calls=3584
AMG setup messages level=5 phase=interpolation sends=409647 bytes=9254100 collective_rank_calls=3584
AMG setup messages level=5 phase=interpolation-transpose sends=22122 bytes=1965520 collective_rank_calls=3584
AMG setup messages level=5 phase=A*P sends=871368 bytes=58500816 collective_rank_calls=3584
AMG setup messages level=5 phase=R*(A*P) sends=66366 bytes=41876080 collective_rank_calls=3584
AMG setup messages level=6 phase=strength sends=0 bytes=0 collective_rank_calls=3584
AMG setup messages level=6 phase=strength-transpose sends=16211 bytes=959524 collective_rank_calls=3584
AMG setup messages level=6 phase=PMIS sends=305666 bytes=2109952 collective_rank_calls=25088
AMG setup messages level=6 phase=numbering sends=0 bytes=0 collective_rank_calls=3584
AMG setup messages level=6 phase=interpolation sends=79059 bytes=1129688 collective_rank_calls=3584
AMG setup messages level=6 phase=interpolation-transpose sends=5861 bytes=411664 collective_rank_calls=3584
AMG setup messages level=6 phase=A*P sends=409800 bytes=14086832 collective_rank_calls=3584
AMG setup messages level=6 phase=R*(A*P) sends=17583 bytes=6226480 collective_rank_calls=3584
AMG setup messages level=7 phase=strength sends=0 bytes=0 collective_rank_calls=3584
AMG setup messages level=7 phase=strength-transpose sends=2877 bytes=185848 collective_rank_calls=3584
AMG setup messages level=7 phase=PMIS sends=36061 bytes=301472 collective_rank_calls=14336
AMG setup messages level=7 phase=numbering sends=0 bytes=0 collective_rank_calls=3584
AMG setup messages level=7 phase=interpolation sends=12636 bytes=139964 collective_rank_calls=3584
AMG setup messages level=7 phase=interpolation-transpose sends=1113 bytes=89456 collective_rank_calls=3584
AMG setup messages level=7 phase=A*P sends=85536 bytes=2378560 collective_rank_calls=3584
AMG setup messages level=7 phase=R*(A*P) sends=3339 bytes=781568 collective_rank_calls=3584
AMG setup messages level=8 phase=strength sends=0 bytes=0 collective_rank_calls=3584
AMG setup messages level=8 phase=strength-transpose sends=570 bytes=42840 collective_rank_calls=3584
AMG setup messages level=8 phase=PMIS sends=3972 bytes=47412 collective_rank_calls=7168
AMG setup messages level=8 phase=numbering sends=0 bytes=0 collective_rank_calls=3584
AMG setup messages level=8 phase=interpolation sends=2799 bytes=25476 collective_rank_calls=3584
AMG setup messages level=8 phase=interpolation-transpose sends=329 bytes=25072 collective_rank_calls=3584
AMG setup messages level=8 phase=A*P sends=16374 bytes=349392 collective_rank_calls=3584
AMG setup messages level=8 phase=R*(A*P) sends=987 bytes=42288 collective_rank_calls=3584
GMRES: iter = 0, residual = 0.2296815763, 1 (rel.)
GMRES: iter = 1, residual = 0.2170100679, 0.9448301051 (rel.)
GMRES: iter = 2, residual = 0.2123490647, 0.9245367786 (rel.)
GMRES: iter = 3, residual = 0.2121060032, 0.9234785245 (rel.)
GMRES: iter = 4, residual = 0.2120849167, 0.9233867167 (rel.)
GMRES: iter = 5, residual = 0.2112132705, 0.9195916968 (rel.)
GMRES: iter = 6, residual = 0.2102856426, 0.9155529405 (rel.)
GMRES: iter = 7, residual = 0.2096334604, 0.9127134344 (rel.)
GMRES: iter = 8, residual = 0.2077105498, 0.9043413632 (rel.)
GMRES: iter = 9, residual = 0.2054421867, 0.8944652417 (rel.)
GMRES: iter = 10, residual = 0.2037102749, 0.8869247509 (rel.)
GMRES: iter = 11, residual = 0.2018219286, 0.8787031675 (rel.)
GMRES: iter = 12, residual = 0.1988738852, 0.8658678172 (rel.)
GMRES: iter = 13, residual = 0.1945589337, 0.8470811494 (rel.)
GMRES: Solve Time = 6.869793662
The cloud-layer FLD system Newton 26: residual=0.2220140351, GMRES rtol=0.840912967
AMG setup messages level=0 phase=strength sends=0 bytes=0 collective_rank_calls=3584
AMG setup messages level=0 phase=strength-transpose sends=28852 bytes=1219008040 collective_rank_calls=3584
AMG setup messages level=0 phase=PMIS sends=651496 bytes=4222817920 collective_rank_calls=39424
AMG setup messages level=0 phase=numbering sends=0 bytes=0 collective_rank_calls=3584
AMG setup messages level=0 phase=interpolation sends=173112 bytes=1665124092 collective_rank_calls=3584
AMG setup messages level=0 phase=interpolation-transpose sends=68968 bytes=626336048 collective_rank_calls=3584
AMG setup messages level=0 phase=A*P sends=90744 bytes=2935530960 collective_rank_calls=3584
AMG setup messages level=0 phase=R*(A*P) sends=206904 bytes=4415000736 collective_rank_calls=3584
AMG setup messages level=1 phase=strength sends=0 bytes=0 collective_rank_calls=3584
AMG setup messages level=1 phase=strength-transpose sends=76374 bytes=1428162152 collective_rank_calls=3584
AMG setup messages level=1 phase=PMIS sends=1992444 bytes=3144838784 collective_rank_calls=46592
AMG setup messages level=1 phase=numbering sends=0 bytes=0 collective_rank_calls=3584
AMG setup messages level=1 phase=interpolation sends=454212 bytes=1721710928 collective_rank_calls=3584
AMG setup messages level=1 phase=interpolation-transpose sends=74674 bytes=488518048 collective_rank_calls=3584
AMG setup messages level=1 phase=A*P sends=257730 bytes=2885353936 collective_rank_calls=3584
AMG setup messages level=1 phase=R*(A*P) sends=224022 bytes=7278470112 collective_rank_calls=3584
AMG setup messages level=2 phase=strength sends=0 bytes=0 collective_rank_calls=3584
AMG setup messages level=2 phase=strength-transpose sends=86665 bytes=632196872 collective_rank_calls=3584
AMG setup messages level=2 phase=PMIS sends=2269432 bytes=1044605408 collective_rank_calls=46592
AMG setup messages level=2 phase=numbering sends=0 bytes=0 collective_rank_calls=3584
AMG setup messages level=2 phase=interpolation sends=512340 bytes=664095800 collective_rank_calls=3584
AMG setup messages level=2 phase=interpolation-transpose sends=73268 bytes=143110944 collective_rank_calls=3584
AMG setup messages level=2 phase=A*P sends=300240 bytes=1171674400 collective_rank_calls=3584
AMG setup messages level=2 phase=R*(A*P) sends=219804 bytes=3247325280 collective_rank_calls=3584
AMG setup messages level=3 phase=strength sends=0 bytes=0 collective_rank_calls=3584
AMG setup messages level=3 phase=strength-transpose sends=87466 bytes=158204284 collective_rank_calls=3584
AMG setup messages level=3 phase=PMIS sends=1945444 bytes=236717856 collective_rank_calls=39424
AMG setup messages level=3 phase=numbering sends=0 bytes=0 collective_rank_calls=3584
AMG setup messages level=3 phase=interpolation sends=516516 bytes=179024484 collective_rank_calls=3584
AMG setup messages level=3 phase=interpolation-transpose sends=63939 bytes=34166208 collective_rank_calls=3584
AMG setup messages level=3 phase=A*P sends=307008 bytes=380586880 collective_rank_calls=3584
AMG setup messages level=3 phase=R*(A*P) sends=191817 bytes=911266672 collective_rank_calls=3584
AMG setup messages level=4 phase=strength sends=0 bytes=0 collective_rank_calls=3584
AMG setup messages level=4 phase=strength-transpose sends=84299 bytes=32052708 collective_rank_calls=3584
AMG setup messages level=4 phase=PMIS sends=1905086 bytes=62695952 collective_rank_calls=39424
AMG setup messages level=4 phase=numbering sends=0 bytes=0 collective_rank_calls=3584
AMG setup messages level=4 phase=interpolation sends=491916 bytes=44636244 collective_rank_calls=3584
AMG setup messages level=4 phase=interpolation-transpose sends=46775 bytes=8052592 collective_rank_calls=3584
AMG setup messages level=4 phase=A*P sends=459984 bytes=137674656 collective_rank_calls=3584
AMG setup messages level=4 phase=R*(A*P) sends=140325 bytes=217888944 collective_rank_calls=3584
AMG setup messages level=5 phase=strength sends=0 bytes=0 collective_rank_calls=3584
AMG setup messages level=5 phase=strength-transpose sends=73941 bytes=6103972 collective_rank_calls=3584
AMG setup messages level=5 phase=PMIS sends=1324311 bytes=12425832 collective_rank_calls=28672
AMG setup messages level=5 phase=numbering sends=0 bytes=0 collective_rank_calls=3584
AMG setup messages level=5 phase=interpolation sends=404469 bytes=9226652 collective_rank_calls=3584
AMG setup messages level=5 phase=interpolation-transpose sends=21820 bytes=1975008 collective_rank_calls=3584
AMG setup messages level=5 phase=A*P sends=863358 bytes=58555184 collective_rank_calls=3584
AMG setup messages level=5 phase=R*(A*P) sends=65460 bytes=41347376 collective_rank_calls=3584
AMG setup messages level=6 phase=strength sends=0 bytes=0 collective_rank_calls=3584
AMG setup messages level=6 phase=strength-transpose sends=15697 bytes=938256 collective_rank_calls=3584
AMG setup messages level=6 phase=PMIS sends=295062 bytes=2041432 collective_rank_calls=25088
AMG setup messages level=6 phase=numbering sends=0 bytes=0 collective_rank_calls=3584
AMG setup messages level=6 phase=interpolation sends=76752 bytes=1136428 collective_rank_calls=3584
AMG setup messages level=6 phase=interpolation-transpose sends=6277 bytes=433984 collective_rank_calls=3584
AMG setup messages level=6 phase=A*P sends=394932 bytes=14018960 collective_rank_calls=3584
AMG setup messages level=6 phase=R*(A*P) sends=18831 bytes=6846688 collective_rank_calls=3584
AMG setup messages level=7 phase=strength sends=0 bytes=0 collective_rank_calls=3584
AMG setup messages level=7 phase=strength-transpose sends=3086 bytes=184120 collective_rank_calls=3584
AMG setup messages level=7 phase=PMIS sends=37788 bytes=299964 collective_rank_calls=14336
AMG setup messages level=7 phase=numbering sends=0 bytes=0 collective_rank_calls=3584
AMG setup messages level=7 phase=interpolation sends=13197 bytes=155092 collective_rank_calls=3584
AMG setup messages level=7 phase=interpolation-transpose sends=1405 bytes=105568 collective_rank_calls=3584
AMG setup messages level=7 phase=A*P sends=92472 bytes=2787392 collective_rank_calls=3584
AMG setup messages level=7 phase=R*(A*P) sends=4215 bytes=1036688 collective_rank_calls=3584
AMG setup messages level=8 phase=strength sends=0 bytes=0 collective_rank_calls=3584
AMG setup messages level=8 phase=strength-transpose sends=766 bytes=51848 collective_rank_calls=3584
AMG setup messages level=8 phase=PMIS sends=5332 bytes=58180 collective_rank_calls=7168
AMG setup messages level=8 phase=numbering sends=0 bytes=0 collective_rank_calls=3584
AMG setup messages level=8 phase=interpolation sends=3654 bytes=36460 collective_rank_calls=3584
AMG setup messages level=8 phase=interpolation-transpose sends=313 bytes=22272 collective_rank_calls=3584
AMG setup messages level=8 phase=A*P sends=17214 bytes=326752 collective_rank_calls=3584
AMG setup messages level=8 phase=R*(A*P) sends=939 bytes=35440 collective_rank_calls=3584
GMRES: iter = 0, residual = 0.2221157453, 1 (rel.)
GMRES: iter = 1, residual = 0.2107178531, 0.9486848979 (rel.)
GMRES: iter = 2, residual = 0.2061967694, 0.9283302683 (rel.)
GMRES: iter = 3, residual = 0.205966736, 0.9272946219 (rel.)
GMRES: iter = 4, residual = 0.2059232599, 0.9270988853 (rel.)
GMRES: iter = 5, residual = 0.2051078341, 0.9234277105 (rel.)
GMRES: iter = 6, residual = 0.2040091317, 0.9184811795 (rel.)
GMRES: iter = 7, residual = 0.2032777253, 0.9151882729 (rel.)
GMRES: iter = 8, residual = 0.2014928058, 0.9071522845 (rel.)
GMRES: iter = 9, residual = 0.1995029611, 0.898193691 (rel.)
GMRES: iter = 10, residual = 0.1979623342, 0.8912575465 (rel.)
GMRES: iter = 11, residual = 0.1962802261, 0.8836844313 (rel.)
GMRES: iter = 12, residual = 0.1936707407, 0.8719361182 (rel.)
GMRES: iter = 13, residual = 0.189590751, 0.8535673629 (rel.)
GMRES: iter = 14, residual = 0.1847368238, 0.8317142198 (rel.)
GMRES: Solve Time = 7.402593494
The cloud-layer FLD system Newton 27: residual=0.2157568995, GMRES rtol=0.8492062916
AMG setup messages level=0 phase=strength sends=0 bytes=0 collective_rank_calls=3584
AMG setup messages level=0 phase=strength-transpose sends=28852 bytes=1219015124 collective_rank_calls=3584
AMG setup messages level=0 phase=PMIS sends=651496 bytes=4222842040 collective_rank_calls=39424
AMG setup messages level=0 phase=numbering sends=0 bytes=0 collective_rank_calls=3584
AMG setup messages level=0 phase=interpolation sends=173112 bytes=1664928768 collective_rank_calls=3584
AMG setup messages level=0 phase=interpolation-transpose sends=68982 bytes=626295536 collective_rank_calls=3584
AMG setup messages level=0 phase=A*P sends=90744 bytes=2935439072 collective_rank_calls=3584
AMG setup messages level=0 phase=R*(A*P) sends=206946 bytes=4414416528 collective_rank_calls=3584
AMG setup messages level=1 phase=strength sends=0 bytes=0 collective_rank_calls=3584
AMG setup messages level=1 phase=strength-transpose sends=76394 bytes=1428312964 collective_rank_calls=3584
AMG setup messages level=1 phase=PMIS sends=1993692 bytes=3144938048 collective_rank_calls=46592
AMG setup messages level=1 phase=numbering sends=0 bytes=0 collective_rank_calls=3584
AMG setup messages level=1 phase=interpolation sends=454299 bytes=1721860256 collective_rank_calls=3584
AMG setup messages level=1 phase=interpolation-transpose sends=74613 bytes=488491248 collective_rank_calls=3584
AMG setup messages level=1 phase=A*P sends=258330 bytes=2885240672 collective_rank_calls=3584
AMG setup messages level=1 phase=R*(A*P) sends=223839 bytes=7277499088 collective_rank_calls=3584
AMG setup messages level=2 phase=strength sends=0 bytes=0 collective_rank_calls=3584
AMG setup messages level=2 phase=strength-transpose sends=86430 bytes=632057292 collective_rank_calls=3584
AMG setup messages level=2 phase=PMIS sends=2088516 bytes=969835056 collective_rank_calls=43008
AMG setup messages level=2 phase=numbering sends=0 bytes=0 collective_rank_calls=3584
AMG setup messages level=2 phase=interpolation sends=510897 bytes=663635676 collective_rank_calls=3584
AMG setup messages level=2 phase=interpolation-transpose sends=73351 bytes=143067712 collective_rank_calls=3584
AMG setup messages level=2 phase=A*P sends=300294 bytes=1171572608 collective_rank_calls=3584
AMG setup messages level=2 phase=R*(A*P) sends=220053 bytes=3246388880 collective_rank_calls=3584
AMG setup messages level=3 phase=strength sends=0 bytes=0 collective_rank_calls=3584
AMG setup messages level=3 phase=strength-transpose sends=87580 bytes=158120612 collective_rank_calls=3584
AMG setup messages level=3 phase=PMIS sends=2301496 bytes=275817456 collective_rank_calls=46592
AMG setup messages level=3 phase=numbering sends=0 bytes=0 collective_rank_calls=3584
AMG setup messages level=3 phase=interpolation sends=517104 bytes=178995588 collective_rank_calls=3584
AMG setup messages level=3 phase=interpolation-transpose sends=64003 bytes=34113392 collective_rank_calls=3584
AMG setup messages level=3 phase=A*P sends=306876 bytes=380312480 collective_rank_calls=3584
AMG setup messages level=3 phase=R*(A*P) sends=192009 bytes=908841472 collective_rank_calls=3584
AMG setup messages level=4 phase=strength sends=0 bytes=0 collective_rank_calls=3584
AMG setup messages level=4 phase=strength-transpose sends=84512 bytes=31991004 collective_rank_calls=3584
AMG setup messages level=4 phase=PMIS sends=1735912 bytes=57506296 collective_rank_calls=35840
AMG setup messages level=4 phase=numbering sends=0 bytes=0 collective_rank_calls=3584
AMG setup messages level=4 phase=interpolation sends=493125 bytes=44420304 collective_rank_calls=3584
AMG setup messages level=4 phase=interpolation-transpose sends=47077 bytes=8039552 collective_rank_calls=3584
AMG setup messages level=4 phase=A*P sends=457278 bytes=137394576 collective_rank_calls=3584
AMG setup messages level=4 phase=R*(A*P) sends=141231 bytes=218270704 collective_rank_calls=3584
AMG setup messages level=5 phase=strength sends=0 bytes=0 collective_rank_calls=3584
AMG setup messages level=5 phase=strength-transpose sends=74323 bytes=6093104 collective_rank_calls=3584
AMG setup messages level=5 phase=PMIS sends=1328767 bytes=12425596 collective_rank_calls=28672
AMG setup messages level=5 phase=numbering sends=0 bytes=0 collective_rank_calls=3584
AMG setup messages level=5 phase=interpolation sends=406092 bytes=9142784 collective_rank_calls=3584
AMG setup messages level=5 phase=interpolation-transpose sends=21695 bytes=1973744 collective_rank_calls=3584
AMG setup messages level=5 phase=A*P sends=862284 bytes=58494288 collective_rank_calls=3584
AMG setup messages level=5 phase=R*(A*P) sends=65085 bytes=41043840 collective_rank_calls=3584
AMG setup messages level=6 phase=strength sends=0 bytes=0 collective_rank_calls=3584
AMG setup messages level=6 phase=strength-transpose sends=15734 bytes=953108 collective_rank_calls=3584
AMG setup messages level=6 phase=PMIS sends=296788 bytes=2098568 collective_rank_calls=25088
AMG setup messages level=6 phase=numbering sends=0 bytes=0 collective_rank_calls=3584
AMG setup messages level=6 phase=interpolation sends=77178 bytes=1145996 collective_rank_calls=3584
AMG setup messages level=6 phase=interpolation-transpose sends=6505 bytes=447488 collective_rank_calls=3584
AMG setup messages level=6 phase=A*P sends=387834 bytes=13899664 collective_rank_calls=3584
AMG setup messages level=6 phase=R*(A*P) sends=19515 bytes=6937776 collective_rank_calls=3584
AMG setup messages level=7 phase=strength sends=0 bytes=0 collective_rank_calls=3584
AMG setup messages level=7 phase=strength-transpose sends=3051 bytes=177468 collective_rank_calls=3584
AMG setup messages level=7 phase=PMIS sends=37223 bytes=291960 collective_rank_calls=14336
AMG setup messages level=7 phase=numbering sends=0 bytes=0 collective_rank_calls=3584
AMG setup messages level=7 phase=interpolation sends=13872 bytes=159484 collective_rank_calls=3584
AMG setup messages level=7 phase=interpolation-transpose sends=1837 bytes=126352 collective_rank_calls=3584
AMG setup messages level=7 phase=A*P sends=88434 bytes=2837680 collective_rank_calls=3584
AMG setup messages level=7 phase=R*(A*P) sends=5511 bytes=1232208 collective_rank_calls=3584
AMG setup messages level=8 phase=strength sends=0 bytes=0 collective_rank_calls=3584
AMG setup messages level=8 phase=strength-transpose sends=688 bytes=43304 collective_rank_calls=3584
AMG setup messages level=8 phase=PMIS sends=4726 bytes=51392 collective_rank_calls=7168
AMG setup messages level=8 phase=numbering sends=0 bytes=0 collective_rank_calls=3584
AMG setup messages level=8 phase=interpolation sends=3315 bytes=27104 collective_rank_calls=3584
AMG setup messages level=8 phase=interpolation-transpose sends=262 bytes=19184 collective_rank_calls=3584
AMG setup messages level=8 phase=A*P sends=16908 bytes=331216 collective_rank_calls=3584
AMG setup messages level=8 phase=R*(A*P) sends=786 bytes=31216 collective_rank_calls=3584
GMRES: iter = 0, residual = 0.2158649242, 1 (rel.)
GMRES: iter = 1, residual = 0.2037127588, 0.9437047706 (rel.)
GMRES: iter = 2, residual = 0.198852984, 0.9211917348 (rel.)
GMRES: iter = 3, residual = 0.19858288, 0.9199404705 (rel.)
GMRES: iter = 4, residual = 0.1985269011, 0.9196811471 (rel.)
GMRES: iter = 5, residual = 0.1976839565, 0.9157761838 (rel.)
GMRES: iter = 6, residual = 0.1964788055, 0.9101932897 (rel.)
GMRES: iter = 7, residual = 0.1958224357, 0.9071526389 (rel.)
GMRES: iter = 8, residual = 0.1944107283, 0.9006128671 (rel.)
GMRES: iter = 9, residual = 0.1928702173, 0.8934764088 (rel.)
GMRES: iter = 10, residual = 0.1916060053, 0.8876199131 (rel.)
GMRES: iter = 11, residual = 0.1900241815, 0.8802920725 (rel.)
GMRES: iter = 12, residual = 0.1873409205, 0.8678617945 (rel.)
GMRES: iter = 13, residual = 0.1830580222, 0.8480211542 (rel.)
GMRES: Solve Time = 6.972365969
The cloud-layer FLD system Newton 28: residual=0.2085588623, GMRES rtol=0.8401090205
AMG setup messages level=0 phase=strength sends=0 bytes=0 collective_rank_calls=3584
AMG setup messages level=0 phase=strength-transpose sends=28852 bytes=1219020332 collective_rank_calls=3584
AMG setup messages level=0 phase=PMIS sends=592396 bytes=3872475844 collective_rank_calls=35840
AMG setup messages level=0 phase=numbering sends=0 bytes=0 collective_rank_calls=3584
AMG setup messages level=0 phase=interpolation sends=173112 bytes=1665235096 collective_rank_calls=3584
AMG setup messages level=0 phase=interpolation-transpose sends=68934 bytes=626393312 collective_rank_calls=3584
AMG setup messages level=0 phase=A*P sends=90744 bytes=2935593568 collective_rank_calls=3584
AMG setup messages level=0 phase=R*(A*P) sends=206802 bytes=4415646080 collective_rank_calls=3584
AMG setup messages level=1 phase=strength sends=0 bytes=0 collective_rank_calls=3584
AMG setup messages level=1 phase=strength-transpose sends=76435 bytes=1428220320 collective_rank_calls=3584
AMG setup messages level=1 phase=PMIS sends=1840849 bytes=2921394820 collective_rank_calls=43008
AMG setup messages level=1 phase=numbering sends=0 bytes=0 collective_rank_calls=3584
AMG setup messages level=1 phase=interpolation sends=454803 bytes=1721542244 collective_rank_calls=3584
AMG setup messages level=1 phase=interpolation-transpose sends=74531 bytes=488554976 collective_rank_calls=3584
AMG setup messages level=1 phase=A*P sends=257976 bytes=2885704368 collective_rank_calls=3584
AMG setup messages level=1 phase=R*(A*P) sends=223593 bytes=7279004384 collective_rank_calls=3584
AMG setup messages level=2 phase=strength sends=0 bytes=0 collective_rank_calls=3584
AMG setup messages level=2 phase=strength-transpose sends=86387 bytes=632023548 collective_rank_calls=3584
AMG setup messages level=2 phase=PMIS sends=2261252 bytes=1043995648 collective_rank_calls=46592
AMG setup messages level=2 phase=numbering sends=0 bytes=0 collective_rank_calls=3584
AMG setup messages level=2 phase=interpolation sends=510519 bytes=663564832 collective_rank_calls=3584
AMG setup messages level=2 phase=interpolation-transpose sends=73207 bytes=142887392 collective_rank_calls=3584
AMG setup messages level=2 phase=A*P sends=300270 bytes=1171358944 collective_rank_calls=3584
AMG setup messages level=2 phase=R*(A*P) sends=219621 bytes=3243042320 collective_rank_calls=3584
AMG setup messages level=3 phase=strength sends=0 bytes=0 collective_rank_calls=3584
AMG setup messages level=3 phase=strength-transpose sends=87659 bytes=158014092 collective_rank_calls=3584
AMG setup messages level=3 phase=PMIS sends=2303312 bytes=275589600 collective_rank_calls=46592
AMG setup messages level=3 phase=numbering sends=0 bytes=0 collective_rank_calls=3584
AMG setup messages level=3 phase=interpolation sends=517857 bytes=178947672 collective_rank_calls=3584
AMG setup messages level=3 phase=interpolation-transpose sends=64111 bytes=34062912 collective_rank_calls=3584
AMG setup messages level=3 phase=A*P sends=307152 bytes=380295552 collective_rank_calls=3584
AMG setup messages level=3 phase=R*(A*P) sends=192333 bytes=909561920 collective_rank_calls=3584
AMG setup messages level=4 phase=strength sends=0 bytes=0 collective_rank_calls=3584
AMG setup messages level=4 phase=strength-transpose sends=84518 bytes=32028160 collective_rank_calls=3584
AMG setup messages level=4 phase=PMIS sends=1909556 bytes=62691160 collective_rank_calls=39424
AMG setup messages level=4 phase=numbering sends=0 bytes=0 collective_rank_calls=3584
AMG setup messages level=4 phase=interpolation sends=492756 bytes=44590156 collective_rank_calls=3584
AMG setup messages level=4 phase=interpolation-transpose sends=46993 bytes=8038336 collective_rank_calls=3584
AMG setup messages level=4 phase=A*P sends=459780 bytes=137712448 collective_rank_calls=3584
AMG setup messages level=4 phase=R*(A*P) sends=140979 bytes=218927792 collective_rank_calls=3584
AMG setup messages level=5 phase=strength sends=0 bytes=0 collective_rank_calls=3584
AMG setup messages level=5 phase=strength-transpose sends=74660 bytes=6101364 collective_rank_calls=3584
AMG setup messages level=5 phase=PMIS sends=1335338 bytes=12430180 collective_rank_calls=28672
AMG setup messages level=5 phase=numbering sends=0 bytes=0 collective_rank_calls=3584
AMG setup messages level=5 phase=interpolation sends=407235 bytes=9206408 collective_rank_calls=3584
AMG setup messages level=5 phase=interpolation-transpose sends=21870 bytes=1956976 collective_rank_calls=3584
AMG setup messages level=5 phase=A*P sends=864024 bytes=58330608 collective_rank_calls=3584
AMG setup messages level=5 phase=R*(A*P) sends=65610 bytes=41646800 collective_rank_calls=3584
AMG setup messages level=6 phase=strength sends=0 bytes=0 collective_rank_calls=3584
AMG setup messages level=6 phase=strength-transpose sends=16041 bytes=955604 collective_rank_calls=3584
AMG setup messages level=6 phase=PMIS sends=300726 bytes=2094152 collective_rank_calls=25088
AMG setup messages level=6 phase=numbering sends=0 bytes=0 collective_rank_calls=3584
AMG setup messages level=6 phase=interpolation sends=78588 bytes=1125668 collective_rank_calls=3584
AMG setup messages level=6 phase=interpolation-transpose sends=6360 bytes=433952 collective_rank_calls=3584
AMG setup messages level=6 phase=A*P sends=401442 bytes=14189312 collective_rank_calls=3584
AMG setup messages level=6 phase=R*(A*P) sends=19080 bytes=7056752 collective_rank_calls=3584
AMG setup messages level=7 phase=strength sends=0 bytes=0 collective_rank_calls=3584
AMG setup messages level=7 phase=strength-transpose sends=3078 bytes=181736 collective_rank_calls=3584
AMG setup messages level=7 phase=PMIS sends=37964 bytes=304356 collective_rank_calls=14336
AMG setup messages level=7 phase=numbering sends=0 bytes=0 collective_rank_calls=3584
AMG setup messages level=7 phase=interpolation sends=13917 bytes=150072 collective_rank_calls=3584
AMG setup messages level=7 phase=interpolation-transpose sends=1832 bytes=127200 collective_rank_calls=3584
AMG setup messages level=7 phase=A*P sends=93198 bytes=2968256 collective_rank_calls=3584
AMG setup messages level=7 phase=R*(A*P) sends=5496 bytes=1169424 collective_rank_calls=3584
AMG setup messages level=8 phase=strength sends=0 bytes=0 collective_rank_calls=3584
AMG setup messages level=8 phase=strength-transpose sends=640 bytes=40100 collective_rank_calls=3584
AMG setup messages level=8 phase=PMIS sends=4456 bytes=47900 collective_rank_calls=7168
AMG setup messages level=8 phase=numbering sends=0 bytes=0 collective_rank_calls=3584
AMG setup messages level=8 phase=interpolation sends=3018 bytes=24512 collective_rank_calls=3584
AMG setup messages level=8 phase=interpolation-transpose sends=273 bytes=20096 collective_rank_calls=3584
AMG setup messages level=8 phase=A*P sends=15234 bytes=297968 collective_rank_calls=3584
AMG setup messages level=8 phase=R*(A*P) sends=819 bytes=32464 collective_rank_calls=3584
GMRES: iter = 0, residual = 0.2086451822, 1 (rel.)
GMRES: iter = 1, residual = 0.1979328475, 0.9486576462 (rel.)
GMRES: iter = 2, residual = 0.1932787328, 0.9263512855 (rel.)
GMRES: iter = 3, residual = 0.192997784, 0.9250047471 (rel.)
GMRES: iter = 4, residual = 0.1929404188, 0.9247298054 (rel.)
GMRES: iter = 5, residual = 0.1920757974, 0.9205858259 (rel.)
GMRES: iter = 6, residual = 0.1906984106, 0.913984251 (rel.)
GMRES: iter = 7, residual = 0.1900417128, 0.9108368126 (rel.)
GMRES: iter = 8, residual = 0.1889022053, 0.9053753521 (rel.)
GMRES: iter = 9, residual = 0.1877153355, 0.8996868916 (rel.)
GMRES: iter = 10, residual = 0.18666835, 0.8946688727 (rel.)
GMRES: iter = 11, residual = 0.1852466001, 0.8878546732 (rel.)
GMRES: iter = 12, residual = 0.1827325007, 0.8758050328 (rel.)
GMRES: iter = 13, residual = 0.1784994835, 0.855516919 (rel.)
GMRES: iter = 14, residual = 0.1732483409, 0.8303491077 (rel.)
GMRES: Solve Time = 7.522608775
The cloud-layer FLD system Newton 29: residual=0.2023487013, GMRES rtol=0.8464993521
AMG setup messages level=0 phase=strength sends=0 bytes=0 collective_rank_calls=3584
AMG setup messages level=0 phase=strength-transpose sends=28852 bytes=1219025260 collective_rank_calls=3584
AMG setup messages level=0 phase=PMIS sends=592396 bytes=3872491852 collective_rank_calls=35840
AMG setup messages level=0 phase=numbering sends=0 bytes=0 collective_rank_calls=3584
AMG setup messages level=0 phase=interpolation sends=173112 bytes=1665367608 collective_rank_calls=3584
AMG setup messages level=0 phase=interpolation-transpose sends=68986 bytes=626401296 collective_rank_calls=3584
AMG setup messages level=0 phase=A*P sends=90744 bytes=2935736240 collective_rank_calls=3584
AMG setup messages level=0 phase=R*(A*P) sends=206958 bytes=4415994800 collective_rank_calls=3584
AMG setup messages level=1 phase=strength sends=0 bytes=0 collective_rank_calls=3584
AMG setup messages level=1 phase=strength-transpose sends=76344 bytes=1427962568 collective_rank_calls=3584
AMG setup messages level=1 phase=PMIS sends=1838652 bytes=2920647136 collective_rank_calls=43008
AMG setup messages level=1 phase=numbering sends=0 bytes=0 collective_rank_calls=3584
AMG setup messages level=1 phase=interpolation sends=454098 bytes=1721086892 collective_rank_calls=3584
AMG setup messages level=1 phase=interpolation-transpose sends=74666 bytes=488516112 collective_rank_calls=3584
AMG setup messages level=1 phase=A*P sends=257934 bytes=2885419280 collective_rank_calls=3584
AMG setup messages level=1 phase=R*(A*P) sends=223998 bytes=7278682080 collective_rank_calls=3584
AMG setup messages level=2 phase=strength sends=0 bytes=0 collective_rank_calls=3584
AMG setup messages level=2 phase=strength-transpose sends=86667 bytes=632095416 collective_rank_calls=3584
AMG setup messages level=2 phase=PMIS sends=2094347 bytes=970051200 collective_rank_calls=43008
AMG setup messages level=2 phase=numbering sends=0 bytes=0 collective_rank_calls=3584
AMG setup messages level=2 phase=interpolation sends=512217 bytes=663983540 collective_rank_calls=3584
AMG setup messages level=2 phase=interpolation-transpose sends=73281 bytes=142878032 collective_rank_calls=3584
AMG setup messages level=2 phase=A*P sends=300252 bytes=1171387504 collective_rank_calls=3584
AMG setup messages level=2 phase=R*(A*P) sends=219843 bytes=3242906080 collective_rank_calls=3584
AMG setup messages level=3 phase=strength sends=0 bytes=0 collective_rank_calls=3584
AMG setup messages level=3 phase=strength-transpose sends=87561 bytes=158126896 collective_rank_calls=3584
AMG setup messages level=3 phase=PMIS sends=2300988 bytes=275839344 collective_rank_calls=46592
AMG setup messages level=3 phase=numbering sends=0 bytes=0 collective_rank_calls=3584
AMG setup messages level=3 phase=interpolation sends=517419 bytes=179111940 collective_rank_calls=3584
AMG setup messages level=3 phase=interpolation-transpose sends=64013 bytes=34063888 collective_rank_calls=3584
AMG setup messages level=3 phase=A*P sends=306990 bytes=380331856 collective_rank_calls=3584
AMG setup messages level=3 phase=R*(A*P) sends=192039 bytes=908742288 collective_rank_calls=3584
AMG setup messages level=4 phase=strength sends=0 bytes=0 collective_rank_calls=3584
AMG setup messages level=4 phase=strength-transpose sends=84397 bytes=32070608 collective_rank_calls=3584
AMG setup messages level=4 phase=PMIS sends=1907266 bytes=62707032 collective_rank_calls=39424
AMG setup messages level=4 phase=numbering sends=0 bytes=0 collective_rank_calls=3584
AMG setup messages level=4 phase=interpolation sends=492372 bytes=44619288 collective_rank_calls=3584
AMG setup messages level=4 phase=interpolation-transpose sends=46879 bytes=8033904 collective_rank_calls=3584
AMG setup messages level=4 phase=A*P sends=459234 bytes=137559904 collective_rank_calls=3584
AMG setup messages level=4 phase=R*(A*P) sends=140637 bytes=219207920 collective_rank_calls=3584
AMG setup messages level=5 phase=strength sends=0 bytes=0 collective_rank_calls=3584
AMG setup messages level=5 phase=strength-transpose sends=74642 bytes=6142164 collective_rank_calls=3584
AMG setup messages level=5 phase=PMIS sends=1335626 bytes=12542648 collective_rank_calls=28672
AMG setup messages level=5 phase=numbering sends=0 bytes=0 collective_rank_calls=3584
AMG setup messages level=5 phase=interpolation sends=407859 bytes=9313104 collective_rank_calls=3584
AMG setup messages level=5 phase=interpolation-transpose sends=21895 bytes=1971968 collective_rank_calls=3584
AMG setup messages level=5 phase=A*P sends=858414 bytes=58458464 collective_rank_calls=3584
AMG setup messages level=5 phase=R*(A*P) sends=65685 bytes=41919104 collective_rank_calls=3584
AMG setup messages level=6 phase=strength sends=0 bytes=0 collective_rank_calls=3584
AMG setup messages level=6 phase=strength-transpose sends=16641 bytes=1000364 collective_rank_calls=3584
AMG setup messages level=6 phase=PMIS sends=314150 bytes=2201648 collective_rank_calls=25088
AMG setup messages level=6 phase=numbering sends=0 bytes=0 collective_rank_calls=3584
AMG setup messages level=6 phase=interpolation sends=81444 bytes=1108112 collective_rank_calls=3584
AMG setup messages level=6 phase=interpolation-transpose sends=6422 bytes=437712 collective_rank_calls=3584
AMG setup messages level=6 phase=A*P sends=403932 bytes=14426384 collective_rank_calls=3584
AMG setup messages level=6 phase=R*(A*P) sends=19266 bytes=7006304 collective_rank_calls=3584
AMG setup messages level=7 phase=strength sends=0 bytes=0 collective_rank_calls=3584
AMG setup messages level=7 phase=strength-transpose sends=3006 bytes=179308 collective_rank_calls=3584
AMG setup messages level=7 phase=PMIS sends=37898 bytes=304408 collective_rank_calls=14336
AMG setup messages level=7 phase=numbering sends=0 bytes=0 collective_rank_calls=3584
AMG setup messages level=7 phase=interpolation sends=12939 bytes=136356 collective_rank_calls=3584
AMG setup messages level=7 phase=interpolation-transpose sends=1779 bytes=124512 collective_rank_calls=3584
AMG setup messages level=7 phase=A*P sends=92298 bytes=2808432 collective_rank_calls=3584
AMG setup messages level=7 phase=R*(A*P) sends=5337 bytes=1120576 collective_rank_calls=3584
AMG setup messages level=8 phase=strength sends=0 bytes=0 collective_rank_calls=3584
AMG setup messages level=8 phase=strength-transpose sends=719 bytes=46108 collective_rank_calls=3584
AMG setup messages level=8 phase=PMIS sends=4937 bytes=55116 collective_rank_calls=7168
AMG setup messages level=8 phase=numbering sends=0 bytes=0 collective_rank_calls=3584
AMG setup messages level=8 phase=interpolation sends=3462 bytes=28300 collective_rank_calls=3584
AMG setup messages level=8 phase=interpolation-transpose sends=276 bytes=20832 collective_rank_calls=3584
AMG setup messages level=8 phase=A*P sends=16236 bytes=327616 collective_rank_calls=3584
AMG setup messages level=8 phase=R*(A*P) sends=828 bytes=34848 collective_rank_calls=3584
GMRES: iter = 0, residual = 0.2024410439, 1 (rel.)
GMRES: iter = 1, residual = 0.1912377733, 0.9446590947 (rel.)
GMRES: iter = 2, residual = 0.1863395886, 0.9204634842 (rel.)
GMRES: iter = 3, residual = 0.185983943, 0.9187066982 (rel.)
GMRES: iter = 4, residual = 0.1859485126, 0.9185316821 (rel.)
GMRES: iter = 5, residual = 0.1850380334, 0.9140341793 (rel.)
GMRES: iter = 6, residual = 0.1838015641, 0.9079263796 (rel.)
GMRES: iter = 7, residual = 0.1833447208, 0.9056697063 (rel.)
GMRES: iter = 8, residual = 0.1824924821, 0.9014598944 (rel.)
GMRES: iter = 9, residual = 0.1816211053, 0.8971555459 (rel.)
GMRES: iter = 10, residual = 0.1807830253, 0.8930156741 (rel.)
GMRES: iter = 11, residual = 0.179405312, 0.8862101701 (rel.)
GMRES: iter = 12, residual = 0.176803573, 0.8733583347 (rel.)
GMRES: iter = 13, residual = 0.1724575737, 0.8518903594 (rel.)
GMRES: iter = 14, residual = 0.1672730645, 0.8262803888 (rel.)
GMRES: Solve Time = 7.437803068
The cloud-layer FLD system Newton 30: residual=0.1959326076, GMRES rtol=0.8430606327
AMG setup messages level=0 phase=strength sends=0 bytes=0 collective_rank_calls=3584
AMG setup messages level=0 phase=strength-transpose sends=28852 bytes=1219030328 collective_rank_calls=3584
AMG setup messages level=0 phase=PMIS sends=592396 bytes=3872508976 collective_rank_calls=35840
AMG setup messages level=0 phase=numbering sends=0 bytes=0 collective_rank_calls=3584
AMG setup messages level=0 phase=interpolation sends=173112 bytes=1665449292 collective_rank_calls=3584
AMG setup messages level=0 phase=interpolation-transpose sends=68928 bytes=626430000 collective_rank_calls=3584
AMG setup messages level=0 phase=A*P sends=90744 bytes=2935666656 collective_rank_calls=3584
AMG setup messages level=0 phase=R*(A*P) sends=206784 bytes=4416055936 collective_rank_calls=3584
AMG setup messages level=1 phase=strength sends=0 bytes=0 collective_rank_calls=3584
AMG setup messages level=1 phase=strength-transpose sends=76429 bytes=1428115396 collective_rank_calls=3584
AMG setup messages level=1 phase=PMIS sends=1840367 bytes=2920859940 collective_rank_calls=43008
AMG setup messages level=1 phase=numbering sends=0 bytes=0 collective_rank_calls=3584
AMG setup messages level=1 phase=interpolation sends=454491 bytes=1721631932 collective_rank_calls=3584
AMG setup messages level=1 phase=interpolation-transpose sends=74638 bytes=488327888 collective_rank_calls=3584
AMG setup messages level=1 phase=A*P sends=257934 bytes=2885137776 collective_rank_calls=3584
AMG setup messages level=1 phase=R*(A*P) sends=223914 bytes=7277441552 collective_rank_calls=3584
AMG setup messages level=2 phase=strength sends=0 bytes=0 collective_rank_calls=3584
AMG setup messages level=2 phase=strength-transpose sends=86515 bytes=632132168 collective_rank_calls=3584
AMG setup messages level=2 phase=PMIS sends=2091453 bytes=969915776 collective_rank_calls=43008
AMG setup messages level=2 phase=numbering sends=0 bytes=0 collective_rank_calls=3584
AMG setup messages level=2 phase=interpolation sends=511062 bytes=663858800 collective_rank_calls=3584
AMG setup messages level=2 phase=interpolation-transpose sends=73212 bytes=142930992 collective_rank_calls=3584
AMG setup messages level=2 phase=A*P sends=300312 bytes=1171427440 collective_rank_calls=3584
AMG setup messages level=2 phase=R*(A*P) sends=219636 bytes=3243931904 collective_rank_calls=3584
AMG setup messages level=3 phase=strength sends=0 bytes=0 collective_rank_calls=3584
AMG setup messages level=3 phase=strength-transpose sends=87653 bytes=158128000 collective_rank_calls=3584
AMG setup messages level=3 phase=PMIS sends=2126565 bytes=256231660 collective_rank_calls=43008
AMG setup messages level=3 phase=numbering sends=0 bytes=0 collective_rank_calls=3584
AMG setup messages level=3 phase=interpolation sends=517545 bytes=178900632 collective_rank_calls=3584
AMG setup messages level=3 phase=interpolation-transpose sends=64032 bytes=34071696 collective_rank_calls=3584
AMG setup messages level=3 phase=A*P sends=307008 bytes=380301008 collective_rank_calls=3584
AMG setup messages level=3 phase=R*(A*P) sends=192096 bytes=907782768 collective_rank_calls=3584
AMG setup messages level=4 phase=strength sends=0 bytes=0 collective_rank_calls=3584
AMG setup messages level=4 phase=strength-transpose sends=84372 bytes=32025504 collective_rank_calls=3584
AMG setup messages level=4 phase=PMIS sends=1733926 bytes=57487120 collective_rank_calls=35840
AMG setup messages level=4 phase=numbering sends=0 bytes=0 collective_rank_calls=3584
AMG setup messages level=4 phase=interpolation sends=492750 bytes=44649404 collective_rank_calls=3584
AMG setup messages level=4 phase=interpolation-transpose sends=47273 bytes=8022944 collective_rank_calls=3584
AMG setup messages level=4 phase=A*P sends=458652 bytes=137169536 collective_rank_calls=3584
AMG setup messages level=4 phase=R*(A*P) sends=141819 bytes=218721664 collective_rank_calls=3584
AMG setup messages level=5 phase=strength sends=0 bytes=0 collective_rank_calls=3584
AMG setup messages level=5 phase=strength-transpose sends=74749 bytes=6105544 collective_rank_calls=3584
AMG setup messages level=5 phase=PMIS sends=1338013 bytes=12460844 collective_rank_calls=28672
AMG setup messages level=5 phase=numbering sends=0 bytes=0 collective_rank_calls=3584
AMG setup messages level=5 phase=interpolation sends=406809 bytes=9242480 collective_rank_calls=3584
AMG setup messages level=5 phase=interpolation-transpose sends=22234 bytes=1972320 collective_rank_calls=3584
AMG setup messages level=5 phase=A*P sends=866994 bytes=58360864 collective_rank_calls=3584
AMG setup messages level=5 phase=R*(A*P) sends=66702 bytes=41724272 collective_rank_calls=3584
AMG setup messages level=6 phase=strength sends=0 bytes=0 collective_rank_calls=3584
AMG setup messages level=6 phase=strength-transpose sends=16165 bytes=944932 collective_rank_calls=3584
AMG setup messages level=6 phase=PMIS sends=304766 bytes=2073400 collective_rank_calls=25088
AMG setup messages level=6 phase=numbering sends=0 bytes=0 collective_rank_calls=3584
AMG setup messages level=6 phase=interpolation sends=79164 bytes=1130004 collective_rank_calls=3584
AMG setup messages level=6 phase=interpolation-transpose sends=6276 bytes=420336 collective_rank_calls=3584
AMG setup messages level=6 phase=A*P sends=410826 bytes=14029632 collective_rank_calls=3584
AMG setup messages level=6 phase=R*(A*P) sends=18828 bytes=6632544 collective_rank_calls=3584
AMG setup messages level=7 phase=strength sends=0 bytes=0 collective_rank_calls=3584
AMG setup messages level=7 phase=strength-transpose sends=3026 bytes=180980 collective_rank_calls=3584
AMG setup messages level=7 phase=PMIS sends=37428 bytes=299500 collective_rank_calls=14336
AMG setup messages level=7 phase=numbering sends=0 bytes=0 collective_rank_calls=3584
AMG setup messages level=7 phase=interpolation sends=13422 bytes=142768 collective_rank_calls=3584
AMG setup messages level=7 phase=interpolation-transpose sends=1450 bytes=95968 collective_rank_calls=3584
AMG setup messages level=7 phase=A*P sends=87306 bytes=2530736 collective_rank_calls=3584
AMG setup messages level=7 phase=R*(A*P) sends=4350 bytes=1150992 collective_rank_calls=3584
AMG setup messages level=8 phase=strength sends=0 bytes=0 collective_rank_calls=3584
AMG setup messages level=8 phase=strength-transpose sends=608 bytes=38824 collective_rank_calls=3584
AMG setup messages level=8 phase=PMIS sends=4118 bytes=45952 collective_rank_calls=7168
AMG setup messages level=8 phase=numbering sends=0 bytes=0 collective_rank_calls=3584
AMG setup messages level=8 phase=interpolation sends=2613 bytes=20576 collective_rank_calls=3584
AMG setup messages level=8 phase=interpolation-transpose sends=328 bytes=23872 collective_rank_calls=3584
AMG setup messages level=8 phase=A*P sends=21840 bytes=430848 collective_rank_calls=3584
AMG setup messages level=8 phase=R*(A*P) sends=984 bytes=38528 collective_rank_calls=3584
GMRES: iter = 0, residual = 0.1960176119, 1 (rel.)
GMRES: iter = 1, residual = 0.1848228295, 0.942888895 (rel.)
GMRES: iter = 2, residual = 0.1796723497, 0.9166132979 (rel.)
GMRES: iter = 3, residual = 0.1791974868, 0.914190746 (rel.)
GMRES: iter = 4, residual = 0.1791840516, 0.9141222048 (rel.)
GMRES: iter = 5, residual = 0.1782391808, 0.9093018685 (rel.)
GMRES: iter = 6, residual = 0.1771821258, 0.9039092157 (rel.)
GMRES: iter = 7, residual = 0.1769164717, 0.9025539592 (rel.)
GMRES: iter = 8, residual = 0.176345677, 0.899642003 (rel.)
GMRES: iter = 9, residual = 0.1757362265, 0.8965328413 (rel.)
GMRES: iter = 10, residual = 0.1750184581, 0.8928710867 (rel.)
GMRES: iter = 11, residual = 0.1735536876, 0.885398439 (rel.)
GMRES: iter = 12, residual = 0.1707714346, 0.8712045464 (rel.)
GMRES: iter = 13, residual = 0.166257573, 0.8481767094 (rel.)
GMRES: iter = 14, residual = 0.1609849949, 0.8212782175 (rel.)
GMRES: Solve Time = 7.407405574
The cloud-layer FLD system Newton 31: residual=0.1895704893, GMRES rtol=0.8417706591
AMG setup messages level=0 phase=strength sends=0 bytes=0 collective_rank_calls=3584
AMG setup messages level=0 phase=strength-transpose sends=28852 bytes=1219035228 collective_rank_calls=3584
AMG setup messages level=0 phase=PMIS sends=592396 bytes=3872525572 collective_rank_calls=35840
AMG setup messages level=0 phase=numbering sends=0 bytes=0 collective_rank_calls=3584
AMG setup messages level=0 phase=interpolation sends=173112 bytes=1665158664 collective_rank_calls=3584
AMG setup messages level=0 phase=interpolation-transpose sends=68968 bytes=626341024 collective_rank_calls=3584
AMG setup messages level=0 phase=A*P sends=90744 bytes=2935562160 collective_rank_calls=3584
AMG setup messages level=0 phase=R*(A*P) sends=206904 bytes=4415399984 collective_rank_calls=3584
AMG setup messages level=1 phase=strength sends=0 bytes=0 collective_rank_calls=3584
AMG setup messages level=1 phase=strength-transpose sends=76430 bytes=1428402052 collective_rank_calls=3584
AMG setup messages level=1 phase=PMIS sends=1840638 bytes=2921620012 collective_rank_calls=43008
AMG setup messages level=1 phase=numbering sends=0 bytes=0 collective_rank_calls=3584
AMG setup messages level=1 phase=interpolation sends=454746 bytes=1721699964 collective_rank_calls=3584
AMG setup messages level=1 phase=interpolation-transpose sends=74722 bytes=488619584 collective_rank_calls=3584
AMG setup messages level=1 phase=A*P sends=258084 bytes=2885652560 collective_rank_calls=3584
AMG setup messages level=1 phase=R*(A*P) sends=224166 bytes=7279861376 collective_rank_calls=3584
AMG setup messages level=2 phase=strength sends=0 bytes=0 collective_rank_calls=3584
AMG setup messages level=2 phase=strength-transpose sends=86457 bytes=631946532 collective_rank_calls=3584
AMG setup messages level=2 phase=PMIS sends=2089021 bytes=969824484 collective_rank_calls=43008
AMG setup messages level=2 phase=numbering sends=0 bytes=0 collective_rank_calls=3584
AMG setup messages level=2 phase=interpolation sends=510771 bytes=664006664 collective_rank_calls=3584
AMG setup messages level=2 phase=interpolation-transpose sends=73267 bytes=142833088 collective_rank_calls=3584
AMG setup messages level=2 phase=A*P sends=300372 bytes=1171313504 collective_rank_calls=3584
AMG setup messages level=2 phase=R*(A*P) sends=219801 bytes=3242133120 collective_rank_calls=3584
AMG setup messages level=3 phase=strength sends=0 bytes=0 collective_rank_calls=3584
AMG setup messages level=3 phase=strength-transpose sends=87537 bytes=158157444 collective_rank_calls=3584
AMG setup messages level=3 phase=PMIS sends=2300672 bytes=275740640 collective_rank_calls=46592
AMG setup messages level=3 phase=numbering sends=0 bytes=0 collective_rank_calls=3584
AMG setup messages level=3 phase=interpolation sends=516855 bytes=178847144 collective_rank_calls=3584
AMG setup messages level=3 phase=interpolation-transpose sends=64000 bytes=34068416 collective_rank_calls=3584
AMG setup messages level=3 phase=A*P sends=307140 bytes=380202528 collective_rank_calls=3584
AMG setup messages level=3 phase=R*(A*P) sends=192000 bytes=907581104 collective_rank_calls=3584
AMG setup messages level=4 phase=strength sends=0 bytes=0 collective_rank_calls=3584
AMG setup messages level=4 phase=strength-transpose sends=84230 bytes=31983512 collective_rank_calls=3584
AMG setup messages level=4 phase=PMIS sends=1729524 bytes=57423996 collective_rank_calls=35840
AMG setup messages level=4 phase=numbering sends=0 bytes=0 collective_rank_calls=3584
AMG setup messages level=4 phase=interpolation sends=491724 bytes=44560576 collective_rank_calls=3584
AMG setup messages level=4 phase=interpolation-transpose sends=46630 bytes=8033344 collective_rank_calls=3584
AMG setup messages level=4 phase=A*P sends=458718 bytes=137205632 collective_rank_calls=3584
AMG setup messages level=4 phase=R*(A*P) sends=139890 bytes=217418032 collective_rank_calls=3584
AMG setup messages level=5 phase=strength sends=0 bytes=0 collective_rank_calls=3584
AMG setup messages level=5 phase=strength-transpose sends=74038 bytes=6102784 collective_rank_calls=3584
AMG setup messages level=5 phase=PMIS sends=1324324 bytes=12410248 collective_rank_calls=28672
AMG setup messages level=5 phase=numbering sends=0 bytes=0 collective_rank_calls=3584
AMG setup messages level=5 phase=interpolation sends=404361 bytes=9158080 collective_rank_calls=3584
AMG setup messages level=5 phase=interpolation-transpose sends=21749 bytes=1953888 collective_rank_calls=3584
AMG setup messages level=5 phase=A*P sends=857604 bytes=58057680 collective_rank_calls=3584
AMG setup messages level=5 phase=R*(A*P) sends=65247 bytes=41324928 collective_rank_calls=3584
AMG setup messages level=6 phase=strength sends=0 bytes=0 collective_rank_calls=3584
AMG setup messages level=6 phase=strength-transpose sends=16130 bytes=967144 collective_rank_calls=3584
AMG setup messages level=6 phase=PMIS sends=304556 bytes=2140312 collective_rank_calls=25088
AMG setup messages level=6 phase=numbering sends=0 bytes=0 collective_rank_calls=3584
AMG setup messages level=6 phase=interpolation sends=79029 bytes=1099304 collective_rank_calls=3584
AMG setup messages level=6 phase=interpolation-transpose sends=6291 bytes=429008 collective_rank_calls=3584
AMG setup messages level=6 phase=A*P sends=394176 bytes=13963184 collective_rank_calls=3584
AMG setup messages level=6 phase=R*(A*P) sends=18873 bytes=6797632 collective_rank_calls=3584
AMG setup messages level=7 phase=strength sends=0 bytes=0 collective_rank_calls=3584
AMG setup messages level=7 phase=strength-transpose sends=3212 bytes=190692 collective_rank_calls=3584
AMG setup messages level=7 phase=PMIS sends=48944 bytes=369968 collective_rank_calls=17920
AMG setup messages level=7 phase=numbering sends=0 bytes=0 collective_rank_calls=3584
AMG setup messages level=7 phase=interpolation sends=14409 bytes=143052 collective_rank_calls=3584
AMG setup messages level=7 phase=interpolation-transpose sends=1410 bytes=94224 collective_rank_calls=3584
AMG setup messages level=7 phase=A*P sends=92442 bytes=2522224 collective_rank_calls=3584
AMG setup messages level=7 phase=R*(A*P) sends=4230 bytes=994736 collective_rank_calls=3584
AMG setup messages level=8 phase=strength sends=0 bytes=0 collective_rank_calls=3584
AMG setup messages level=8 phase=strength-transpose sends=594 bytes=37308 collective_rank_calls=3584
AMG setup messages level=8 phase=PMIS sends=4086 bytes=44276 collective_rank_calls=7168
AMG setup messages level=8 phase=numbering sends=0 bytes=0 collective_rank_calls=3584
AMG setup messages level=8 phase=interpolation sends=2532 bytes=19880 collective_rank_calls=3584
AMG setup messages level=8 phase=interpolation-transpose sends=337 bytes=24976 collective_rank_calls=3584
AMG setup messages level=8 phase=A*P sends=18810 bytes=370480 collective_rank_calls=3584
AMG setup messages level=8 phase=R*(A*P) sends=1011 bytes=40464 collective_rank_calls=3584
GMRES: iter = 0, residual = 0.1896493856, 1 (rel.)
GMRES: iter = 1, residual = 0.1785694475, 0.9415767253 (rel.)
GMRES: iter = 2, residual = 0.1731934361, 0.9132296186 (rel.)
GMRES: iter = 3, residual = 0.172570984, 0.9099474985 (rel.)
GMRES: iter = 4, residual = 0.1725695678, 0.9099400311 (rel.)
GMRES: iter = 5, residual = 0.1716433039, 0.9050559447 (rel.)
GMRES: iter = 6, residual = 0.1708028715, 0.900624439 (rel.)
GMRES: iter = 7, residual = 0.170669269, 0.8999199676 (rel.)
GMRES: iter = 8, residual = 0.1702658882, 0.8977929858 (rel.)
GMRES: iter = 9, residual = 0.1697738704, 0.895198631 (rel.)
GMRES: iter = 10, residual = 0.169058136, 0.8914246437 (rel.)
GMRES: iter = 11, residual = 0.1674235588, 0.882805701 (rel.)
GMRES: iter = 12, residual = 0.1644395589, 0.8670714033 (rel.)
GMRES: iter = 13, residual = 0.1597922858, 0.8425668519 (rel.)
GMRES: iter = 14, residual = 0.1545700301, 0.8150304814 (rel.)
GMRES: Solve Time = 7.622351907
The cloud-layer FLD system Newton 32: residual=0.1832798734, GMRES rtol=0.8405608947
AMG setup messages level=0 phase=strength sends=0 bytes=0 collective_rank_calls=3584
AMG setup messages level=0 phase=strength-transpose sends=28852 bytes=1219040072 collective_rank_calls=3584
AMG setup messages level=0 phase=PMIS sends=651496 bytes=4222930768 collective_rank_calls=39424
AMG setup messages level=0 phase=numbering sends=0 bytes=0 collective_rank_calls=3584
AMG setup messages level=0 phase=interpolation sends=173112 bytes=1665039292 collective_rank_calls=3584
AMG setup messages level=0 phase=interpolation-transpose sends=68902 bytes=626262464 collective_rank_calls=3584
AMG setup messages level=0 phase=A*P sends=90744 bytes=2935507296 collective_rank_calls=3584
AMG setup messages level=0 phase=R*(A*P) sends=206706 bytes=4414503952 collective_rank_calls=3584
AMG setup messages level=1 phase=strength sends=0 bytes=0 collective_rank_calls=3584
AMG setup messages level=1 phase=strength-transpose sends=76487 bytes=1428255348 collective_rank_calls=3584
AMG setup messages level=1 phase=PMIS sends=1842435 bytes=2921288624 collective_rank_calls=43008
AMG setup messages level=1 phase=numbering sends=0 bytes=0 collective_rank_calls=3584
AMG setup messages level=1 phase=interpolation sends=454974 bytes=1721669644 collective_rank_calls=3584
AMG setup messages level=1 phase=interpolation-transpose sends=74613 bytes=488618864 collective_rank_calls=3584
AMG setup messages level=1 phase=A*P sends=258468 bytes=2885827088 collective_rank_calls=3584
AMG setup messages level=1 phase=R*(A*P) sends=223839 bytes=7280175376 collective_rank_calls=3584
AMG setup messages level=2 phase=strength sends=0 bytes=0 collective_rank_calls=3584
AMG setup messages level=2 phase=strength-transpose sends=86397 bytes=632027404 collective_rank_calls=3584
AMG setup messages level=2 phase=PMIS sends=2262408 bytes=1044206112 collective_rank_calls=46592
AMG setup messages level=2 phase=numbering sends=0 bytes=0 collective_rank_calls=3584
AMG setup messages level=2 phase=interpolation sends=510702 bytes=663613688 collective_rank_calls=3584
AMG setup messages level=2 phase=interpolation-transpose sends=73239 bytes=142934720 collective_rank_calls=3584
AMG setup messages level=2 phase=A*P sends=300156 bytes=1171514720 collective_rank_calls=3584
AMG setup messages level=2 phase=R*(A*P) sends=219717 bytes=3242912992 collective_rank_calls=3584
AMG setup messages level=3 phase=strength sends=0 bytes=0 collective_rank_calls=3584
AMG setup messages level=3 phase=strength-transpose sends=87598 bytes=157932688 collective_rank_calls=3584
AMG setup messages level=3 phase=PMIS sends=2125362 bytes=255958896 collective_rank_calls=43008
AMG setup messages level=3 phase=numbering sends=0 bytes=0 collective_rank_calls=3584
AMG setup messages level=3 phase=interpolation sends=517569 bytes=178794852 collective_rank_calls=3584
AMG setup messages level=3 phase=interpolation-transpose sends=64052 bytes=34052336 collective_rank_calls=3584
AMG setup messages level=3 phase=A*P sends=306990 bytes=379808352 collective_rank_calls=3584
AMG setup messages level=3 phase=R*(A*P) sends=192156 bytes=907510096 collective_rank_calls=3584
AMG setup messages level=4 phase=strength sends=0 bytes=0 collective_rank_calls=3584
AMG setup messages level=4 phase=strength-transpose sends=84408 bytes=31930468 collective_rank_calls=3584
AMG setup messages level=4 phase=PMIS sends=1907376 bytes=62468888 collective_rank_calls=39424
AMG setup messages level=4 phase=numbering sends=0 bytes=0 collective_rank_calls=3584
AMG setup messages level=4 phase=interpolation sends=492576 bytes=44503420 collective_rank_calls=3584
AMG setup messages level=4 phase=interpolation-transpose sends=46819 bytes=7987312 collective_rank_calls=3584
AMG setup messages level=4 phase=A*P sends=458448 bytes=137191696 collective_rank_calls=3584
AMG setup messages level=4 phase=R*(A*P) sends=140457 bytes=218550016 collective_rank_calls=3584
AMG setup messages level=5 phase=strength sends=0 bytes=0 collective_rank_calls=3584
AMG setup messages level=5 phase=strength-transpose sends=74600 bytes=6116812 collective_rank_calls=3584
AMG setup messages level=5 phase=PMIS sends=1336250 bytes=12496136 collective_rank_calls=28672
AMG setup messages level=5 phase=numbering sends=0 bytes=0 collective_rank_calls=3584
AMG setup messages level=5 phase=interpolation sends=406965 bytes=9195772 collective_rank_calls=3584
AMG setup messages level=5 phase=interpolation-transpose sends=22150 bytes=1973040 collective_rank_calls=3584
AMG setup messages level=5 phase=A*P sends=870600 bytes=58867760 collective_rank_calls=3584
AMG setup messages level=5 phase=R*(A*P) sends=66450 bytes=41989008 collective_rank_calls=3584
AMG setup messages level=6 phase=strength sends=0 bytes=0 collective_rank_calls=3584
AMG setup messages level=6 phase=strength-transpose sends=16028 bytes=946556 collective_rank_calls=3584
AMG setup messages level=6 phase=PMIS sends=302200 bytes=2081352 collective_rank_calls=25088
AMG setup messages level=6 phase=numbering sends=0 bytes=0 collective_rank_calls=3584
AMG setup messages level=6 phase=interpolation sends=78609 bytes=1133588 collective_rank_calls=3584
AMG setup messages level=6 phase=interpolation-transpose sends=6345 bytes=442752 collective_rank_calls=3584
AMG setup messages level=6 phase=A*P sends=410280 bytes=14331536 collective_rank_calls=3584
AMG setup messages level=6 phase=R*(A*P) sends=19035 bytes=6780992 collective_rank_calls=3584
AMG setup messages level=7 phase=strength sends=0 bytes=0 collective_rank_calls=3584
AMG setup messages level=7 phase=strength-transpose sends=2920 bytes=173604 collective_rank_calls=3584
AMG setup messages level=7 phase=PMIS sends=44068 bytes=324224 collective_rank_calls=17920
AMG setup messages level=7 phase=numbering sends=0 bytes=0 collective_rank_calls=3584
AMG setup messages level=7 phase=interpolation sends=12432 bytes=146504 collective_rank_calls=3584
AMG setup messages level=7 phase=interpolation-transpose sends=1473 bytes=95264 collective_rank_calls=3584
AMG setup messages level=7 phase=A*P sends=90480 bytes=2505136 collective_rank_calls=3584
AMG setup messages level=7 phase=R*(A*P) sends=4419 bytes=913216 collective_rank_calls=3584
AMG setup messages level=8 phase=strength sends=0 bytes=0 collective_rank_calls=3584
AMG setup messages level=8 phase=strength-transpose sends=771 bytes=46284 collective_rank_calls=3584
AMG setup messages level=8 phase=PMIS sends=5271 bytes=53704 collective_rank_calls=7168
AMG setup messages level=8 phase=numbering sends=0 bytes=0 collective_rank_calls=3584
AMG setup messages level=8 phase=interpolation sends=3723 bytes=30460 collective_rank_calls=3584
AMG setup messages level=8 phase=interpolation-transpose sends=301 bytes=21136 collective_rank_calls=3584
AMG setup messages level=8 phase=A*P sends=18222 bytes=338384 collective_rank_calls=3584
AMG setup messages level=8 phase=R*(A*P) sends=903 bytes=33200 collective_rank_calls=3584
GMRES: iter = 0, residual = 0.1833540314, 1 (rel.)
GMRES: iter = 1, residual = 0.1723569962, 0.9400229434 (rel.)
GMRES: iter = 2, residual = 0.1668058317, 0.9097472819 (rel.)
GMRES: iter = 3, residual = 0.1660177208, 0.9054489808 (rel.)
GMRES: iter = 4, residual = 0.1660164608, 0.9054421084 (rel.)
GMRES: iter = 5, residual = 0.1651072822, 0.9004835128 (rel.)
GMRES: iter = 6, residual = 0.1644226793, 0.8967497365 (rel.)
GMRES: iter = 7, residual = 0.164354727, 0.8963791291 (rel.)
GMRES: iter = 8, residual = 0.1640552109, 0.8947455897 (rel.)
GMRES: iter = 9, residual = 0.163659424, 0.8925869957 (rel.)
GMRES: iter = 10, residual = 0.1629613725, 0.8887798718 (rel.)
GMRES: iter = 11, residual = 0.1612256893, 0.8793135776 (rel.)
GMRES: iter = 12, residual = 0.1581552411, 0.862567569 (rel.)
GMRES: iter = 13, residual = 0.1532780447, 0.8359676827 (rel.)
GMRES: Solve Time = 7.077448572
The cloud-layer FLD system Newton 33: residual=0.1766634971, GMRES rtol=0.8355168819
AMG setup messages level=0 phase=strength sends=0 bytes=0 collective_rank_calls=3584
AMG setup messages level=0 phase=strength-transpose sends=28852 bytes=1219044440 collective_rank_calls=3584
AMG setup messages level=0 phase=PMIS sends=592396 bytes=3872554784 collective_rank_calls=35840
AMG setup messages level=0 phase=numbering sends=0 bytes=0 collective_rank_calls=3584
AMG setup messages level=0 phase=interpolation sends=173112 bytes=1665076556 collective_rank_calls=3584
AMG setup messages level=0 phase=interpolation-transpose sends=68906 bytes=626246528 collective_rank_calls=3584
AMG setup messages level=0 phase=A*P sends=90744 bytes=2935539328 collective_rank_calls=3584
AMG setup messages level=0 phase=R*(A*P) sends=206718 bytes=4414798064 collective_rank_calls=3584
AMG setup messages level=1 phase=strength sends=0 bytes=0 collective_rank_calls=3584
AMG setup messages level=1 phase=strength-transpose sends=76412 bytes=1428305484 collective_rank_calls=3584
AMG setup messages level=1 phase=PMIS sends=1993964 bytes=3145295264 collective_rank_calls=46592
AMG setup messages level=1 phase=numbering sends=0 bytes=0 collective_rank_calls=3584
AMG setup messages level=1 phase=interpolation sends=454479 bytes=1721729896 collective_rank_calls=3584
AMG setup messages level=1 phase=interpolation-transpose sends=74626 bytes=488649600 collective_rank_calls=3584
AMG setup messages level=1 phase=A*P sends=258396 bytes=2885826560 collective_rank_calls=3584
AMG setup messages level=1 phase=R*(A*P) sends=223878 bytes=7280110960 collective_rank_calls=3584
AMG setup messages level=2 phase=strength sends=0 bytes=0 collective_rank_calls=3584
AMG setup messages level=2 phase=strength-transpose sends=86473 bytes=632111112 collective_rank_calls=3584
AMG setup messages level=2 phase=PMIS sends=2090289 bytes=969932092 collective_rank_calls=43008
AMG setup messages level=2 phase=numbering sends=0 bytes=0 collective_rank_calls=3584
AMG setup messages level=2 phase=interpolation sends=510852 bytes=664020900 collective_rank_calls=3584
AMG setup messages level=2 phase=interpolation-transpose sends=73310 bytes=142965888 collective_rank_calls=3584
AMG setup messages level=2 phase=A*P sends=300384 bytes=1171464144 collective_rank_calls=3584
AMG setup messages level=2 phase=R*(A*P) sends=219930 bytes=3240998784 collective_rank_calls=3584
AMG setup messages level=3 phase=strength sends=0 bytes=0 collective_rank_calls=3584
AMG setup messages level=3 phase=strength-transpose sends=87669 bytes=158233100 collective_rank_calls=3584
AMG setup messages level=3 phase=PMIS sends=2303852 bytes=275807792 collective_rank_calls=46592
AMG setup messages level=3 phase=numbering sends=0 bytes=0 collective_rank_calls=3584
AMG setup messages level=3 phase=interpolation sends=517500 bytes=178981492 collective_rank_calls=3584
AMG setup messages level=3 phase=interpolation-transpose sends=63928 bytes=34104976 collective_rank_calls=3584
AMG setup messages level=3 phase=A*P sends=306906 bytes=380148352 collective_rank_calls=3584
AMG setup messages level=3 phase=R*(A*P) sends=191784 bytes=909089264 collective_rank_calls=3584
AMG setup messages level=4 phase=strength sends=0 bytes=0 collective_rank_calls=3584
AMG setup messages level=4 phase=strength-transpose sends=84207 bytes=31916212 collective_rank_calls=3584
AMG setup messages level=4 phase=PMIS sends=2075659 bytes=67613324 collective_rank_calls=43008
AMG setup messages level=4 phase=numbering sends=0 bytes=0 collective_rank_calls=3584
AMG setup messages level=4 phase=interpolation sends=491448 bytes=44415900 collective_rank_calls=3584
AMG setup messages level=4 phase=interpolation-transpose sends=46968 bytes=8027216 collective_rank_calls=3584
AMG setup messages level=4 phase=A*P sends=460098 bytes=137216512 collective_rank_calls=3584
AMG setup messages level=4 phase=R*(A*P) sends=140904 bytes=218589664 collective_rank_calls=3584
AMG setup messages level=5 phase=strength sends=0 bytes=0 collective_rank_calls=3584
AMG setup messages level=5 phase=strength-transpose sends=74798 bytes=6117080 collective_rank_calls=3584
AMG setup messages level=5 phase=PMIS sends=1338212 bytes=12446944 collective_rank_calls=28672
AMG setup messages level=5 phase=numbering sends=0 bytes=0 collective_rank_calls=3584
AMG setup messages level=5 phase=interpolation sends=409059 bytes=9216808 collective_rank_calls=3584
AMG setup messages level=5 phase=interpolation-transpose sends=21824 bytes=1967184 collective_rank_calls=3584
AMG setup messages level=5 phase=A*P sends=872688 bytes=58713088 collective_rank_calls=3584
AMG setup messages level=5 phase=R*(A*P) sends=65472 bytes=41078992 collective_rank_calls=3584
AMG setup messages level=6 phase=strength sends=0 bytes=0 collective_rank_calls=3584
AMG setup messages level=6 phase=strength-transpose sends=15588 bytes=935104 collective_rank_calls=3584
AMG setup messages level=6 phase=PMIS sends=332982 bytes=2286528 collective_rank_calls=28672
AMG setup messages level=6 phase=numbering sends=0 bytes=0 collective_rank_calls=3584
AMG setup messages level=6 phase=interpolation sends=76689 bytes=1048424 collective_rank_calls=3584
AMG setup messages level=6 phase=interpolation-transpose sends=5709 bytes=390048 collective_rank_calls=3584
AMG setup messages level=6 phase=A*P sends=393054 bytes=13434400 collective_rank_calls=3584
AMG setup messages level=6 phase=R*(A*P) sends=17127 bytes=6404400 collective_rank_calls=3584
AMG setup messages level=7 phase=strength sends=0 bytes=0 collective_rank_calls=3584
AMG setup messages level=7 phase=strength-transpose sends=2747 bytes=171300 collective_rank_calls=3584
AMG setup messages level=7 phase=PMIS sends=42320 bytes=329712 collective_rank_calls=17920
AMG setup messages level=7 phase=numbering sends=0 bytes=0 collective_rank_calls=3584
AMG setup messages level=7 phase=interpolation sends=12183 bytes=130140 collective_rank_calls=3584
AMG setup messages level=7 phase=interpolation-transpose sends=1242 bytes=93712 collective_rank_calls=3584
AMG setup messages level=7 phase=A*P sends=93960 bytes=2572224 collective_rank_calls=3584
AMG setup messages level=7 phase=R*(A*P) sends=3726 bytes=798528 collective_rank_calls=3584
AMG setup messages level=8 phase=strength sends=0 bytes=0 collective_rank_calls=3584
AMG setup messages level=8 phase=strength-transpose sends=881 bytes=70140 collective_rank_calls=3584
AMG setup messages level=8 phase=PMIS sends=6059 bytes=76928 collective_rank_calls=7168
AMG setup messages level=8 phase=numbering sends=0 bytes=0 collective_rank_calls=3584
AMG setup messages level=8 phase=interpolation sends=4812 bytes=44972 collective_rank_calls=3584
AMG setup messages level=8 phase=interpolation-transpose sends=365 bytes=28528 collective_rank_calls=3584
AMG setup messages level=8 phase=A*P sends=15372 bytes=337552 collective_rank_calls=3584
AMG setup messages level=8 phase=R*(A*P) sends=1095 bytes=48944 collective_rank_calls=3584
GMRES: iter = 0, residual = 0.1767215521, 1 (rel.)
GMRES: iter = 1, residual = 0.1673033213, 0.9467058165 (rel.)
GMRES: iter = 2, residual = 0.1620970827, 0.9172456941 (rel.)
GMRES: iter = 3, residual = 0.1612450999, 0.9124246476 (rel.)
GMRES: iter = 4, residual = 0.1612401241, 0.9123964915 (rel.)
GMRES: iter = 5, residual = 0.1603387802, 0.9072961296 (rel.)
GMRES: iter = 6, residual = 0.1596220174, 0.9032402415 (rel.)
GMRES: iter = 7, residual = 0.1595601231, 0.9028900051 (rel.)
GMRES: iter = 8, residual = 0.1593143902, 0.9014994961 (rel.)
GMRES: iter = 9, residual = 0.15891049, 0.8992139788 (rel.)
GMRES: iter = 10, residual = 0.1580932509, 0.8945895336 (rel.)
GMRES: iter = 11, residual = 0.1561563096, 0.8836291204 (rel.)
GMRES: iter = 12, residual = 0.1529271111, 0.8653563151 (rel.)
GMRES: iter = 13, residual = 0.1478204333, 0.8364595689 (rel.)
GMRES: iter = 14, residual = 0.1416087796, 0.801310185 (rel.)
GMRES: Solve Time = 7.679251374
The cloud-layer FLD system Newton 34: residual=0.1714310149, GMRES rtol=0.8469197631
AMG setup messages level=0 phase=strength sends=0 bytes=0 collective_rank_calls=3584
AMG setup messages level=0 phase=strength-transpose sends=28852 bytes=1219049256 collective_rank_calls=3584
AMG setup messages level=0 phase=PMIS sends=592396 bytes=3872570960 collective_rank_calls=35840
AMG setup messages level=0 phase=numbering sends=0 bytes=0 collective_rank_calls=3584
AMG setup messages level=0 phase=interpolation sends=173112 bytes=1665451436 collective_rank_calls=3584
AMG setup messages level=0 phase=interpolation-transpose sends=68931 bytes=626383968 collective_rank_calls=3584
AMG setup messages level=0 phase=A*P sends=90744 bytes=2935734496 collective_rank_calls=3584
AMG setup messages level=0 phase=R*(A*P) sends=206793 bytes=4416350816 collective_rank_calls=3584
AMG setup messages level=1 phase=strength sends=0 bytes=0 collective_rank_calls=3584
AMG setup messages level=1 phase=strength-transpose sends=76388 bytes=1428213728 collective_rank_calls=3584
AMG setup messages level=1 phase=PMIS sends=1839630 bytes=2921339988 collective_rank_calls=43008
AMG setup messages level=1 phase=numbering sends=0 bytes=0 collective_rank_calls=3584
AMG setup messages level=1 phase=interpolation sends=454461 bytes=1721736524 collective_rank_calls=3584
AMG setup messages level=1 phase=interpolation-transpose sends=74604 bytes=488428336 collective_rank_calls=3584
AMG setup messages level=1 phase=A*P sends=258492 bytes=2885453504 collective_rank_calls=3584
AMG setup messages level=1 phase=R*(A*P) sends=223812 bytes=7278592736 collective_rank_calls=3584
AMG setup messages level=2 phase=strength sends=0 bytes=0 collective_rank_calls=3584
AMG setup messages level=2 phase=strength-transpose sends=86606 bytes=632120028 collective_rank_calls=3584
AMG setup messages level=2 phase=PMIS sends=2093182 bytes=970033688 collective_rank_calls=43008
AMG setup messages level=2 phase=numbering sends=0 bytes=0 collective_rank_calls=3584
AMG setup messages level=2 phase=interpolation sends=511989 bytes=663991512 collective_rank_calls=3584
AMG setup messages level=2 phase=interpolation-transpose sends=73225 bytes=142924528 collective_rank_calls=3584
AMG setup messages level=2 phase=A*P sends=300168 bytes=1171302912 collective_rank_calls=3584
AMG setup messages level=2 phase=R*(A*P) sends=219675 bytes=3240977040 collective_rank_calls=3584
AMG setup messages level=3 phase=strength sends=0 bytes=0 collective_rank_calls=3584
AMG setup messages level=3 phase=strength-transpose sends=87486 bytes=158137380 collective_rank_calls=3584
AMG setup messages level=3 phase=PMIS sends=2122050 bytes=256193544 collective_rank_calls=43008
AMG setup messages level=3 phase=numbering sends=0 bytes=0 collective_rank_calls=3584
AMG setup messages level=3 phase=interpolation sends=516594 bytes=179084228 collective_rank_calls=3584
AMG setup messages level=3 phase=interpolation-transpose sends=63793 bytes=34062528 collective_rank_calls=3584
AMG setup messages level=3 phase=A*P sends=306972 bytes=379992144 collective_rank_calls=3584
AMG setup messages level=3 phase=R*(A*P) sends=191379 bytes=907231488 collective_rank_calls=3584
AMG setup messages level=4 phase=strength sends=0 bytes=0 collective_rank_calls=3584
AMG setup messages level=4 phase=strength-transpose sends=84296 bytes=32017952 collective_rank_calls=3584
AMG setup messages level=4 phase=PMIS sends=1903640 bytes=62578328 collective_rank_calls=39424
AMG setup messages level=4 phase=numbering sends=0 bytes=0 collective_rank_calls=3584
AMG setup messages level=4 phase=interpolation sends=492186 bytes=44680596 collective_rank_calls=3584
AMG setup messages level=4 phase=interpolation-transpose sends=46818 bytes=8028928 collective_rank_calls=3584
AMG setup messages level=4 phase=A*P sends=458556 bytes=137237680 collective_rank_calls=3584
AMG setup messages level=4 phase=R*(A*P) sends=140454 bytes=217893856 collective_rank_calls=3584
AMG setup messages level=5 phase=strength sends=0 bytes=0 collective_rank_calls=3584
AMG setup messages level=5 phase=strength-transpose sends=73704 bytes=6107680 collective_rank_calls=3584
AMG setup messages level=5 phase=PMIS sends=1320438 bytes=12430884 collective_rank_calls=28672
AMG setup messages level=5 phase=numbering sends=0 bytes=0 collective_rank_calls=3584
AMG setup messages level=5 phase=interpolation sends=402840 bytes=9128240 collective_rank_calls=3584
AMG setup messages level=5 phase=interpolation-transpose sends=21664 bytes=1976752 collective_rank_calls=3584
AMG setup messages level=5 phase=A*P sends=863310 bytes=58579104 collective_rank_calls=3584
AMG setup messages level=5 phase=R*(A*P) sends=64992 bytes=40962112 collective_rank_calls=3584
AMG setup messages level=6 phase=strength sends=0 bytes=0 collective_rank_calls=3584
AMG setup messages level=6 phase=strength-transpose sends=15650 bytes=935628 collective_rank_calls=3584
AMG setup messages level=6 phase=PMIS sends=295164 bytes=2053104 collective_rank_calls=25088
AMG setup messages level=6 phase=numbering sends=0 bytes=0 collective_rank_calls=3584
AMG setup messages level=6 phase=interpolation sends=76881 bytes=1131900 collective_rank_calls=3584
AMG setup messages level=6 phase=interpolation-transpose sends=6378 bytes=432912 collective_rank_calls=3584
AMG setup messages level=6 phase=A*P sends=385332 bytes=13554336 collective_rank_calls=3584
AMG setup messages level=6 phase=R*(A*P) sends=19134 bytes=6626160 collective_rank_calls=3584
AMG setup messages level=7 phase=strength sends=0 bytes=0 collective_rank_calls=3584
AMG setup messages level=7 phase=strength-transpose sends=3028 bytes=175836 collective_rank_calls=3584
AMG setup messages level=7 phase=PMIS sends=37234 bytes=290560 collective_rank_calls=14336
AMG setup messages level=7 phase=numbering sends=0 bytes=0 collective_rank_calls=3584
AMG setup messages level=7 phase=interpolation sends=12939 bytes=122464 collective_rank_calls=3584
AMG setup messages level=7 phase=interpolation-transpose sends=1296 bytes=87840 collective_rank_calls=3584
AMG setup messages level=7 phase=A*P sends=90804 bytes=2325680 collective_rank_calls=3584
AMG setup messages level=7 phase=R*(A*P) sends=3888 bytes=595296 collective_rank_calls=3584
AMG setup messages level=8 phase=strength sends=0 bytes=0 collective_rank_calls=3584
AMG setup messages level=8 phase=strength-transpose sends=501 bytes=31500 collective_rank_calls=3584
AMG setup messages level=8 phase=PMIS sends=3495 bytes=37724 collective_rank_calls=7168
AMG setup messages level=8 phase=numbering sends=0 bytes=0 collective_rank_calls=3584
AMG setup messages level=8 phase=interpolation sends=2268 bytes=18180 collective_rank_calls=3584
AMG setup messages level=8 phase=interpolation-transpose sends=246 bytes=17920 collective_rank_calls=3584
AMG setup messages level=8 phase=A*P sends=9390 bytes=183472 collective_rank_calls=3584
AMG setup messages level=8 phase=R*(A*P) sends=738 bytes=29680 collective_rank_calls=3584
GMRES: iter = 0, residual = 0.1714998788, 1 (rel.)
GMRES: iter = 1, residual = 0.1608247892, 0.9377545354 (rel.)
GMRES: iter = 2, residual = 0.1553588313, 0.9058830383 (rel.)
GMRES: iter = 3, residual = 0.1543166618, 0.8998062439 (rel.)
GMRES: iter = 4, residual = 0.154289605, 0.8996484784 (rel.)
GMRES: iter = 5, residual = 0.1533603204, 0.8942299056 (rel.)
GMRES: iter = 6, residual = 0.1527006065, 0.8903831744 (rel.)
GMRES: iter = 7, residual = 0.1526428116, 0.8900461776 (rel.)
GMRES: iter = 8, residual = 0.1523882154, 0.8885616506 (rel.)
GMRES: iter = 9, residual = 0.1519700148, 0.8861231615 (rel.)
GMRES: iter = 10, residual = 0.1510283716, 0.8806325265 (rel.)
GMRES: iter = 11, residual = 0.1488062853, 0.8676757464 (rel.)
GMRES: iter = 12, residual = 0.1452248891, 0.8467929547 (rel.)
GMRES: Solve Time = 6.636811013
The cloud-layer FLD system Newton 35: residual=0.1679121009, GMRES rtol=0.8627378776
AMG setup messages level=0 phase=strength sends=0 bytes=0 collective_rank_calls=3584
AMG setup messages level=0 phase=strength-transpose sends=28852 bytes=1219055444 collective_rank_calls=3584
AMG setup messages level=0 phase=PMIS sends=592396 bytes=3872591708 collective_rank_calls=35840
AMG setup messages level=0 phase=numbering sends=0 bytes=0 collective_rank_calls=3584
AMG setup messages level=0 phase=interpolation sends=173112 bytes=1665047184 collective_rank_calls=3584
AMG setup messages level=0 phase=interpolation-transpose sends=68947 bytes=626230400 collective_rank_calls=3584
AMG setup messages level=0 phase=A*P sends=90744 bytes=2935536608 collective_rank_calls=3584
AMG setup messages level=0 phase=R*(A*P) sends=206841 bytes=4413859712 collective_rank_calls=3584
AMG setup messages level=1 phase=strength sends=0 bytes=0 collective_rank_calls=3584
AMG setup messages level=1 phase=strength-transpose sends=76325 bytes=1428568988 collective_rank_calls=3584
AMG setup messages level=1 phase=PMIS sends=1837611 bytes=2921428188 collective_rank_calls=43008
AMG setup messages level=1 phase=numbering sends=0 bytes=0 collective_rank_calls=3584
AMG setup messages level=1 phase=interpolation sends=454005 bytes=1721896032 collective_rank_calls=3584
AMG setup messages level=1 phase=interpolation-transpose sends=74695 bytes=488648592 collective_rank_calls=3584
AMG setup messages level=1 phase=A*P sends=257988 bytes=2885393408 collective_rank_calls=3584
AMG setup messages level=1 phase=R*(A*P) sends=224085 bytes=7280137552 collective_rank_calls=3584
AMG setup messages level=2 phase=strength sends=0 bytes=0 collective_rank_calls=3584
AMG setup messages level=2 phase=strength-transpose sends=86480 bytes=632066272 collective_rank_calls=3584
AMG setup messages level=2 phase=PMIS sends=2089690 bytes=969916888 collective_rank_calls=43008
AMG setup messages level=2 phase=numbering sends=0 bytes=0 collective_rank_calls=3584
AMG setup messages level=2 phase=interpolation sends=511398 bytes=663964264 collective_rank_calls=3584
AMG setup messages level=2 phase=interpolation-transpose sends=73145 bytes=142829120 collective_rank_calls=3584
AMG setup messages level=2 phase=A*P sends=300198 bytes=1171309104 collective_rank_calls=3584
AMG setup messages level=2 phase=R*(A*P) sends=219435 bytes=3238154016 collective_rank_calls=3584
AMG setup messages level=3 phase=strength sends=0 bytes=0 collective_rank_calls=3584
AMG setup messages level=3 phase=strength-transpose sends=87600 bytes=158079352 collective_rank_calls=3584
AMG setup messages level=3 phase=PMIS sends=1947480 bytes=236454984 collective_rank_calls=39424
AMG setup messages level=3 phase=numbering sends=0 bytes=0 collective_rank_calls=3584
AMG setup messages level=3 phase=interpolation sends=516909 bytes=179000792 collective_rank_calls=3584
AMG setup messages level=3 phase=interpolation-transpose sends=64032 bytes=34029968 collective_rank_calls=3584
AMG setup messages level=3 phase=A*P sends=306804 bytes=379788752 collective_rank_calls=3584
AMG setup messages level=3 phase=R*(A*P) sends=192096 bytes=908286128 collective_rank_calls=3584
AMG setup messages level=4 phase=strength sends=0 bytes=0 collective_rank_calls=3584
AMG setup messages level=4 phase=strength-transpose sends=84357 bytes=31982064 collective_rank_calls=3584
AMG setup messages level=4 phase=PMIS sends=1733175 bytes=57455632 collective_rank_calls=35840
AMG setup messages level=4 phase=numbering sends=0 bytes=0 collective_rank_calls=3584
AMG setup messages level=4 phase=interpolation sends=492474 bytes=44557744 collective_rank_calls=3584
AMG setup messages level=4 phase=interpolation-transpose sends=46962 bytes=7962976 collective_rank_calls=3584
AMG setup messages level=4 phase=A*P sends=458394 bytes=137184176 collective_rank_calls=3584
AMG setup messages level=4 phase=R*(A*P) sends=140886 bytes=217864640 collective_rank_calls=3584
AMG setup messages level=5 phase=strength sends=0 bytes=0 collective_rank_calls=3584
AMG setup messages level=5 phase=strength-transpose sends=74698 bytes=6101844 collective_rank_calls=3584
AMG setup messages level=5 phase=PMIS sends=1334326 bytes=12449684 collective_rank_calls=28672
AMG setup messages level=5 phase=numbering sends=0 bytes=0 collective_rank_calls=3584
AMG setup messages level=5 phase=interpolation sends=406719 bytes=9196804 collective_rank_calls=3584
AMG setup messages level=5 phase=interpolation-transpose sends=21750 bytes=1982752 collective_rank_calls=3584
AMG setup messages level=5 phase=A*P sends=866082 bytes=58736592 collective_rank_calls=3584
AMG setup messages level=5 phase=R*(A*P) sends=65250 bytes=41551680 collective_rank_calls=3584
AMG setup messages level=6 phase=strength sends=0 bytes=0 collective_rank_calls=3584
AMG setup messages level=6 phase=strength-transpose sends=15820 bytes=946052 collective_rank_calls=3584
AMG setup messages level=6 phase=PMIS sends=299192 bytes=2077240 collective_rank_calls=25088
AMG setup messages level=6 phase=numbering sends=0 bytes=0 collective_rank_calls=3584
AMG setup messages level=6 phase=interpolation sends=76869 bytes=1113488 collective_rank_calls=3584
AMG setup messages level=6 phase=interpolation-transpose sends=6033 bytes=409152 collective_rank_calls=3584
AMG setup messages level=6 phase=A*P sends=401886 bytes=13851184 collective_rank_calls=3584
AMG setup messages level=6 phase=R*(A*P) sends=18099 bytes=6400640 collective_rank_calls=3584
AMG setup messages level=7 phase=strength sends=0 bytes=0 collective_rank_calls=3584
AMG setup messages level=7 phase=strength-transpose sends=3030 bytes=198388 collective_rank_calls=3584
AMG setup messages level=7 phase=PMIS sends=46344 bytes=379536 collective_rank_calls=17920
AMG setup messages level=7 phase=numbering sends=0 bytes=0 collective_rank_calls=3584
AMG setup messages level=7 phase=interpolation sends=12924 bytes=153532 collective_rank_calls=3584
AMG setup messages level=7 phase=interpolation-transpose sends=1579 bytes=112288 collective_rank_calls=3584
AMG setup messages level=7 phase=A*P sends=88956 bytes=2745712 collective_rank_calls=3584
AMG setup messages level=7 phase=R*(A*P) sends=4737 bytes=1281408 collective_rank_calls=3584
AMG setup messages level=8 phase=strength sends=0 bytes=0 collective_rank_calls=3584
AMG setup messages level=8 phase=strength-transpose sends=903 bytes=58728 collective_rank_calls=3584
AMG setup messages level=8 phase=PMIS sends=6219 bytes=70712 collective_rank_calls=7168
AMG setup messages level=8 phase=numbering sends=0 bytes=0 collective_rank_calls=3584
AMG setup messages level=8 phase=interpolation sends=4302 bytes=35052 collective_rank_calls=3584
AMG setup messages level=8 phase=interpolation-transpose sends=366 bytes=28112 collective_rank_calls=3584
AMG setup messages level=8 phase=A*P sends=21012 bytes=435456 collective_rank_calls=3584
AMG setup messages level=8 phase=R*(A*P) sends=1098 bytes=47488 collective_rank_calls=3584
GMRES: iter = 0, residual = 0.1680013458, 1 (rel.)
GMRES: iter = 1, residual = 0.1547294633, 0.9210013322 (rel.)
GMRES: iter = 2, residual = 0.1485297367, 0.8840984935 (rel.)
GMRES: iter = 3, residual = 0.1471068983, 0.8756292848 (rel.)
GMRES: iter = 4, residual = 0.1470988237, 0.8755812226 (rel.)
GMRES: iter = 5, residual = 0.1463028573, 0.8708433649 (rel.)
GMRES: iter = 6, residual = 0.144914661, 0.8625803577 (rel.)
GMRES: Solve Time = 3.374824218
The cloud-layer FLD system Newton 36: residual=0.1565849414, GMRES rtol=0.7818383627
AMG setup messages level=0 phase=strength sends=0 bytes=0 collective_rank_calls=3584
AMG setup messages level=0 phase=strength-transpose sends=28852 bytes=1219061912 collective_rank_calls=3584
AMG setup messages level=0 phase=PMIS sends=592396 bytes=3872613440 collective_rank_calls=35840
AMG setup messages level=0 phase=numbering sends=0 bytes=0 collective_rank_calls=3584
AMG setup messages level=0 phase=interpolation sends=173112 bytes=1665350076 collective_rank_calls=3584
AMG setup messages level=0 phase=interpolation-transpose sends=68905 bytes=626238128 collective_rank_calls=3584
AMG setup messages level=0 phase=A*P sends=90744 bytes=2935638576 collective_rank_calls=3584
AMG setup messages level=0 phase=R*(A*P) sends=206715 bytes=4414794944 collective_rank_calls=3584
AMG setup messages level=1 phase=strength sends=0 bytes=0 collective_rank_calls=3584
AMG setup messages level=1 phase=strength-transpose sends=76353 bytes=1428398480 collective_rank_calls=3584
AMG setup messages level=1 phase=PMIS sends=1839271 bytes=2921264656 collective_rank_calls=43008
AMG setup messages level=1 phase=numbering sends=0 bytes=0 collective_rank_calls=3584
AMG setup messages level=1 phase=interpolation sends=454161 bytes=1721503176 collective_rank_calls=3584
AMG setup messages level=1 phase=interpolation-transpose sends=74696 bytes=488552688 collective_rank_calls=3584
AMG setup messages level=1 phase=A*P sends=258444 bytes=2885830176 collective_rank_calls=3584
AMG setup messages level=1 phase=R*(A*P) sends=224088 bytes=7278611536 collective_rank_calls=3584
AMG setup messages level=2 phase=strength sends=0 bytes=0 collective_rank_calls=3584
AMG setup messages level=2 phase=strength-transpose sends=86477 bytes=631986232 collective_rank_calls=3584
AMG setup messages level=2 phase=PMIS sends=2090671 bytes=969765124 collective_rank_calls=43008
AMG setup messages level=2 phase=numbering sends=0 bytes=0 collective_rank_calls=3584
AMG setup messages level=2 phase=interpolation sends=511323 bytes=663833936 collective_rank_calls=3584
AMG setup messages level=2 phase=interpolation-transpose sends=73301 bytes=142767632 collective_rank_calls=3584
AMG setup messages level=2 phase=A*P sends=300246 bytes=1171384320 collective_rank_calls=3584
AMG setup messages level=2 phase=R*(A*P) sends=219903 bytes=3239059424 collective_rank_calls=3584
AMG setup messages level=3 phase=strength sends=0 bytes=0 collective_rank_calls=3584
AMG setup messages level=3 phase=strength-transpose sends=87601 bytes=158088376 collective_rank_calls=3584
AMG setup messages level=3 phase=PMIS sends=2124589 bytes=256234020 collective_rank_calls=43008
AMG setup messages level=3 phase=numbering sends=0 bytes=0 collective_rank_calls=3584
AMG setup messages level=3 phase=interpolation sends=517218 bytes=179089816 collective_rank_calls=3584
AMG setup messages level=3 phase=interpolation-transpose sends=64067 bytes=34036160 collective_rank_calls=3584
AMG setup messages level=3 phase=A*P sends=306996 bytes=379983232 collective_rank_calls=3584
AMG setup messages level=3 phase=R*(A*P) sends=192201 bytes=908128400 collective_rank_calls=3584
AMG setup messages level=4 phase=strength sends=0 bytes=0 collective_rank_calls=3584
AMG setup messages level=4 phase=strength-transpose sends=84270 bytes=31983128 collective_rank_calls=3584
AMG setup messages level=4 phase=PMIS sends=1732040 bytes=57443912 collective_rank_calls=35840
AMG setup messages level=4 phase=numbering sends=0 bytes=0 collective_rank_calls=3584
AMG setup messages level=4 phase=interpolation sends=491370 bytes=44456848 collective_rank_calls=3584
AMG setup messages level=4 phase=interpolation-transpose sends=46859 bytes=8008480 collective_rank_calls=3584
AMG setup messages level=4 phase=A*P sends=459402 bytes=137391456 collective_rank_calls=3584
AMG setup messages level=4 phase=R*(A*P) sends=140577 bytes=217981584 collective_rank_calls=3584
AMG setup messages level=5 phase=strength sends=0 bytes=0 collective_rank_calls=3584
AMG setup messages level=5 phase=strength-transpose sends=74125 bytes=6066240 collective_rank_calls=3584
AMG setup messages level=5 phase=PMIS sends=1490220 bytes=13631584 collective_rank_calls=32256
AMG setup messages level=5 phase=numbering sends=0 bytes=0 collective_rank_calls=3584
AMG setup messages level=5 phase=interpolation sends=404382 bytes=9144824 collective_rank_calls=3584
AMG setup messages level=5 phase=interpolation-transpose sends=21608 bytes=1932032 collective_rank_calls=3584
AMG setup messages level=5 phase=A*P sends=863700 bytes=57934176 collective_rank_calls=3584
AMG setup messages level=5 phase=R*(A*P) sends=64824 bytes=40798160 collective_rank_calls=3584
AMG setup messages level=6 phase=strength sends=0 bytes=0 collective_rank_calls=3584
AMG setup messages level=6 phase=strength-transpose sends=15921 bytes=953920 collective_rank_calls=3584
AMG setup messages level=6 phase=PMIS sends=259085 bytes=1856552 collective_rank_calls=21504
AMG setup messages level=6 phase=numbering sends=0 bytes=0 collective_rank_calls=3584
AMG setup messages level=6 phase=interpolation sends=78111 bytes=1073052 collective_rank_calls=3584
AMG setup messages level=6 phase=interpolation-transpose sends=6162 bytes=415392 collective_rank_calls=3584
AMG setup messages level=6 phase=A*P sends=397224 bytes=13886640 collective_rank_calls=3584
AMG setup messages level=6 phase=R*(A*P) sends=18486 bytes=6738032 collective_rank_calls=3584
AMG setup messages level=7 phase=strength sends=0 bytes=0 collective_rank_calls=3584
AMG setup messages level=7 phase=strength-transpose sends=2908 bytes=176124 collective_rank_calls=3584
AMG setup messages level=7 phase=PMIS sends=36364 bytes=297172 collective_rank_calls=14336
AMG setup messages level=7 phase=numbering sends=0 bytes=0 collective_rank_calls=3584
AMG setup messages level=7 phase=interpolation sends=12585 bytes=118364 collective_rank_calls=3584
AMG setup messages level=7 phase=interpolation-transpose sends=1073 bytes=73520 collective_rank_calls=3584
AMG setup messages level=7 phase=A*P sends=91074 bytes=2337712 collective_rank_calls=3584
AMG setup messages level=7 phase=R*(A*P) sends=3219 bytes=851328 collective_rank_calls=3584
AMG setup messages level=8 phase=strength sends=0 bytes=0 collective_rank_calls=3584
AMG setup messages level=8 phase=strength-transpose sends=583 bytes=36820 collective_rank_calls=3584
AMG setup messages level=8 phase=PMIS sends=4039 bytes=43912 collective_rank_calls=7168
AMG setup messages level=8 phase=numbering sends=0 bytes=0 collective_rank_calls=3584
AMG setup messages level=8 phase=interpolation sends=2298 bytes=17776 collective_rank_calls=3584
AMG setup messages level=8 phase=interpolation-transpose sends=395 bytes=29568 collective_rank_calls=3584
AMG setup messages level=8 phase=A*P sends=18096 bytes=375760 collective_rank_calls=3584
AMG setup messages level=8 phase=R*(A*P) sends=1185 bytes=48800 collective_rank_calls=3584
GMRES: iter = 0, residual = 0.1566669786, 1 (rel.)
GMRES: iter = 1, residual = 0.1489794856, 0.950930993 (rel.)
GMRES: iter = 2, residual = 0.1459156084, 0.9313743694 (rel.)
GMRES: iter = 3, residual = 0.1453564366, 0.9278051948 (rel.)
GMRES: iter = 4, residual = 0.1453281486, 0.9276246335 (rel.)
GMRES: iter = 5, residual = 0.1444269365, 0.9218722268 (rel.)
GMRES: iter = 6, residual = 0.1433543087, 0.9150256802 (rel.)
GMRES: iter = 7, residual = 0.1427208511, 0.9109823422 (rel.)
GMRES: iter = 8, residual = 0.1414222978, 0.9026937203 (rel.)
GMRES: iter = 9, residual = 0.1386011823, 0.8846866358 (rel.)
GMRES: iter = 10, residual = 0.1327788489, 0.8475228796 (rel.)
GMRES: iter = 11, residual = 0.1245587558, 0.7950543051 (rel.)
GMRES: iter = 12, residual = 0.1153007697, 0.735960894 (rel.)
GMRES: Solve Time = 6.634634036
The cloud-layer FLD system Newton 37: residual=0.1565266263, GMRES rtol=0.8983881664
AMG setup messages level=0 phase=strength sends=0 bytes=0 collective_rank_calls=3584
AMG setup messages level=0 phase=strength-transpose sends=28852 bytes=1219066728 collective_rank_calls=3584
AMG setup messages level=0 phase=PMIS sends=592396 bytes=3872629096 collective_rank_calls=35840
AMG setup messages level=0 phase=numbering sends=0 bytes=0 collective_rank_calls=3584
AMG setup messages level=0 phase=interpolation sends=173112 bytes=1665282140 collective_rank_calls=3584
AMG setup messages level=0 phase=interpolation-transpose sends=68933 bytes=626184032 collective_rank_calls=3584
AMG setup messages level=0 phase=A*P sends=90744 bytes=2935614304 collective_rank_calls=3584
AMG setup messages level=0 phase=R*(A*P) sends=206799 bytes=4414318240 collective_rank_calls=3584
AMG setup messages level=1 phase=strength sends=0 bytes=0 collective_rank_calls=3584
AMG setup messages level=1 phase=strength-transpose sends=76500 bytes=1428442592 collective_rank_calls=3584
AMG setup messages level=1 phase=PMIS sends=1842240 bytes=2921096416 collective_rank_calls=43008
AMG setup messages level=1 phase=numbering sends=0 bytes=0 collective_rank_calls=3584
AMG setup messages level=1 phase=interpolation sends=454908 bytes=1721677316 collective_rank_calls=3584
AMG setup messages level=1 phase=interpolation-transpose sends=74691 bytes=488467392 collective_rank_calls=3584
AMG setup messages level=1 phase=A*P sends=258114 bytes=2885570032 collective_rank_calls=3584
AMG setup messages level=1 phase=R*(A*P) sends=224073 bytes=7277943632 collective_rank_calls=3584
AMG setup messages level=2 phase=strength sends=0 bytes=0 collective_rank_calls=3584
AMG setup messages level=2 phase=strength-transpose sends=86470 bytes=631932636 collective_rank_calls=3584
AMG setup messages level=2 phase=PMIS sends=2089554 bytes=969650836 collective_rank_calls=43008
AMG setup messages level=2 phase=numbering sends=0 bytes=0 collective_rank_calls=3584
AMG setup messages level=2 phase=interpolation sends=511149 bytes=663679328 collective_rank_calls=3584
AMG setup messages level=2 phase=interpolation-transpose sends=73096 bytes=142798144 collective_rank_calls=3584
AMG setup messages level=2 phase=A*P sends=300210 bytes=1171108608 collective_rank_calls=3584
AMG setup messages level=2 phase=R*(A*P) sends=219288 bytes=3239825840 collective_rank_calls=3584
AMG setup messages level=3 phase=strength sends=0 bytes=0 collective_rank_calls=3584
AMG setup messages level=3 phase=strength-transpose sends=87596 bytes=158113384 collective_rank_calls=3584
AMG setup messages level=3 phase=PMIS sends=2302276 bytes=275665808 collective_rank_calls=46592
AMG setup messages level=3 phase=numbering sends=0 bytes=0 collective_rank_calls=3584
AMG setup messages level=3 phase=interpolation sends=517596 bytes=178854572 collective_rank_calls=3584
AMG setup messages level=3 phase=interpolation-transpose sends=64002 bytes=34026960 collective_rank_calls=3584
AMG setup messages level=3 phase=A*P sends=306936 bytes=380021424 collective_rank_calls=3584
AMG setup messages level=3 phase=R*(A*P) sends=192006 bytes=906363984 collective_rank_calls=3584
AMG setup messages level=4 phase=strength sends=0 bytes=0 collective_rank_calls=3584
AMG setup messages level=4 phase=strength-transpose sends=84375 bytes=31930340 collective_rank_calls=3584
AMG setup messages level=4 phase=PMIS sends=1905582 bytes=62457744 collective_rank_calls=39424
AMG setup messages level=4 phase=numbering sends=0 bytes=0 collective_rank_calls=3584
AMG setup messages level=4 phase=interpolation sends=492324 bytes=44546020 collective_rank_calls=3584
AMG setup messages level=4 phase=interpolation-transpose sends=47031 bytes=7997168 collective_rank_calls=3584
AMG setup messages level=4 phase=A*P sends=458880 bytes=136852368 collective_rank_calls=3584
AMG setup messages level=4 phase=R*(A*P) sends=141093 bytes=217630032 collective_rank_calls=3584
AMG setup messages level=5 phase=strength sends=0 bytes=0 collective_rank_calls=3584
AMG setup messages level=5 phase=strength-transpose sends=75087 bytes=6143572 collective_rank_calls=3584
AMG setup messages level=5 phase=PMIS sends=1343367 bytes=12521180 collective_rank_calls=28672
AMG setup messages level=5 phase=numbering sends=0 bytes=0 collective_rank_calls=3584
AMG setup messages level=5 phase=interpolation sends=410253 bytes=9241256 collective_rank_calls=3584
AMG setup messages level=5 phase=interpolation-transpose sends=21921 bytes=1966064 collective_rank_calls=3584
AMG setup messages level=5 phase=A*P sends=866772 bytes=58487568 collective_rank_calls=3584
AMG setup messages level=5 phase=R*(A*P) sends=65763 bytes=41450064 collective_rank_calls=3584
AMG setup messages level=6 phase=strength sends=0 bytes=0 collective_rank_calls=3584
AMG setup messages level=6 phase=strength-transpose sends=15788 bytes=952612 collective_rank_calls=3584
AMG setup messages level=6 phase=PMIS sends=297768 bytes=2107952 collective_rank_calls=25088
AMG setup messages level=6 phase=numbering sends=0 bytes=0 collective_rank_calls=3584
AMG setup messages level=6 phase=interpolation sends=77223 bytes=1047600 collective_rank_calls=3584
AMG setup messages level=6 phase=interpolation-transpose sends=5762 bytes=390416 collective_rank_calls=3584
AMG setup messages level=6 phase=A*P sends=394950 bytes=13691584 collective_rank_calls=3584
AMG setup messages level=6 phase=R*(A*P) sends=17286 bytes=6551728 collective_rank_calls=3584
AMG setup messages level=7 phase=strength sends=0 bytes=0 collective_rank_calls=3584
AMG setup messages level=7 phase=strength-transpose sends=2902 bytes=188860 collective_rank_calls=3584
AMG setup messages level=7 phase=PMIS sends=36026 bytes=316744 collective_rank_calls=14336
AMG setup messages level=7 phase=numbering sends=0 bytes=0 collective_rank_calls=3584
AMG setup messages level=7 phase=interpolation sends=12378 bytes=134780 collective_rank_calls=3584
AMG setup messages level=7 phase=interpolation-transpose sends=1576 bytes=122192 collective_rank_calls=3584
AMG setup messages level=7 phase=A*P sends=91890 bytes=2938672 collective_rank_calls=3584
AMG setup messages level=7 phase=R*(A*P) sends=4728 bytes=1031760 collective_rank_calls=3584
AMG setup messages level=8 phase=strength sends=0 bytes=0 collective_rank_calls=3584
AMG setup messages level=8 phase=strength-transpose sends=634 bytes=43584 collective_rank_calls=3584
AMG setup messages level=8 phase=PMIS sends=4408 bytes=53800 collective_rank_calls=7168
AMG setup messages level=8 phase=numbering sends=0 bytes=0 collective_rank_calls=3584
AMG setup messages level=8 phase=interpolation sends=2850 bytes=22812 collective_rank_calls=3584
AMG setup messages level=8 phase=interpolation-transpose sends=316 bytes=25392 collective_rank_calls=3584
AMG setup messages level=8 phase=A*P sends=16140 bytes=358240 collective_rank_calls=3584
AMG setup messages level=8 phase=R*(A*P) sends=948 bytes=44752 collective_rank_calls=3584
GMRES: iter = 0, residual = 0.1565870526, 1 (rel.)
GMRES: iter = 1, residual = 0.1425389071, 0.9102853954 (rel.)
GMRES: iter = 2, residual = 0.1369017318, 0.874285131 (rel.)
GMRES: Solve Time = 1.233138802
The cloud-layer FLD system Newton 38: residual=0.1407938745, GMRES rtol=0.7276094505
AMG setup messages level=0 phase=strength sends=0 bytes=0 collective_rank_calls=3584
AMG setup messages level=0 phase=strength-transpose sends=28852 bytes=1219070872 collective_rank_calls=3584
AMG setup messages level=0 phase=PMIS sends=592396 bytes=3872642328 collective_rank_calls=35840
AMG setup messages level=0 phase=numbering sends=0 bytes=0 collective_rank_calls=3584
AMG setup messages level=0 phase=interpolation sends=173112 bytes=1664887020 collective_rank_calls=3584
AMG setup messages level=0 phase=interpolation-transpose sends=68980 bytes=625959792 collective_rank_calls=3584
AMG setup messages level=0 phase=A*P sends=90744 bytes=2935465712 collective_rank_calls=3584
AMG setup messages level=0 phase=R*(A*P) sends=206940 bytes=4412449936 collective_rank_calls=3584
AMG setup messages level=1 phase=strength sends=0 bytes=0 collective_rank_calls=3584
AMG setup messages level=1 phase=strength-transpose sends=76308 bytes=1428444508 collective_rank_calls=3584
AMG setup messages level=1 phase=PMIS sends=2144244 bytes=3368623880 collective_rank_calls=50176
AMG setup messages level=1 phase=numbering sends=0 bytes=0 collective_rank_calls=3584
AMG setup messages level=1 phase=interpolation sends=453999 bytes=1721712964 collective_rank_calls=3584
AMG setup messages level=1 phase=interpolation-transpose sends=74620 bytes=488583872 collective_rank_calls=3584
AMG setup messages level=1 phase=A*P sends=257628 bytes=2885921280 collective_rank_calls=3584
AMG setup messages level=1 phase=R*(A*P) sends=223860 bytes=7278320000 collective_rank_calls=3584
AMG setup messages level=2 phase=strength sends=0 bytes=0 collective_rank_calls=3584
AMG setup messages level=2 phase=strength-transpose sends=86453 bytes=632013884 collective_rank_calls=3584
AMG setup messages level=2 phase=PMIS sends=2263920 bytes=1044158336 collective_rank_calls=46592
AMG setup messages level=2 phase=numbering sends=0 bytes=0 collective_rank_calls=3584
AMG setup messages level=2 phase=interpolation sends=510921 bytes=663923552 collective_rank_calls=3584
AMG setup messages level=2 phase=interpolation-transpose sends=73090 bytes=142837952 collective_rank_calls=3584
AMG setup messages level=2 phase=A*P sends=300192 bytes=1171399616 collective_rank_calls=3584
AMG setup messages level=2 phase=R*(A*P) sends=219270 bytes=3240039776 collective_rank_calls=3584
AMG setup messages level=3 phase=strength sends=0 bytes=0 collective_rank_calls=3584
AMG setup messages level=3 phase=strength-transpose sends=87612 bytes=158238516 collective_rank_calls=3584
AMG setup messages level=3 phase=PMIS sends=2302328 bytes=275837808 collective_rank_calls=46592
AMG setup messages level=3 phase=numbering sends=0 bytes=0 collective_rank_calls=3584
AMG setup messages level=3 phase=interpolation sends=517557 bytes=179120404 collective_rank_calls=3584
AMG setup messages level=3 phase=interpolation-transpose sends=63964 bytes=34043552 collective_rank_calls=3584
AMG setup messages level=3 phase=A*P sends=306894 bytes=379913312 collective_rank_calls=3584
AMG setup messages level=3 phase=R*(A*P) sends=191892 bytes=907867616 collective_rank_calls=3584
AMG setup messages level=4 phase=strength sends=0 bytes=0 collective_rank_calls=3584
AMG setup messages level=4 phase=strength-transpose sends=84538 bytes=32058192 collective_rank_calls=3584
AMG setup messages level=4 phase=PMIS sends=1735464 bytes=57562672 collective_rank_calls=35840
AMG setup messages level=4 phase=numbering sends=0 bytes=0 collective_rank_calls=3584
AMG setup messages level=4 phase=interpolation sends=493617 bytes=44743232 collective_rank_calls=3584
AMG setup messages level=4 phase=interpolation-transpose sends=46895 bytes=8011536 collective_rank_calls=3584
AMG setup messages level=4 phase=A*P sends=459054 bytes=137204800 collective_rank_calls=3584
AMG setup messages level=4 phase=R*(A*P) sends=140685 bytes=217556224 collective_rank_calls=3584
AMG setup messages level=5 phase=strength sends=0 bytes=0 collective_rank_calls=3584
AMG setup messages level=5 phase=strength-transpose sends=74625 bytes=6116584 collective_rank_calls=3584
AMG setup messages level=5 phase=PMIS sends=1336353 bytes=12459284 collective_rank_calls=28672
AMG setup messages level=5 phase=numbering sends=0 bytes=0 collective_rank_calls=3584
AMG setup messages level=5 phase=interpolation sends=407967 bytes=9264016 collective_rank_calls=3584
AMG setup messages level=5 phase=interpolation-transpose sends=21793 bytes=1956416 collective_rank_calls=3584
AMG setup messages level=5 phase=A*P sends=864462 bytes=58097920 collective_rank_calls=3584
AMG setup messages level=5 phase=R*(A*P) sends=65379 bytes=40933488 collective_rank_calls=3584
AMG setup messages level=6 phase=strength sends=0 bytes=0 collective_rank_calls=3584
AMG setup messages level=6 phase=strength-transpose sends=15861 bytes=955148 collective_rank_calls=3584
AMG setup messages level=6 phase=PMIS sends=339123 bytes=2334692 collective_rank_calls=28672
AMG setup messages level=6 phase=numbering sends=0 bytes=0 collective_rank_calls=3584
AMG setup messages level=6 phase=interpolation sends=77709 bytes=1137140 collective_rank_calls=3584
AMG setup messages level=6 phase=interpolation-transpose sends=5821 bytes=415744 collective_rank_calls=3584
AMG setup messages level=6 phase=A*P sends=391920 bytes=13866816 collective_rank_calls=3584
AMG setup messages level=6 phase=R*(A*P) sends=17463 bytes=6661504 collective_rank_calls=3584
AMG setup messages level=7 phase=strength sends=0 bytes=0 collective_rank_calls=3584
AMG setup messages level=7 phase=strength-transpose sends=2895 bytes=180148 collective_rank_calls=3584
AMG setup messages level=7 phase=PMIS sends=43452 bytes=338048 collective_rank_calls=17920
AMG setup messages level=7 phase=numbering sends=0 bytes=0 collective_rank_calls=3584
AMG setup messages level=7 phase=interpolation sends=12858 bytes=182360 collective_rank_calls=3584
AMG setup messages level=7 phase=interpolation-transpose sends=1949 bytes=140304 collective_rank_calls=3584
AMG setup messages level=7 phase=A*P sends=86646 bytes=2994416 collective_rank_calls=3584
AMG setup messages level=7 phase=R*(A*P) sends=5847 bytes=1556656 collective_rank_calls=3584
AMG setup messages level=8 phase=strength sends=0 bytes=0 collective_rank_calls=3584
AMG setup messages level=8 phase=strength-transpose sends=984 bytes=58808 collective_rank_calls=3584
AMG setup messages level=8 phase=PMIS sends=9672 bytes=85024 collective_rank_calls=10752
AMG setup messages level=8 phase=numbering sends=0 bytes=0 collective_rank_calls=3584
AMG setup messages level=8 phase=interpolation sends=4764 bytes=41224 collective_rank_calls=3584
AMG setup messages level=8 phase=interpolation-transpose sends=471 bytes=32368 collective_rank_calls=3584
AMG setup messages level=8 phase=A*P sends=27072 bytes=580944 collective_rank_calls=3584
AMG setup messages level=8 phase=R*(A*P) sends=1413 bytes=65040 collective_rank_calls=3584
GMRES: iter = 0, residual = 0.1408459482, 1 (rel.)
GMRES: iter = 1, residual = 0.1365475078, 0.9694812631 (rel.)
GMRES: iter = 2, residual = 0.1355579354, 0.9624553426 (rel.)
GMRES: iter = 3, residual = 0.1349681952, 0.9582682134 (rel.)
GMRES: iter = 4, residual = 0.1339609635, 0.9511169133 (rel.)
GMRES: iter = 5, residual = 0.1324907694, 0.9406785999 (rel.)
GMRES: iter = 6, residual = 0.1312134362, 0.9316095904 (rel.)
GMRES: iter = 7, residual = 0.1291054703, 0.9166431262 (rel.)
GMRES: iter = 8, residual = 0.1249057028, 0.8868249623 (rel.)
GMRES: iter = 9, residual = 0.1184578514, 0.8410455034 (rel.)
GMRES: iter = 10, residual = 0.1101838579, 0.7823005154 (rel.)
GMRES: iter = 11, residual = 0.1009381443, 0.7166563581 (rel.)
GMRES: Solve Time = 5.990913967
The cloud-layer FLD system Newton 39: residual=0.1368112454, GMRES rtol=0.8491753634
AMG setup messages level=0 phase=strength sends=0 bytes=0 collective_rank_calls=3584
AMG setup messages level=0 phase=strength-transpose sends=28852 bytes=1219073196 collective_rank_calls=3584
AMG setup messages level=0 phase=PMIS sends=651496 bytes=4223048760 collective_rank_calls=39424
AMG setup messages level=0 phase=numbering sends=0 bytes=0 collective_rank_calls=3584
AMG setup messages level=0 phase=interpolation sends=173112 bytes=1665279896 collective_rank_calls=3584
AMG setup messages level=0 phase=interpolation-transpose sends=68982 bytes=626135616 collective_rank_calls=3584
AMG setup messages level=0 phase=A*P sends=90744 bytes=2935637056 collective_rank_calls=3584
AMG setup messages level=0 phase=R*(A*P) sends=206946 bytes=4414041360 collective_rank_calls=3584
AMG setup messages level=1 phase=strength sends=0 bytes=0 collective_rank_calls=3584
AMG setup messages level=1 phase=strength-transpose sends=76335 bytes=1428256952 collective_rank_calls=3584
AMG setup messages level=1 phase=PMIS sends=1838137 bytes=2920885876 collective_rank_calls=43008
AMG setup messages level=1 phase=numbering sends=0 bytes=0 collective_rank_calls=3584
AMG setup messages level=1 phase=interpolation sends=454050 bytes=1721526568 collective_rank_calls=3584
AMG setup messages level=1 phase=interpolation-transpose sends=74682 bytes=488402768 collective_rank_calls=3584
AMG setup messages level=1 phase=A*P sends=258186 bytes=2885757504 collective_rank_calls=3584
AMG setup messages level=1 phase=R*(A*P) sends=224046 bytes=7275878048 collective_rank_calls=3584
AMG setup messages level=2 phase=strength sends=0 bytes=0 collective_rank_calls=3584
AMG setup messages level=2 phase=strength-transpose sends=86563 bytes=632037528 collective_rank_calls=3584
AMG setup messages level=2 phase=PMIS sends=2091799 bytes=969733600 collective_rank_calls=43008
AMG setup messages level=2 phase=numbering sends=0 bytes=0 collective_rank_calls=3584
AMG setup messages level=2 phase=interpolation sends=511848 bytes=663889952 collective_rank_calls=3584
AMG setup messages level=2 phase=interpolation-transpose sends=73234 bytes=142754480 collective_rank_calls=3584
AMG setup messages level=2 phase=A*P sends=300438 bytes=1171091904 collective_rank_calls=3584
AMG setup messages level=2 phase=R*(A*P) sends=219702 bytes=3239501664 collective_rank_calls=3584
AMG setup messages level=3 phase=strength sends=0 bytes=0 collective_rank_calls=3584
AMG setup messages level=3 phase=strength-transpose sends=87726 bytes=158118380 collective_rank_calls=3584
AMG setup messages level=3 phase=PMIS sends=2127862 bytes=256160908 collective_rank_calls=43008
AMG setup messages level=3 phase=numbering sends=0 bytes=0 collective_rank_calls=3584
AMG setup messages level=3 phase=interpolation sends=517902 bytes=178758420 collective_rank_calls=3584
AMG setup messages level=3 phase=interpolation-transpose sends=63944 bytes=34074832 collective_rank_calls=3584
AMG setup messages level=3 phase=A*P sends=307092 bytes=380143760 collective_rank_calls=3584
AMG setup messages level=3 phase=R*(A*P) sends=191832 bytes=907112992 collective_rank_calls=3584
AMG setup messages level=4 phase=strength sends=0 bytes=0 collective_rank_calls=3584
AMG setup messages level=4 phase=strength-transpose sends=84226 bytes=31940416 collective_rank_calls=3584
AMG setup messages level=4 phase=PMIS sends=1902652 bytes=62457192 collective_rank_calls=39424
AMG setup messages level=4 phase=numbering sends=0 bytes=0 collective_rank_calls=3584
AMG setup messages level=4 phase=interpolation sends=491511 bytes=44418276 collective_rank_calls=3584
AMG setup messages level=4 phase=interpolation-transpose sends=46724 bytes=7994768 collective_rank_calls=3584
AMG setup messages level=4 phase=A*P sends=459402 bytes=136892144 collective_rank_calls=3584
AMG setup messages level=4 phase=R*(A*P) sends=140172 bytes=217320576 collective_rank_calls=3584
AMG setup messages level=5 phase=strength sends=0 bytes=0 collective_rank_calls=3584
AMG setup messages level=5 phase=strength-transpose sends=73948 bytes=6071736 collective_rank_calls=3584
AMG setup messages level=5 phase=PMIS sends=1322974 bytes=12363784 collective_rank_calls=28672
AMG setup messages level=5 phase=numbering sends=0 bytes=0 collective_rank_calls=3584
AMG setup messages level=5 phase=interpolation sends=403611 bytes=9126824 collective_rank_calls=3584
AMG setup messages level=5 phase=interpolation-transpose sends=21582 bytes=1943632 collective_rank_calls=3584
AMG setup messages level=5 phase=A*P sends=860334 bytes=58060496 collective_rank_calls=3584
AMG setup messages level=5 phase=R*(A*P) sends=64746 bytes=40618048 collective_rank_calls=3584
AMG setup messages level=6 phase=strength sends=0 bytes=0 collective_rank_calls=3584
AMG setup messages level=6 phase=strength-transpose sends=15861 bytes=949844 collective_rank_calls=3584
AMG setup messages level=6 phase=PMIS sends=297134 bytes=2074600 collective_rank_calls=25088
AMG setup messages level=6 phase=numbering sends=0 bytes=0 collective_rank_calls=3584
AMG setup messages level=6 phase=interpolation sends=78105 bytes=1074716 collective_rank_calls=3584
AMG setup messages level=6 phase=interpolation-transpose sends=6069 bytes=407456 collective_rank_calls=3584
AMG setup messages level=6 phase=A*P sends=391488 bytes=13594688 collective_rank_calls=3584
AMG setup messages level=6 phase=R*(A*P) sends=18207 bytes=6399312 collective_rank_calls=3584
AMG setup messages level=7 phase=strength sends=0 bytes=0 collective_rank_calls=3584
AMG setup messages level=7 phase=strength-transpose sends=2952 bytes=177668 collective_rank_calls=3584
AMG setup messages level=7 phase=PMIS sends=45120 bytes=348096 collective_rank_calls=17920
AMG setup messages level=7 phase=numbering sends=0 bytes=0 collective_rank_calls=3584
AMG setup messages level=7 phase=interpolation sends=13035 bytes=143344 collective_rank_calls=3584
AMG setup messages level=7 phase=interpolation-transpose sends=1436 bytes=95408 collective_rank_calls=3584
AMG setup messages level=7 phase=A*P sends=83208 bytes=2521056 collective_rank_calls=3584
AMG setup messages level=7 phase=R*(A*P) sends=4308 bytes=1281536 collective_rank_calls=3584
AMG setup messages level=8 phase=strength sends=0 bytes=0 collective_rank_calls=3584
AMG setup messages level=8 phase=strength-transpose sends=697 bytes=45028 collective_rank_calls=3584
AMG setup messages level=8 phase=PMIS sends=4777 bytes=53836 collective_rank_calls=7168
AMG setup messages level=8 phase=numbering sends=0 bytes=0 collective_rank_calls=3584
AMG setup messages level=8 phase=interpolation sends=3054 bytes=24252 collective_rank_calls=3584
AMG setup messages level=8 phase=interpolation-transpose sends=362 bytes=27536 collective_rank_calls=3584
AMG setup messages level=8 phase=A*P sends=27042 bytes=543264 collective_rank_calls=3584
AMG setup messages level=8 phase=R*(A*P) sends=1086 bytes=45488 collective_rank_calls=3584
GMRES: iter = 0, residual = 0.1368341589, 1 (rel.)
GMRES: iter = 1, residual = 0.1323121985, 0.9669529857 (rel.)
GMRES: iter = 2, residual = 0.1309453127, 0.9569636245 (rel.)
GMRES: iter = 3, residual = 0.1298302017, 0.9488142631 (rel.)
GMRES: iter = 4, residual = 0.1283570078, 0.9380479905 (rel.)
GMRES: iter = 5, residual = 0.126377236, 0.9235795868 (rel.)
GMRES: iter = 6, residual = 0.1244546296, 0.9095289552 (rel.)
GMRES: iter = 7, residual = 0.1217821719, 0.8899983221 (rel.)
GMRES: iter = 8, residual = 0.1173523685, 0.8576248022 (rel.)
GMRES: iter = 9, residual = 0.1110016823, 0.8112132468 (rel.)
GMRES: Solve Time = 4.983993162
The cloud-layer FLD system Newton 40: residual=0.1346976099, GMRES rtol=0.8721139519
AMG setup messages level=0 phase=strength sends=0 bytes=0 collective_rank_calls=3584
AMG setup messages level=0 phase=strength-transpose sends=28852 bytes=1219076920 collective_rank_calls=3584
AMG setup messages level=0 phase=PMIS sends=592396 bytes=3872662168 collective_rank_calls=35840
AMG setup messages level=0 phase=numbering sends=0 bytes=0 collective_rank_calls=3584
AMG setup messages level=0 phase=interpolation sends=173112 bytes=1665154492 collective_rank_calls=3584
AMG setup messages level=0 phase=interpolation-transpose sends=68907 bytes=626088976 collective_rank_calls=3584
AMG setup messages level=0 phase=A*P sends=90744 bytes=2935576192 collective_rank_calls=3584
AMG setup messages level=0 phase=R*(A*P) sends=206721 bytes=4413869456 collective_rank_calls=3584
AMG setup messages level=1 phase=strength sends=0 bytes=0 collective_rank_calls=3584
AMG setup messages level=1 phase=strength-transpose sends=76425 bytes=1428694484 collective_rank_calls=3584
AMG setup messages level=1 phase=PMIS sends=1840609 bytes=2921616052 collective_rank_calls=43008
AMG setup messages level=1 phase=numbering sends=0 bytes=0 collective_rank_calls=3584
AMG setup messages level=1 phase=interpolation sends=454623 bytes=1722138644 collective_rank_calls=3584
AMG setup messages level=1 phase=interpolation-transpose sends=74625 bytes=488547936 collective_rank_calls=3584
AMG setup messages level=1 phase=A*P sends=257922 bytes=2885925312 collective_rank_calls=3584
AMG setup messages level=1 phase=R*(A*P) sends=223875 bytes=7278004960 collective_rank_calls=3584
AMG setup messages level=2 phase=strength sends=0 bytes=0 collective_rank_calls=3584
AMG setup messages level=2 phase=strength-transpose sends=86425 bytes=631987068 collective_rank_calls=3584
AMG setup messages level=2 phase=PMIS sends=2089371 bytes=969923788 collective_rank_calls=43008
AMG setup messages level=2 phase=numbering sends=0 bytes=0 collective_rank_calls=3584
AMG setup messages level=2 phase=interpolation sends=510993 bytes=663941260 collective_rank_calls=3584
AMG setup messages level=2 phase=interpolation-transpose sends=73309 bytes=142710720 collective_rank_calls=3584
AMG setup messages level=2 phase=A*P sends=300342 bytes=1171166000 collective_rank_calls=3584
AMG setup messages level=2 phase=R*(A*P) sends=219927 bytes=3238370688 collective_rank_calls=3584
AMG setup messages level=3 phase=strength sends=0 bytes=0 collective_rank_calls=3584
AMG setup messages level=3 phase=strength-transpose sends=87579 bytes=158133532 collective_rank_calls=3584
AMG setup messages level=3 phase=PMIS sends=2300308 bytes=275692000 collective_rank_calls=46592
AMG setup messages level=3 phase=numbering sends=0 bytes=0 collective_rank_calls=3584
AMG setup messages level=3 phase=interpolation sends=517053 bytes=179016120 collective_rank_calls=3584
AMG setup messages level=3 phase=interpolation-transpose sends=63857 bytes=34055696 collective_rank_calls=3584
AMG setup messages level=3 phase=A*P sends=306996 bytes=379975120 collective_rank_calls=3584
AMG setup messages level=3 phase=R*(A*P) sends=191571 bytes=906853168 collective_rank_calls=3584
AMG setup messages level=4 phase=strength sends=0 bytes=0 collective_rank_calls=3584
AMG setup messages level=4 phase=strength-transpose sends=84247 bytes=31930656 collective_rank_calls=3584
AMG setup messages level=4 phase=PMIS sends=1903702 bytes=62441528 collective_rank_calls=39424
AMG setup messages level=4 phase=numbering sends=0 bytes=0 collective_rank_calls=3584
AMG setup messages level=4 phase=interpolation sends=491652 bytes=44504652 collective_rank_calls=3584
AMG setup messages level=4 phase=interpolation-transpose sends=46921 bytes=7994864 collective_rank_calls=3584
AMG setup messages level=4 phase=A*P sends=459576 bytes=136897744 collective_rank_calls=3584
AMG setup messages level=4 phase=R*(A*P) sends=140763 bytes=218562032 collective_rank_calls=3584
AMG setup messages level=5 phase=strength sends=0 bytes=0 collective_rank_calls=3584
AMG setup messages level=5 phase=strength-transpose sends=74570 bytes=6100636 collective_rank_calls=3584
AMG setup messages level=5 phase=PMIS sends=1333538 bytes=12455180 collective_rank_calls=28672
AMG setup messages level=5 phase=numbering sends=0 bytes=0 collective_rank_calls=3584
AMG setup messages level=5 phase=interpolation sends=406653 bytes=9239464 collective_rank_calls=3584
AMG setup messages level=5 phase=interpolation-transpose sends=21926 bytes=1971040 collective_rank_calls=3584
AMG setup messages level=5 phase=A*P sends=867894 bytes=58525808 collective_rank_calls=3584
AMG setup messages level=5 phase=R*(A*P) sends=65778 bytes=41305088 collective_rank_calls=3584
AMG setup messages level=6 phase=strength sends=0 bytes=0 collective_rank_calls=3584
AMG setup messages level=6 phase=strength-transpose sends=15845 bytes=943516 collective_rank_calls=3584
AMG setup messages level=6 phase=PMIS sends=257151 bytes=1832872 collective_rank_calls=21504
AMG setup messages level=6 phase=numbering sends=0 bytes=0 collective_rank_calls=3584
AMG setup messages level=6 phase=interpolation sends=77982 bytes=1097404 collective_rank_calls=3584
AMG setup messages level=6 phase=interpolation-transpose sends=6243 bytes=422640 collective_rank_calls=3584
AMG setup messages level=6 phase=A*P sends=394812 bytes=13793472 collective_rank_calls=3584
AMG setup messages level=6 phase=R*(A*P) sends=18729 bytes=6511664 collective_rank_calls=3584
AMG setup messages level=7 phase=strength sends=0 bytes=0 collective_rank_calls=3584
AMG setup messages level=7 phase=strength-transpose sends=2822 bytes=170076 collective_rank_calls=3584
AMG setup messages level=7 phase=PMIS sends=35286 bytes=282636 collective_rank_calls=14336
AMG setup messages level=7 phase=numbering sends=0 bytes=0 collective_rank_calls=3584
AMG setup messages level=7 phase=interpolation sends=12462 bytes=123004 collective_rank_calls=3584
AMG setup messages level=7 phase=interpolation-transpose sends=1332 bytes=92544 collective_rank_calls=3584
AMG setup messages level=7 phase=A*P sends=85908 bytes=2334512 collective_rank_calls=3584
AMG setup messages level=7 phase=R*(A*P) sends=3996 bytes=954448 collective_rank_calls=3584
AMG setup messages level=8 phase=strength sends=0 bytes=0 collective_rank_calls=3584
AMG setup messages level=8 phase=strength-transpose sends=679 bytes=40772 collective_rank_calls=3584
AMG setup messages level=8 phase=PMIS sends=4507 bytes=46288 collective_rank_calls=7168
AMG setup messages level=8 phase=numbering sends=0 bytes=0 collective_rank_calls=3584
AMG setup messages level=8 phase=interpolation sends=2505 bytes=18920 collective_rank_calls=3584
AMG setup messages level=8 phase=interpolation-transpose sends=484 bytes=34320 collective_rank_calls=3584
AMG setup messages level=8 phase=A*P sends=19542 bytes=461536 collective_rank_calls=3584
AMG setup messages level=8 phase=R*(A*P) sends=1452 bytes=71936 collective_rank_calls=3584
GMRES: iter = 0, residual = 0.1347353602, 1 (rel.)
GMRES: iter = 1, residual = 0.127562304, 0.9467618876 (rel.)
GMRES: iter = 2, residual = 0.1250409405, 0.9280484374 (rel.)
GMRES: iter = 3, residual = 0.122367401, 0.9082055427 (rel.)
GMRES: iter = 4, residual = 0.1195325265, 0.8871652273 (rel.)
GMRES: iter = 5, residual = 0.1160970662, 0.8616673902 (rel.)
GMRES: Solve Time = 2.839117063
The cloud-layer FLD system Newton 41: residual=0.1319856379, GMRES rtol=0.8636398741
AMG setup messages level=0 phase=strength sends=0 bytes=0 collective_rank_calls=3584
AMG setup messages level=0 phase=strength-transpose sends=28852 bytes=1219080504 collective_rank_calls=3584
AMG setup messages level=0 phase=PMIS sends=651496 bytes=4223075272 collective_rank_calls=39424
AMG setup messages level=0 phase=numbering sends=0 bytes=0 collective_rank_calls=3584
AMG setup messages level=0 phase=interpolation sends=173112 bytes=1665228252 collective_rank_calls=3584
AMG setup messages level=0 phase=interpolation-transpose sends=68948 bytes=626145328 collective_rank_calls=3584
AMG setup messages level=0 phase=A*P sends=90744 bytes=2935638288 collective_rank_calls=3584
AMG setup messages level=0 phase=R*(A*P) sends=206844 bytes=4414322448 collective_rank_calls=3584
AMG setup messages level=1 phase=strength sends=0 bytes=0 collective_rank_calls=3584
AMG setup messages level=1 phase=strength-transpose sends=76329 bytes=1428285628 collective_rank_calls=3584
AMG setup messages level=1 phase=PMIS sends=1992044 bytes=3144779296 collective_rank_calls=46592
AMG setup messages level=1 phase=numbering sends=0 bytes=0 collective_rank_calls=3584
AMG setup messages level=1 phase=interpolation sends=454041 bytes=1721660248 collective_rank_calls=3584
AMG setup messages level=1 phase=interpolation-transpose sends=74675 bytes=488434816 collective_rank_calls=3584
AMG setup messages level=1 phase=A*P sends=258270 bytes=2885546976 collective_rank_calls=3584
AMG setup messages level=1 phase=R*(A*P) sends=224025 bytes=7277626592 collective_rank_calls=3584
AMG setup messages level=2 phase=strength sends=0 bytes=0 collective_rank_calls=3584
AMG setup messages level=2 phase=strength-transpose sends=86395 bytes=631900256 collective_rank_calls=3584
AMG setup messages level=2 phase=PMIS sends=2261460 bytes=1043963072 collective_rank_calls=46592
AMG setup messages level=2 phase=numbering sends=0 bytes=0 collective_rank_calls=3584
AMG setup messages level=2 phase=interpolation sends=510501 bytes=663765792 collective_rank_calls=3584
AMG setup messages level=2 phase=interpolation-transpose sends=73208 bytes=142702048 collective_rank_calls=3584
AMG setup messages level=2 phase=A*P sends=300342 bytes=1171116240 collective_rank_calls=3584
AMG setup messages level=2 phase=R*(A*P) sends=219624 bytes=3235877040 collective_rank_calls=3584
AMG setup messages level=3 phase=strength sends=0 bytes=0 collective_rank_calls=3584
AMG setup messages level=3 phase=strength-transpose sends=87730 bytes=158064564 collective_rank_calls=3584
AMG setup messages level=3 phase=PMIS sends=2127204 bytes=255914848 collective_rank_calls=43008
AMG setup messages level=3 phase=numbering sends=0 bytes=0 collective_rank_calls=3584
AMG setup messages level=3 phase=interpolation sends=518145 bytes=178850880 collective_rank_calls=3584
AMG setup messages level=3 phase=interpolation-transpose sends=63951 bytes=34012896 collective_rank_calls=3584
AMG setup messages level=3 phase=A*P sends=307068 bytes=379775424 collective_rank_calls=3584
AMG setup messages level=3 phase=R*(A*P) sends=191853 bytes=905942032 collective_rank_calls=3584
AMG setup messages level=4 phase=strength sends=0 bytes=0 collective_rank_calls=3584
AMG setup messages level=4 phase=strength-transpose sends=84422 bytes=31918780 collective_rank_calls=3584
AMG setup messages level=4 phase=PMIS sends=1907324 bytes=62392792 collective_rank_calls=39424
AMG setup messages level=4 phase=numbering sends=0 bytes=0 collective_rank_calls=3584
AMG setup messages level=4 phase=interpolation sends=493056 bytes=44591628 collective_rank_calls=3584
AMG setup messages level=4 phase=interpolation-transpose sends=46648 bytes=7985040 collective_rank_calls=3584
AMG setup messages level=4 phase=A*P sends=458070 bytes=137048432 collective_rank_calls=3584
AMG setup messages level=4 phase=R*(A*P) sends=139944 bytes=216404560 collective_rank_calls=3584
AMG setup messages level=5 phase=strength sends=0 bytes=0 collective_rank_calls=3584
AMG setup messages level=5 phase=strength-transpose sends=73949 bytes=6080876 collective_rank_calls=3584
AMG setup messages level=5 phase=PMIS sends=1320767 bytes=12334328 collective_rank_calls=28672
AMG setup messages level=5 phase=numbering sends=0 bytes=0 collective_rank_calls=3584
AMG setup messages level=5 phase=interpolation sends=405849 bytes=9188304 collective_rank_calls=3584
AMG setup messages level=5 phase=interpolation-transpose sends=21394 bytes=1926448 collective_rank_calls=3584
AMG setup messages level=5 phase=A*P sends=856620 bytes=57800464 collective_rank_calls=3584
AMG setup messages level=5 phase=R*(A*P) sends=64182 bytes=39933296 collective_rank_calls=3584
AMG setup messages level=6 phase=strength sends=0 bytes=0 collective_rank_calls=3584
AMG setup messages level=6 phase=strength-transpose sends=15402 bytes=935120 collective_rank_calls=3584
AMG setup messages level=6 phase=PMIS sends=329808 bytes=2277816 collective_rank_calls=28672
AMG setup messages level=6 phase=numbering sends=0 bytes=0 collective_rank_calls=3584
AMG setup messages level=6 phase=interpolation sends=76059 bytes=1039112 collective_rank_calls=3584
AMG setup messages level=6 phase=interpolation-transpose sends=5879 bytes=399904 collective_rank_calls=3584
AMG setup messages level=6 phase=A*P sends=376950 bytes=13138096 collective_rank_calls=3584
AMG setup messages level=6 phase=R*(A*P) sends=17637 bytes=6280240 collective_rank_calls=3584
AMG setup messages level=7 phase=strength sends=0 bytes=0 collective_rank_calls=3584
AMG setup messages level=7 phase=strength-transpose sends=2805 bytes=172948 collective_rank_calls=3584
AMG setup messages level=7 phase=PMIS sends=26618 bytes=238568 collective_rank_calls=10752
AMG setup messages level=7 phase=numbering sends=0 bytes=0 collective_rank_calls=3584
AMG setup messages level=7 phase=interpolation sends=12801 bytes=130716 collective_rank_calls=3584
AMG setup messages level=7 phase=interpolation-transpose sends=1421 bytes=100448 collective_rank_calls=3584
AMG setup messages level=7 phase=A*P sends=82080 bytes=2378672 collective_rank_calls=3584
AMG setup messages level=7 phase=R*(A*P) sends=4263 bytes=786608 collective_rank_calls=3584
AMG setup messages level=8 phase=strength sends=0 bytes=0 collective_rank_calls=3584
AMG setup messages level=8 phase=strength-transpose sends=538 bytes=33908 collective_rank_calls=3584
AMG setup messages level=8 phase=PMIS sends=3748 bytes=40612 collective_rank_calls=7168
AMG setup messages level=8 phase=numbering sends=0 bytes=0 collective_rank_calls=3584
AMG setup messages level=8 phase=interpolation sends=2367 bytes=18792 collective_rank_calls=3584
AMG setup messages level=8 phase=interpolation-transpose sends=285 bytes=21088 collective_rank_calls=3584
AMG setup messages level=8 phase=A*P sends=11496 bytes=237504 collective_rank_calls=3584
AMG setup messages level=8 phase=R*(A*P) sends=855 bytes=34704 collective_rank_calls=3584
GMRES: iter = 0, residual = 0.1320400244, 1 (rel.)
GMRES: iter = 1, residual = 0.1232719838, 0.9335955849 (rel.)
GMRES: iter = 2, residual = 0.1197510251, 0.9069297406 (rel.)
GMRES: iter = 3, residual = 0.1153363403, 0.8734952963 (rel.)
GMRES: iter = 4, residual = 0.1098285013, 0.8317818918 (rel.)
GMRES: Solve Time = 2.296354786
The cloud-layer FLD system Newton 42: residual=0.1305789508, GMRES rtol=0.8801925063
AMG setup messages level=0 phase=strength sends=0 bytes=0 collective_rank_calls=3584
AMG setup messages level=0 phase=strength-transpose sends=28852 bytes=1219084872 collective_rank_calls=3584
AMG setup messages level=0 phase=PMIS sends=592396 bytes=3872689292 collective_rank_calls=35840
AMG setup messages level=0 phase=numbering sends=0 bytes=0 collective_rank_calls=3584
AMG setup messages level=0 phase=interpolation sends=173112 bytes=1665043404 collective_rank_calls=3584
AMG setup messages level=0 phase=interpolation-transpose sends=68924 bytes=626032944 collective_rank_calls=3584
AMG setup messages level=0 phase=A*P sends=90744 bytes=2935586576 collective_rank_calls=3584
AMG setup messages level=0 phase=R*(A*P) sends=206772 bytes=4413133840 collective_rank_calls=3584
AMG setup messages level=1 phase=strength sends=0 bytes=0 collective_rank_calls=3584
AMG setup messages level=1 phase=strength-transpose sends=76382 bytes=1428485288 collective_rank_calls=3584
AMG setup messages level=1 phase=PMIS sends=1839226 bytes=2921079024 collective_rank_calls=43008
AMG setup messages level=1 phase=numbering sends=0 bytes=0 collective_rank_calls=3584
AMG setup messages level=1 phase=interpolation sends=454359 bytes=1721722996 collective_rank_calls=3584
AMG setup messages level=1 phase=interpolation-transpose sends=74765 bytes=488641200 collective_rank_calls=3584
AMG setup messages level=1 phase=A*P sends=258096 bytes=2885541888 collective_rank_calls=3584
AMG setup messages level=1 phase=R*(A*P) sends=224295 bytes=7278019280 collective_rank_calls=3584
AMG setup messages level=2 phase=strength sends=0 bytes=0 collective_rank_calls=3584
AMG setup messages level=2 phase=strength-transpose sends=86670 bytes=631907116 collective_rank_calls=3584
AMG setup messages level=2 phase=PMIS sends=2269184 bytes=1044081168 collective_rank_calls=46592
AMG setup messages level=2 phase=numbering sends=0 bytes=0 collective_rank_calls=3584
AMG setup messages level=2 phase=interpolation sends=512214 bytes=663871532 collective_rank_calls=3584
AMG setup messages level=2 phase=interpolation-transpose sends=73280 bytes=142589376 collective_rank_calls=3584
AMG setup messages level=2 phase=A*P sends=300168 bytes=1170982288 collective_rank_calls=3584
AMG setup messages level=2 phase=R*(A*P) sends=219840 bytes=3236714928 collective_rank_calls=3584
AMG setup messages level=3 phase=strength sends=0 bytes=0 collective_rank_calls=3584
AMG setup messages level=3 phase=strength-transpose sends=87503 bytes=158128592 collective_rank_calls=3584
AMG setup messages level=3 phase=PMIS sends=2122627 bytes=256051260 collective_rank_calls=43008
AMG setup messages level=3 phase=numbering sends=0 bytes=0 collective_rank_calls=3584
AMG setup messages level=3 phase=interpolation sends=516867 bytes=178986424 collective_rank_calls=3584
AMG setup messages level=3 phase=interpolation-transpose sends=63863 bytes=34027872 collective_rank_calls=3584
AMG setup messages level=3 phase=A*P sends=306990 bytes=379963456 collective_rank_calls=3584
AMG setup messages level=3 phase=R*(A*P) sends=191589 bytes=906492864 collective_rank_calls=3584
AMG setup messages level=4 phase=strength sends=0 bytes=0 collective_rank_calls=3584
AMG setup messages level=4 phase=strength-transpose sends=84180 bytes=31986044 collective_rank_calls=3584
AMG setup messages level=4 phase=PMIS sends=1901496 bytes=62471608 collective_rank_calls=39424
AMG setup messages level=4 phase=numbering sends=0 bytes=0 collective_rank_calls=3584
AMG setup messages level=4 phase=interpolation sends=491088 bytes=44543244 collective_rank_calls=3584
AMG setup messages level=4 phase=interpolation-transpose sends=46958 bytes=7992048 collective_rank_calls=3584
AMG setup messages level=4 phase=A*P sends=458538 bytes=136940880 collective_rank_calls=3584
AMG setup messages level=4 phase=R*(A*P) sends=140874 bytes=218083248 collective_rank_calls=3584
AMG setup messages level=5 phase=strength sends=0 bytes=0 collective_rank_calls=3584
AMG setup messages level=5 phase=strength-transpose sends=74685 bytes=6106652 collective_rank_calls=3584
AMG setup messages level=5 phase=PMIS sends=1172606 bytes=11157656 collective_rank_calls=25088
AMG setup messages level=5 phase=numbering sends=0 bytes=0 collective_rank_calls=3584
AMG setup messages level=5 phase=interpolation sends=407268 bytes=9253324 collective_rank_calls=3584
AMG setup messages level=5 phase=interpolation-transpose sends=21905 bytes=1968544 collective_rank_calls=3584
AMG setup messages level=5 phase=A*P sends=868086 bytes=58545344 collective_rank_calls=3584
AMG setup messages level=5 phase=R*(A*P) sends=65715 bytes=41072848 collective_rank_calls=3584
AMG setup messages level=6 phase=strength sends=0 bytes=0 collective_rank_calls=3584
AMG setup messages level=6 phase=strength-transpose sends=15768 bytes=921508 collective_rank_calls=3584
AMG setup messages level=6 phase=PMIS sends=335880 bytes=2232732 collective_rank_calls=28672
AMG setup messages level=6 phase=numbering sends=0 bytes=0 collective_rank_calls=3584
AMG setup messages level=6 phase=interpolation sends=77175 bytes=1096796 collective_rank_calls=3584
AMG setup messages level=6 phase=interpolation-transpose sends=6002 bytes=399520 collective_rank_calls=3584
AMG setup messages level=6 phase=A*P sends=395112 bytes=13472560 collective_rank_calls=3584
AMG setup messages level=6 phase=R*(A*P) sends=18006 bytes=6364512 collective_rank_calls=3584
AMG setup messages level=7 phase=strength sends=0 bytes=0 collective_rank_calls=3584
AMG setup messages level=7 phase=strength-transpose sends=2962 bytes=173848 collective_rank_calls=3584
AMG setup messages level=7 phase=PMIS sends=36646 bytes=285916 collective_rank_calls=14336
AMG setup messages level=7 phase=numbering sends=0 bytes=0 collective_rank_calls=3584
AMG setup messages level=7 phase=interpolation sends=12807 bytes=142644 collective_rank_calls=3584
AMG setup messages level=7 phase=interpolation-transpose sends=1537 bytes=104528 collective_rank_calls=3584
AMG setup messages level=7 phase=A*P sends=88332 bytes=2650720 collective_rank_calls=3584
AMG setup messages level=7 phase=R*(A*P) sends=4611 bytes=1250496 collective_rank_calls=3584
AMG setup messages level=8 phase=strength sends=0 bytes=0 collective_rank_calls=3584
AMG setup messages level=8 phase=strength-transpose sends=879 bytes=53084 collective_rank_calls=3584
AMG setup messages level=8 phase=PMIS sends=5949 bytes=61244 collective_rank_calls=7168
AMG setup messages level=8 phase=numbering sends=0 bytes=0 collective_rank_calls=3584
AMG setup messages level=8 phase=interpolation sends=4212 bytes=34452 collective_rank_calls=3584
AMG setup messages level=8 phase=interpolation-transpose sends=337 bytes=24096 collective_rank_calls=3584
AMG setup messages level=8 phase=A*P sends=22590 bytes=423312 collective_rank_calls=3584
AMG setup messages level=8 phase=R*(A*P) sends=1011 bytes=37808 collective_rank_calls=3584
GMRES: iter = 0, residual = 0.1306151892, 1 (rel.)
GMRES: iter = 1, residual = 0.118634401, 0.9082741584 (rel.)
GMRES: iter = 2, residual = 0.1131988314, 0.8666590161 (rel.)
GMRES: Solve Time = 1.209657875
The cloud-layer FLD system Newton 43: residual=0.1193663935, GMRES rtol=0.7516562734
AMG setup messages level=0 phase=strength sends=0 bytes=0 collective_rank_calls=3584
AMG setup messages level=0 phase=strength-transpose sends=28852 bytes=1219088636 collective_rank_calls=3584
AMG setup messages level=0 phase=PMIS sends=592396 bytes=3872700668 collective_rank_calls=35840
AMG setup messages level=0 phase=numbering sends=0 bytes=0 collective_rank_calls=3584
AMG setup messages level=0 phase=interpolation sends=173112 bytes=1665283268 collective_rank_calls=3584
AMG setup messages level=0 phase=interpolation-transpose sends=68963 bytes=625979200 collective_rank_calls=3584
AMG setup messages level=0 phase=A*P sends=90744 bytes=2935677616 collective_rank_calls=3584
AMG setup messages level=0 phase=R*(A*P) sends=206889 bytes=4413412368 collective_rank_calls=3584
AMG setup messages level=1 phase=strength sends=0 bytes=0 collective_rank_calls=3584
AMG setup messages level=1 phase=strength-transpose sends=76413 bytes=1428345760 collective_rank_calls=3584
AMG setup messages level=1 phase=PMIS sends=1993976 bytes=3144331952 collective_rank_calls=46592
AMG setup messages level=1 phase=numbering sends=0 bytes=0 collective_rank_calls=3584
AMG setup messages level=1 phase=interpolation sends=454467 bytes=1721509972 collective_rank_calls=3584
AMG setup messages level=1 phase=interpolation-transpose sends=74718 bytes=488434032 collective_rank_calls=3584
AMG setup messages level=1 phase=A*P sends=257844 bytes=2885317776 collective_rank_calls=3584
AMG setup messages level=1 phase=R*(A*P) sends=224154 bytes=7277062592 collective_rank_calls=3584
AMG setup messages level=2 phase=strength sends=0 bytes=0 collective_rank_calls=3584
AMG setup messages level=2 phase=strength-transpose sends=86396 bytes=631915100 collective_rank_calls=3584
AMG setup messages level=2 phase=PMIS sends=2260828 bytes=1044032032 collective_rank_calls=46592
AMG setup messages level=2 phase=numbering sends=0 bytes=0 collective_rank_calls=3584
AMG setup messages level=2 phase=interpolation sends=510423 bytes=663706392 collective_rank_calls=3584
AMG setup messages level=2 phase=interpolation-transpose sends=73266 bytes=142601472 collective_rank_calls=3584
AMG setup messages level=2 phase=A*P sends=300126 bytes=1171046656 collective_rank_calls=3584
AMG setup messages level=2 phase=R*(A*P) sends=219798 bytes=3234903280 collective_rank_calls=3584
AMG setup messages level=3 phase=strength sends=0 bytes=0 collective_rank_calls=3584
AMG setup messages level=3 phase=strength-transpose sends=87574 bytes=158076484 collective_rank_calls=3584
AMG setup messages level=3 phase=PMIS sends=2301368 bytes=275565264 collective_rank_calls=46592
AMG setup messages level=3 phase=numbering sends=0 bytes=0 collective_rank_calls=3584
AMG setup messages level=3 phase=interpolation sends=516987 bytes=178941372 collective_rank_calls=3584
AMG setup messages level=3 phase=interpolation-transpose sends=63976 bytes=33993216 collective_rank_calls=3584
AMG setup messages level=3 phase=A*P sends=307128 bytes=379748192 collective_rank_calls=3584
AMG setup messages level=3 phase=R*(A*P) sends=191928 bytes=906017248 collective_rank_calls=3584
AMG setup messages level=4 phase=strength sends=0 bytes=0 collective_rank_calls=3584
AMG setup messages level=4 phase=strength-transpose sends=84359 bytes=31960912 collective_rank_calls=3584
AMG setup messages level=4 phase=PMIS sends=1905542 bytes=62520168 collective_rank_calls=39424
AMG setup messages level=4 phase=numbering sends=0 bytes=0 collective_rank_calls=3584
AMG setup messages level=4 phase=interpolation sends=492300 bytes=44607500 collective_rank_calls=3584
AMG setup messages level=4 phase=interpolation-transpose sends=47033 bytes=7993312 collective_rank_calls=3584
AMG setup messages level=4 phase=A*P sends=458508 bytes=136836336 collective_rank_calls=3584
AMG setup messages level=4 phase=R*(A*P) sends=141099 bytes=217675440 collective_rank_calls=3584
AMG setup messages level=5 phase=strength sends=0 bytes=0 collective_rank_calls=3584
AMG setup messages level=5 phase=strength-transpose sends=74251 bytes=6126936 collective_rank_calls=3584
AMG setup messages level=5 phase=PMIS sends=1328299 bytes=12460836 collective_rank_calls=28672
AMG setup messages level=5 phase=numbering sends=0 bytes=0 collective_rank_calls=3584
AMG setup messages level=5 phase=interpolation sends=406329 bytes=9257728 collective_rank_calls=3584
AMG setup messages level=5 phase=interpolation-transpose sends=21731 bytes=1974672 collective_rank_calls=3584
AMG setup messages level=5 phase=A*P sends=864012 bytes=58593440 collective_rank_calls=3584
AMG setup messages level=5 phase=R*(A*P) sends=65193 bytes=40682960 collective_rank_calls=3584
AMG setup messages level=6 phase=strength sends=0 bytes=0 collective_rank_calls=3584
AMG setup messages level=6 phase=strength-transpose sends=15391 bytes=920312 collective_rank_calls=3584
AMG setup messages level=6 phase=PMIS sends=210100 bytes=1555120 collective_rank_calls=17920
AMG setup messages level=6 phase=numbering sends=0 bytes=0 collective_rank_calls=3584
AMG setup messages level=6 phase=interpolation sends=75657 bytes=1061564 collective_rank_calls=3584
AMG setup messages level=6 phase=interpolation-transpose sends=6075 bytes=411680 collective_rank_calls=3584
AMG setup messages level=6 phase=A*P sends=388398 bytes=13555200 collective_rank_calls=3584
AMG setup messages level=6 phase=R*(A*P) sends=18225 bytes=6464128 collective_rank_calls=3584
AMG setup messages level=7 phase=strength sends=0 bytes=0 collective_rank_calls=3584
AMG setup messages level=7 phase=strength-transpose sends=2973 bytes=179124 collective_rank_calls=3584
AMG setup messages level=7 phase=PMIS sends=45216 bytes=344928 collective_rank_calls=17920
AMG setup messages level=7 phase=numbering sends=0 bytes=0 collective_rank_calls=3584
AMG setup messages level=7 phase=interpolation sends=13038 bytes=140456 collective_rank_calls=3584
AMG setup messages level=7 phase=interpolation-transpose sends=1567 bytes=105360 collective_rank_calls=3584
AMG setup messages level=7 phase=A*P sends=87810 bytes=2719760 collective_rank_calls=3584
AMG setup messages level=7 phase=R*(A*P) sends=4701 bytes=1406016 collective_rank_calls=3584
AMG setup messages level=8 phase=strength sends=0 bytes=0 collective_rank_calls=3584
AMG setup messages level=8 phase=strength-transpose sends=798 bytes=50208 collective_rank_calls=3584
AMG setup messages level=8 phase=PMIS sends=5406 bytes=59072 collective_rank_calls=7168
AMG setup messages level=8 phase=numbering sends=0 bytes=0 collective_rank_calls=3584
AMG setup messages level=8 phase=interpolation sends=3705 bytes=29944 collective_rank_calls=3584
AMG setup messages level=8 phase=interpolation-transpose sends=344 bytes=25872 collective_rank_calls=3584
AMG setup messages level=8 phase=A*P sends=25506 bytes=517664 collective_rank_calls=3584
AMG setup messages level=8 phase=R*(A*P) sends=1032 bytes=42624 collective_rank_calls=3584
GMRES: iter = 0, residual = 0.1193907764, 1 (rel.)
GMRES: iter = 1, residual = 0.1120070063, 0.9381546024 (rel.)
GMRES: iter = 2, residual = 0.1083210304, 0.907281397 (rel.)
GMRES: iter = 3, residual = 0.1018584908, 0.8531520935 (rel.)
GMRES: iter = 4, residual = 0.09101091574, 0.7622943625 (rel.)
GMRES: iter = 5, residual = 0.07575595509, 0.6345210024 (rel.)
GMRES: Solve Time = 2.890283744
The cloud-layer FLD system Newton 44: residual=0.115996991, GMRES rtol=0.8495606808
AMG setup messages level=0 phase=strength sends=0 bytes=0 collective_rank_calls=3584
AMG setup messages level=0 phase=strength-transpose sends=28852 bytes=1219092024 collective_rank_calls=3584
AMG setup messages level=0 phase=PMIS sends=592396 bytes=3872711056 collective_rank_calls=35840
AMG setup messages level=0 phase=numbering sends=0 bytes=0 collective_rank_calls=3584
AMG setup messages level=0 phase=interpolation sends=173112 bytes=1665490904 collective_rank_calls=3584
AMG setup messages level=0 phase=interpolation-transpose sends=68973 bytes=626132880 collective_rank_calls=3584
AMG setup messages level=0 phase=A*P sends=90744 bytes=2935808704 collective_rank_calls=3584
AMG setup messages level=0 phase=R*(A*P) sends=206919 bytes=4414913408 collective_rank_calls=3584
AMG setup messages level=1 phase=strength sends=0 bytes=0 collective_rank_calls=3584
AMG setup messages level=1 phase=strength-transpose sends=76380 bytes=1428200708 collective_rank_calls=3584
AMG setup messages level=1 phase=PMIS sends=1839386 bytes=2920964656 collective_rank_calls=43008
AMG setup messages level=1 phase=numbering sends=0 bytes=0 collective_rank_calls=3584
AMG setup messages level=1 phase=interpolation sends=454329 bytes=1721612204 collective_rank_calls=3584
AMG setup messages level=1 phase=interpolation-transpose sends=74669 bytes=488409888 collective_rank_calls=3584
AMG setup messages level=1 phase=A*P sends=257694 bytes=2885460240 collective_rank_calls=3584
AMG setup messages level=1 phase=R*(A*P) sends=224007 bytes=7276937808 collective_rank_calls=3584
AMG setup messages level=2 phase=strength sends=0 bytes=0 collective_rank_calls=3584
AMG setup messages level=2 phase=strength-transpose sends=86654 bytes=631947432 collective_rank_calls=3584
AMG setup messages level=2 phase=PMIS sends=2094724 bytes=969959588 collective_rank_calls=43008
AMG setup messages level=2 phase=numbering sends=0 bytes=0 collective_rank_calls=3584
AMG setup messages level=2 phase=interpolation sends=511821 bytes=664050788 collective_rank_calls=3584
AMG setup messages level=2 phase=interpolation-transpose sends=73317 bytes=142756224 collective_rank_calls=3584
AMG setup messages level=2 phase=A*P sends=300384 bytes=1171489808 collective_rank_calls=3584
AMG setup messages level=2 phase=R*(A*P) sends=219951 bytes=3239003232 collective_rank_calls=3584
AMG setup messages level=3 phase=strength sends=0 bytes=0 collective_rank_calls=3584
AMG setup messages level=3 phase=strength-transpose sends=87441 bytes=158085784 collective_rank_calls=3584
AMG setup messages level=3 phase=PMIS sends=2120281 bytes=256054040 collective_rank_calls=43008
AMG setup messages level=3 phase=numbering sends=0 bytes=0 collective_rank_calls=3584
AMG setup messages level=3 phase=interpolation sends=516480 bytes=178924532 collective_rank_calls=3584
AMG setup messages level=3 phase=interpolation-transpose sends=63930 bytes=34063776 collective_rank_calls=3584
AMG setup messages level=3 phase=A*P sends=307026 bytes=379865504 collective_rank_calls=3584
AMG setup messages level=3 phase=R*(A*P) sends=191790 bytes=907405072 collective_rank_calls=3584
AMG setup messages level=4 phase=strength sends=0 bytes=0 collective_rank_calls=3584
AMG setup messages level=4 phase=strength-transpose sends=84364 bytes=31915988 collective_rank_calls=3584
AMG setup messages level=4 phase=PMIS sends=1906288 bytes=62437400 collective_rank_calls=39424
AMG setup messages level=4 phase=numbering sends=0 bytes=0 collective_rank_calls=3584
AMG setup messages level=4 phase=interpolation sends=492279 bytes=44527788 collective_rank_calls=3584
AMG setup messages level=4 phase=interpolation-transpose sends=46854 bytes=7971776 collective_rank_calls=3584
AMG setup messages level=4 phase=A*P sends=457920 bytes=136896176 collective_rank_calls=3584
AMG setup messages level=4 phase=R*(A*P) sends=140562 bytes=216711472 collective_rank_calls=3584
AMG setup messages level=5 phase=strength sends=0 bytes=0 collective_rank_calls=3584
AMG setup messages level=5 phase=strength-transpose sends=73975 bytes=6074788 collective_rank_calls=3584
AMG setup messages level=5 phase=PMIS sends=1322587 bytes=12356316 collective_rank_calls=28672
AMG setup messages level=5 phase=numbering sends=0 bytes=0 collective_rank_calls=3584
AMG setup messages level=5 phase=interpolation sends=404409 bytes=9137248 collective_rank_calls=3584
AMG setup messages level=5 phase=interpolation-transpose sends=21869 bytes=1945760 collective_rank_calls=3584
AMG setup messages level=5 phase=A*P sends=862380 bytes=58137216 collective_rank_calls=3584
AMG setup messages level=5 phase=R*(A*P) sends=65607 bytes=41136624 collective_rank_calls=3584
AMG setup messages level=6 phase=strength sends=0 bytes=0 collective_rank_calls=3584
AMG setup messages level=6 phase=strength-transpose sends=16207 bytes=963300 collective_rank_calls=3584
AMG setup messages level=6 phase=PMIS sends=305002 bytes=2115248 collective_rank_calls=25088
AMG setup messages level=6 phase=numbering sends=0 bytes=0 collective_rank_calls=3584
AMG setup messages level=6 phase=interpolation sends=80646 bytes=1092848 collective_rank_calls=3584
AMG setup messages level=6 phase=interpolation-transpose sends=6174 bytes=412352 collective_rank_calls=3584
AMG setup messages level=6 phase=A*P sends=397662 bytes=13715536 collective_rank_calls=3584
AMG setup messages level=6 phase=R*(A*P) sends=18522 bytes=6456240 collective_rank_calls=3584
AMG setup messages level=7 phase=strength sends=0 bytes=0 collective_rank_calls=3584
AMG setup messages level=7 phase=strength-transpose sends=3044 bytes=181348 collective_rank_calls=3584
AMG setup messages level=7 phase=PMIS sends=38072 bytes=303088 collective_rank_calls=14336
AMG setup messages level=7 phase=numbering sends=0 bytes=0 collective_rank_calls=3584
AMG setup messages level=7 phase=interpolation sends=13515 bytes=128932 collective_rank_calls=3584
AMG setup messages level=7 phase=interpolation-transpose sends=1329 bytes=88016 collective_rank_calls=3584
AMG setup messages level=7 phase=A*P sends=88848 bytes=2323808 collective_rank_calls=3584
AMG setup messages level=7 phase=R*(A*P) sends=3987 bytes=845120 collective_rank_calls=3584
AMG setup messages level=8 phase=strength sends=0 bytes=0 collective_rank_calls=3584
AMG setup messages level=8 phase=strength-transpose sends=779 bytes=49816 collective_rank_calls=3584
AMG setup messages level=8 phase=PMIS sends=5423 bytes=59976 collective_rank_calls=7168
AMG setup messages level=8 phase=numbering sends=0 bytes=0 collective_rank_calls=3584
AMG setup messages level=8 phase=interpolation sends=3579 bytes=28828 collective_rank_calls=3584
AMG setup messages level=8 phase=interpolation-transpose sends=364 bytes=26992 collective_rank_calls=3584
AMG setup messages level=8 phase=A*P sends=16122 bytes=324528 collective_rank_calls=3584
AMG setup messages level=8 phase=R*(A*P) sends=1092 bytes=44320 collective_rank_calls=3584
GMRES: iter = 0, residual = 0.1160217712, 1 (rel.)
GMRES: iter = 1, residual = 0.1052533046, 0.9071858113 (rel.)
GMRES: iter = 2, residual = 0.09970375481, 0.8593538419 (rel.)
GMRES: iter = 3, residual = 0.09187597039, 0.7918856043 (rel.)
GMRES: Solve Time = 1.744694719
The cloud-layer FLD system Newton 45: residual=0.1087943247, GMRES rtol=0.7913634877
AMG setup messages level=0 phase=strength sends=0 bytes=0 collective_rank_calls=3584
AMG setup messages level=0 phase=strength-transpose sends=28852 bytes=1219095608 collective_rank_calls=3584
AMG setup messages level=0 phase=PMIS sends=592396 bytes=3872724088 collective_rank_calls=35840
AMG setup messages level=0 phase=numbering sends=0 bytes=0 collective_rank_calls=3584
AMG setup messages level=0 phase=interpolation sends=173112 bytes=1665033016 collective_rank_calls=3584
AMG setup messages level=0 phase=interpolation-transpose sends=68914 bytes=625996816 collective_rank_calls=3584
AMG setup messages level=0 phase=A*P sends=90744 bytes=2935589408 collective_rank_calls=3584
AMG setup messages level=0 phase=R*(A*P) sends=206742 bytes=4413146032 collective_rank_calls=3584
AMG setup messages level=1 phase=strength sends=0 bytes=0 collective_rank_calls=3584
AMG setup messages level=1 phase=strength-transpose sends=76394 bytes=1428207024 collective_rank_calls=3584
AMG setup messages level=1 phase=PMIS sends=1840216 bytes=2920772228 collective_rank_calls=43008
AMG setup messages level=1 phase=numbering sends=0 bytes=0 collective_rank_calls=3584
AMG setup messages level=1 phase=interpolation sends=454332 bytes=1721597492 collective_rank_calls=3584
AMG setup messages level=1 phase=interpolation-transpose sends=74670 bytes=488307984 collective_rank_calls=3584
AMG setup messages level=1 phase=A*P sends=258120 bytes=2885446128 collective_rank_calls=3584
AMG setup messages level=1 phase=R*(A*P) sends=224010 bytes=7275623376 collective_rank_calls=3584
AMG setup messages level=2 phase=strength sends=0 bytes=0 collective_rank_calls=3584
AMG setup messages level=2 phase=strength-transpose sends=86553 bytes=631900528 collective_rank_calls=3584
AMG setup messages level=2 phase=PMIS sends=2440239 bytes=1118243576 collective_rank_calls=50176
AMG setup messages level=2 phase=numbering sends=0 bytes=0 collective_rank_calls=3584
AMG setup messages level=2 phase=interpolation sends=511893 bytes=663945240 collective_rank_calls=3584
AMG setup messages level=2 phase=interpolation-transpose sends=73155 bytes=142558640 collective_rank_calls=3584
AMG setup messages level=2 phase=A*P sends=300456 bytes=1170963120 collective_rank_calls=3584
AMG setup messages level=2 phase=R*(A*P) sends=219465 bytes=3235228720 collective_rank_calls=3584
AMG setup messages level=3 phase=strength sends=0 bytes=0 collective_rank_calls=3584
AMG setup messages level=3 phase=strength-transpose sends=87594 bytes=158173260 collective_rank_calls=3584
AMG setup messages level=3 phase=PMIS sends=2124538 bytes=256134552 collective_rank_calls=43008
AMG setup messages level=3 phase=numbering sends=0 bytes=0 collective_rank_calls=3584
AMG setup messages level=3 phase=interpolation sends=517257 bytes=179045676 collective_rank_calls=3584
AMG setup messages level=3 phase=interpolation-transpose sends=63927 bytes=34028944 collective_rank_calls=3584
AMG setup messages level=3 phase=A*P sends=306972 bytes=379788720 collective_rank_calls=3584
AMG setup messages level=3 phase=R*(A*P) sends=191781 bytes=908651632 collective_rank_calls=3584
AMG setup messages level=4 phase=strength sends=0 bytes=0 collective_rank_calls=3584
AMG setup messages level=4 phase=strength-transpose sends=84457 bytes=32009152 collective_rank_calls=3584
AMG setup messages level=4 phase=PMIS sends=1908202 bytes=62597792 collective_rank_calls=39424
AMG setup messages level=4 phase=numbering sends=0 bytes=0 collective_rank_calls=3584
AMG setup messages level=4 phase=interpolation sends=492693 bytes=44595112 collective_rank_calls=3584
AMG setup messages level=4 phase=interpolation-transpose sends=46951 bytes=7982176 collective_rank_calls=3584
AMG setup messages level=4 phase=A*P sends=459090 bytes=137056080 collective_rank_calls=3584
AMG setup messages level=4 phase=R*(A*P) sends=140853 bytes=218182832 collective_rank_calls=3584
AMG setup messages level=5 phase=strength sends=0 bytes=0 collective_rank_calls=3584
AMG setup messages level=5 phase=strength-transpose sends=74304 bytes=6092720 collective_rank_calls=3584
AMG setup messages level=5 phase=PMIS sends=1496052 bytes=13734208 collective_rank_calls=32256
AMG setup messages level=5 phase=numbering sends=0 bytes=0 collective_rank_calls=3584
AMG setup messages level=5 phase=interpolation sends=406854 bytes=9160708 collective_rank_calls=3584
AMG setup messages level=5 phase=interpolation-transpose sends=21803 bytes=1958304 collective_rank_calls=3584
AMG setup messages level=5 phase=A*P sends=869412 bytes=58584064 collective_rank_calls=3584
AMG setup messages level=5 phase=R*(A*P) sends=65409 bytes=41186048 collective_rank_calls=3584
AMG setup messages level=6 phase=strength sends=0 bytes=0 collective_rank_calls=3584
AMG setup messages level=6 phase=strength-transpose sends=15775 bytes=941024 collective_rank_calls=3584
AMG setup messages level=6 phase=PMIS sends=296570 bytes=2059392 collective_rank_calls=25088
AMG setup messages level=6 phase=numbering sends=0 bytes=0 collective_rank_calls=3584
AMG setup messages level=6 phase=interpolation sends=77634 bytes=1106836 collective_rank_calls=3584
AMG setup messages level=6 phase=interpolation-transpose sends=5936 bytes=420080 collective_rank_calls=3584
AMG setup messages level=6 phase=A*P sends=394752 bytes=13810384 collective_rank_calls=3584
AMG setup messages level=6 phase=R*(A*P) sends=17808 bytes=6399792 collective_rank_calls=3584
AMG setup messages level=7 phase=strength sends=0 bytes=0 collective_rank_calls=3584
AMG setup messages level=7 phase=strength-transpose sends=2895 bytes=181356 collective_rank_calls=3584
AMG setup messages level=7 phase=PMIS sends=35465 bytes=293596 collective_rank_calls=14336
AMG setup messages level=7 phase=numbering sends=0 bytes=0 collective_rank_calls=3584
AMG setup messages level=7 phase=interpolation sends=12558 bytes=144208 collective_rank_calls=3584
AMG setup messages level=7 phase=interpolation-transpose sends=1383 bytes=93568 collective_rank_calls=3584
AMG setup messages level=7 phase=A*P sends=85980 bytes=2467440 collective_rank_calls=3584
AMG setup messages level=7 phase=R*(A*P) sends=4149 bytes=1176640 collective_rank_calls=3584
AMG setup messages level=8 phase=strength sends=0 bytes=0 collective_rank_calls=3584
AMG setup messages level=8 phase=strength-transpose sends=844 bytes=52884 collective_rank_calls=3584
AMG setup messages level=8 phase=PMIS sends=8168 bytes=76960 collective_rank_calls=10752
AMG setup messages level=8 phase=numbering sends=0 bytes=0 collective_rank_calls=3584
AMG setup messages level=8 phase=interpolation sends=3816 bytes=34528 collective_rank_calls=3584
AMG setup messages level=8 phase=interpolation-transpose sends=612 bytes=45536 collective_rank_calls=3584
AMG setup messages level=8 phase=A*P sends=25434 bytes=682208 collective_rank_calls=3584
AMG setup messages level=8 phase=R*(A*P) sends=1836 bytes=100480 collective_rank_calls=3584
GMRES: iter = 0, residual = 0.1088197714, 1 (rel.)
GMRES: iter = 1, residual = 0.09585932142, 0.8808998602 (rel.)
GMRES: iter = 2, residual = 0.08960405195, 0.8234170205 (rel.)
GMRES: iter = 3, residual = 0.08156391252, 0.7495321067 (rel.)
GMRES: Solve Time = 1.785920258
The cloud-layer FLD system Newton 46: residual=0.09633967316, GMRES rtol=0.7054028794
AMG setup messages level=0 phase=strength sends=0 bytes=0 collective_rank_calls=3584
AMG setup messages level=0 phase=strength-transpose sends=28852 bytes=1219097624 collective_rank_calls=3584
AMG setup messages level=0 phase=PMIS sends=592396 bytes=3872731152 collective_rank_calls=35840
AMG setup messages level=0 phase=numbering sends=0 bytes=0 collective_rank_calls=3584
AMG setup messages level=0 phase=interpolation sends=173112 bytes=1664963864 collective_rank_calls=3584
AMG setup messages level=0 phase=interpolation-transpose sends=69025 bytes=625886608 collective_rank_calls=3584
AMG setup messages level=0 phase=A*P sends=90744 bytes=2935542736 collective_rank_calls=3584
AMG setup messages level=0 phase=R*(A*P) sends=207075 bytes=4412875856 collective_rank_calls=3584
AMG setup messages level=1 phase=strength sends=0 bytes=0 collective_rank_calls=3584
AMG setup messages level=1 phase=strength-transpose sends=76350 bytes=1428339952 collective_rank_calls=3584
AMG setup messages level=1 phase=PMIS sends=2145330 bytes=3367957268 collective_rank_calls=50176
AMG setup messages level=1 phase=numbering sends=0 bytes=0 collective_rank_calls=3584
AMG setup messages level=1 phase=interpolation sends=454233 bytes=1721583064 collective_rank_calls=3584
AMG setup messages level=1 phase=interpolation-transpose sends=74628 bytes=488431616 collective_rank_calls=3584
AMG setup messages level=1 phase=A*P sends=257922 bytes=2885629536 collective_rank_calls=3584
AMG setup messages level=1 phase=R*(A*P) sends=223884 bytes=7276091824 collective_rank_calls=3584
AMG setup messages level=2 phase=strength sends=0 bytes=0 collective_rank_calls=3584
AMG setup messages level=2 phase=strength-transpose sends=86459 bytes=631933196 collective_rank_calls=3584
AMG setup messages level=2 phase=PMIS sends=2263320 bytes=1044039024 collective_rank_calls=46592
AMG setup messages level=2 phase=numbering sends=0 bytes=0 collective_rank_calls=3584
AMG setup messages level=2 phase=interpolation sends=511041 bytes=664027460 collective_rank_calls=3584
AMG setup messages level=2 phase=interpolation-transpose sends=73140 bytes=142640832 collective_rank_calls=3584
AMG setup messages level=2 phase=A*P sends=300438 bytes=1171066544 collective_rank_calls=3584
AMG setup messages level=2 phase=R*(A*P) sends=219420 bytes=3237219024 collective_rank_calls=3584
AMG setup messages level=3 phase=strength sends=0 bytes=0 collective_rank_calls=3584
AMG setup messages level=3 phase=strength-transpose sends=87537 bytes=158067024 collective_rank_calls=3584
AMG setup messages level=3 phase=PMIS sends=2299244 bytes=275655888 collective_rank_calls=46592
AMG setup messages level=3 phase=numbering sends=0 bytes=0 collective_rank_calls=3584
AMG setup messages level=3 phase=interpolation sends=516930 bytes=178842284 collective_rank_calls=3584
AMG setup messages level=3 phase=interpolation-transpose sends=64003 bytes=34018784 collective_rank_calls=3584
AMG setup messages level=3 phase=A*P sends=307068 bytes=379884800 collective_rank_calls=3584
AMG setup messages level=3 phase=R*(A*P) sends=192009 bytes=906622752 collective_rank_calls=3584
AMG setup messages level=4 phase=strength sends=0 bytes=0 collective_rank_calls=3584
AMG setup messages level=4 phase=strength-transpose sends=84453 bytes=31989272 collective_rank_calls=3584
AMG setup messages level=4 phase=PMIS sends=1908426 bytes=62501920 collective_rank_calls=39424
AMG setup messages level=4 phase=numbering sends=0 bytes=0 collective_rank_calls=3584
AMG setup messages level=4 phase=interpolation sends=492498 bytes=44385464 collective_rank_calls=3584
AMG setup messages level=4 phase=interpolation-transpose sends=47041 bytes=8013872 collective_rank_calls=3584
AMG setup messages level=4 phase=A*P sends=458652 bytes=137013568 collective_rank_calls=3584
AMG setup messages level=4 phase=R*(A*P) sends=141123 bytes=217588224 collective_rank_calls=3584
AMG setup messages level=5 phase=strength sends=0 bytes=0 collective_rank_calls=3584
AMG setup messages level=5 phase=strength-transpose sends=75124 bytes=6104832 collective_rank_calls=3584
AMG setup messages level=5 phase=PMIS sends=1342888 bytes=12428732 collective_rank_calls=28672
AMG setup messages level=5 phase=numbering sends=0 bytes=0 collective_rank_calls=3584
AMG setup messages level=5 phase=interpolation sends=409497 bytes=9280204 collective_rank_calls=3584
AMG setup messages level=5 phase=interpolation-transpose sends=21838 bytes=1940880 collective_rank_calls=3584
AMG setup messages level=5 phase=A*P sends=871068 bytes=58080688 collective_rank_calls=3584
AMG setup messages level=5 phase=R*(A*P) sends=65514 bytes=40695392 collective_rank_calls=3584
AMG setup messages level=6 phase=strength sends=0 bytes=0 collective_rank_calls=3584
AMG setup messages level=6 phase=strength-transpose sends=16009 bytes=961880 collective_rank_calls=3584
AMG setup messages level=6 phase=PMIS sends=299974 bytes=2103768 collective_rank_calls=25088
AMG setup messages level=6 phase=numbering sends=0 bytes=0 collective_rank_calls=3584
AMG setup messages level=6 phase=interpolation sends=78480 bytes=1126060 collective_rank_calls=3584
AMG setup messages level=6 phase=interpolation-transpose sends=5910 bytes=427536 collective_rank_calls=3584
AMG setup messages level=6 phase=A*P sends=396504 bytes=14050160 collective_rank_calls=3584
AMG setup messages level=6 phase=R*(A*P) sends=17730 bytes=6559040 collective_rank_calls=3584
AMG setup messages level=7 phase=strength sends=0 bytes=0 collective_rank_calls=3584
AMG setup messages level=7 phase=strength-transpose sends=2892 bytes=179220 collective_rank_calls=3584
AMG setup messages level=7 phase=PMIS sends=35646 bytes=286204 collective_rank_calls=14336
AMG setup messages level=7 phase=numbering sends=0 bytes=0 collective_rank_calls=3584
AMG setup messages level=7 phase=interpolation sends=13041 bytes=140032 collective_rank_calls=3584
AMG setup messages level=7 phase=interpolation-transpose sends=1498 bytes=100512 collective_rank_calls=3584
AMG setup messages level=7 phase=A*P sends=87924 bytes=2543504 collective_rank_calls=3584
AMG setup messages level=7 phase=R*(A*P) sends=4494 bytes=1012416 collective_rank_calls=3584
AMG setup messages level=8 phase=strength sends=0 bytes=0 collective_rank_calls=3584
AMG setup messages level=8 phase=strength-transpose sends=643 bytes=38840 collective_rank_calls=3584
AMG setup messages level=8 phase=PMIS sends=4489 bytes=45792 collective_rank_calls=7168
AMG setup messages level=8 phase=numbering sends=0 bytes=0 collective_rank_calls=3584
AMG setup messages level=8 phase=interpolation sends=3009 bytes=24380 collective_rank_calls=3584
AMG setup messages level=8 phase=interpolation-transpose sends=282 bytes=19536 collective_rank_calls=3584
AMG setup messages level=8 phase=A*P sends=17886 bytes=324208 collective_rank_calls=3584
AMG setup messages level=8 phase=R*(A*P) sends=846 bytes=30288 collective_rank_calls=3584
GMRES: iter = 0, residual = 0.0963482588, 1 (rel.)
GMRES: iter = 1, residual = 0.08519102949, 0.8841989523 (rel.)
GMRES: iter = 2, residual = 0.07880235276, 0.8178907823 (rel.)
GMRES: iter = 3, residual = 0.07170410924, 0.744218008 (rel.)
GMRES: iter = 4, residual = 0.06123522411, 0.6355612948 (rel.)
GMRES: Solve Time = 2.346641503
The cloud-layer FLD system Newton 47: residual=0.085968687, GMRES rtol=0.7165316131
AMG setup messages level=0 phase=strength sends=0 bytes=0 collective_rank_calls=3584
AMG setup messages level=0 phase=strength-transpose sends=28852 bytes=1219099080 collective_rank_calls=3584
AMG setup messages level=0 phase=PMIS sends=592396 bytes=3872735000 collective_rank_calls=35840
AMG setup messages level=0 phase=numbering sends=0 bytes=0 collective_rank_calls=3584
AMG setup messages level=0 phase=interpolation sends=173112 bytes=1665139720 collective_rank_calls=3584
AMG setup messages level=0 phase=interpolation-transpose sends=69010 bytes=625929728 collective_rank_calls=3584
AMG setup messages level=0 phase=A*P sends=90744 bytes=2935613600 collective_rank_calls=3584
AMG setup messages level=0 phase=R*(A*P) sends=207030 bytes=4412939472 collective_rank_calls=3584
AMG setup messages level=1 phase=strength sends=0 bytes=0 collective_rank_calls=3584
AMG setup messages level=1 phase=strength-transpose sends=76332 bytes=1428444500 collective_rank_calls=3584
AMG setup messages level=1 phase=PMIS sends=1837974 bytes=2921042548 collective_rank_calls=43008
AMG setup messages level=1 phase=numbering sends=0 bytes=0 collective_rank_calls=3584
AMG setup messages level=1 phase=interpolation sends=454077 bytes=1721763208 collective_rank_calls=3584
AMG setup messages level=1 phase=interpolation-transpose sends=74550 bytes=488542288 collective_rank_calls=3584
AMG setup messages level=1 phase=A*P sends=257952 bytes=2885742752 collective_rank_calls=3584
AMG setup messages level=1 phase=R*(A*P) sends=223650 bytes=7278529280 collective_rank_calls=3584
AMG setup messages level=2 phase=strength sends=0 bytes=0 collective_rank_calls=3584
AMG setup messages level=2 phase=strength-transpose sends=86681 bytes=631952824 collective_rank_calls=3584
AMG setup messages level=2 phase=PMIS sends=2269008 bytes=1044244240 collective_rank_calls=46592
AMG setup messages level=2 phase=numbering sends=0 bytes=0 collective_rank_calls=3584
AMG setup messages level=2 phase=interpolation sends=512508 bytes=663933244 collective_rank_calls=3584
AMG setup messages level=2 phase=interpolation-transpose sends=73214 bytes=142626352 collective_rank_calls=3584
AMG setup messages level=2 phase=A*P sends=300180 bytes=1171268384 collective_rank_calls=3584
AMG setup messages level=2 phase=R*(A*P) sends=219642 bytes=3234439936 collective_rank_calls=3584
AMG setup messages level=3 phase=strength sends=0 bytes=0 collective_rank_calls=3584
AMG setup messages level=3 phase=strength-transpose sends=87585 bytes=158034572 collective_rank_calls=3584
AMG setup messages level=3 phase=PMIS sends=2123399 bytes=255968884 collective_rank_calls=43008
AMG setup messages level=3 phase=numbering sends=0 bytes=0 collective_rank_calls=3584
AMG setup messages level=3 phase=interpolation sends=517485 bytes=179059724 collective_rank_calls=3584
AMG setup messages level=3 phase=interpolation-transpose sends=64078 bytes=33981136 collective_rank_calls=3584
AMG setup messages level=3 phase=A*P sends=306936 bytes=379485136 collective_rank_calls=3584
AMG setup messages level=3 phase=R*(A*P) sends=192234 bytes=905684848 collective_rank_calls=3584
AMG setup messages level=4 phase=strength sends=0 bytes=0 collective_rank_calls=3584
AMG setup messages level=4 phase=strength-transpose sends=84240 bytes=31992452 collective_rank_calls=3584
AMG setup messages level=4 phase=PMIS sends=1903392 bytes=62522584 collective_rank_calls=39424
AMG setup messages level=4 phase=numbering sends=0 bytes=0 collective_rank_calls=3584
AMG setup messages level=4 phase=interpolation sends=491823 bytes=44573284 collective_rank_calls=3584
AMG setup messages level=4 phase=interpolation-transpose sends=46860 bytes=7967808 collective_rank_calls=3584
AMG setup messages level=4 phase=A*P sends=459276 bytes=136778832 collective_rank_calls=3584
AMG setup messages level=4 phase=R*(A*P) sends=140580 bytes=216488352 collective_rank_calls=3584
AMG setup messages level=5 phase=strength sends=0 bytes=0 collective_rank_calls=3584
AMG setup messages level=5 phase=strength-transpose sends=74032 bytes=6091460 collective_rank_calls=3584
AMG setup messages level=5 phase=PMIS sends=1325686 bytes=12404480 collective_rank_calls=28672
AMG setup messages level=5 phase=numbering sends=0 bytes=0 collective_rank_calls=3584
AMG setup messages level=5 phase=interpolation sends=404751 bytes=9249804 collective_rank_calls=3584
AMG setup messages level=5 phase=interpolation-transpose sends=21652 bytes=1949200 collective_rank_calls=3584
AMG setup messages level=5 phase=A*P sends=864330 bytes=58136816 collective_rank_calls=3584
AMG setup messages level=5 phase=R*(A*P) sends=64956 bytes=40830992 collective_rank_calls=3584
AMG setup messages level=6 phase=strength sends=0 bytes=0 collective_rank_calls=3584
AMG setup messages level=6 phase=strength-transpose sends=15970 bytes=961072 collective_rank_calls=3584
AMG setup messages level=6 phase=PMIS sends=302204 bytes=2118008 collective_rank_calls=25088
AMG setup messages level=6 phase=numbering sends=0 bytes=0 collective_rank_calls=3584
AMG setup messages level=6 phase=interpolation sends=78885 bytes=1115396 collective_rank_calls=3584
AMG setup messages level=6 phase=interpolation-transpose sends=6658 bytes=439520 collective_rank_calls=3584
AMG setup messages level=6 phase=A*P sends=394476 bytes=13965088 collective_rank_calls=3584
AMG setup messages level=6 phase=R*(A*P) sends=19974 bytes=6998368 collective_rank_calls=3584
AMG setup messages level=7 phase=strength sends=0 bytes=0 collective_rank_calls=3584
AMG setup messages level=7 phase=strength-transpose sends=3058 bytes=177720 collective_rank_calls=3584
AMG setup messages level=7 phase=PMIS sends=46624 bytes=345984 collective_rank_calls=17920
AMG setup messages level=7 phase=numbering sends=0 bytes=0 collective_rank_calls=3584
AMG setup messages level=7 phase=interpolation sends=13293 bytes=150264 collective_rank_calls=3584
AMG setup messages level=7 phase=interpolation-transpose sends=1613 bytes=118480 collective_rank_calls=3584
AMG setup messages level=7 phase=A*P sends=94530 bytes=2893456 collective_rank_calls=3584
AMG setup messages level=7 phase=R*(A*P) sends=4839 bytes=1312224 collective_rank_calls=3584
AMG setup messages level=8 phase=strength sends=0 bytes=0 collective_rank_calls=3584
AMG setup messages level=8 phase=strength-transpose sends=733 bytes=46016 collective_rank_calls=3584
AMG setup messages level=8 phase=PMIS sends=4939 bytes=50320 collective_rank_calls=7168
AMG setup messages level=8 phase=numbering sends=0 bytes=0 collective_rank_calls=3584
AMG setup messages level=8 phase=interpolation sends=3132 bytes=28532 collective_rank_calls=3584
AMG setup messages level=8 phase=interpolation-transpose sends=404 bytes=28144 collective_rank_calls=3584
AMG setup messages level=8 phase=A*P sends=26052 bytes=517840 collective_rank_calls=3584
AMG setup messages level=8 phase=R*(A*P) sends=1212 bytes=57568 collective_rank_calls=3584
GMRES: iter = 0, residual = 0.08598089639, 1 (rel.)
GMRES: iter = 1, residual = 0.07613179666, 0.885450139 (rel.)
GMRES: iter = 2, residual = 0.06965404331, 0.8101106901 (rel.)
GMRES: iter = 3, residual = 0.06306960208, 0.7335304088 (rel.)
GMRES: iter = 4, residual = 0.05293128845, 0.6156168482 (rel.)
GMRES: Solve Time = 2.296181331
The cloud-layer FLD system Newton 48: residual=0.07578359695, GMRES rtol=0.6991800075
AMG setup messages level=0 phase=strength sends=0 bytes=0 collective_rank_calls=3584
AMG setup messages level=0 phase=strength-transpose sends=28852 bytes=1219100116 collective_rank_calls=3584
AMG setup messages level=0 phase=PMIS sends=592396 bytes=3872738724 collective_rank_calls=35840
AMG setup messages level=0 phase=numbering sends=0 bytes=0 collective_rank_calls=3584
AMG setup messages level=0 phase=interpolation sends=173112 bytes=1664939548 collective_rank_calls=3584
AMG setup messages level=0 phase=interpolation-transpose sends=68960 bytes=625907216 collective_rank_calls=3584
AMG setup messages level=0 phase=A*P sends=90744 bytes=2935517808 collective_rank_calls=3584
AMG setup messages level=0 phase=R*(A*P) sends=206880 bytes=4412285792 collective_rank_calls=3584
AMG setup messages level=1 phase=strength sends=0 bytes=0 collective_rank_calls=3584
AMG setup messages level=1 phase=strength-transpose sends=76369 bytes=1428439952 collective_rank_calls=3584
AMG setup messages level=1 phase=PMIS sends=1839005 bytes=2921326664 collective_rank_calls=43008
AMG setup messages level=1 phase=numbering sends=0 bytes=0 collective_rank_calls=3584
AMG setup messages level=1 phase=interpolation sends=454374 bytes=1721763080 collective_rank_calls=3584
AMG setup messages level=1 phase=interpolation-transpose sends=74642 bytes=488534656 collective_rank_calls=3584
AMG setup messages level=1 phase=A*P sends=258174 bytes=2886022272 collective_rank_calls=3584
AMG setup messages level=1 phase=R*(A*P) sends=223926 bytes=7277674608 collective_rank_calls=3584
AMG setup messages level=2 phase=strength sends=0 bytes=0 collective_rank_calls=3584
AMG setup messages level=2 phase=strength-transpose sends=86444 bytes=631863980 collective_rank_calls=3584
AMG setup messages level=2 phase=PMIS sends=2436812 bytes=1118356408 collective_rank_calls=50176
AMG setup messages level=2 phase=numbering sends=0 bytes=0 collective_rank_calls=3584
AMG setup messages level=2 phase=interpolation sends=510837 bytes=663935516 collective_rank_calls=3584
AMG setup messages level=2 phase=interpolation-transpose sends=73151 bytes=142510992 collective_rank_calls=3584
AMG setup messages level=2 phase=A*P sends=300414 bytes=1170960848 collective_rank_calls=3584
AMG setup messages level=2 phase=R*(A*P) sends=219453 bytes=3233964080 collective_rank_calls=3584
AMG setup messages level=3 phase=strength sends=0 bytes=0 collective_rank_calls=3584
AMG setup messages level=3 phase=strength-transpose sends=87640 bytes=158075436 collective_rank_calls=3584
AMG setup messages level=3 phase=PMIS sends=2125694 bytes=256072372 collective_rank_calls=43008
AMG setup messages level=3 phase=numbering sends=0 bytes=0 collective_rank_calls=3584
AMG setup messages level=3 phase=interpolation sends=517731 bytes=178972700 collective_rank_calls=3584
AMG setup messages level=3 phase=interpolation-transpose sends=63846 bytes=33991680 collective_rank_calls=3584
AMG setup messages level=3 phase=A*P sends=307122 bytes=379707568 collective_rank_calls=3584
AMG setup messages level=3 phase=R*(A*P) sends=191538 bytes=906102304 collective_rank_calls=3584
AMG setup messages level=4 phase=strength sends=0 bytes=0 collective_rank_calls=3584
AMG setup messages level=4 phase=strength-transpose sends=84336 bytes=31963584 collective_rank_calls=3584
AMG setup messages level=4 phase=PMIS sends=2077234 bytes=67608732 collective_rank_calls=43008
AMG setup messages level=4 phase=numbering sends=0 bytes=0 collective_rank_calls=3584
AMG setup messages level=4 phase=interpolation sends=492048 bytes=44597744 collective_rank_calls=3584
AMG setup messages level=4 phase=interpolation-transpose sends=46834 bytes=7973248 collective_rank_calls=3584
AMG setup messages level=4 phase=A*P sends=459258 bytes=137074848 collective_rank_calls=3584
AMG setup messages level=4 phase=R*(A*P) sends=140502 bytes=217616736 collective_rank_calls=3584
AMG setup messages level=5 phase=strength sends=0 bytes=0 collective_rank_calls=3584
AMG setup messages level=5 phase=strength-transpose sends=74141 bytes=6088664 collective_rank_calls=3584
AMG setup messages level=5 phase=PMIS sends=1325783 bytes=12415740 collective_rank_calls=28672
AMG setup messages level=5 phase=numbering sends=0 bytes=0 collective_rank_calls=3584
AMG setup messages level=5 phase=interpolation sends=404535 bytes=9165056 collective_rank_calls=3584
AMG setup messages level=5 phase=interpolation-transpose sends=21838 bytes=1947856 collective_rank_calls=3584
AMG setup messages level=5 phase=A*P sends=860736 bytes=57998336 collective_rank_calls=3584
AMG setup messages level=5 phase=R*(A*P) sends=65514 bytes=41079744 collective_rank_calls=3584
AMG setup messages level=6 phase=strength sends=0 bytes=0 collective_rank_calls=3584
AMG setup messages level=6 phase=strength-transpose sends=15903 bytes=949988 collective_rank_calls=3584
AMG setup messages level=6 phase=PMIS sends=299674 bytes=2090760 collective_rank_calls=25088
AMG setup messages level=6 phase=numbering sends=0 bytes=0 collective_rank_calls=3584
AMG setup messages level=6 phase=interpolation sends=79134 bytes=1112160 collective_rank_calls=3584
AMG setup messages level=6 phase=interpolation-transpose sends=6380 bytes=434928 collective_rank_calls=3584
AMG setup messages level=6 phase=A*P sends=397344 bytes=14065504 collective_rank_calls=3584
AMG setup messages level=6 phase=R*(A*P) sends=19140 bytes=6773840 collective_rank_calls=3584
AMG setup messages level=7 phase=strength sends=0 bytes=0 collective_rank_calls=3584
AMG setup messages level=7 phase=strength-transpose sends=2844 bytes=172136 collective_rank_calls=3584
AMG setup messages level=7 phase=PMIS sends=34982 bytes=280948 collective_rank_calls=14336
AMG setup messages level=7 phase=numbering sends=0 bytes=0 collective_rank_calls=3584
AMG setup messages level=7 phase=interpolation sends=11847 bytes=121620 collective_rank_calls=3584
AMG setup messages level=7 phase=interpolation-transpose sends=1244 bytes=83552 collective_rank_calls=3584
AMG setup messages level=7 phase=A*P sends=86172 bytes=2451104 collective_rank_calls=3584
AMG setup messages level=7 phase=R*(A*P) sends=3732 bytes=1094720 collective_rank_calls=3584
AMG setup messages level=8 phase=strength sends=0 bytes=0 collective_rank_calls=3584
AMG setup messages level=8 phase=strength-transpose sends=1043 bytes=67444 collective_rank_calls=3584
AMG setup messages level=8 phase=PMIS sends=7253 bytes=81492 collective_rank_calls=7168
AMG setup messages level=8 phase=numbering sends=0 bytes=0 collective_rank_calls=3584
AMG setup messages level=8 phase=interpolation sends=5037 bytes=41212 collective_rank_calls=3584
AMG setup messages level=8 phase=interpolation-transpose sends=405 bytes=30160 collective_rank_calls=3584
AMG setup messages level=8 phase=A*P sends=21960 bytes=458592 collective_rank_calls=3584
AMG setup messages level=8 phase=R*(A*P) sends=1215 bytes=49472 collective_rank_calls=3584
GMRES: iter = 0, residual = 0.07578718655, 1 (rel.)
GMRES: iter = 1, residual = 0.06753353837, 0.8910944111 (rel.)
GMRES: iter = 2, residual = 0.0614990273, 0.8114699872 (rel.)
GMRES: iter = 3, residual = 0.05558683429, 0.7334595308 (rel.)
GMRES: iter = 4, residual = 0.04543252937, 0.5994750753 (rel.)
GMRES: Solve Time = 2.30735736
The cloud-layer FLD system Newton 49: residual=0.06624010199, GMRES rtol=0.6875320122
AMG setup messages level=0 phase=strength sends=0 bytes=0 collective_rank_calls=3584
AMG setup messages level=0 phase=strength-transpose sends=28852 bytes=1219100592 collective_rank_calls=3584
AMG setup messages level=0 phase=PMIS sends=592396 bytes=3872740272 collective_rank_calls=35840
AMG setup messages level=0 phase=numbering sends=0 bytes=0 collective_rank_calls=3584
AMG setup messages level=0 phase=interpolation sends=173112 bytes=1664762816 collective_rank_calls=3584
AMG setup messages level=0 phase=interpolation-transpose sends=68921 bytes=625806848 collective_rank_calls=3584
AMG setup messages level=0 phase=A*P sends=90744 bytes=2935478832 collective_rank_calls=3584
AMG setup messages level=0 phase=R*(A*P) sends=206763 bytes=4411767168 collective_rank_calls=3584
AMG setup messages level=1 phase=strength sends=0 bytes=0 collective_rank_calls=3584
AMG setup messages level=1 phase=strength-transpose sends=76428 bytes=1428324084 collective_rank_calls=3584
AMG setup messages level=1 phase=PMIS sends=1840876 bytes=2921182332 collective_rank_calls=43008
AMG setup messages level=1 phase=numbering sends=0 bytes=0 collective_rank_calls=3584
AMG setup messages level=1 phase=interpolation sends=454686 bytes=1721689796 collective_rank_calls=3584
AMG setup messages level=1 phase=interpolation-transpose sends=74675 bytes=488581600 collective_rank_calls=3584
AMG setup messages level=1 phase=A*P sends=258060 bytes=2885795872 collective_rank_calls=3584
AMG setup messages level=1 phase=R*(A*P) sends=224025 bytes=7278716512 collective_rank_calls=3584
AMG setup messages level=2 phase=strength sends=0 bytes=0 collective_rank_calls=3584
AMG setup messages level=2 phase=strength-transpose sends=86449 bytes=631949664 collective_rank_calls=3584
AMG setup messages level=2 phase=PMIS sends=2263424 bytes=1044359232 collective_rank_calls=46592
AMG setup messages level=2 phase=numbering sends=0 bytes=0 collective_rank_calls=3584
AMG setup messages level=2 phase=interpolation sends=510909 bytes=664129360 collective_rank_calls=3584
AMG setup messages level=2 phase=interpolation-transpose sends=73259 bytes=142646464 collective_rank_calls=3584
AMG setup messages level=2 phase=A*P sends=300144 bytes=1171170720 collective_rank_calls=3584
AMG setup messages level=2 phase=R*(A*P) sends=219777 bytes=3236534080 collective_rank_calls=3584
AMG setup messages level=3 phase=strength sends=0 bytes=0 collective_rank_calls=3584
AMG setup messages level=3 phase=strength-transpose sends=87715 bytes=158108004 collective_rank_calls=3584
AMG setup messages level=3 phase=PMIS sends=2126883 bytes=256100824 collective_rank_calls=43008
AMG setup messages level=3 phase=numbering sends=0 bytes=0 collective_rank_calls=3584
AMG setup messages level=3 phase=interpolation sends=517674 bytes=179024572 collective_rank_calls=3584
AMG setup messages level=3 phase=interpolation-transpose sends=63984 bytes=34003696 collective_rank_calls=3584
AMG setup messages level=3 phase=A*P sends=306924 bytes=379790576 collective_rank_calls=3584
AMG setup messages level=3 phase=R*(A*P) sends=191952 bytes=904436768 collective_rank_calls=3584
AMG setup messages level=4 phase=strength sends=0 bytes=0 collective_rank_calls=3584
AMG setup messages level=4 phase=strength-transpose sends=84320 bytes=31963384 collective_rank_calls=3584
AMG setup messages level=4 phase=PMIS sends=1732776 bytes=57331920 collective_rank_calls=35840
AMG setup messages level=4 phase=numbering sends=0 bytes=0 collective_rank_calls=3584
AMG setup messages level=4 phase=interpolation sends=492615 bytes=44523752 collective_rank_calls=3584
AMG setup messages level=4 phase=interpolation-transpose sends=46929 bytes=7973936 collective_rank_calls=3584
AMG setup messages level=4 phase=A*P sends=458190 bytes=136618864 collective_rank_calls=3584
AMG setup messages level=4 phase=R*(A*P) sends=140787 bytes=216651104 collective_rank_calls=3584
AMG setup messages level=5 phase=strength sends=0 bytes=0 collective_rank_calls=3584
AMG setup messages level=5 phase=strength-transpose sends=74368 bytes=6054944 collective_rank_calls=3584
AMG setup messages level=5 phase=PMIS sends=1494204 bytes=13637888 collective_rank_calls=32256
AMG setup messages level=5 phase=numbering sends=0 bytes=0 collective_rank_calls=3584
AMG setup messages level=5 phase=interpolation sends=406503 bytes=9014892 collective_rank_calls=3584
AMG setup messages level=5 phase=interpolation-transpose sends=21442 bytes=1919984 collective_rank_calls=3584
AMG setup messages level=5 phase=A*P sends=867606 bytes=57901712 collective_rank_calls=3584
AMG setup messages level=5 phase=R*(A*P) sends=64326 bytes=40002688 collective_rank_calls=3584
AMG setup messages level=6 phase=strength sends=0 bytes=0 collective_rank_calls=3584
AMG setup messages level=6 phase=strength-transpose sends=15318 bytes=924084 collective_rank_calls=3584
AMG setup messages level=6 phase=PMIS sends=247376 bytes=1795956 collective_rank_calls=21504
AMG setup messages level=6 phase=numbering sends=0 bytes=0 collective_rank_calls=3584
AMG setup messages level=6 phase=interpolation sends=74769 bytes=1098204 collective_rank_calls=3584
AMG setup messages level=6 phase=interpolation-transpose sends=6311 bytes=432656 collective_rank_calls=3584
AMG setup messages level=6 phase=A*P sends=374136 bytes=13338304 collective_rank_calls=3584
AMG setup messages level=6 phase=R*(A*P) sends=18933 bytes=6995776 collective_rank_calls=3584
AMG setup messages level=7 phase=strength sends=0 bytes=0 collective_rank_calls=3584
AMG setup messages level=7 phase=strength-transpose sends=3120 bytes=179108 collective_rank_calls=3584
AMG setup messages level=7 phase=PMIS sends=38200 bytes=295664 collective_rank_calls=14336
AMG setup messages level=7 phase=numbering sends=0 bytes=0 collective_rank_calls=3584
AMG setup messages level=7 phase=interpolation sends=13473 bytes=144820 collective_rank_calls=3584
AMG setup messages level=7 phase=interpolation-transpose sends=1824 bytes=123808 collective_rank_calls=3584
AMG setup messages level=7 phase=A*P sends=93720 bytes=2816880 collective_rank_calls=3584
AMG setup messages level=7 phase=R*(A*P) sends=5472 bytes=947648 collective_rank_calls=3584
AMG setup messages level=8 phase=strength sends=0 bytes=0 collective_rank_calls=3584
AMG setup messages level=8 phase=strength-transpose sends=422 bytes=27004 collective_rank_calls=3584
AMG setup messages level=8 phase=PMIS sends=2924 bytes=32428 collective_rank_calls=7168
AMG setup messages level=8 phase=numbering sends=0 bytes=0 collective_rank_calls=3584
AMG setup messages level=8 phase=interpolation sends=1896 bytes=15160 collective_rank_calls=3584
AMG setup messages level=8 phase=interpolation-transpose sends=208 bytes=15712 collective_rank_calls=3584
AMG setup messages level=8 phase=A*P sends=11484 bytes=230864 collective_rank_calls=3584
AMG setup messages level=8 phase=R*(A*P) sends=624 bytes=26384 collective_rank_calls=3584
GMRES: iter = 0, residual = 0.06624614389, 1 (rel.)
GMRES: iter = 1, residual = 0.05937668115, 0.8963039607 (rel.)
GMRES: iter = 2, residual = 0.05401989567, 0.8154421147 (rel.)
GMRES: iter = 3, residual = 0.04880037504, 0.7366523117 (rel.)
GMRES: iter = 4, residual = 0.03910047772, 0.5902302447 (rel.)
GMRES: Solve Time = 2.387967058
The cloud-layer FLD system Newton 50: residual=0.05762964977, GMRES rtol=0.6811037366
AMG setup messages level=0 phase=strength sends=0 bytes=0 collective_rank_calls=3584
AMG setup messages level=0 phase=strength-transpose sends=28852 bytes=1219101208 collective_rank_calls=3584
AMG setup messages level=0 phase=PMIS sends=592396 bytes=3872742000 collective_rank_calls=35840
AMG setup messages level=0 phase=numbering sends=0 bytes=0 collective_rank_calls=3584
AMG setup messages level=0 phase=interpolation sends=173112 bytes=1664991352 collective_rank_calls=3584
AMG setup messages level=0 phase=interpolation-transpose sends=68956 bytes=625948720 collective_rank_calls=3584
AMG setup messages level=0 phase=A*P sends=90744 bytes=2935601136 collective_rank_calls=3584
AMG setup messages level=0 phase=R*(A*P) sends=206868 bytes=4413026992 collective_rank_calls=3584
AMG setup messages level=1 phase=strength sends=0 bytes=0 collective_rank_calls=3584
AMG setup messages level=1 phase=strength-transpose sends=76393 bytes=1428414256 collective_rank_calls=3584
AMG setup messages level=1 phase=PMIS sends=1840205 bytes=2921117976 collective_rank_calls=43008
AMG setup messages level=1 phase=numbering sends=0 bytes=0 collective_rank_calls=3584
AMG setup messages level=1 phase=interpolation sends=454278 bytes=1721675392 collective_rank_calls=3584
AMG setup messages level=1 phase=interpolation-transpose sends=74608 bytes=488447024 collective_rank_calls=3584
AMG setup messages level=1 phase=A*P sends=258084 bytes=2885726560 collective_rank_calls=3584
AMG setup messages level=1 phase=R*(A*P) sends=223824 bytes=7275893664 collective_rank_calls=3584
AMG setup messages level=2 phase=strength sends=0 bytes=0 collective_rank_calls=3584
AMG setup messages level=2 phase=strength-transpose sends=86469 bytes=631918636 collective_rank_calls=3584
AMG setup messages level=2 phase=PMIS sends=2437557 bytes=1118402636 collective_rank_calls=50176
AMG setup messages level=2 phase=numbering sends=0 bytes=0 collective_rank_calls=3584
AMG setup messages level=2 phase=interpolation sends=511005 bytes=663832020 collective_rank_calls=3584
AMG setup messages level=2 phase=interpolation-transpose sends=73236 bytes=142604864 collective_rank_calls=3584
AMG setup messages level=2 phase=A*P sends=300006 bytes=1171141264 collective_rank_calls=3584
AMG setup messages level=2 phase=R*(A*P) sends=219708 bytes=3235277792 collective_rank_calls=3584
AMG setup messages level=3 phase=strength sends=0 bytes=0 collective_rank_calls=3584
AMG setup messages level=3 phase=strength-transpose sends=87801 bytes=158002784 collective_rank_calls=3584
AMG setup messages level=3 phase=PMIS sends=2307060 bytes=275619104 collective_rank_calls=46592
AMG setup messages level=3 phase=numbering sends=0 bytes=0 collective_rank_calls=3584
AMG setup messages level=3 phase=interpolation sends=518469 bytes=178995976 collective_rank_calls=3584
AMG setup messages level=3 phase=interpolation-transpose sends=64047 bytes=33988992 collective_rank_calls=3584
AMG setup messages level=3 phase=A*P sends=307140 bytes=379723584 collective_rank_calls=3584
AMG setup messages level=3 phase=R*(A*P) sends=192141 bytes=905051056 collective_rank_calls=3584
AMG setup messages level=4 phase=strength sends=0 bytes=0 collective_rank_calls=3584
AMG setup messages level=4 phase=strength-transpose sends=84376 bytes=31961176 collective_rank_calls=3584
AMG setup messages level=4 phase=PMIS sends=1905280 bytes=62441616 collective_rank_calls=39424
AMG setup messages level=4 phase=numbering sends=0 bytes=0 collective_rank_calls=3584
AMG setup messages level=4 phase=interpolation sends=492759 bytes=44621468 collective_rank_calls=3584
AMG setup messages level=4 phase=interpolation-transpose sends=46993 bytes=7954000 collective_rank_calls=3584
AMG setup messages level=4 phase=A*P sends=458568 bytes=136612464 collective_rank_calls=3584
AMG setup messages level=4 phase=R*(A*P) sends=140979 bytes=216302368 collective_rank_calls=3584
AMG setup messages level=5 phase=strength sends=0 bytes=0 collective_rank_calls=3584
AMG setup messages level=5 phase=strength-transpose sends=74360 bytes=6108996 collective_rank_calls=3584
AMG setup messages level=5 phase=PMIS sends=1493580 bytes=13757936 collective_rank_calls=32256
AMG setup messages level=5 phase=numbering sends=0 bytes=0 collective_rank_calls=3584
AMG setup messages level=5 phase=interpolation sends=405105 bytes=9266020 collective_rank_calls=3584
AMG setup messages level=5 phase=interpolation-transpose sends=21852 bytes=1950272 collective_rank_calls=3584
AMG setup messages level=5 phase=A*P sends=857790 bytes=57818192 collective_rank_calls=3584
AMG setup messages level=5 phase=R*(A*P) sends=65556 bytes=41266880 collective_rank_calls=3584
AMG setup messages level=6 phase=strength sends=0 bytes=0 collective_rank_calls=3584
AMG setup messages level=6 phase=strength-transpose sends=16332 bytes=978004 collective_rank_calls=3584
AMG setup messages level=6 phase=PMIS sends=349656 bytes=2392072 collective_rank_calls=28672
AMG setup messages level=6 phase=numbering sends=0 bytes=0 collective_rank_calls=3584
AMG setup messages level=6 phase=interpolation sends=80340 bytes=1177836 collective_rank_calls=3584
AMG setup messages level=6 phase=interpolation-transpose sends=5957 bytes=425200 collective_rank_calls=3584
AMG setup messages level=6 phase=A*P sends=400926 bytes=14091712 collective_rank_calls=3584
AMG setup messages level=6 phase=R*(A*P) sends=17871 bytes=6462896 collective_rank_calls=3584
AMG setup messages level=7 phase=strength sends=0 bytes=0 collective_rank_calls=3584
AMG setup messages level=7 phase=strength-transpose sends=3073 bytes=196260 collective_rank_calls=3584
AMG setup messages level=7 phase=PMIS sends=38159 bytes=315576 collective_rank_calls=14336
AMG setup messages level=7 phase=numbering sends=0 bytes=0 collective_rank_calls=3584
AMG setup messages level=7 phase=interpolation sends=13989 bytes=168320 collective_rank_calls=3584
AMG setup messages level=7 phase=interpolation-transpose sends=1436 bytes=117904 collective_rank_calls=3584
AMG setup messages level=7 phase=A*P sends=88896 bytes=2656128 collective_rank_calls=3584
AMG setup messages level=7 phase=R*(A*P) sends=4308 bytes=862320 collective_rank_calls=3584
AMG setup messages level=8 phase=strength sends=0 bytes=0 collective_rank_calls=3584
AMG setup messages level=8 phase=strength-transpose sends=443 bytes=34088 collective_rank_calls=3584
AMG setup messages level=8 phase=PMIS sends=3089 bytes=35596 collective_rank_calls=7168
AMG setup messages level=8 phase=numbering sends=0 bytes=0 collective_rank_calls=3584
AMG setup messages level=8 phase=interpolation sends=2313 bytes=22376 collective_rank_calls=3584
AMG setup messages level=8 phase=interpolation-transpose sends=268 bytes=19024 collective_rank_calls=3584
AMG setup messages level=8 phase=A*P sends=14142 bytes=275312 collective_rank_calls=3584
AMG setup messages level=8 phase=R*(A*P) sends=804 bytes=30416 collective_rank_calls=3584
GMRES: iter = 0, residual = 0.05763296902, 1 (rel.)
GMRES: iter = 1, residual = 0.05186733822, 0.8999595041 (rel.)
GMRES: iter = 2, residual = 0.04713731281, 0.8178879835 (rel.)
GMRES: iter = 3, residual = 0.04245745268, 0.7366868895 (rel.)
GMRES: iter = 4, residual = 0.0332992321, 0.5777809588 (rel.)
GMRES: Solve Time = 2.704234704
The cloud-layer FLD system Newton 51: residual=0.04989478177, GMRES rtol=0.6745447674
AMG setup messages level=0 phase=strength sends=0 bytes=0 collective_rank_calls=3584
AMG setup messages level=0 phase=strength-transpose sends=28852 bytes=1219101516 collective_rank_calls=3584
AMG setup messages level=0 phase=PMIS sends=592396 bytes=3872743124 collective_rank_calls=35840
AMG setup messages level=0 phase=numbering sends=0 bytes=0 collective_rank_calls=3584
AMG setup messages level=0 phase=interpolation sends=173112 bytes=1665371588 collective_rank_calls=3584
AMG setup messages level=0 phase=interpolation-transpose sends=68923 bytes=626040736 collective_rank_calls=3584
AMG setup messages level=0 phase=A*P sends=90744 bytes=2935735344 collective_rank_calls=3584
AMG setup messages level=0 phase=R*(A*P) sends=206769 bytes=4414435600 collective_rank_calls=3584
AMG setup messages level=1 phase=strength sends=0 bytes=0 collective_rank_calls=3584
AMG setup messages level=1 phase=strength-transpose sends=76371 bytes=1428088000 collective_rank_calls=3584
AMG setup messages level=1 phase=PMIS sends=1839157 bytes=2920667828 collective_rank_calls=43008
AMG setup messages level=1 phase=numbering sends=0 bytes=0 collective_rank_calls=3584
AMG setup messages level=1 phase=interpolation sends=454350 bytes=1721558436 collective_rank_calls=3584
AMG setup messages level=1 phase=interpolation-transpose sends=74716 bytes=488507120 collective_rank_calls=3584
AMG setup messages level=1 phase=A*P sends=257808 bytes=2885571936 collective_rank_calls=3584
AMG setup messages level=1 phase=R*(A*P) sends=224148 bytes=7276591472 collective_rank_calls=3584
AMG setup messages level=2 phase=strength sends=0 bytes=0 collective_rank_calls=3584
AMG setup messages level=2 phase=strength-transpose sends=86472 bytes=631973268 collective_rank_calls=3584
AMG setup messages level=2 phase=PMIS sends=2090460 bytes=970000020 collective_rank_calls=43008
AMG setup messages level=2 phase=numbering sends=0 bytes=0 collective_rank_calls=3584
AMG setup messages level=2 phase=interpolation sends=511074 bytes=664008276 collective_rank_calls=3584
AMG setup messages level=2 phase=interpolation-transpose sends=73046 bytes=142619440 collective_rank_calls=3584
AMG setup messages level=2 phase=A*P sends=300186 bytes=1171277488 collective_rank_calls=3584
AMG setup messages level=2 phase=R*(A*P) sends=219138 bytes=3235144784 collective_rank_calls=3584
AMG setup messages level=3 phase=strength sends=0 bytes=0 collective_rank_calls=3584
AMG setup messages level=3 phase=strength-transpose sends=87439 bytes=157933440 collective_rank_calls=3584
AMG setup messages level=3 phase=PMIS sends=2119973 bytes=255826768 collective_rank_calls=43008
AMG setup messages level=3 phase=numbering sends=0 bytes=0 collective_rank_calls=3584
AMG setup messages level=3 phase=interpolation sends=516438 bytes=178778292 collective_rank_calls=3584
AMG setup messages level=3 phase=interpolation-transpose sends=63881 bytes=33920160 collective_rank_calls=3584
AMG setup messages level=3 phase=A*P sends=306984 bytes=379350736 collective_rank_calls=3584
AMG setup messages level=3 phase=R*(A*P) sends=191643 bytes=904164576 collective_rank_calls=3584
AMG setup messages level=4 phase=strength sends=0 bytes=0 collective_rank_calls=3584
AMG setup messages level=4 phase=strength-transpose sends=84580 bytes=31960356 collective_rank_calls=3584
AMG setup messages level=4 phase=PMIS sends=1910152 bytes=62479888 collective_rank_calls=39424
AMG setup messages level=4 phase=numbering sends=0 bytes=0 collective_rank_calls=3584
AMG setup messages level=4 phase=interpolation sends=493473 bytes=44580480 collective_rank_calls=3584
AMG setup messages level=4 phase=interpolation-transpose sends=47013 bytes=7989248 collective_rank_calls=3584
AMG setup messages level=4 phase=A*P sends=458514 bytes=136649008 collective_rank_calls=3584
AMG setup messages level=4 phase=R*(A*P) sends=141039 bytes=217334016 collective_rank_calls=3584
AMG setup messages level=5 phase=strength sends=0 bytes=0 collective_rank_calls=3584
AMG setup messages level=5 phase=strength-transpose sends=74423 bytes=6083228 collective_rank_calls=3584
AMG setup messages level=5 phase=PMIS sends=1497604 bytes=13705440 collective_rank_calls=32256
AMG setup messages level=5 phase=numbering sends=0 bytes=0 collective_rank_calls=3584
AMG setup messages level=5 phase=interpolation sends=405177 bytes=9140540 collective_rank_calls=3584
AMG setup messages level=5 phase=interpolation-transpose sends=21801 bytes=1958704 collective_rank_calls=3584
AMG setup messages level=5 phase=A*P sends=861630 bytes=58079952 collective_rank_calls=3584
AMG setup messages level=5 phase=R*(A*P) sends=65403 bytes=41109392 collective_rank_calls=3584
AMG setup messages level=6 phase=strength sends=0 bytes=0 collective_rank_calls=3584
AMG setup messages level=6 phase=strength-transpose sends=16241 bytes=962568 collective_rank_calls=3584
AMG setup messages level=6 phase=PMIS sends=346067 bytes=2341080 collective_rank_calls=28672
AMG setup messages level=6 phase=numbering sends=0 bytes=0 collective_rank_calls=3584
AMG setup messages level=6 phase=interpolation sends=79320 bytes=1212664 collective_rank_calls=3584
AMG setup messages level=6 phase=interpolation-transpose sends=6389 bytes=435712 collective_rank_calls=3584
AMG setup messages level=6 phase=A*P sends=399558 bytes=13920496 collective_rank_calls=3584
AMG setup messages level=6 phase=R*(A*P) sends=19167 bytes=7003456 collective_rank_calls=3584
AMG setup messages level=7 phase=strength sends=0 bytes=0 collective_rank_calls=3584
AMG setup messages level=7 phase=strength-transpose sends=3198 bytes=190220 collective_rank_calls=3584
AMG setup messages level=7 phase=PMIS sends=57304 bytes=414544 collective_rank_calls=21504
AMG setup messages level=7 phase=numbering sends=0 bytes=0 collective_rank_calls=3584
AMG setup messages level=7 phase=interpolation sends=14139 bytes=149472 collective_rank_calls=3584
AMG setup messages level=7 phase=interpolation-transpose sends=1466 bytes=97120 collective_rank_calls=3584
AMG setup messages level=7 phase=A*P sends=93594 bytes=2725024 collective_rank_calls=3584
AMG setup messages level=7 phase=R*(A*P) sends=4398 bytes=1056896 collective_rank_calls=3584
AMG setup messages level=8 phase=strength sends=0 bytes=0 collective_rank_calls=3584
AMG setup messages level=8 phase=strength-transpose sends=807 bytes=51840 collective_rank_calls=3584
AMG setup messages level=8 phase=PMIS sends=8014 bytes=77520 collective_rank_calls=10752
AMG setup messages level=8 phase=numbering sends=0 bytes=0 collective_rank_calls=3584
AMG setup messages level=8 phase=interpolation sends=3741 bytes=33932 collective_rank_calls=3584
AMG setup messages level=8 phase=interpolation-transpose sends=483 bytes=36368 collective_rank_calls=3584
AMG setup messages level=8 phase=A*P sends=21210 bytes=522960 collective_rank_calls=3584
AMG setup messages level=8 phase=R*(A*P) sends=1449 bytes=80144 collective_rank_calls=3584
GMRES: iter = 0, residual = 0.04989672761, 1 (rel.)
GMRES: iter = 1, residual = 0.04501286746, 0.9021206324 (rel.)
GMRES: iter = 2, residual = 0.04082792895, 0.8182486288 (rel.)
GMRES: iter = 3, residual = 0.03661918876, 0.7338996065 (rel.)
GMRES: iter = 4, residual = 0.0280338789, 0.5618380252 (rel.)
GMRES: Solve Time = 2.698192212
The cloud-layer FLD system Newton 52: residual=0.04906709845, GMRES rtol=0.8703203437
AMG setup messages level=0 phase=strength sends=0 bytes=0 collective_rank_calls=3584
AMG setup messages level=0 phase=strength-transpose sends=28852 bytes=1219102020 collective_rank_calls=3584
AMG setup messages level=0 phase=PMIS sends=592396 bytes=3872745020 collective_rank_calls=35840
AMG setup messages level=0 phase=numbering sends=0 bytes=0 collective_rank_calls=3584
AMG setup messages level=0 phase=interpolation sends=173112 bytes=1664832476 collective_rank_calls=3584
AMG setup messages level=0 phase=interpolation-transpose sends=68950 bytes=625916576 collective_rank_calls=3584
AMG setup messages level=0 phase=A*P sends=90744 bytes=2935476400 collective_rank_calls=3584
AMG setup messages level=0 phase=R*(A*P) sends=206850 bytes=4412535152 collective_rank_calls=3584
AMG setup messages level=1 phase=strength sends=0 bytes=0 collective_rank_calls=3584
AMG setup messages level=1 phase=strength-transpose sends=76283 bytes=1428322596 collective_rank_calls=3584
AMG setup messages level=1 phase=PMIS sends=1837071 bytes=2921023748 collective_rank_calls=43008
AMG setup messages level=1 phase=numbering sends=0 bytes=0 collective_rank_calls=3584
AMG setup messages level=1 phase=interpolation sends=453903 bytes=1721567900 collective_rank_calls=3584
AMG setup messages level=1 phase=interpolation-transpose sends=74678 bytes=488456160 collective_rank_calls=3584
AMG setup messages level=1 phase=A*P sends=257694 bytes=2885660784 collective_rank_calls=3584
AMG setup messages level=1 phase=R*(A*P) sends=224034 bytes=7277361344 collective_rank_calls=3584
AMG setup messages level=2 phase=strength sends=0 bytes=0 collective_rank_calls=3584
AMG setup messages level=2 phase=strength-transpose sends=86672 bytes=632050384 collective_rank_calls=3584
AMG setup messages level=2 phase=PMIS sends=2094610 bytes=970185052 collective_rank_calls=43008
AMG setup messages level=2 phase=numbering sends=0 bytes=0 collective_rank_calls=3584
AMG setup messages level=2 phase=interpolation sends=511896 bytes=664064120 collective_rank_calls=3584
AMG setup messages level=2 phase=interpolation-transpose sends=73232 bytes=142496160 collective_rank_calls=3584
AMG setup messages level=2 phase=A*P sends=300348 bytes=1171201936 collective_rank_calls=3584
AMG setup messages level=2 phase=R*(A*P) sends=219696 bytes=3233084256 collective_rank_calls=3584
AMG setup messages level=3 phase=strength sends=0 bytes=0 collective_rank_calls=3584
AMG setup messages level=3 phase=strength-transpose sends=87524 bytes=157956828 collective_rank_calls=3584
AMG setup messages level=3 phase=PMIS sends=2122338 bytes=255827624 collective_rank_calls=43008
AMG setup messages level=3 phase=numbering sends=0 bytes=0 collective_rank_calls=3584
AMG setup messages level=3 phase=interpolation sends=517188 bytes=178929292 collective_rank_calls=3584
AMG setup messages level=3 phase=interpolation-transpose sends=63928 bytes=34000208 collective_rank_calls=3584
AMG setup messages level=3 phase=A*P sends=307068 bytes=379612608 collective_rank_calls=3584
AMG setup messages level=3 phase=R*(A*P) sends=191784 bytes=906186496 collective_rank_calls=3584
AMG setup messages level=4 phase=strength sends=0 bytes=0 collective_rank_calls=3584
AMG setup messages level=4 phase=strength-transpose sends=84240 bytes=31996344 collective_rank_calls=3584
AMG setup messages level=4 phase=PMIS sends=1903464 bytes=62486840 collective_rank_calls=39424
AMG setup messages level=4 phase=numbering sends=0 bytes=0 collective_rank_calls=3584
AMG setup messages level=4 phase=interpolation sends=491769 bytes=44526792 collective_rank_calls=3584
AMG setup messages level=4 phase=interpolation-transpose sends=46798 bytes=7966768 collective_rank_calls=3584
AMG setup messages level=4 phase=A*P sends=458370 bytes=136941056 collective_rank_calls=3584
AMG setup messages level=4 phase=R*(A*P) sends=140394 bytes=216601104 collective_rank_calls=3584
AMG setup messages level=5 phase=strength sends=0 bytes=0 collective_rank_calls=3584
AMG setup messages level=5 phase=strength-transpose sends=74121 bytes=6046516 collective_rank_calls=3584
AMG setup messages level=5 phase=PMIS sends=1328901 bytes=12315836 collective_rank_calls=28672
AMG setup messages level=5 phase=numbering sends=0 bytes=0 collective_rank_calls=3584
AMG setup messages level=5 phase=interpolation sends=403707 bytes=9100868 collective_rank_calls=3584
AMG setup messages level=5 phase=interpolation-transpose sends=21948 bytes=1929536 collective_rank_calls=3584
AMG setup messages level=5 phase=A*P sends=864780 bytes=57861280 collective_rank_calls=3584
AMG setup messages level=5 phase=R*(A*P) sends=65844 bytes=40982784 collective_rank_calls=3584
AMG setup messages level=6 phase=strength sends=0 bytes=0 collective_rank_calls=3584
AMG setup messages level=6 phase=strength-transpose sends=16104 bytes=960912 collective_rank_calls=3584
AMG setup messages level=6 phase=PMIS sends=304192 bytes=2129128 collective_rank_calls=25088
AMG setup messages level=6 phase=numbering sends=0 bytes=0 collective_rank_calls=3584
AMG setup messages level=6 phase=interpolation sends=79257 bytes=1146404 collective_rank_calls=3584
AMG setup messages level=6 phase=interpolation-transpose sends=6626 bytes=452368 collective_rank_calls=3584
AMG setup messages level=6 phase=A*P sends=397164 bytes=14010432 collective_rank_calls=3584
AMG setup messages level=6 phase=R*(A*P) sends=19878 bytes=6975696 collective_rank_calls=3584
AMG setup messages level=7 phase=strength sends=0 bytes=0 collective_rank_calls=3584
AMG setup messages level=7 phase=strength-transpose sends=2923 bytes=170784 collective_rank_calls=3584
AMG setup messages level=7 phase=PMIS sends=35919 bytes=283196 collective_rank_calls=14336
AMG setup messages level=7 phase=numbering sends=0 bytes=0 collective_rank_calls=3584
AMG setup messages level=7 phase=interpolation sends=13548 bytes=129944 collective_rank_calls=3584
AMG setup messages level=7 phase=interpolation-transpose sends=1487 bytes=104912 collective_rank_calls=3584
AMG setup messages level=7 phase=A*P sends=89418 bytes=2362992 collective_rank_calls=3584
AMG setup messages level=7 phase=R*(A*P) sends=4461 bytes=455584 collective_rank_calls=3584
AMG setup messages level=8 phase=strength sends=0 bytes=0 collective_rank_calls=3584
AMG setup messages level=8 phase=strength-transpose sends=185 bytes=10720 collective_rank_calls=3584
AMG setup messages level=8 phase=PMIS sends=1283 bytes=12360 collective_rank_calls=7168
AMG setup messages level=8 phase=numbering sends=0 bytes=0 collective_rank_calls=3584
AMG setup messages level=8 phase=interpolation sends=825 bytes=6580 collective_rank_calls=3584
AMG setup messages level=8 phase=interpolation-transpose sends=93 bytes=6192 collective_rank_calls=3584
AMG setup messages level=8 phase=A*P sends=3360 bytes=59216 collective_rank_calls=3584
AMG setup messages level=8 phase=R*(A*P) sends=279 bytes=9280 collective_rank_calls=3584
GMRES: iter = 0, residual = 0.0490685344, 1 (rel.)
GMRES: iter = 1, residual = 0.03420794094, 0.6971461725 (rel.)
GMRES: Solve Time = 0.776635805
The cloud-layer FLD system Newton 53: residual=0.0342245423, GMRES rtol=0.6817117506
AMG setup messages level=0 phase=strength sends=0 bytes=0 collective_rank_calls=3584
AMG setup messages level=0 phase=strength-transpose sends=28852 bytes=1219102048 collective_rank_calls=3584
AMG setup messages level=0 phase=PMIS sends=592396 bytes=3872745160 collective_rank_calls=35840
AMG setup messages level=0 phase=numbering sends=0 bytes=0 collective_rank_calls=3584
AMG setup messages level=0 phase=interpolation sends=173112 bytes=1664868432 collective_rank_calls=3584
AMG setup messages level=0 phase=interpolation-transpose sends=68990 bytes=625990480 collective_rank_calls=3584
AMG setup messages level=0 phase=A*P sends=90744 bytes=2935565920 collective_rank_calls=3584
AMG setup messages level=0 phase=R*(A*P) sends=206970 bytes=4413059616 collective_rank_calls=3584
AMG setup messages level=1 phase=strength sends=0 bytes=0 collective_rank_calls=3584
AMG setup messages level=1 phase=strength-transpose sends=76398 bytes=1428328868 collective_rank_calls=3584
AMG setup messages level=1 phase=PMIS sends=1840078 bytes=2920839328 collective_rank_calls=43008
AMG setup messages level=1 phase=numbering sends=0 bytes=0 collective_rank_calls=3584
AMG setup messages level=1 phase=interpolation sends=454440 bytes=1721792392 collective_rank_calls=3584
AMG setup messages level=1 phase=interpolation-transpose sends=74647 bytes=488429424 collective_rank_calls=3584
AMG setup messages level=1 phase=A*P sends=257328 bytes=2885559952 collective_rank_calls=3584
AMG setup messages level=1 phase=R*(A*P) sends=223941 bytes=7275128112 collective_rank_calls=3584
AMG setup messages level=2 phase=strength sends=0 bytes=0 collective_rank_calls=3584
AMG setup messages level=2 phase=strength-transpose sends=86634 bytes=631930564 collective_rank_calls=3584
AMG setup messages level=2 phase=PMIS sends=2092736 bytes=969768500 collective_rank_calls=43008
AMG setup messages level=2 phase=numbering sends=0 bytes=0 collective_rank_calls=3584
AMG setup messages level=2 phase=interpolation sends=511704 bytes=663989440 collective_rank_calls=3584
AMG setup messages level=2 phase=interpolation-transpose sends=73214 bytes=142533344 collective_rank_calls=3584
AMG setup messages level=2 phase=A*P sends=300156 bytes=1170866640 collective_rank_calls=3584
AMG setup messages level=2 phase=R*(A*P) sends=219642 bytes=3233327744 collective_rank_calls=3584
AMG setup messages level=3 phase=strength sends=0 bytes=0 collective_rank_calls=3584
AMG setup messages level=3 phase=strength-transpose sends=87815 bytes=158084672 collective_rank_calls=3584
AMG setup messages level=3 phase=PMIS sends=2128685 bytes=255972048 collective_rank_calls=43008
AMG setup messages level=3 phase=numbering sends=0 bytes=0 collective_rank_calls=3584
AMG setup messages level=3 phase=interpolation sends=518601 bytes=179086848 collective_rank_calls=3584
AMG setup messages level=3 phase=interpolation-transpose sends=64100 bytes=33964944 collective_rank_calls=3584
AMG setup messages level=3 phase=A*P sends=307086 bytes=379451840 collective_rank_calls=3584
AMG setup messages level=3 phase=R*(A*P) sends=192300 bytes=906537088 collective_rank_calls=3584
AMG setup messages level=4 phase=strength sends=0 bytes=0 collective_rank_calls=3584
AMG setup messages level=4 phase=strength-transpose sends=84317 bytes=31965316 collective_rank_calls=3584
AMG setup messages level=4 phase=PMIS sends=1904978 bytes=62461992 collective_rank_calls=39424
AMG setup messages level=4 phase=numbering sends=0 bytes=0 collective_rank_calls=3584
AMG setup messages level=4 phase=interpolation sends=492450 bytes=44545332 collective_rank_calls=3584
AMG setup messages level=4 phase=interpolation-transpose sends=46748 bytes=7958752 collective_rank_calls=3584
AMG setup messages level=4 phase=A*P sends=458232 bytes=136857168 collective_rank_calls=3584
AMG setup messages level=4 phase=R*(A*P) sends=140244 bytes=217001376 collective_rank_calls=3584
AMG setup messages level=5 phase=strength sends=0 bytes=0 collective_rank_calls=3584
AMG setup messages level=5 phase=strength-transpose sends=74217 bytes=6070456 collective_rank_calls=3584
AMG setup messages level=5 phase=PMIS sends=1326963 bytes=12368200 collective_rank_calls=28672
AMG setup messages level=5 phase=numbering sends=0 bytes=0 collective_rank_calls=3584
AMG setup messages level=5 phase=interpolation sends=404253 bytes=9196668 collective_rank_calls=3584
AMG setup messages level=5 phase=interpolation-transpose sends=21904 bytes=1949552 collective_rank_calls=3584
AMG setup messages level=5 phase=A*P sends=864444 bytes=58114480 collective_rank_calls=3584
AMG setup messages level=5 phase=R*(A*P) sends=65712 bytes=41192976 collective_rank_calls=3584
AMG setup messages level=6 phase=strength sends=0 bytes=0 collective_rank_calls=3584
AMG setup messages level=6 phase=strength-transpose sends=16542 bytes=984688 collective_rank_calls=3584
AMG setup messages level=6 phase=PMIS sends=224256 bytes=1660080 collective_rank_calls=17920
AMG setup messages level=6 phase=numbering sends=0 bytes=0 collective_rank_calls=3584
AMG setup messages level=6 phase=interpolation sends=82395 bytes=1117108 collective_rank_calls=3584
AMG setup messages level=6 phase=interpolation-transpose sends=6298 bytes=413536 collective_rank_calls=3584
AMG setup messages level=6 phase=A*P sends=401742 bytes=13997008 collective_rank_calls=3584
AMG setup messages level=6 phase=R*(A*P) sends=18894 bytes=6961088 collective_rank_calls=3584
AMG setup messages level=7 phase=strength sends=0 bytes=0 collective_rank_calls=3584
AMG setup messages level=7 phase=strength-transpose sends=2924 bytes=179876 collective_rank_calls=3584
AMG setup messages level=7 phase=PMIS sends=36582 bytes=307468 collective_rank_calls=14336
AMG setup messages level=7 phase=numbering sends=0 bytes=0 collective_rank_calls=3584
AMG setup messages level=7 phase=interpolation sends=12843 bytes=116456 collective_rank_calls=3584
AMG setup messages level=7 phase=interpolation-transpose sends=1238 bytes=85744 collective_rank_calls=3584
AMG setup messages level=7 phase=A*P sends=91788 bytes=2581536 collective_rank_calls=3584
AMG setup messages level=7 phase=R*(A*P) sends=3714 bytes=1119120 collective_rank_calls=3584
AMG setup messages level=8 phase=strength sends=0 bytes=0 collective_rank_calls=3584
AMG setup messages level=8 phase=strength-transpose sends=662 bytes=41632 collective_rank_calls=3584
AMG setup messages level=8 phase=PMIS sends=6412 bytes=60712 collective_rank_calls=10752
AMG setup messages level=8 phase=numbering sends=0 bytes=0 collective_rank_calls=3584
AMG setup messages level=8 phase=interpolation sends=2616 bytes=20020 collective_rank_calls=3584
AMG setup messages level=8 phase=interpolation-transpose sends=427 bytes=31744 collective_rank_calls=3584
AMG setup messages level=8 phase=A*P sends=25320 bytes=514016 collective_rank_calls=3584
AMG setup messages level=8 phase=R*(A*P) sends=1281 bytes=51584 collective_rank_calls=3584
GMRES: iter = 0, residual = 0.03422513836, 1 (rel.)
GMRES: iter = 1, residual = 0.03108097082, 0.9081328025 (rel.)
GMRES: iter = 2, residual = 0.02799297792, 0.8179069322 (rel.)
GMRES: iter = 3, residual = 0.02497214696, 0.7296434186 (rel.)
GMRES: iter = 4, residual = 0.01863407159, 0.5444556977 (rel.)
GMRES: Solve Time = 2.712842085
The cloud-layer FLD system Newton 54: residual=0.03167656031, GMRES rtol=0.7709533805
AMG setup messages level=0 phase=strength sends=0 bytes=0 collective_rank_calls=3584
AMG setup messages level=0 phase=strength-transpose sends=28852 bytes=1219102552 collective_rank_calls=3584
AMG setup messages level=0 phase=PMIS sends=592396 bytes=3872746536 collective_rank_calls=35840
AMG setup messages level=0 phase=numbering sends=0 bytes=0 collective_rank_calls=3584
AMG setup messages level=0 phase=interpolation sends=173112 bytes=1665088520 collective_rank_calls=3584
AMG setup messages level=0 phase=interpolation-transpose sends=68904 bytes=625999904 collective_rank_calls=3584
AMG setup messages level=0 phase=A*P sends=90744 bytes=2935618336 collective_rank_calls=3584
AMG setup messages level=0 phase=R*(A*P) sends=206712 bytes=4413405424 collective_rank_calls=3584
AMG setup messages level=1 phase=strength sends=0 bytes=0 collective_rank_calls=3584
AMG setup messages level=1 phase=strength-transpose sends=76369 bytes=1428383896 collective_rank_calls=3584
AMG setup messages level=1 phase=PMIS sends=1839863 bytes=2920939224 collective_rank_calls=43008
AMG setup messages level=1 phase=numbering sends=0 bytes=0 collective_rank_calls=3584
AMG setup messages level=1 phase=interpolation sends=454281 bytes=1721835996 collective_rank_calls=3584
AMG setup messages level=1 phase=interpolation-transpose sends=74642 bytes=488499760 collective_rank_calls=3584
AMG setup messages level=1 phase=A*P sends=258372 bytes=2885540192 collective_rank_calls=3584
AMG setup messages level=1 phase=R*(A*P) sends=223926 bytes=7276424992 collective_rank_calls=3584
AMG setup messages level=2 phase=strength sends=0 bytes=0 collective_rank_calls=3584
AMG setup messages level=2 phase=strength-transpose sends=86561 bytes=631933188 collective_rank_calls=3584
AMG setup messages level=2 phase=PMIS sends=2091335 bytes=969929780 collective_rank_calls=43008
AMG setup messages level=2 phase=numbering sends=0 bytes=0 collective_rank_calls=3584
AMG setup messages level=2 phase=interpolation sends=511395 bytes=663969044 collective_rank_calls=3584
AMG setup messages level=2 phase=interpolation-transpose sends=73297 bytes=142503712 collective_rank_calls=3584
AMG setup messages level=2 phase=A*P sends=300492 bytes=1171040288 collective_rank_calls=3584
AMG setup messages level=2 phase=R*(A*P) sends=219891 bytes=3233142016 collective_rank_calls=3584
AMG setup messages level=3 phase=strength sends=0 bytes=0 collective_rank_calls=3584
AMG setup messages level=3 phase=strength-transpose sends=87632 bytes=157869468 collective_rank_calls=3584
AMG setup messages level=3 phase=PMIS sends=1948160 bytes=236234968 collective_rank_calls=39424
AMG setup messages level=3 phase=numbering sends=0 bytes=0 collective_rank_calls=3584
AMG setup messages level=3 phase=interpolation sends=517599 bytes=178833904 collective_rank_calls=3584
AMG setup messages level=3 phase=interpolation-transpose sends=64118 bytes=33981376 collective_rank_calls=3584
AMG setup messages level=3 phase=A*P sends=306972 bytes=379532880 collective_rank_calls=3584
AMG setup messages level=3 phase=R*(A*P) sends=192354 bytes=905868560 collective_rank_calls=3584
AMG setup messages level=4 phase=strength sends=0 bytes=0 collective_rank_calls=3584
AMG setup messages level=4 phase=strength-transpose sends=84284 bytes=31981364 collective_rank_calls=3584
AMG setup messages level=4 phase=PMIS sends=2077052 bytes=67637532 collective_rank_calls=43008
AMG setup messages level=4 phase=numbering sends=0 bytes=0 collective_rank_calls=3584
AMG setup messages level=4 phase=interpolation sends=492501 bytes=44576296 collective_rank_calls=3584
AMG setup messages level=4 phase=interpolation-transpose sends=46933 bytes=7967232 collective_rank_calls=3584
AMG setup messages level=4 phase=A*P sends=460242 bytes=136864176 collective_rank_calls=3584
AMG setup messages level=4 phase=R*(A*P) sends=140799 bytes=217240080 collective_rank_calls=3584
AMG setup messages level=5 phase=strength sends=0 bytes=0 collective_rank_calls=3584
AMG setup messages level=5 phase=strength-transpose sends=74747 bytes=6074252 collective_rank_calls=3584
AMG setup messages level=5 phase=PMIS sends=1502496 bytes=13700208 collective_rank_calls=32256
AMG setup messages level=5 phase=numbering sends=0 bytes=0 collective_rank_calls=3584
AMG setup messages level=5 phase=interpolation sends=408018 bytes=9211696 collective_rank_calls=3584
AMG setup messages level=5 phase=interpolation-transpose sends=21962 bytes=1955440 collective_rank_calls=3584
AMG setup messages level=5 phase=A*P sends=866814 bytes=58147328 collective_rank_calls=3584
AMG setup messages level=5 phase=R*(A*P) sends=65886 bytes=40859328 collective_rank_calls=3584
AMG setup messages level=6 phase=strength sends=0 bytes=0 collective_rank_calls=3584
AMG setup messages level=6 phase=strength-transpose sends=15853 bytes=944192 collective_rank_calls=3584
AMG setup messages level=6 phase=PMIS sends=298190 bytes=2063864 collective_rank_calls=25088
AMG setup messages level=6 phase=numbering sends=0 bytes=0 collective_rank_calls=3584
AMG setup messages level=6 phase=interpolation sends=78861 bytes=1101700 collective_rank_calls=3584
AMG setup messages level=6 phase=interpolation-transpose sends=6512 bytes=437984 collective_rank_calls=3584
AMG setup messages level=6 phase=A*P sends=397242 bytes=13942144 collective_rank_calls=3584
AMG setup messages level=6 phase=R*(A*P) sends=19536 bytes=6652736 collective_rank_calls=3584
AMG setup messages level=7 phase=strength sends=0 bytes=0 collective_rank_calls=3584
AMG setup messages level=7 phase=strength-transpose sends=3031 bytes=172048 collective_rank_calls=3584
AMG setup messages level=7 phase=PMIS sends=46120 bytes=332304 collective_rank_calls=17920
AMG setup messages level=7 phase=numbering sends=0 bytes=0 collective_rank_calls=3584
AMG setup messages level=7 phase=interpolation sends=13941 bytes=140484 collective_rank_calls=3584
AMG setup messages level=7 phase=interpolation-transpose sends=1483 bytes=101376 collective_rank_calls=3584
AMG setup messages level=7 phase=A*P sends=86412 bytes=2263184 collective_rank_calls=3584
AMG setup messages level=7 phase=R*(A*P) sends=4449 bytes=635168 collective_rank_calls=3584
AMG setup messages level=8 phase=strength sends=0 bytes=0 collective_rank_calls=3584
AMG setup messages level=8 phase=strength-transpose sends=403 bytes=24404 collective_rank_calls=3584
AMG setup messages level=8 phase=PMIS sends=2803 bytes=28732 collective_rank_calls=7168
AMG setup messages level=8 phase=numbering sends=0 bytes=0 collective_rank_calls=3584
AMG setup messages level=8 phase=interpolation sends=1896 bytes=15388 collective_rank_calls=3584
AMG setup messages level=8 phase=interpolation-transpose sends=174 bytes=12128 collective_rank_calls=3584
AMG setup messages level=8 phase=A*P sends=7392 bytes=138256 collective_rank_calls=3584
AMG setup messages level=8 phase=R*(A*P) sends=522 bytes=18704 collective_rank_calls=3584
GMRES: iter = 0, residual = 0.03167789531, 1 (rel.)
GMRES: iter = 1, residual = 0.02284809538, 0.7212630497 (rel.)
GMRES: Solve Time = 0.769328371
The cloud-layer FLD system Newton 55: residual=0.02285703818, GMRES rtol=0.5349322034
AMG setup messages level=0 phase=strength sends=0 bytes=0 collective_rank_calls=3584
AMG setup messages level=0 phase=strength-transpose sends=28852 bytes=1219102580 collective_rank_calls=3584
AMG setup messages level=0 phase=PMIS sends=592396 bytes=3872746572 collective_rank_calls=35840
AMG setup messages level=0 phase=numbering sends=0 bytes=0 collective_rank_calls=3584
AMG setup messages level=0 phase=interpolation sends=173112 bytes=1665121020 collective_rank_calls=3584
AMG setup messages level=0 phase=interpolation-transpose sends=68995 bytes=625848304 collective_rank_calls=3584
AMG setup messages level=0 phase=A*P sends=90744 bytes=2935583888 collective_rank_calls=3584
AMG setup messages level=0 phase=R*(A*P) sends=206985 bytes=4412488912 collective_rank_calls=3584
AMG setup messages level=1 phase=strength sends=0 bytes=0 collective_rank_calls=3584
AMG setup messages level=1 phase=strength-transpose sends=76427 bytes=1428335236 collective_rank_calls=3584
AMG setup messages level=1 phase=PMIS sends=1994788 bytes=3144841888 collective_rank_calls=46592
AMG setup messages level=1 phase=numbering sends=0 bytes=0 collective_rank_calls=3584
AMG setup messages level=1 phase=interpolation sends=454827 bytes=1721680936 collective_rank_calls=3584
AMG setup messages level=1 phase=interpolation-transpose sends=74616 bytes=488540096 collective_rank_calls=3584
AMG setup messages level=1 phase=A*P sends=257874 bytes=2885995760 collective_rank_calls=3584
AMG setup messages level=1 phase=R*(A*P) sends=223848 bytes=7278619344 collective_rank_calls=3584
AMG setup messages level=2 phase=strength sends=0 bytes=0 collective_rank_calls=3584
AMG setup messages level=2 phase=strength-transpose sends=86405 bytes=631884568 collective_rank_calls=3584
AMG setup messages level=2 phase=PMIS sends=2087903 bytes=969971668 collective_rank_calls=43008
AMG setup messages level=2 phase=numbering sends=0 bytes=0 collective_rank_calls=3584
AMG setup messages level=2 phase=interpolation sends=510519 bytes=664178744 collective_rank_calls=3584
AMG setup messages level=2 phase=interpolation-transpose sends=73254 bytes=142452288 collective_rank_calls=3584
AMG setup messages level=2 phase=A*P sends=300348 bytes=1170928544 collective_rank_calls=3584
AMG setup messages level=2 phase=R*(A*P) sends=219762 bytes=3232953008 collective_rank_calls=3584
AMG setup messages level=3 phase=strength sends=0 bytes=0 collective_rank_calls=3584
AMG setup messages level=3 phase=strength-transpose sends=87620 bytes=158125756 collective_rank_calls=3584
AMG setup messages level=3 phase=PMIS sends=2124616 bytes=256008220 collective_rank_calls=43008
AMG setup messages level=3 phase=numbering sends=0 bytes=0 collective_rank_calls=3584
AMG setup messages level=3 phase=interpolation sends=517320 bytes=178977728 collective_rank_calls=3584
AMG setup messages level=3 phase=interpolation-transpose sends=63993 bytes=33962944 collective_rank_calls=3584
AMG setup messages level=3 phase=A*P sends=307032 bytes=379864816 collective_rank_calls=3584
AMG setup messages level=3 phase=R*(A*P) sends=191979 bytes=904984352 collective_rank_calls=3584
AMG setup messages level=4 phase=strength sends=0 bytes=0 collective_rank_calls=3584
AMG setup messages level=4 phase=strength-transpose sends=84272 bytes=31923996 collective_rank_calls=3584
AMG setup messages level=4 phase=PMIS sends=2075776 bytes=67454756 collective_rank_calls=43008
AMG setup messages level=4 phase=numbering sends=0 bytes=0 collective_rank_calls=3584
AMG setup messages level=4 phase=interpolation sends=491829 bytes=44558264 collective_rank_calls=3584
AMG setup messages level=4 phase=interpolation-transpose sends=46696 bytes=7979280 collective_rank_calls=3584
AMG setup messages level=4 phase=A*P sends=457992 bytes=136725664 collective_rank_calls=3584
AMG setup messages level=4 phase=R*(A*P) sends=140088 bytes=217374160 collective_rank_calls=3584
AMG setup messages level=5 phase=strength sends=0 bytes=0 collective_rank_calls=3584
AMG setup messages level=5 phase=strength-transpose sends=74407 bytes=6113016 collective_rank_calls=3584
AMG setup messages level=5 phase=PMIS sends=1329139 bytes=12408360 collective_rank_calls=28672
AMG setup messages level=5 phase=numbering sends=0 bytes=0 collective_rank_calls=3584
AMG setup messages level=5 phase=interpolation sends=406797 bytes=9222132 collective_rank_calls=3584
AMG setup messages level=5 phase=interpolation-transpose sends=21923 bytes=1954496 collective_rank_calls=3584
AMG setup messages level=5 phase=A*P sends=863628 bytes=58371696 collective_rank_calls=3584
AMG setup messages level=5 phase=R*(A*P) sends=65769 bytes=41178448 collective_rank_calls=3584
AMG setup messages level=6 phase=strength sends=0 bytes=0 collective_rank_calls=3584
AMG setup messages level=6 phase=strength-transpose sends=15866 bytes=936924 collective_rank_calls=3584
AMG setup messages level=6 phase=PMIS sends=299676 bytes=2067256 collective_rank_calls=25088
AMG setup messages level=6 phase=numbering sends=0 bytes=0 collective_rank_calls=3584
AMG setup messages level=6 phase=interpolation sends=77778 bytes=1043740 collective_rank_calls=3584
AMG setup messages level=6 phase=interpolation-transpose sends=5864 bytes=389440 collective_rank_calls=3584
AMG setup messages level=6 phase=A*P sends=394152 bytes=13461296 collective_rank_calls=3584
AMG setup messages level=6 phase=R*(A*P) sends=17592 bytes=6429728 collective_rank_calls=3584
AMG setup messages level=7 phase=strength sends=0 bytes=0 collective_rank_calls=3584
AMG setup messages level=7 phase=strength-transpose sends=2849 bytes=173876 collective_rank_calls=3584
AMG setup messages level=7 phase=PMIS sends=35587 bytes=291188 collective_rank_calls=14336
AMG setup messages level=7 phase=numbering sends=0 bytes=0 collective_rank_calls=3584
AMG setup messages level=7 phase=interpolation sends=12165 bytes=130060 collective_rank_calls=3584
AMG setup messages level=7 phase=interpolation-transpose sends=1401 bytes=95856 collective_rank_calls=3584
AMG setup messages level=7 phase=A*P sends=89814 bytes=2697248 collective_rank_calls=3584
AMG setup messages level=7 phase=R*(A*P) sends=4203 bytes=1305856 collective_rank_calls=3584
AMG setup messages level=8 phase=strength sends=0 bytes=0 collective_rank_calls=3584
AMG setup messages level=8 phase=strength-transpose sends=750 bytes=47548 collective_rank_calls=3584
AMG setup messages level=8 phase=PMIS sends=5178 bytes=56724 collective_rank_calls=7168
AMG setup messages level=8 phase=numbering sends=0 bytes=0 collective_rank_calls=3584
AMG setup messages level=8 phase=interpolation sends=3228 bytes=25452 collective_rank_calls=3584
AMG setup messages level=8 phase=interpolation-transpose sends=415 bytes=31392 collective_rank_calls=3584
AMG setup messages level=8 phase=A*P sends=27798 bytes=579472 collective_rank_calls=3584
AMG setup messages level=8 phase=R*(A*P) sends=1245 bytes=52240 collective_rank_calls=3584
GMRES: iter = 0, residual = 0.02285706079, 1 (rel.)
GMRES: iter = 1, residual = 0.02087712404, 0.913377456 (rel.)
GMRES: iter = 2, residual = 0.01864685038, 0.8158026332 (rel.)
GMRES: iter = 3, residual = 0.01631917473, 0.7139664577 (rel.)
GMRES: iter = 4, residual = 0.01182847389, 0.5174975906 (rel.)
GMRES: Solve Time = 2.725273125
The cloud-layer FLD system Newton 56: residual=0.01998730055, GMRES rtol=0.688192648
AMG setup messages level=0 phase=strength sends=0 bytes=0 collective_rank_calls=3584
AMG setup messages level=0 phase=strength-transpose sends=28852 bytes=1219102776 collective_rank_calls=3584
AMG setup messages level=0 phase=PMIS sends=592396 bytes=3872747032 collective_rank_calls=35840
AMG setup messages level=0 phase=numbering sends=0 bytes=0 collective_rank_calls=3584
AMG setup messages level=0 phase=interpolation sends=173112 bytes=1664905288 collective_rank_calls=3584
AMG setup messages level=0 phase=interpolation-transpose sends=68989 bytes=625833440 collective_rank_calls=3584
AMG setup messages level=0 phase=A*P sends=90744 bytes=2935481232 collective_rank_calls=3584
AMG setup messages level=0 phase=R*(A*P) sends=206967 bytes=4411814192 collective_rank_calls=3584
AMG setup messages level=1 phase=strength sends=0 bytes=0 collective_rank_calls=3584
AMG setup messages level=1 phase=strength-transpose sends=76398 bytes=1428421972 collective_rank_calls=3584
AMG setup messages level=1 phase=PMIS sends=1840312 bytes=2920911500 collective_rank_calls=43008
AMG setup messages level=1 phase=numbering sends=0 bytes=0 collective_rank_calls=3584
AMG setup messages level=1 phase=interpolation sends=454392 bytes=1721716748 collective_rank_calls=3584
AMG setup messages level=1 phase=interpolation-transpose sends=74640 bytes=488513376 collective_rank_calls=3584
AMG setup messages level=1 phase=A*P sends=257910 bytes=2886040800 collective_rank_calls=3584
AMG setup messages level=1 phase=R*(A*P) sends=223920 bytes=7275403696 collective_rank_calls=3584
AMG setup messages level=2 phase=strength sends=0 bytes=0 collective_rank_calls=3584
AMG setup messages level=2 phase=strength-transpose sends=86433 bytes=631988872 collective_rank_calls=3584
AMG setup messages level=2 phase=PMIS sends=2089147 bytes=969979772 collective_rank_calls=43008
AMG setup messages level=2 phase=numbering sends=0 bytes=0 collective_rank_calls=3584
AMG setup messages level=2 phase=interpolation sends=510909 bytes=663982072 collective_rank_calls=3584
AMG setup messages level=2 phase=interpolation-transpose sends=73205 bytes=142625136 collective_rank_calls=3584
AMG setup messages level=2 phase=A*P sends=300282 bytes=1171301360 collective_rank_calls=3584
AMG setup messages level=2 phase=R*(A*P) sends=219615 bytes=3236832240 collective_rank_calls=3584
AMG setup messages level=3 phase=strength sends=0 bytes=0 collective_rank_calls=3584
AMG setup messages level=3 phase=strength-transpose sends=87683 bytes=158099832 collective_rank_calls=3584
AMG setup messages level=3 phase=PMIS sends=2125595 bytes=256123196 collective_rank_calls=43008
AMG setup messages level=3 phase=numbering sends=0 bytes=0 collective_rank_calls=3584
AMG setup messages level=3 phase=interpolation sends=517854 bytes=179184156 collective_rank_calls=3584
AMG setup messages level=3 phase=interpolation-transpose sends=64045 bytes=33952976 collective_rank_calls=3584
AMG setup messages level=3 phase=A*P sends=307170 bytes=379588128 collective_rank_calls=3584
AMG setup messages level=3 phase=R*(A*P) sends=192135 bytes=906262832 collective_rank_calls=3584
AMG setup messages level=4 phase=strength sends=0 bytes=0 collective_rank_calls=3584
AMG setup messages level=4 phase=strength-transpose sends=84388 bytes=31997544 collective_rank_calls=3584
AMG setup messages level=4 phase=PMIS sends=1905808 bytes=62504400 collective_rank_calls=39424
AMG setup messages level=4 phase=numbering sends=0 bytes=0 collective_rank_calls=3584
AMG setup messages level=4 phase=interpolation sends=492615 bytes=44517088 collective_rank_calls=3584
AMG setup messages level=4 phase=interpolation-transpose sends=47173 bytes=7989152 collective_rank_calls=3584
AMG setup messages level=4 phase=A*P sends=459204 bytes=137073728 collective_rank_calls=3584
AMG setup messages level=4 phase=R*(A*P) sends=141519 bytes=218443648 collective_rank_calls=3584
AMG setup messages level=5 phase=strength sends=0 bytes=0 collective_rank_calls=3584
AMG setup messages level=5 phase=strength-transpose sends=74833 bytes=6080976 collective_rank_calls=3584
AMG setup messages level=5 phase=PMIS sends=1667897 bytes=15047008 collective_rank_calls=35840
AMG setup messages level=5 phase=numbering sends=0 bytes=0 collective_rank_calls=3584
AMG setup messages level=5 phase=interpolation sends=408624 bytes=9155532 collective_rank_calls=3584
AMG setup messages level=5 phase=interpolation-transpose sends=21696 bytes=1956624 collective_rank_calls=3584
AMG setup messages level=5 phase=A*P sends=869856 bytes=58397792 collective_rank_calls=3584
AMG setup messages level=5 phase=R*(A*P) sends=65088 bytes=40995776 collective_rank_calls=3584
AMG setup messages level=6 phase=strength sends=0 bytes=0 collective_rank_calls=3584
AMG setup messages level=6 phase=strength-transpose sends=15668 bytes=938428 collective_rank_calls=3584
AMG setup messages level=6 phase=PMIS sends=294088 bytes=2061056 collective_rank_calls=25088
AMG setup messages level=6 phase=numbering sends=0 bytes=0 collective_rank_calls=3584
AMG setup messages level=6 phase=interpolation sends=76824 bytes=1140000 collective_rank_calls=3584
AMG setup messages level=6 phase=interpolation-transpose sends=6000 bytes=427552 collective_rank_calls=3584
AMG setup messages level=6 phase=A*P sends=387264 bytes=13695280 collective_rank_calls=3584
AMG setup messages level=6 phase=R*(A*P) sends=18000 bytes=6529920 collective_rank_calls=3584
AMG setup messages level=7 phase=strength sends=0 bytes=0 collective_rank_calls=3584
AMG setup messages level=7 phase=strength-transpose sends=2956 bytes=176844 collective_rank_calls=3584
AMG setup messages level=7 phase=PMIS sends=35778 bytes=283264 collective_rank_calls=14336
AMG setup messages level=7 phase=numbering sends=0 bytes=0 collective_rank_calls=3584
AMG setup messages level=7 phase=interpolation sends=12615 bytes=150348 collective_rank_calls=3584
AMG setup messages level=7 phase=interpolation-transpose sends=1675 bytes=113088 collective_rank_calls=3584
AMG setup messages level=7 phase=A*P sends=84774 bytes=2697648 collective_rank_calls=3584
AMG setup messages level=7 phase=R*(A*P) sends=5025 bytes=1257760 collective_rank_calls=3584
AMG setup messages level=8 phase=strength sends=0 bytes=0 collective_rank_calls=3584
AMG setup messages level=8 phase=strength-transpose sends=814 bytes=48248 collective_rank_calls=3584
AMG setup messages level=8 phase=PMIS sends=8052 bytes=69920 collective_rank_calls=10752
AMG setup messages level=8 phase=numbering sends=0 bytes=0 collective_rank_calls=3584
AMG setup messages level=8 phase=interpolation sends=3960 bytes=32472 collective_rank_calls=3584
AMG setup messages level=8 phase=interpolation-transpose sends=301 bytes=20496 collective_rank_calls=3584
AMG setup messages level=8 phase=A*P sends=21498 bytes=378128 collective_rank_calls=3584
AMG setup messages level=8 phase=R*(A*P) sends=903 bytes=36176 collective_rank_calls=3584
GMRES: iter = 0, residual = 0.01998753683, 1 (rel.)
GMRES: iter = 1, residual = 0.01475458523, 0.7381892705 (rel.)
GMRES: iter = 2, residual = 0.01326002195, 0.6634145101 (rel.)
GMRES: Solve Time = 1.416550957
The cloud-layer FLD system Newton 57: residual=0.01332581161, GMRES rtol=0.4262482087
AMG setup messages level=0 phase=strength sends=0 bytes=0 collective_rank_calls=3584
AMG setup messages level=0 phase=strength-transpose sends=28852 bytes=1219102776 collective_rank_calls=3584
AMG setup messages level=0 phase=PMIS sends=651496 bytes=4223155120 collective_rank_calls=39424
AMG setup messages level=0 phase=numbering sends=0 bytes=0 collective_rank_calls=3584
AMG setup messages level=0 phase=interpolation sends=173112 bytes=1664947480 collective_rank_calls=3584
AMG setup messages level=0 phase=interpolation-transpose sends=68970 bytes=625895840 collective_rank_calls=3584
AMG setup messages level=0 phase=A*P sends=90744 bytes=2935538160 collective_rank_calls=3584
AMG setup messages level=0 phase=R*(A*P) sends=206910 bytes=4412762896 collective_rank_calls=3584
AMG setup messages level=1 phase=strength sends=0 bytes=0 collective_rank_calls=3584
AMG setup messages level=1 phase=strength-transpose sends=76468 bytes=1428375068 collective_rank_calls=3584
AMG setup messages level=1 phase=PMIS sends=1842434 bytes=2921212796 collective_rank_calls=43008
AMG setup messages level=1 phase=numbering sends=0 bytes=0 collective_rank_calls=3584
AMG setup messages level=1 phase=interpolation sends=454704 bytes=1721952212 collective_rank_calls=3584
AMG setup messages level=1 phase=interpolation-transpose sends=74599 bytes=488509296 collective_rank_calls=3584
AMG setup messages level=1 phase=A*P sends=258756 bytes=2885799392 collective_rank_calls=3584
AMG setup messages level=1 phase=R*(A*P) sends=223797 bytes=7274932256 collective_rank_calls=3584
AMG setup messages level=2 phase=strength sends=0 bytes=0 collective_rank_calls=3584
AMG setup messages level=2 phase=strength-transpose sends=86462 bytes=631905588 collective_rank_calls=3584
AMG setup messages level=2 phase=PMIS sends=2089440 bytes=969707444 collective_rank_calls=43008
AMG setup messages level=2 phase=numbering sends=0 bytes=0 collective_rank_calls=3584
AMG setup messages level=2 phase=interpolation sends=510855 bytes=663784468 collective_rank_calls=3584
AMG setup messages level=2 phase=interpolation-transpose sends=73308 bytes=142468352 collective_rank_calls=3584
AMG setup messages level=2 phase=A*P sends=300516 bytes=1170765344 collective_rank_calls=3584
AMG setup messages level=2 phase=R*(A*P) sends=219924 bytes=3231504352 collective_rank_calls=3584
AMG setup messages level=3 phase=strength sends=0 bytes=0 collective_rank_calls=3584
AMG setup messages level=3 phase=strength-transpose sends=87704 bytes=158006440 collective_rank_calls=3584
AMG setup messages level=3 phase=PMIS sends=2304160 bytes=275453888 collective_rank_calls=46592
AMG setup messages level=3 phase=numbering sends=0 bytes=0 collective_rank_calls=3584
AMG setup messages level=3 phase=interpolation sends=517626 bytes=178974640 collective_rank_calls=3584
AMG setup messages level=3 phase=interpolation-transpose sends=64072 bytes=33969360 collective_rank_calls=3584
AMG setup messages level=3 phase=A*P sends=307104 bytes=379412576 collective_rank_calls=3584
AMG setup messages level=3 phase=R*(A*P) sends=192216 bytes=905436928 collective_rank_calls=3584
AMG setup messages level=4 phase=strength sends=0 bytes=0 collective_rank_calls=3584
AMG setup messages level=4 phase=strength-transpose sends=84435 bytes=31973380 collective_rank_calls=3584
AMG setup messages level=4 phase=PMIS sends=1907310 bytes=62499992 collective_rank_calls=39424
AMG setup messages level=4 phase=numbering sends=0 bytes=0 collective_rank_calls=3584
AMG setup messages level=4 phase=interpolation sends=492630 bytes=44452472 collective_rank_calls=3584
AMG setup messages level=4 phase=interpolation-transpose sends=47148 bytes=7981264 collective_rank_calls=3584
AMG setup messages level=4 phase=A*P sends=458910 bytes=136904096 collective_rank_calls=3584
AMG setup messages level=4 phase=R*(A*P) sends=141444 bytes=216982096 collective_rank_calls=3584
AMG setup messages level=5 phase=strength sends=0 bytes=0 collective_rank_calls=3584
AMG setup messages level=5 phase=strength-transpose sends=74398 bytes=6084908 collective_rank_calls=3584
AMG setup messages level=5 phase=PMIS sends=1332838 bytes=12418656 collective_rank_calls=28672
AMG setup messages level=5 phase=numbering sends=0 bytes=0 collective_rank_calls=3584
AMG setup messages level=5 phase=interpolation sends=406746 bytes=9162748 collective_rank_calls=3584
AMG setup messages level=5 phase=interpolation-transpose sends=21972 bytes=1955344 collective_rank_calls=3584
AMG setup messages level=5 phase=A*P sends=864186 bytes=58155264 collective_rank_calls=3584
AMG setup messages level=5 phase=R*(A*P) sends=65916 bytes=41283120 collective_rank_calls=3584
AMG setup messages level=6 phase=strength sends=0 bytes=0 collective_rank_calls=3584
AMG setup messages level=6 phase=strength-transpose sends=16142 bytes=950312 collective_rank_calls=3584
AMG setup messages level=6 phase=PMIS sends=302548 bytes=2079744 collective_rank_calls=25088
AMG setup messages level=6 phase=numbering sends=0 bytes=0 collective_rank_calls=3584
AMG setup messages level=6 phase=interpolation sends=78936 bytes=1139564 collective_rank_calls=3584
AMG setup messages level=6 phase=interpolation-transpose sends=6158 bytes=427584 collective_rank_calls=3584
AMG setup messages level=6 phase=A*P sends=394440 bytes=13756288 collective_rank_calls=3584
AMG setup messages level=6 phase=R*(A*P) sends=18474 bytes=6689952 collective_rank_calls=3584
AMG setup messages level=7 phase=strength sends=0 bytes=0 collective_rank_calls=3584
AMG setup messages level=7 phase=strength-transpose sends=2696 bytes=160240 collective_rank_calls=3584
AMG setup messages level=7 phase=PMIS sends=25488 bytes=217120 collective_rank_calls=10752
AMG setup messages level=7 phase=numbering sends=0 bytes=0 collective_rank_calls=3584
AMG setup messages level=7 phase=interpolation sends=11919 bytes=118384 collective_rank_calls=3584
AMG setup messages level=7 phase=interpolation-transpose sends=1285 bytes=86416 collective_rank_calls=3584
AMG setup messages level=7 phase=A*P sends=88164 bytes=2426496 collective_rank_calls=3584
AMG setup messages level=7 phase=R*(A*P) sends=3855 bytes=909904 collective_rank_calls=3584
AMG setup messages level=8 phase=strength sends=0 bytes=0 collective_rank_calls=3584
AMG setup messages level=8 phase=strength-transpose sends=646 bytes=40904 collective_rank_calls=3584
AMG setup messages level=8 phase=PMIS sends=4504 bytes=49104 collective_rank_calls=7168
AMG setup messages level=8 phase=numbering sends=0 bytes=0 collective_rank_calls=3584
AMG setup messages level=8 phase=interpolation sends=2853 bytes=22680 collective_rank_calls=3584
AMG setup messages level=8 phase=interpolation-transpose sends=338 bytes=24912 collective_rank_calls=3584
AMG setup messages level=8 phase=A*P sends=16254 bytes=322880 collective_rank_calls=3584
AMG setup messages level=8 phase=R*(A*P) sends=1014 bytes=40528 collective_rank_calls=3584
GMRES: iter = 0, residual = 0.01332586587, 1 (rel.)
GMRES: iter = 1, residual = 0.01241342024, 0.9315282294 (rel.)
GMRES: iter = 2, residual = 0.01130799938, 0.8485752063 (rel.)
GMRES: iter = 3, residual = 0.01002972283, 0.7526507412 (rel.)
GMRES: iter = 4, residual = 0.007015897315, 0.5264871629 (rel.)
GMRES: iter = 5, residual = 0.003702661682, 0.2778552417 (rel.)
GMRES: Solve Time = 3.403979413
The cloud-layer FLD system Newton 58: residual=0.0124316482, GMRES rtol=0.7832656077
AMG setup messages level=0 phase=strength sends=0 bytes=0 collective_rank_calls=3584
AMG setup messages level=0 phase=strength-transpose sends=28852 bytes=1219102916 collective_rank_calls=3584
AMG setup messages level=0 phase=PMIS sends=592396 bytes=3872747420 collective_rank_calls=35840
AMG setup messages level=0 phase=numbering sends=0 bytes=0 collective_rank_calls=3584
AMG setup messages level=0 phase=interpolation sends=173112 bytes=1665005436 collective_rank_calls=3584
AMG setup messages level=0 phase=interpolation-transpose sends=68883 bytes=625853680 collective_rank_calls=3584
AMG setup messages level=0 phase=A*P sends=90744 bytes=2935539568 collective_rank_calls=3584
AMG setup messages level=0 phase=R*(A*P) sends=206649 bytes=4412330336 collective_rank_calls=3584
AMG setup messages level=1 phase=strength sends=0 bytes=0 collective_rank_calls=3584
AMG setup messages level=1 phase=strength-transpose sends=76380 bytes=1428394696 collective_rank_calls=3584
AMG setup messages level=1 phase=PMIS sends=1840348 bytes=2921027828 collective_rank_calls=43008
AMG setup messages level=1 phase=numbering sends=0 bytes=0 collective_rank_calls=3584
AMG setup messages level=1 phase=interpolation sends=454155 bytes=1721682480 collective_rank_calls=3584
AMG setup messages level=1 phase=interpolation-transpose sends=74647 bytes=488537344 collective_rank_calls=3584
AMG setup messages level=1 phase=A*P sends=258378 bytes=2885908832 collective_rank_calls=3584
AMG setup messages level=1 phase=R*(A*P) sends=223941 bytes=7276861424 collective_rank_calls=3584
AMG setup messages level=2 phase=strength sends=0 bytes=0 collective_rank_calls=3584
AMG setup messages level=2 phase=strength-transpose sends=86474 bytes=631850468 collective_rank_calls=3584
AMG setup messages level=2 phase=PMIS sends=2263556 bytes=1044050096 collective_rank_calls=46592
AMG setup messages level=2 phase=numbering sends=0 bytes=0 collective_rank_calls=3584
AMG setup messages level=2 phase=interpolation sends=510897 bytes=664010084 collective_rank_calls=3584
AMG setup messages level=2 phase=interpolation-transpose sends=73159 bytes=142528416 collective_rank_calls=3584
AMG setup messages level=2 phase=A*P sends=300420 bytes=1170958112 collective_rank_calls=3584
AMG setup messages level=2 phase=R*(A*P) sends=219477 bytes=3232918464 collective_rank_calls=3584
AMG setup messages level=3 phase=strength sends=0 bytes=0 collective_rank_calls=3584
AMG setup messages level=3 phase=strength-transpose sends=87650 bytes=157972060 collective_rank_calls=3584
AMG setup messages level=3 phase=PMIS sends=2125050 bytes=255929536 collective_rank_calls=43008
AMG setup messages level=3 phase=numbering sends=0 bytes=0 collective_rank_calls=3584
AMG setup messages level=3 phase=interpolation sends=517467 bytes=179005684 collective_rank_calls=3584
AMG setup messages level=3 phase=interpolation-transpose sends=64053 bytes=33962400 collective_rank_calls=3584
AMG setup messages level=3 phase=A*P sends=307044 bytes=379392912 collective_rank_calls=3584
AMG setup messages level=3 phase=R*(A*P) sends=192159 bytes=906232576 collective_rank_calls=3584
AMG setup messages level=4 phase=strength sends=0 bytes=0 collective_rank_calls=3584
AMG setup messages level=4 phase=strength-transpose sends=84415 bytes=31981476 collective_rank_calls=3584
AMG setup messages level=4 phase=PMIS sends=1732949 bytes=57430084 collective_rank_calls=35840
AMG setup messages level=4 phase=numbering sends=0 bytes=0 collective_rank_calls=3584
AMG setup messages level=4 phase=interpolation sends=492867 bytes=44568448 collective_rank_calls=3584
AMG setup messages level=4 phase=interpolation-transpose sends=46492 bytes=7959904 collective_rank_calls=3584
AMG setup messages level=4 phase=A*P sends=458760 bytes=136905168 collective_rank_calls=3584
AMG setup messages level=4 phase=R*(A*P) sends=139476 bytes=215680464 collective_rank_calls=3584
AMG setup messages level=5 phase=strength sends=0 bytes=0 collective_rank_calls=3584
AMG setup messages level=5 phase=strength-transpose sends=73581 bytes=6030424 collective_rank_calls=3584
AMG setup messages level=5 phase=PMIS sends=1319163 bytes=12282504 collective_rank_calls=28672
AMG setup messages level=5 phase=numbering sends=0 bytes=0 collective_rank_calls=3584
AMG setup messages level=5 phase=interpolation sends=402222 bytes=9106116 collective_rank_calls=3584
AMG setup messages level=5 phase=interpolation-transpose sends=22061 bytes=1929072 collective_rank_calls=3584
AMG setup messages level=5 phase=A*P sends=857922 bytes=57463392 collective_rank_calls=3584
AMG setup messages level=5 phase=R*(A*P) sends=66183 bytes=41020528 collective_rank_calls=3584
AMG setup messages level=6 phase=strength sends=0 bytes=0 collective_rank_calls=3584
AMG setup messages level=6 phase=strength-transpose sends=16842 bytes=972764 collective_rank_calls=3584
AMG setup messages level=6 phase=PMIS sends=315852 bytes=2124728 collective_rank_calls=25088
AMG setup messages level=6 phase=numbering sends=0 bytes=0 collective_rank_calls=3584
AMG setup messages level=6 phase=interpolation sends=82449 bytes=1109412 collective_rank_calls=3584
AMG setup messages level=6 phase=interpolation-transpose sends=6075 bytes=399824 collective_rank_calls=3584
AMG setup messages level=6 phase=A*P sends=409986 bytes=13756288 collective_rank_calls=3584
AMG setup messages level=6 phase=R*(A*P) sends=18225 bytes=6484832 collective_rank_calls=3584
AMG setup messages level=7 phase=strength sends=0 bytes=0 collective_rank_calls=3584
AMG setup messages level=7 phase=strength-transpose sends=3031 bytes=186080 collective_rank_calls=3584
AMG setup messages level=7 phase=PMIS sends=37823 bytes=313796 collective_rank_calls=14336
AMG setup messages level=7 phase=numbering sends=0 bytes=0 collective_rank_calls=3584
AMG setup messages level=7 phase=interpolation sends=13392 bytes=130304 collective_rank_calls=3584
AMG setup messages level=7 phase=interpolation-transpose sends=1399 bytes=99312 collective_rank_calls=3584
AMG setup messages level=7 phase=A*P sends=91188 bytes=2481712 collective_rank_calls=3584
AMG setup messages level=7 phase=R*(A*P) sends=4197 bytes=805968 collective_rank_calls=3584
AMG setup messages level=8 phase=strength sends=0 bytes=0 collective_rank_calls=3584
AMG setup messages level=8 phase=strength-transpose sends=573 bytes=36732 collective_rank_calls=3584
AMG setup messages level=8 phase=PMIS sends=3999 bytes=44332 collective_rank_calls=7168
AMG setup messages level=8 phase=numbering sends=0 bytes=0 collective_rank_calls=3584
AMG setup messages level=8 phase=interpolation sends=2586 bytes=20708 collective_rank_calls=3584
AMG setup messages level=8 phase=interpolation-transpose sends=286 bytes=21392 collective_rank_calls=3584
AMG setup messages level=8 phase=A*P sends=15420 bytes=306400 collective_rank_calls=3584
AMG setup messages level=8 phase=R*(A*P) sends=858 bytes=35088 collective_rank_calls=3584
GMRES: iter = 0, residual = 0.01243175783, 1 (rel.)
GMRES: iter = 1, residual = 0.007350578762, 0.5912742884 (rel.)
GMRES: Solve Time = 0.777524494
The cloud-layer FLD system Newton 59: residual=0.00735069038, GMRES rtol=0.5521545109
AMG setup messages level=0 phase=strength sends=0 bytes=0 collective_rank_calls=3584
AMG setup messages level=0 phase=strength-transpose sends=28852 bytes=1219102944 collective_rank_calls=3584
AMG setup messages level=0 phase=PMIS sends=592396 bytes=3872747456 collective_rank_calls=35840
AMG setup messages level=0 phase=numbering sends=0 bytes=0 collective_rank_calls=3584
AMG setup messages level=0 phase=interpolation sends=173112 bytes=1665004096 collective_rank_calls=3584
AMG setup messages level=0 phase=interpolation-transpose sends=68890 bytes=625845328 collective_rank_calls=3584
AMG setup messages level=0 phase=A*P sends=90744 bytes=2935555008 collective_rank_calls=3584
AMG setup messages level=0 phase=R*(A*P) sends=206670 bytes=4412307488 collective_rank_calls=3584
AMG setup messages level=1 phase=strength sends=0 bytes=0 collective_rank_calls=3584
AMG setup messages level=1 phase=strength-transpose sends=76323 bytes=1428457796 collective_rank_calls=3584
AMG setup messages level=1 phase=PMIS sends=1838889 bytes=2921269612 collective_rank_calls=43008
AMG setup messages level=1 phase=numbering sends=0 bytes=0 collective_rank_calls=3584
AMG setup messages level=1 phase=interpolation sends=453987 bytes=1721860388 collective_rank_calls=3584
AMG setup messages level=1 phase=interpolation-transpose sends=74596 bytes=488519040 collective_rank_calls=3584
AMG setup messages level=1 phase=A*P sends=257928 bytes=2885842032 collective_rank_calls=3584
AMG setup messages level=1 phase=R*(A*P) sends=223788 bytes=7276008144 collective_rank_calls=3584
AMG setup messages level=2 phase=strength sends=0 bytes=0 collective_rank_calls=3584
AMG setup messages level=2 phase=strength-transpose sends=86523 bytes=631841040 collective_rank_calls=3584
AMG setup messages level=2 phase=PMIS sends=2091099 bytes=969791052 collective_rank_calls=43008
AMG setup messages level=2 phase=numbering sends=0 bytes=0 collective_rank_calls=3584
AMG setup messages level=2 phase=interpolation sends=511536 bytes=664041868 collective_rank_calls=3584
AMG setup messages level=2 phase=interpolation-transpose sends=73133 bytes=142480288 collective_rank_calls=3584
AMG setup messages level=2 phase=A*P sends=300090 bytes=1171012240 collective_rank_calls=3584
AMG setup messages level=2 phase=R*(A*P) sends=219399 bytes=3231760544 collective_rank_calls=3584
AMG setup messages level=3 phase=strength sends=0 bytes=0 collective_rank_calls=3584
AMG setup messages level=3 phase=strength-transpose sends=87546 bytes=157942432 collective_rank_calls=3584
AMG setup messages level=3 phase=PMIS sends=2122970 bytes=255815864 collective_rank_calls=43008
AMG setup messages level=3 phase=numbering sends=0 bytes=0 collective_rank_calls=3584
AMG setup messages level=3 phase=interpolation sends=517194 bytes=178561832 collective_rank_calls=3584
AMG setup messages level=3 phase=interpolation-transpose sends=63858 bytes=33981792 collective_rank_calls=3584
AMG setup messages level=3 phase=A*P sends=307302 bytes=379507248 collective_rank_calls=3584
AMG setup messages level=3 phase=R*(A*P) sends=191574 bytes=906173056 collective_rank_calls=3584
AMG setup messages level=4 phase=strength sends=0 bytes=0 collective_rank_calls=3584
AMG setup messages level=4 phase=strength-transpose sends=84126 bytes=31889712 collective_rank_calls=3584
AMG setup messages level=4 phase=PMIS sends=2074560 bytes=67514352 collective_rank_calls=43008
AMG setup messages level=4 phase=numbering sends=0 bytes=0 collective_rank_calls=3584
AMG setup messages level=4 phase=interpolation sends=490998 bytes=44411876 collective_rank_calls=3584
AMG setup messages level=4 phase=interpolation-transpose sends=46889 bytes=7962976 collective_rank_calls=3584
AMG setup messages level=4 phase=A*P sends=459342 bytes=136813664 collective_rank_calls=3584
AMG setup messages level=4 phase=R*(A*P) sends=140667 bytes=216548480 collective_rank_calls=3584
AMG setup messages level=5 phase=strength sends=0 bytes=0 collective_rank_calls=3584
AMG setup messages level=5 phase=strength-transpose sends=73998 bytes=6067140 collective_rank_calls=3584
AMG setup messages level=5 phase=PMIS sends=1325322 bytes=12389244 collective_rank_calls=28672
AMG setup messages level=5 phase=numbering sends=0 bytes=0 collective_rank_calls=3584
AMG setup messages level=5 phase=interpolation sends=404430 bytes=9066704 collective_rank_calls=3584
AMG setup messages level=5 phase=interpolation-transpose sends=22196 bytes=1965312 collective_rank_calls=3584
AMG setup messages level=5 phase=A*P sends=866928 bytes=58280208 collective_rank_calls=3584
AMG setup messages level=5 phase=R*(A*P) sends=66588 bytes=41566512 collective_rank_calls=3584
AMG setup messages level=6 phase=strength sends=0 bytes=0 collective_rank_calls=3584
AMG setup messages level=6 phase=strength-transpose sends=15921 bytes=940488 collective_rank_calls=3584
AMG setup messages level=6 phase=PMIS sends=259309 bytes=1842576 collective_rank_calls=21504
AMG setup messages level=6 phase=numbering sends=0 bytes=0 collective_rank_calls=3584
AMG setup messages level=6 phase=interpolation sends=77667 bytes=1093272 collective_rank_calls=3584
AMG setup messages level=6 phase=interpolation-transpose sends=6272 bytes=427376 collective_rank_calls=3584
AMG setup messages level=6 phase=A*P sends=401190 bytes=13872512 collective_rank_calls=3584
AMG setup messages level=6 phase=R*(A*P) sends=18816 bytes=6797536 collective_rank_calls=3584
AMG setup messages level=7 phase=strength sends=0 bytes=0 collective_rank_calls=3584
AMG setup messages level=7 phase=strength-transpose sends=3075 bytes=185524 collective_rank_calls=3584
AMG setup messages level=7 phase=PMIS sends=37715 bytes=306688 collective_rank_calls=14336
AMG setup messages level=7 phase=numbering sends=0 bytes=0 collective_rank_calls=3584
AMG setup messages level=7 phase=interpolation sends=13260 bytes=136652 collective_rank_calls=3584
AMG setup messages level=7 phase=interpolation-transpose sends=1549 bytes=107696 collective_rank_calls=3584
AMG setup messages level=7 phase=A*P sends=93696 bytes=2761248 collective_rank_calls=3584
AMG setup messages level=7 phase=R*(A*P) sends=4647 bytes=1099008 collective_rank_calls=3584
AMG setup messages level=8 phase=strength sends=0 bytes=0 collective_rank_calls=3584
AMG setup messages level=8 phase=strength-transpose sends=550 bytes=32972 collective_rank_calls=3584
AMG setup messages level=8 phase=PMIS sends=3760 bytes=38220 collective_rank_calls=7168
AMG setup messages level=8 phase=numbering sends=0 bytes=0 collective_rank_calls=3584
AMG setup messages level=8 phase=interpolation sends=2376 bytes=18744 collective_rank_calls=3584
AMG setup messages level=8 phase=interpolation-transpose sends=295 bytes=20768 collective_rank_calls=3584
AMG setup messages level=8 phase=A*P sends=19206 bytes=361184 collective_rank_calls=3584
AMG setup messages level=8 phase=R*(A*P) sends=885 bytes=32656 collective_rank_calls=3584
GMRES: iter = 0, residual = 0.007350694873, 1 (rel.)
GMRES: iter = 1, residual = 0.006555239397, 0.8917849959 (rel.)
GMRES: iter = 2, residual = 0.005784359542, 0.7869132976 (rel.)
GMRES: iter = 3, residual = 0.004915301651, 0.668685306 (rel.)
GMRES: iter = 4, residual = 0.003835649552, 0.52180775 (rel.)
GMRES: Solve Time = 2.735761268
The cloud-layer FLD system Newton 60: residual=0.006432757377, GMRES rtol=0.689255216
AMG setup messages level=0 phase=strength sends=0 bytes=0 collective_rank_calls=3584
AMG setup messages level=0 phase=strength-transpose sends=28852 bytes=1219103084 collective_rank_calls=3584
AMG setup messages level=0 phase=PMIS sends=592396 bytes=3872747844 collective_rank_calls=35840
AMG setup messages level=0 phase=numbering sends=0 bytes=0 collective_rank_calls=3584
AMG setup messages level=0 phase=interpolation sends=173112 bytes=1665116980 collective_rank_calls=3584
AMG setup messages level=0 phase=interpolation-transpose sends=68940 bytes=625989680 collective_rank_calls=3584
AMG setup messages level=0 phase=A*P sends=90744 bytes=2935648672 collective_rank_calls=3584
AMG setup messages level=0 phase=R*(A*P) sends=206820 bytes=4413477408 collective_rank_calls=3584
AMG setup messages level=1 phase=strength sends=0 bytes=0 collective_rank_calls=3584
AMG setup messages level=1 phase=strength-transpose sends=76425 bytes=1428501064 collective_rank_calls=3584
AMG setup messages level=1 phase=PMIS sends=1840531 bytes=2921336648 collective_rank_calls=43008
AMG setup messages level=1 phase=numbering sends=0 bytes=0 collective_rank_calls=3584
AMG setup messages level=1 phase=interpolation sends=454488 bytes=1722077352 collective_rank_calls=3584
AMG setup messages level=1 phase=interpolation-transpose sends=74663 bytes=488324224 collective_rank_calls=3584
AMG setup messages level=1 phase=A*P sends=257346 bytes=2885588736 collective_rank_calls=3584
AMG setup messages level=1 phase=R*(A*P) sends=223989 bytes=7273831088 collective_rank_calls=3584
AMG setup messages level=2 phase=strength sends=0 bytes=0 collective_rank_calls=3584
AMG setup messages level=2 phase=strength-transpose sends=86577 bytes=632020128 collective_rank_calls=3584
AMG setup messages level=2 phase=PMIS sends=2265996 bytes=1044255616 collective_rank_calls=46592
AMG setup messages level=2 phase=numbering sends=0 bytes=0 collective_rank_calls=3584
AMG setup messages level=2 phase=interpolation sends=511380 bytes=663953648 collective_rank_calls=3584
AMG setup messages level=2 phase=interpolation-transpose sends=73266 bytes=142503152 collective_rank_calls=3584
AMG setup messages level=2 phase=A*P sends=300264 bytes=1170920384 collective_rank_calls=3584
AMG setup messages level=2 phase=R*(A*P) sends=219798 bytes=3234419392 collective_rank_calls=3584
AMG setup messages level=3 phase=strength sends=0 bytes=0 collective_rank_calls=3584
AMG setup messages level=3 phase=strength-transpose sends=87751 bytes=158092336 collective_rank_calls=3584
AMG setup messages level=3 phase=PMIS sends=2305340 bytes=275651792 collective_rank_calls=46592
AMG setup messages level=3 phase=numbering sends=0 bytes=0 collective_rank_calls=3584
AMG setup messages level=3 phase=interpolation sends=518427 bytes=179095180 collective_rank_calls=3584
AMG setup messages level=3 phase=interpolation-transpose sends=63821 bytes=33927904 collective_rank_calls=3584
AMG setup messages level=3 phase=A*P sends=307338 bytes=379610016 collective_rank_calls=3584
AMG setup messages level=3 phase=R*(A*P) sends=191463 bytes=904193632 collective_rank_calls=3584
AMG setup messages level=4 phase=strength sends=0 bytes=0 collective_rank_calls=3584
AMG setup messages level=4 phase=strength-transpose sends=84294 bytes=31927720 collective_rank_calls=3584
AMG setup messages level=4 phase=PMIS sends=1903332 bytes=62434960 collective_rank_calls=39424
AMG setup messages level=4 phase=numbering sends=0 bytes=0 collective_rank_calls=3584
AMG setup messages level=4 phase=interpolation sends=491628 bytes=44409948 collective_rank_calls=3584
AMG setup messages level=4 phase=interpolation-transpose sends=47093 bytes=7986272 collective_rank_calls=3584
AMG setup messages level=4 phase=A*P sends=458862 bytes=136967232 collective_rank_calls=3584
AMG setup messages level=4 phase=R*(A*P) sends=141279 bytes=217502288 collective_rank_calls=3584
AMG setup messages level=5 phase=strength sends=0 bytes=0 collective_rank_calls=3584
AMG setup messages level=5 phase=strength-transpose sends=74835 bytes=6077908 collective_rank_calls=3584
AMG setup messages level=5 phase=PMIS sends=1173138 bytes=11071544 collective_rank_calls=25088
AMG setup messages level=5 phase=numbering sends=0 bytes=0 collective_rank_calls=3584
AMG setup messages level=5 phase=interpolation sends=408777 bytes=9106452 collective_rank_calls=3584
AMG setup messages level=5 phase=interpolation-transpose sends=21960 bytes=1939808 collective_rank_calls=3584
AMG setup messages level=5 phase=A*P sends=867738 bytes=58040768 collective_rank_calls=3584
AMG setup messages level=5 phase=R*(A*P) sends=65880 bytes=41047120 collective_rank_calls=3584
AMG setup messages level=6 phase=strength sends=0 bytes=0 collective_rank_calls=3584
AMG setup messages level=6 phase=strength-transpose sends=16152 bytes=960912 collective_rank_calls=3584
AMG setup messages level=6 phase=PMIS sends=262872 bytes=1879788 collective_rank_calls=21504
AMG setup messages level=6 phase=numbering sends=0 bytes=0 collective_rank_calls=3584
AMG setup messages level=6 phase=interpolation sends=78654 bytes=1110788 collective_rank_calls=3584
AMG setup messages level=6 phase=interpolation-transpose sends=6213 bytes=420048 collective_rank_calls=3584
AMG setup messages level=6 phase=A*P sends=402198 bytes=14044368 collective_rank_calls=3584
AMG setup messages level=6 phase=R*(A*P) sends=18639 bytes=6702000 collective_rank_calls=3584
AMG setup messages level=7 phase=strength sends=0 bytes=0 collective_rank_calls=3584
AMG setup messages level=7 phase=strength-transpose sends=3085 bytes=189080 collective_rank_calls=3584
AMG setup messages level=7 phase=PMIS sends=29314 bytes=266528 collective_rank_calls=10752
AMG setup messages level=7 phase=numbering sends=0 bytes=0 collective_rank_calls=3584
AMG setup messages level=7 phase=interpolation sends=13227 bytes=127440 collective_rank_calls=3584
AMG setup messages level=7 phase=interpolation-transpose sends=1166 bytes=80512 collective_rank_calls=3584
AMG setup messages level=7 phase=A*P sends=86424 bytes=2307216 collective_rank_calls=3584
AMG setup messages level=7 phase=R*(A*P) sends=3498 bytes=832656 collective_rank_calls=3584
AMG setup messages level=8 phase=strength sends=0 bytes=0 collective_rank_calls=3584
AMG setup messages level=8 phase=strength-transpose sends=753 bytes=49836 collective_rank_calls=3584
AMG setup messages level=8 phase=PMIS sends=5259 bytes=60892 collective_rank_calls=7168
AMG setup messages level=8 phase=numbering sends=0 bytes=0 collective_rank_calls=3584
AMG setup messages level=8 phase=interpolation sends=3336 bytes=26548 collective_rank_calls=3584
AMG setup messages level=8 phase=interpolation-transpose sends=392 bytes=30096 collective_rank_calls=3584
AMG setup messages level=8 phase=A*P sends=17226 bytes=374768 collective_rank_calls=3584
AMG setup messages level=8 phase=R*(A*P) sends=1176 bytes=50992 collective_rank_calls=3584
GMRES: iter = 0, residual = 0.006432793856, 1 (rel.)
GMRES: iter = 1, residual = 0.003291174594, 0.5116244461 (rel.)
GMRES: Solve Time = 0.771472912
The cloud-layer FLD system Newton 61: residual=0.003291124857, GMRES rtol=0.4275654775
AMG setup messages level=0 phase=strength sends=0 bytes=0 collective_rank_calls=3584
AMG setup messages level=0 phase=strength-transpose sends=28852 bytes=1219103084 collective_rank_calls=3584
AMG setup messages level=0 phase=PMIS sends=592396 bytes=3872747844 collective_rank_calls=35840
AMG setup messages level=0 phase=numbering sends=0 bytes=0 collective_rank_calls=3584
AMG setup messages level=0 phase=interpolation sends=173112 bytes=1664993060 collective_rank_calls=3584
AMG setup messages level=0 phase=interpolation-transpose sends=68987 bytes=625788000 collective_rank_calls=3584
AMG setup messages level=0 phase=A*P sends=90744 bytes=2935573984 collective_rank_calls=3584
AMG setup messages level=0 phase=R*(A*P) sends=206961 bytes=4412032624 collective_rank_calls=3584
AMG setup messages level=1 phase=strength sends=0 bytes=0 collective_rank_calls=3584
AMG setup messages level=1 phase=strength-transpose sends=76407 bytes=1428362124 collective_rank_calls=3584
AMG setup messages level=1 phase=PMIS sends=1840723 bytes=2921193852 collective_rank_calls=43008
AMG setup messages level=1 phase=numbering sends=0 bytes=0 collective_rank_calls=3584
AMG setup messages level=1 phase=interpolation sends=454392 bytes=1722016876 collective_rank_calls=3584
AMG setup messages level=1 phase=interpolation-transpose sends=74662 bytes=488522592 collective_rank_calls=3584
AMG setup messages level=1 phase=A*P sends=258108 bytes=2885737456 collective_rank_calls=3584
AMG setup messages level=1 phase=R*(A*P) sends=223986 bytes=7277068672 collective_rank_calls=3584
AMG setup messages level=2 phase=strength sends=0 bytes=0 collective_rank_calls=3584
AMG setup messages level=2 phase=strength-transpose sends=86491 bytes=632084816 collective_rank_calls=3584
AMG setup messages level=2 phase=PMIS sends=2264824 bytes=1044485584 collective_rank_calls=46592
AMG setup messages level=2 phase=numbering sends=0 bytes=0 collective_rank_calls=3584
AMG setup messages level=2 phase=interpolation sends=511128 bytes=664135692 collective_rank_calls=3584
AMG setup messages level=2 phase=interpolation-transpose sends=73215 bytes=142597728 collective_rank_calls=3584
AMG setup messages level=2 phase=A*P sends=300294 bytes=1171301152 collective_rank_calls=3584
AMG setup messages level=2 phase=R*(A*P) sends=219645 bytes=3234076912 collective_rank_calls=3584
AMG setup messages level=3 phase=strength sends=0 bytes=0 collective_rank_calls=3584
AMG setup messages level=3 phase=strength-transpose sends=87686 bytes=157967324 collective_rank_calls=3584
AMG setup messages level=3 phase=PMIS sends=2125992 bytes=255891324 collective_rank_calls=43008
AMG setup messages level=3 phase=numbering sends=0 bytes=0 collective_rank_calls=3584
AMG setup messages level=3 phase=interpolation sends=517722 bytes=178894316 collective_rank_calls=3584
AMG setup messages level=3 phase=interpolation-transpose sends=64129 bytes=33997232 collective_rank_calls=3584
AMG setup messages level=3 phase=A*P sends=307092 bytes=379559360 collective_rank_calls=3584
AMG setup messages level=3 phase=R*(A*P) sends=192387 bytes=905908320 collective_rank_calls=3584
AMG setup messages level=4 phase=strength sends=0 bytes=0 collective_rank_calls=3584
AMG setup messages level=4 phase=strength-transpose sends=84509 bytes=31972876 collective_rank_calls=3584
AMG setup messages level=4 phase=PMIS sends=1910570 bytes=62508256 collective_rank_calls=39424
AMG setup messages level=4 phase=numbering sends=0 bytes=0 collective_rank_calls=3584
AMG setup messages level=4 phase=interpolation sends=493170 bytes=44564452 collective_rank_calls=3584
AMG setup messages level=4 phase=interpolation-transpose sends=46941 bytes=7997200 collective_rank_calls=3584
AMG setup messages level=4 phase=A*P sends=458364 bytes=137056608 collective_rank_calls=3584
AMG setup messages level=4 phase=R*(A*P) sends=140823 bytes=218442912 collective_rank_calls=3584
AMG setup messages level=5 phase=strength sends=0 bytes=0 collective_rank_calls=3584
AMG setup messages level=5 phase=strength-transpose sends=74875 bytes=6085464 collective_rank_calls=3584
AMG setup messages level=5 phase=PMIS sends=1338841 bytes=12394720 collective_rank_calls=28672
AMG setup messages level=5 phase=numbering sends=0 bytes=0 collective_rank_calls=3584
AMG setup messages level=5 phase=interpolation sends=409134 bytes=9069296 collective_rank_calls=3584
AMG setup messages level=5 phase=interpolation-transpose sends=21665 bytes=1934864 collective_rank_calls=3584
AMG setup messages level=5 phase=A*P sends=869418 bytes=58255808 collective_rank_calls=3584
AMG setup messages level=5 phase=R*(A*P) sends=64995 bytes=40514816 collective_rank_calls=3584
AMG setup messages level=6 phase=strength sends=0 bytes=0 collective_rank_calls=3584
AMG setup messages level=6 phase=strength-transpose sends=15411 bytes=924924 collective_rank_calls=3584
AMG setup messages level=6 phase=PMIS sends=290594 bytes=2035064 collective_rank_calls=25088
AMG setup messages level=6 phase=numbering sends=0 bytes=0 collective_rank_calls=3584
AMG setup messages level=6 phase=interpolation sends=75456 bytes=1094396 collective_rank_calls=3584
AMG setup messages level=6 phase=interpolation-transpose sends=6368 bytes=439408 collective_rank_calls=3584
AMG setup messages level=6 phase=A*P sends=387810 bytes=13718432 collective_rank_calls=3584
AMG setup messages level=6 phase=R*(A*P) sends=19104 bytes=6847968 collective_rank_calls=3584
AMG setup messages level=7 phase=strength sends=0 bytes=0 collective_rank_calls=3584
AMG setup messages level=7 phase=strength-transpose sends=2980 bytes=180000 collective_rank_calls=3584
AMG setup messages level=7 phase=PMIS sends=36740 bytes=294168 collective_rank_calls=14336
AMG setup messages level=7 phase=numbering sends=0 bytes=0 collective_rank_calls=3584
AMG setup messages level=7 phase=interpolation sends=13194 bytes=156700 collective_rank_calls=3584
AMG setup messages level=7 phase=interpolation-transpose sends=1445 bytes=110512 collective_rank_calls=3584
AMG setup messages level=7 phase=A*P sends=91608 bytes=2786496 collective_rank_calls=3584
AMG setup messages level=7 phase=R*(A*P) sends=4335 bytes=1061040 collective_rank_calls=3584
AMG setup messages level=8 phase=strength sends=0 bytes=0 collective_rank_calls=3584
AMG setup messages level=8 phase=strength-transpose sends=505 bytes=37596 collective_rank_calls=3584
AMG setup messages level=8 phase=PMIS sends=3403 bytes=36880 collective_rank_calls=7168
AMG setup messages level=8 phase=numbering sends=0 bytes=0 collective_rank_calls=3584
AMG setup messages level=8 phase=interpolation sends=2616 bytes=25440 collective_rank_calls=3584
AMG setup messages level=8 phase=interpolation-transpose sends=294 bytes=20688 collective_rank_calls=3584
AMG setup messages level=8 phase=A*P sends=19668 bytes=370992 collective_rank_calls=3584
AMG setup messages level=8 phase=R*(A*P) sends=882 bytes=32336 collective_rank_calls=3584
GMRES: iter = 0, residual = 0.003291125225, 1 (rel.)
GMRES: iter = 1, residual = 0.002842608694, 0.8637193969 (rel.)
GMRES: iter = 2, residual = 0.002577752914, 0.7832436442 (rel.)
GMRES: iter = 3, residual = 0.002338138338, 0.7104373667 (rel.)
GMRES: iter = 4, residual = 0.002073625017, 0.6300656692 (rel.)
GMRES: iter = 5, residual = 0.001827155096, 0.5551764127 (rel.)
GMRES: iter = 6, residual = 0.001615781335, 0.4909510349 (rel.)
GMRES: iter = 7, residual = 0.001308628441, 0.397623412 (rel.)
GMRES: Solve Time = 4.722902972
The cloud-layer FLD system Newton 62: residual=0.002074407008, GMRES rtol=0.3575539968
AMG setup messages level=0 phase=strength sends=0 bytes=0 collective_rank_calls=3584
AMG setup messages level=0 phase=strength-transpose sends=28852 bytes=1219103140 collective_rank_calls=3584
AMG setup messages level=0 phase=PMIS sends=592396 bytes=3872747916 collective_rank_calls=35840
AMG setup messages level=0 phase=numbering sends=0 bytes=0 collective_rank_calls=3584
AMG setup messages level=0 phase=interpolation sends=173112 bytes=1665005484 collective_rank_calls=3584
AMG setup messages level=0 phase=interpolation-transpose sends=68924 bytes=625886720 collective_rank_calls=3584
AMG setup messages level=0 phase=A*P sends=90744 bytes=2935531248 collective_rank_calls=3584
AMG setup messages level=0 phase=R*(A*P) sends=206772 bytes=4412459552 collective_rank_calls=3584
AMG setup messages level=1 phase=strength sends=0 bytes=0 collective_rank_calls=3584
AMG setup messages level=1 phase=strength-transpose sends=76379 bytes=1428306684 collective_rank_calls=3584
AMG setup messages level=1 phase=PMIS sends=1840103 bytes=2920927400 collective_rank_calls=43008
AMG setup messages level=1 phase=numbering sends=0 bytes=0 collective_rank_calls=3584
AMG setup messages level=1 phase=interpolation sends=454260 bytes=1721593480 collective_rank_calls=3584
AMG setup messages level=1 phase=interpolation-transpose sends=74628 bytes=488491696 collective_rank_calls=3584
AMG setup messages level=1 phase=A*P sends=258018 bytes=2885606592 collective_rank_calls=3584
AMG setup messages level=1 phase=R*(A*P) sends=223884 bytes=7276829296 collective_rank_calls=3584
AMG setup messages level=2 phase=strength sends=0 bytes=0 collective_rank_calls=3584
AMG setup messages level=2 phase=strength-transpose sends=86693 bytes=631888128 collective_rank_calls=3584
AMG setup messages level=2 phase=PMIS sends=2095049 bytes=969847856 collective_rank_calls=43008
AMG setup messages level=2 phase=numbering sends=0 bytes=0 collective_rank_calls=3584
AMG setup messages level=2 phase=interpolation sends=511995 bytes=664085860 collective_rank_calls=3584
AMG setup messages level=2 phase=interpolation-transpose sends=73239 bytes=142524368 collective_rank_calls=3584
AMG setup messages level=2 phase=A*P sends=300204 bytes=1170936672 collective_rank_calls=3584
AMG setup messages level=2 phase=R*(A*P) sends=219717 bytes=3232729264 collective_rank_calls=3584
AMG setup messages level=3 phase=strength sends=0 bytes=0 collective_rank_calls=3584
AMG setup messages level=3 phase=strength-transpose sends=87547 bytes=158114592 collective_rank_calls=3584
AMG setup messages level=3 phase=PMIS sends=2122695 bytes=256007164 collective_rank_calls=43008
AMG setup messages level=3 phase=numbering sends=0 bytes=0 collective_rank_calls=3584
AMG setup messages level=3 phase=interpolation sends=517125 bytes=179014868 collective_rank_calls=3584
AMG setup messages level=3 phase=interpolation-transpose sends=64071 bytes=33969168 collective_rank_calls=3584
AMG setup messages level=3 phase=A*P sends=307134 bytes=379623008 collective_rank_calls=3584
AMG setup messages level=3 phase=R*(A*P) sends=192213 bytes=905040944 collective_rank_calls=3584
AMG setup messages level=4 phase=strength sends=0 bytes=0 collective_rank_calls=3584
AMG setup messages level=4 phase=strength-transpose sends=84360 bytes=31957208 collective_rank_calls=3584
AMG setup messages level=4 phase=PMIS sends=1905456 bytes=62488456 collective_rank_calls=39424
AMG setup messages level=4 phase=numbering sends=0 bytes=0 collective_rank_calls=3584
AMG setup messages level=4 phase=interpolation sends=492609 bytes=44455944 collective_rank_calls=3584
AMG setup messages level=4 phase=interpolation-transpose sends=47098 bytes=7985648 collective_rank_calls=3584
AMG setup messages level=4 phase=A*P sends=458526 bytes=136834256 collective_rank_calls=3584
AMG setup messages level=4 phase=R*(A*P) sends=141294 bytes=218081216 collective_rank_calls=3584
AMG setup messages level=5 phase=strength sends=0 bytes=0 collective_rank_calls=3584
AMG setup messages level=5 phase=strength-transpose sends=74988 bytes=6092032 collective_rank_calls=3584
AMG setup messages level=5 phase=PMIS sends=1342134 bytes=12434984 collective_rank_calls=28672
AMG setup messages level=5 phase=numbering sends=0 bytes=0 collective_rank_calls=3584
AMG setup messages level=5 phase=interpolation sends=408900 bytes=9183052 collective_rank_calls=3584
AMG setup messages level=5 phase=interpolation-transpose sends=21878 bytes=1945472 collective_rank_calls=3584
AMG setup messages level=5 phase=A*P sends=871674 bytes=58340144 collective_rank_calls=3584
AMG setup messages level=5 phase=R*(A*P) sends=65634 bytes=41290464 collective_rank_calls=3584
AMG setup messages level=6 phase=strength sends=0 bytes=0 collective_rank_calls=3584
AMG setup messages level=6 phase=strength-transpose sends=16158 bytes=960316 collective_rank_calls=3584
AMG setup messages level=6 phase=PMIS sends=305204 bytes=2109720 collective_rank_calls=25088
AMG setup messages level=6 phase=numbering sends=0 bytes=0 collective_rank_calls=3584
AMG setup messages level=6 phase=interpolation sends=79017 bytes=1101508 collective_rank_calls=3584
AMG setup messages level=6 phase=interpolation-transpose sends=5962 bytes=402032 collective_rank_calls=3584
AMG setup messages level=6 phase=A*P sends=405996 bytes=13921664 collective_rank_calls=3584
AMG setup messages level=6 phase=R*(A*P) sends=17886 bytes=6410272 collective_rank_calls=3584
AMG setup messages level=7 phase=strength sends=0 bytes=0 collective_rank_calls=3584
AMG setup messages level=7 phase=strength-transpose sends=3068 bytes=196204 collective_rank_calls=3584
AMG setup messages level=7 phase=PMIS sends=47264 bytes=379824 collective_rank_calls=17920
AMG setup messages level=7 phase=numbering sends=0 bytes=0 collective_rank_calls=3584
AMG setup messages level=7 phase=interpolation sends=14364 bytes=146988 collective_rank_calls=3584
AMG setup messages level=7 phase=interpolation-transpose sends=1525 bytes=109088 collective_rank_calls=3584
AMG setup messages level=7 phase=A*P sends=87102 bytes=2516544 collective_rank_calls=3584
AMG setup messages level=7 phase=R*(A*P) sends=4575 bytes=849744 collective_rank_calls=3584
AMG setup messages level=8 phase=strength sends=0 bytes=0 collective_rank_calls=3584
AMG setup messages level=8 phase=strength-transpose sends=652 bytes=40992 collective_rank_calls=3584
AMG setup messages level=8 phase=PMIS sends=4552 bytes=48984 collective_rank_calls=7168
AMG setup messages level=8 phase=numbering sends=0 bytes=0 collective_rank_calls=3584
AMG setup messages level=8 phase=interpolation sends=3099 bytes=25440 collective_rank_calls=3584
AMG setup messages level=8 phase=interpolation-transpose sends=274 bytes=20048 collective_rank_calls=3584
AMG setup messages level=8 phase=A*P sends=13374 bytes=266000 collective_rank_calls=3584
AMG setup messages level=8 phase=R*(A*P) sends=822 bytes=32800 collective_rank_calls=3584
GMRES: iter = 0, residual = 0.002074409395, 1 (rel.)
GMRES: iter = 1, residual = 0.001146155994, 0.552521598 (rel.)
GMRES: iter = 2, residual = 0.0009868093774, 0.475706184 (rel.)
GMRES: iter = 3, residual = 0.0008916474766, 0.4298319699 (rel.)
GMRES: iter = 4, residual = 0.0008003051577, 0.3857990422 (rel.)
GMRES: iter = 5, residual = 0.0007261740735, 0.350063047 (rel.)
GMRES: Solve Time = 3.397536908
The cloud-layer FLD system Newton 63: residual=0.0007302419474, GMRES rtol=0.1150603746
AMG setup messages level=0 phase=strength sends=0 bytes=0 collective_rank_calls=3584
AMG setup messages level=0 phase=strength-transpose sends=28852 bytes=1219103112 collective_rank_calls=3584
AMG setup messages level=0 phase=PMIS sends=592396 bytes=3872747880 collective_rank_calls=35840
AMG setup messages level=0 phase=numbering sends=0 bytes=0 collective_rank_calls=3584
AMG setup messages level=0 phase=interpolation sends=173112 bytes=1665134024 collective_rank_calls=3584
AMG setup messages level=0 phase=interpolation-transpose sends=69021 bytes=625950560 collective_rank_calls=3584
AMG setup messages level=0 phase=A*P sends=90744 bytes=2935672832 collective_rank_calls=3584
AMG setup messages level=0 phase=R*(A*P) sends=207063 bytes=4413263200 collective_rank_calls=3584
AMG setup messages level=1 phase=strength sends=0 bytes=0 collective_rank_calls=3584
AMG setup messages level=1 phase=strength-transpose sends=76322 bytes=1428337588 collective_rank_calls=3584
AMG setup messages level=1 phase=PMIS sends=1837812 bytes=2920731112 collective_rank_calls=43008
AMG setup messages level=1 phase=numbering sends=0 bytes=0 collective_rank_calls=3584
AMG setup messages level=1 phase=interpolation sends=454023 bytes=1721636936 collective_rank_calls=3584
AMG setup messages level=1 phase=interpolation-transpose sends=74669 bytes=488315184 collective_rank_calls=3584
AMG setup messages level=1 phase=A*P sends=257436 bytes=2885802528 collective_rank_calls=3584
AMG setup messages level=1 phase=R*(A*P) sends=224007 bytes=7274856560 collective_rank_calls=3584
AMG setup messages level=2 phase=strength sends=0 bytes=0 collective_rank_calls=3584
AMG setup messages level=2 phase=strength-transpose sends=86417 bytes=631947064 collective_rank_calls=3584
AMG setup messages level=2 phase=PMIS sends=2088113 bytes=969953872 collective_rank_calls=43008
AMG setup messages level=2 phase=numbering sends=0 bytes=0 collective_rank_calls=3584
AMG setup messages level=2 phase=interpolation sends=511038 bytes=663814792 collective_rank_calls=3584
AMG setup messages level=2 phase=interpolation-transpose sends=73198 bytes=142626480 collective_rank_calls=3584
AMG setup messages level=2 phase=A*P sends=300012 bytes=1171126224 collective_rank_calls=3584
AMG setup messages level=2 phase=R*(A*P) sends=219594 bytes=3236495712 collective_rank_calls=3584
AMG setup messages level=3 phase=strength sends=0 bytes=0 collective_rank_calls=3584
AMG setup messages level=3 phase=strength-transpose sends=87574 bytes=157853280 collective_rank_calls=3584
AMG setup messages level=3 phase=PMIS sends=2299912 bytes=275361984 collective_rank_calls=46592
AMG setup messages level=3 phase=numbering sends=0 bytes=0 collective_rank_calls=3584
AMG setup messages level=3 phase=interpolation sends=517116 bytes=178735344 collective_rank_calls=3584
AMG setup messages level=3 phase=interpolation-transpose sends=63938 bytes=33921920 collective_rank_calls=3584
AMG setup messages level=3 phase=A*P sends=307158 bytes=379574256 collective_rank_calls=3584
AMG setup messages level=3 phase=R*(A*P) sends=191814 bytes=903635248 collective_rank_calls=3584
AMG setup messages level=4 phase=strength sends=0 bytes=0 collective_rank_calls=3584
AMG setup messages level=4 phase=strength-transpose sends=84300 bytes=31938940 collective_rank_calls=3584
AMG setup messages level=4 phase=PMIS sends=1904736 bytes=62387576 collective_rank_calls=39424
AMG setup messages level=4 phase=numbering sends=0 bytes=0 collective_rank_calls=3584
AMG setup messages level=4 phase=interpolation sends=491781 bytes=44372740 collective_rank_calls=3584
AMG setup messages level=4 phase=interpolation-transpose sends=46807 bytes=7975072 collective_rank_calls=3584
AMG setup messages level=4 phase=A*P sends=458124 bytes=136718992 collective_rank_calls=3584
AMG setup messages level=4 phase=R*(A*P) sends=140421 bytes=217399264 collective_rank_calls=3584
AMG setup messages level=5 phase=strength sends=0 bytes=0 collective_rank_calls=3584
AMG setup messages level=5 phase=strength-transpose sends=74547 bytes=6065376 collective_rank_calls=3584
AMG setup messages level=5 phase=PMIS sends=1498536 bytes=13673904 collective_rank_calls=32256
AMG setup messages level=5 phase=numbering sends=0 bytes=0 collective_rank_calls=3584
AMG setup messages level=5 phase=interpolation sends=407715 bytes=9122132 collective_rank_calls=3584
AMG setup messages level=5 phase=interpolation-transpose sends=21890 bytes=1948352 collective_rank_calls=3584
AMG setup messages level=5 phase=A*P sends=867366 bytes=58143152 collective_rank_calls=3584
AMG setup messages level=5 phase=R*(A*P) sends=65670 bytes=41339200 collective_rank_calls=3584
AMG setup messages level=6 phase=strength sends=0 bytes=0 collective_rank_calls=3584
AMG setup messages level=6 phase=strength-transpose sends=16144 bytes=957408 collective_rank_calls=3584
AMG setup messages level=6 phase=PMIS sends=262468 bytes=1868836 collective_rank_calls=21504
AMG setup messages level=6 phase=numbering sends=0 bytes=0 collective_rank_calls=3584
AMG setup messages level=6 phase=interpolation sends=78570 bytes=1144924 collective_rank_calls=3584
AMG setup messages level=6 phase=interpolation-transpose sends=6298 bytes=423440 collective_rank_calls=3584
AMG setup messages level=6 phase=A*P sends=399990 bytes=13879680 collective_rank_calls=3584
AMG setup messages level=6 phase=R*(A*P) sends=18894 bytes=6771376 collective_rank_calls=3584
AMG setup messages level=7 phase=strength sends=0 bytes=0 collective_rank_calls=3584
AMG setup messages level=7 phase=strength-transpose sends=3586 bytes=211180 collective_rank_calls=3584
AMG setup messages level=7 phase=PMIS sends=33924 bytes=289056 collective_rank_calls=10752
AMG setup messages level=7 phase=numbering sends=0 bytes=0 collective_rank_calls=3584
AMG setup messages level=7 phase=interpolation sends=15708 bytes=155404 collective_rank_calls=3584
AMG setup messages level=7 phase=interpolation-transpose sends=1447 bytes=97168 collective_rank_calls=3584
AMG setup messages level=7 phase=A*P sends=95190 bytes=2521456 collective_rank_calls=3584
AMG setup messages level=7 phase=R*(A*P) sends=4341 bytes=738288 collective_rank_calls=3584
AMG setup messages level=8 phase=strength sends=0 bytes=0 collective_rank_calls=3584
AMG setup messages level=8 phase=strength-transpose sends=730 bytes=46196 collective_rank_calls=3584
AMG setup messages level=8 phase=PMIS sends=7276 bytes=68888 collective_rank_calls=10752
AMG setup messages level=8 phase=numbering sends=0 bytes=0 collective_rank_calls=3584
AMG setup messages level=8 phase=interpolation sends=3402 bytes=27528 collective_rank_calls=3584
AMG setup messages level=8 phase=interpolation-transpose sends=325 bytes=24032 collective_rank_calls=3584
AMG setup messages level=8 phase=A*P sends=12594 bytes=258224 collective_rank_calls=3584
AMG setup messages level=8 phase=R*(A*P) sends=975 bytes=39488 collective_rank_calls=3584
GMRES: iter = 0, residual = 0.0007302418299, 1 (rel.)
GMRES: iter = 1, residual = 0.000684332653, 0.9371315433 (rel.)
GMRES: iter = 2, residual = 0.0006335238519, 0.8675534953 (rel.)
GMRES: iter = 3, residual = 0.0005757669883, 0.7884607054 (rel.)
GMRES: iter = 4, residual = 0.0005027744141, 0.6885039909 (rel.)
GMRES: iter = 5, residual = 0.0004498227173, 0.6159914414 (rel.)
GMRES: iter = 6, residual = 0.0004169864568, 0.5710251587 (rel.)
GMRES: iter = 7, residual = 0.0003727288383, 0.5104183615 (rel.)
GMRES: iter = 8, residual = 0.0002997312898, 0.410454835 (rel.)
GMRES: iter = 9, residual = 0.0002421219153, 0.3315640181 (rel.)
GMRES: iter = 10, residual = 0.0002034605878, 0.2786208342 (rel.)
GMRES: iter = 11, residual = 0.0001745669168, 0.2390535706 (rel.)
GMRES: iter = 12, residual = 0.0001492242825, 0.2043491299 (rel.)
GMRES: iter = 13, residual = 0.0001273094682, 0.174338778 (rel.)
GMRES: iter = 14, residual = 0.0001084769612, 0.1485493665 (rel.)
GMRES: iter = 15, residual = 9.555263518e-05, 0.1308506734 (rel.)
GMRES: iter = 16, residual = 8.60809385e-05, 0.1178800433 (rel.)
GMRES: iter = 17, residual = 7.926740307e-05, 0.1085495241 (rel.)
GMRES: Solve Time = 11.45471982
The cloud-layer FLD system Newton 64: residual=0.0004486729978, GMRES rtol=0.3397574301
AMG setup messages level=0 phase=strength sends=0 bytes=0 collective_rank_calls=3584
AMG setup messages level=0 phase=strength-transpose sends=28852 bytes=1219103112 collective_rank_calls=3584
AMG setup messages level=0 phase=PMIS sends=592396 bytes=3872747880 collective_rank_calls=35840
AMG setup messages level=0 phase=numbering sends=0 bytes=0 collective_rank_calls=3584
AMG setup messages level=0 phase=interpolation sends=173112 bytes=1665156296 collective_rank_calls=3584
AMG setup messages level=0 phase=interpolation-transpose sends=68923 bytes=626022064 collective_rank_calls=3584
AMG setup messages level=0 phase=A*P sends=90744 bytes=2935659264 collective_rank_calls=3584
AMG setup messages level=0 phase=R*(A*P) sends=206769 bytes=4413737952 collective_rank_calls=3584
AMG setup messages level=1 phase=strength sends=0 bytes=0 collective_rank_calls=3584
AMG setup messages level=1 phase=strength-transpose sends=76429 bytes=1428218784 collective_rank_calls=3584
AMG setup messages level=1 phase=PMIS sends=1841251 bytes=2920974424 collective_rank_calls=43008
AMG setup messages level=1 phase=numbering sends=0 bytes=0 collective_rank_calls=3584
AMG setup messages level=1 phase=interpolation sends=454491 bytes=1721940848 collective_rank_calls=3584
AMG setup messages level=1 phase=interpolation-transpose sends=74691 bytes=488343488 collective_rank_calls=3584
AMG setup messages level=1 phase=A*P sends=257934 bytes=2885731376 collective_rank_calls=3584
AMG setup messages level=1 phase=R*(A*P) sends=224073 bytes=7274976448 collective_rank_calls=3584
AMG setup messages level=2 phase=strength sends=0 bytes=0 collective_rank_calls=3584
AMG setup messages level=2 phase=strength-transpose sends=86469 bytes=632071332 collective_rank_calls=3584
AMG setup messages level=2 phase=PMIS sends=2089959 bytes=970028556 collective_rank_calls=43008
AMG setup messages level=2 phase=numbering sends=0 bytes=0 collective_rank_calls=3584
AMG setup messages level=2 phase=interpolation sends=510984 bytes=664479152 collective_rank_calls=3584
AMG setup messages level=2 phase=interpolation-transpose sends=73269 bytes=142482416 collective_rank_calls=3584
AMG setup messages level=2 phase=A*P sends=300498 bytes=1171165456 collective_rank_calls=3584
AMG setup messages level=2 phase=R*(A*P) sends=219807 bytes=3232557200 collective_rank_calls=3584
AMG setup messages level=3 phase=strength sends=0 bytes=0 collective_rank_calls=3584
AMG setup messages level=3 phase=strength-transpose sends=87691 bytes=158216776 collective_rank_calls=3584
AMG setup messages level=3 phase=PMIS sends=2125969 bytes=256184004 collective_rank_calls=43008
AMG setup messages level=3 phase=numbering sends=0 bytes=0 collective_rank_calls=3584
AMG setup messages level=3 phase=interpolation sends=517749 bytes=179016012 collective_rank_calls=3584
AMG setup messages level=3 phase=interpolation-transpose sends=64255 bytes=34020208 collective_rank_calls=3584
AMG setup messages level=3 phase=A*P sends=307014 bytes=379889040 collective_rank_calls=3584
AMG setup messages level=3 phase=R*(A*P) sends=192765 bytes=907621312 collective_rank_calls=3584
AMG setup messages level=4 phase=strength sends=0 bytes=0 collective_rank_calls=3584
AMG setup messages level=4 phase=strength-transpose sends=84450 bytes=31962088 collective_rank_calls=3584
AMG setup messages level=4 phase=PMIS sends=2081166 bytes=67623884 collective_rank_calls=43008
AMG setup messages level=4 phase=numbering sends=0 bytes=0 collective_rank_calls=3584
AMG setup messages level=4 phase=interpolation sends=492984 bytes=44591664 collective_rank_calls=3584
AMG setup messages level=4 phase=interpolation-transpose sends=46663 bytes=7993504 collective_rank_calls=3584
AMG setup messages level=4 phase=A*P sends=457542 bytes=136676304 collective_rank_calls=3584
AMG setup messages level=4 phase=R*(A*P) sends=139989 bytes=215929648 collective_rank_calls=3584
AMG setup messages level=5 phase=strength sends=0 bytes=0 collective_rank_calls=3584
AMG setup messages level=5 phase=strength-transpose sends=74104 bytes=6073100 collective_rank_calls=3584
AMG setup messages level=5 phase=PMIS sends=1326676 bytes=12320524 collective_rank_calls=28672
AMG setup messages level=5 phase=numbering sends=0 bytes=0 collective_rank_calls=3584
AMG setup messages level=5 phase=interpolation sends=405669 bytes=9230384 collective_rank_calls=3584
AMG setup messages level=5 phase=interpolation-transpose sends=21663 bytes=1943888 collective_rank_calls=3584
AMG setup messages level=5 phase=A*P sends=855024 bytes=57607504 collective_rank_calls=3584
AMG setup messages level=5 phase=R*(A*P) sends=64989 bytes=40479248 collective_rank_calls=3584
AMG setup messages level=6 phase=strength sends=0 bytes=0 collective_rank_calls=3584
AMG setup messages level=6 phase=strength-transpose sends=16004 bytes=959444 collective_rank_calls=3584
AMG setup messages level=6 phase=PMIS sends=342626 bytes=2338216 collective_rank_calls=28672
AMG setup messages level=6 phase=numbering sends=0 bytes=0 collective_rank_calls=3584
AMG setup messages level=6 phase=interpolation sends=77850 bytes=1186680 collective_rank_calls=3584
AMG setup messages level=6 phase=interpolation-transpose sends=6482 bytes=443200 collective_rank_calls=3584
AMG setup messages level=6 phase=A*P sends=390120 bytes=13749312 collective_rank_calls=3584
AMG setup messages level=6 phase=R*(A*P) sends=19446 bytes=6792704 collective_rank_calls=3584
AMG setup messages level=7 phase=strength sends=0 bytes=0 collective_rank_calls=3584
AMG setup messages level=7 phase=strength-transpose sends=3124 bytes=181916 collective_rank_calls=3584
AMG setup messages level=7 phase=PMIS sends=38182 bytes=295560 collective_rank_calls=14336
AMG setup messages level=7 phase=numbering sends=0 bytes=0 collective_rank_calls=3584
AMG setup messages level=7 phase=interpolation sends=14505 bytes=167420 collective_rank_calls=3584
AMG setup messages level=7 phase=interpolation-transpose sends=1696 bytes=116096 collective_rank_calls=3584
AMG setup messages level=7 phase=A*P sends=89502 bytes=2680672 collective_rank_calls=3584
AMG setup messages level=7 phase=R*(A*P) sends=5088 bytes=924368 collective_rank_calls=3584
AMG setup messages level=8 phase=strength sends=0 bytes=0 collective_rank_calls=3584
AMG setup messages level=8 phase=strength-transpose sends=550 bytes=33224 collective_rank_calls=3584
AMG setup messages level=8 phase=PMIS sends=3820 bytes=38724 collective_rank_calls=7168
AMG setup messages level=8 phase=numbering sends=0 bytes=0 collective_rank_calls=3584
AMG setup messages level=8 phase=interpolation sends=2634 bytes=21808 collective_rank_calls=3584
AMG setup messages level=8 phase=interpolation-transpose sends=222 bytes=15376 collective_rank_calls=3584
AMG setup messages level=8 phase=A*P sends=12246 bytes=229728 collective_rank_calls=3584
AMG setup messages level=8 phase=R*(A*P) sends=666 bytes=24032 collective_rank_calls=3584
GMRES: iter = 0, residual = 0.0004486730334, 1 (rel.)
GMRES: iter = 1, residual = 0.0001082026366, 0.2411614441 (rel.)
GMRES: Solve Time = 0.78052865
The cloud-layer FLD system Newton 65: residual=0.000108211848, GMRES rtol=0.1038916002
AMG setup messages level=0 phase=strength sends=0 bytes=0 collective_rank_calls=3584
AMG setup messages level=0 phase=strength-transpose sends=28852 bytes=1219103112 collective_rank_calls=3584
AMG setup messages level=0 phase=PMIS sends=651496 bytes=4223156048 collective_rank_calls=39424
AMG setup messages level=0 phase=numbering sends=0 bytes=0 collective_rank_calls=3584
AMG setup messages level=0 phase=interpolation sends=173112 bytes=1665414104 collective_rank_calls=3584
AMG setup messages level=0 phase=interpolation-transpose sends=68993 bytes=625997024 collective_rank_calls=3584
AMG setup messages level=0 phase=A*P sends=90744 bytes=2935772176 collective_rank_calls=3584
AMG setup messages level=0 phase=R*(A*P) sends=206979 bytes=4414130912 collective_rank_calls=3584
AMG setup messages level=1 phase=strength sends=0 bytes=0 collective_rank_calls=3584
AMG setup messages level=1 phase=strength-transpose sends=76434 bytes=1428300644 collective_rank_calls=3584
AMG setup messages level=1 phase=PMIS sends=1841046 bytes=2920854388 collective_rank_calls=43008
AMG setup messages level=1 phase=numbering sends=0 bytes=0 collective_rank_calls=3584
AMG setup messages level=1 phase=interpolation sends=454734 bytes=1721794476 collective_rank_calls=3584
AMG setup messages level=1 phase=interpolation-transpose sends=74614 bytes=488363872 collective_rank_calls=3584
AMG setup messages level=1 phase=A*P sends=257676 bytes=2885784176 collective_rank_calls=3584
AMG setup messages level=1 phase=R*(A*P) sends=223842 bytes=7273964256 collective_rank_calls=3584
AMG setup messages level=2 phase=strength sends=0 bytes=0 collective_rank_calls=3584
AMG setup messages level=2 phase=strength-transpose sends=86638 bytes=631883396 collective_rank_calls=3584
AMG setup messages level=2 phase=PMIS sends=2268436 bytes=1044155424 collective_rank_calls=46592
AMG setup messages level=2 phase=numbering sends=0 bytes=0 collective_rank_calls=3584
AMG setup messages level=2 phase=interpolation sends=511707 bytes=663919464 collective_rank_calls=3584
AMG setup messages level=2 phase=interpolation-transpose sends=73351 bytes=142594320 collective_rank_calls=3584
AMG setup messages level=2 phase=A*P sends=300300 bytes=1170941840 collective_rank_calls=3584
AMG setup messages level=2 phase=R*(A*P) sends=220053 bytes=3234982160 collective_rank_calls=3584
AMG setup messages level=3 phase=strength sends=0 bytes=0 collective_rank_calls=3584
AMG setup messages level=3 phase=strength-transpose sends=87599 bytes=158078624 collective_rank_calls=3584
AMG setup messages level=3 phase=PMIS sends=1947326 bytes=236515808 collective_rank_calls=39424
AMG setup messages level=3 phase=numbering sends=0 bytes=0 collective_rank_calls=3584
AMG setup messages level=3 phase=interpolation sends=517374 bytes=178949172 collective_rank_calls=3584
AMG setup messages level=3 phase=interpolation-transpose sends=63933 bytes=33970832 collective_rank_calls=3584
AMG setup messages level=3 phase=A*P sends=307110 bytes=379716928 collective_rank_calls=3584
AMG setup messages level=3 phase=R*(A*P) sends=191799 bytes=905299008 collective_rank_calls=3584
AMG setup messages level=4 phase=strength sends=0 bytes=0 collective_rank_calls=3584
AMG setup messages level=4 phase=strength-transpose sends=84397 bytes=31962116 collective_rank_calls=3584
AMG setup messages level=4 phase=PMIS sends=1733645 bytes=57367908 collective_rank_calls=35840
AMG setup messages level=4 phase=numbering sends=0 bytes=0 collective_rank_calls=3584
AMG setup messages level=4 phase=interpolation sends=492522 bytes=44609984 collective_rank_calls=3584
AMG setup messages level=4 phase=interpolation-transpose sends=46678 bytes=7970368 collective_rank_calls=3584
AMG setup messages level=4 phase=A*P sends=458688 bytes=136864336 collective_rank_calls=3584
AMG setup messages level=4 phase=R*(A*P) sends=140034 bytes=217112160 collective_rank_calls=3584
AMG setup messages level=5 phase=strength sends=0 bytes=0 collective_rank_calls=3584
AMG setup messages level=5 phase=strength-transpose sends=73941 bytes=6082312 collective_rank_calls=3584
AMG setup messages level=5 phase=PMIS sends=1323213 bytes=12386236 collective_rank_calls=28672
AMG setup messages level=5 phase=numbering sends=0 bytes=0 collective_rank_calls=3584
AMG setup messages level=5 phase=interpolation sends=402990 bytes=9206784 collective_rank_calls=3584
AMG setup messages level=5 phase=interpolation-transpose sends=22036 bytes=1965152 collective_rank_calls=3584
AMG setup messages level=5 phase=A*P sends=860760 bytes=58140800 collective_rank_calls=3584
AMG setup messages level=5 phase=R*(A*P) sends=66108 bytes=41923728 collective_rank_calls=3584
AMG setup messages level=6 phase=strength sends=0 bytes=0 collective_rank_calls=3584
AMG setup messages level=6 phase=strength-transpose sends=16057 bytes=951616 collective_rank_calls=3584
AMG setup messages level=6 phase=PMIS sends=428511 bytes=2800508 collective_rank_calls=35840
AMG setup messages level=6 phase=numbering sends=0 bytes=0 collective_rank_calls=3584
AMG setup messages level=6 phase=interpolation sends=78651 bytes=1128896 collective_rank_calls=3584
AMG setup messages level=6 phase=interpolation-transpose sends=6157 bytes=421520 collective_rank_calls=3584
AMG setup messages level=6 phase=A*P sends=412968 bytes=14143984 collective_rank_calls=3584
AMG setup messages level=6 phase=R*(A*P) sends=18471 bytes=6680624 collective_rank_calls=3584
AMG setup messages level=7 phase=strength sends=0 bytes=0 collective_rank_calls=3584
AMG setup messages level=7 phase=strength-transpose sends=3126 bytes=183532 collective_rank_calls=3584
AMG setup messages level=7 phase=PMIS sends=47460 bytes=346800 collective_rank_calls=17920
AMG setup messages level=7 phase=numbering sends=0 bytes=0 collective_rank_calls=3584
AMG setup messages level=7 phase=interpolation sends=14202 bytes=168212 collective_rank_calls=3584
AMG setup messages level=7 phase=interpolation-transpose sends=1927 bytes=134384 collective_rank_calls=3584
AMG setup messages level=7 phase=A*P sends=90882 bytes=2931456 collective_rank_calls=3584
AMG setup messages level=7 phase=R*(A*P) sends=5781 bytes=1359936 collective_rank_calls=3584
AMG setup messages level=8 phase=strength sends=0 bytes=0 collective_rank_calls=3584
AMG setup messages level=8 phase=strength-transpose sends=701 bytes=42096 collective_rank_calls=3584
AMG setup messages level=8 phase=PMIS sends=6826 bytes=60488 collective_rank_calls=10752
AMG setup messages level=8 phase=numbering sends=0 bytes=0 collective_rank_calls=3584
AMG setup messages level=8 phase=interpolation sends=3261 bytes=26824 collective_rank_calls=3584
AMG setup messages level=8 phase=interpolation-transpose sends=320 bytes=22608 collective_rank_calls=3584
AMG setup messages level=8 phase=A*P sends=20472 bytes=429488 collective_rank_calls=3584
AMG setup messages level=8 phase=R*(A*P) sends=960 bytes=47792 collective_rank_calls=3584
GMRES: iter = 0, residual = 0.0001082118499, 1 (rel.)
GMRES: iter = 1, residual = 7.572088942e-05, 0.6997467423 (rel.)
GMRES: iter = 2, residual = 6.754098491e-05, 0.6241551641 (rel.)
GMRES: iter = 3, residual = 6.031492159e-05, 0.5573781583 (rel.)
GMRES: iter = 4, residual = 5.325905152e-05, 0.492173931 (rel.)
GMRES: iter = 5, residual = 4.650153267e-05, 0.4297268066 (rel.)
GMRES: iter = 6, residual = 4.145211408e-05, 0.3830644623 (rel.)
GMRES: iter = 7, residual = 3.679489082e-05, 0.3400264469 (rel.)
GMRES: iter = 8, residual = 3.221365967e-05, 0.2976906846 (rel.)
GMRES: iter = 9, residual = 2.824734336e-05, 0.2610374316 (rel.)
GMRES: iter = 10, residual = 2.504738233e-05, 0.231466169 (rel.)
GMRES: iter = 11, residual = 2.255111626e-05, 0.2083978445 (rel.)
GMRES: iter = 12, residual = 2.089676247e-05, 0.1931097426 (rel.)
GMRES: iter = 13, residual = 1.977031011e-05, 0.1827000475 (rel.)
GMRES: iter = 14, residual = 1.884155537e-05, 0.1741173022 (rel.)
GMRES: iter = 15, residual = 1.780971399e-05, 0.1645819198 (rel.)
GMRES: iter = 16, residual = 1.652205544e-05, 0.152682497 (rel.)
GMRES: iter = 17, residual = 1.486680394e-05, 0.1373860992 (rel.)
GMRES: iter = 18, residual = 1.3350209e-05, 0.123371045 (rel.)
GMRES: iter = 19, residual = 1.225765961e-05, 0.1132746518 (rel.)
GMRES: iter = 20, residual = 1.134473475e-05, 0.1048381926 (rel.)
GMRES: iter = 21, residual = 1.052592426e-05, 0.09727145664 (rel.)
GMRES: Solve Time = 14.09465143
The cloud-layer FLD system Newton 66: residual=1.064709452e-05, GMRES rtol=0.008712746659
AMG setup messages level=0 phase=strength sends=0 bytes=0 collective_rank_calls=3584
AMG setup messages level=0 phase=strength-transpose sends=28852 bytes=1219103112 collective_rank_calls=3584
AMG setup messages level=0 phase=PMIS sends=533296 bytes=3522339712 collective_rank_calls=32256
AMG setup messages level=0 phase=numbering sends=0 bytes=0 collective_rank_calls=3584
AMG setup messages level=0 phase=interpolation sends=173112 bytes=1665154744 collective_rank_calls=3584
AMG setup messages level=0 phase=interpolation-transpose sends=68977 bytes=625992768 collective_rank_calls=3584
AMG setup messages level=0 phase=A*P sends=90744 bytes=2935576464 collective_rank_calls=3584
AMG setup messages level=0 phase=R*(A*P) sends=206931 bytes=4413419664 collective_rank_calls=3584
AMG setup messages level=1 phase=strength sends=0 bytes=0 collective_rank_calls=3584
AMG setup messages level=1 phase=strength-transpose sends=76327 bytes=1428366876 collective_rank_calls=3584
AMG setup messages level=1 phase=PMIS sends=1838465 bytes=2920869640 collective_rank_calls=43008
AMG setup messages level=1 phase=numbering sends=0 bytes=0 collective_rank_calls=3584
AMG setup messages level=1 phase=interpolation sends=454119 bytes=1721695480 collective_rank_calls=3584
AMG setup messages level=1 phase=interpolation-transpose sends=74664 bytes=488522144 collective_rank_calls=3584
AMG setup messages level=1 phase=A*P sends=257784 bytes=2885827728 collective_rank_calls=3584
AMG setup messages level=1 phase=R*(A*P) sends=223992 bytes=7276701040 collective_rank_calls=3584
AMG setup messages level=2 phase=strength sends=0 bytes=0 collective_rank_calls=3584
AMG setup messages level=2 phase=strength-transpose sends=86385 bytes=631850208 collective_rank_calls=3584
AMG setup messages level=2 phase=PMIS sends=2435895 bytes=1118495552 collective_rank_calls=50176
AMG setup messages level=2 phase=numbering sends=0 bytes=0 collective_rank_calls=3584
AMG setup messages level=2 phase=interpolation sends=510360 bytes=664062796 collective_rank_calls=3584
AMG setup messages level=2 phase=interpolation-transpose sends=73157 bytes=142614896 collective_rank_calls=3584
AMG setup messages level=2 phase=A*P sends=300222 bytes=1170943936 collective_rank_calls=3584
AMG setup messages level=2 phase=R*(A*P) sends=219471 bytes=3234039376 collective_rank_calls=3584
AMG setup messages level=3 phase=strength sends=0 bytes=0 collective_rank_calls=3584
AMG setup messages level=3 phase=strength-transpose sends=87529 bytes=158090016 collective_rank_calls=3584
AMG setup messages level=3 phase=PMIS sends=1946194 bytes=236490064 collective_rank_calls=39424
AMG setup messages level=3 phase=numbering sends=0 bytes=0 collective_rank_calls=3584
AMG setup messages level=3 phase=interpolation sends=516579 bytes=178850572 collective_rank_calls=3584
AMG setup messages level=3 phase=interpolation-transpose sends=64186 bytes=34025680 collective_rank_calls=3584
AMG setup messages level=3 phase=A*P sends=307098 bytes=379766352 collective_rank_calls=3584
AMG setup messages level=3 phase=R*(A*P) sends=192558 bytes=905872448 collective_rank_calls=3584
AMG setup messages level=4 phase=strength sends=0 bytes=0 collective_rank_calls=3584
AMG setup messages level=4 phase=strength-transpose sends=84435 bytes=31994652 collective_rank_calls=3584
AMG setup messages level=4 phase=PMIS sends=1905894 bytes=62505848 collective_rank_calls=39424
AMG setup messages level=4 phase=numbering sends=0 bytes=0 collective_rank_calls=3584
AMG setup messages level=4 phase=interpolation sends=492984 bytes=44654988 collective_rank_calls=3584
AMG setup messages level=4 phase=interpolation-transpose sends=47028 bytes=7981712 collective_rank_calls=3584
AMG setup messages level=4 phase=A*P sends=458178 bytes=136859904 collective_rank_calls=3584
AMG setup messages level=4 phase=R*(A*P) sends=141084 bytes=218036608 collective_rank_calls=3584
AMG setup messages level=5 phase=strength sends=0 bytes=0 collective_rank_calls=3584
AMG setup messages level=5 phase=strength-transpose sends=74886 bytes=6103948 collective_rank_calls=3584
AMG setup messages level=5 phase=PMIS sends=1502868 bytes=13733792 collective_rank_calls=32256
AMG setup messages level=5 phase=numbering sends=0 bytes=0 collective_rank_calls=3584
AMG setup messages level=5 phase=interpolation sends=409707 bytes=9213152 collective_rank_calls=3584
AMG setup messages level=5 phase=interpolation-transpose sends=21744 bytes=1941920 collective_rank_calls=3584
AMG setup messages level=5 phase=A*P sends=869664 bytes=58118528 collective_rank_calls=3584
AMG setup messages level=5 phase=R*(A*P) sends=65232 bytes=40805984 collective_rank_calls=3584
AMG setup messages level=6 phase=strength sends=0 bytes=0 collective_rank_calls=3584
AMG setup messages level=6 phase=strength-transpose sends=15858 bytes=951360 collective_rank_calls=3584
AMG setup messages level=6 phase=PMIS sends=298460 bytes=2091968 collective_rank_calls=25088
AMG setup messages level=6 phase=numbering sends=0 bytes=0 collective_rank_calls=3584
AMG setup messages level=6 phase=interpolation sends=77754 bytes=1101296 collective_rank_calls=3584
AMG setup messages level=6 phase=interpolation-transpose sends=6052 bytes=422720 collective_rank_calls=3584
AMG setup messages level=6 phase=A*P sends=395106 bytes=13911216 collective_rank_calls=3584
AMG setup messages level=6 phase=R*(A*P) sends=18156 bytes=6465568 collective_rank_calls=3584
AMG setup messages level=7 phase=strength sends=0 bytes=0 collective_rank_calls=3584
AMG setup messages level=7 phase=strength-transpose sends=2893 bytes=181840 collective_rank_calls=3584
AMG setup messages level=7 phase=PMIS sends=35429 bytes=291388 collective_rank_calls=14336
AMG setup messages level=7 phase=numbering sends=0 bytes=0 collective_rank_calls=3584
AMG setup messages level=7 phase=interpolation sends=12915 bytes=145760 collective_rank_calls=3584
AMG setup messages level=7 phase=interpolation-transpose sends=1295 bytes=100624 collective_rank_calls=3584
AMG setup messages level=7 phase=A*P sends=85524 bytes=2490384 collective_rank_calls=3584
AMG setup messages level=7 phase=R*(A*P) sends=3885 bytes=873312 collective_rank_calls=3584
AMG setup messages level=8 phase=strength sends=0 bytes=0 collective_rank_calls=3584
AMG setup messages level=8 phase=strength-transpose sends=462 bytes=33452 collective_rank_calls=3584
AMG setup messages level=8 phase=PMIS sends=3168 bytes=36836 collective_rank_calls=7168
AMG setup messages level=8 phase=numbering sends=0 bytes=0 collective_rank_calls=3584
AMG setup messages level=8 phase=interpolation sends=2016 bytes=17724 collective_rank_calls=3584
AMG setup messages level=8 phase=interpolation-transpose sends=316 bytes=23440 collective_rank_calls=3584
AMG setup messages level=8 phase=A*P sends=14622 bytes=314368 collective_rank_calls=3584
AMG setup messages level=8 phase=R*(A*P) sends=948 bytes=38576 collective_rank_calls=3584
GMRES: iter = 0, residual = 1.064709402e-05, 1 (rel.)
GMRES: iter = 1, residual = 9.971756568e-06, 0.9365707252 (rel.)
GMRES: iter = 2, residual = 9.300477426e-06, 0.8735226163 (rel.)
GMRES: iter = 3, residual = 8.769957921e-06, 0.8236949823 (rel.)
GMRES: iter = 4, residual = 8.148452648e-06, 0.7653217518 (rel.)
GMRES: iter = 5, residual = 7.425573264e-06, 0.6974272275 (rel.)
GMRES: iter = 6, residual = 6.831504548e-06, 0.6416309027 (rel.)
GMRES: iter = 7, residual = 6.323807317e-06, 0.59394679 (rel.)
GMRES: iter = 8, residual = 5.94046631e-06, 0.5579425051 (rel.)
GMRES: iter = 9, residual = 5.654757597e-06, 0.5311080738 (rel.)
GMRES: iter = 10, residual = 5.303198194e-06, 0.4980887915 (rel.)
GMRES: iter = 11, residual = 4.752220942e-06, 0.4463397179 (rel.)
GMRES: iter = 12, residual = 4.21603985e-06, 0.3959803344 (rel.)
GMRES: iter = 13, residual = 3.734623229e-06, 0.3507645581 (rel.)
GMRES: iter = 14, residual = 3.301904338e-06, 0.3101225866 (rel.)
GMRES: iter = 15, residual = 2.998334231e-06, 0.2816105714 (rel.)
GMRES: iter = 16, residual = 2.759312792e-06, 0.2591611182 (rel.)
GMRES: iter = 17, residual = 2.471156542e-06, 0.2320968085 (rel.)
GMRES: iter = 18, residual = 2.127427132e-06, 0.1998129375 (rel.)
GMRES: iter = 19, residual = 1.788121427e-06, 0.1679445512 (rel.)
GMRES: iter = 20, residual = 1.560664982e-06, 0.1465813093 (rel.)
GMRES: iter = 21, residual = 1.386322337e-06, 0.1302066399 (rel.)
GMRES: iter = 22, residual = 1.239635395e-06, 0.1164294588 (rel.)
GMRES: iter = 23, residual = 1.121056154e-06, 0.1052922189 (rel.)
GMRES: iter = 24, residual = 1.017883741e-06, 0.09560202423 (rel.)
GMRES: iter = 25, residual = 9.219648592e-07, 0.0865930983 (rel.)
GMRES: iter = 26, residual = 8.252900092e-07, 0.07751317003 (rel.)
GMRES: iter = 27, residual = 7.337777192e-07, 0.06891812148 (rel.)
GMRES: iter = 28, residual = 6.529475135e-07, 0.0613263593 (rel.)
GMRES: iter = 29, residual = 5.873398378e-07, 0.05516433279 (rel.)
GMRES: iter = 30, residual = 5.221598575e-07, 0.04904247643 (rel.)
GMRES: iter = 31, residual = 4.534409273e-07, 0.04258823359 (rel.)
GMRES: iter = 32, residual = 3.945968092e-07, 0.03706145625 (rel.)
GMRES: iter = 33, residual = 3.394712053e-07, 0.03188393046 (rel.)
GMRES: iter = 34, residual = 2.947098302e-07, 0.0276798373 (rel.)
GMRES: iter = 35, residual = 2.58873654e-07, 0.02431401972 (rel.)
GMRES: iter = 36, residual = 2.29952671e-07, 0.02159769328 (rel.)
GMRES: iter = 37, residual = 2.067294523e-07, 0.0194165142 (rel.)
GMRES: iter = 38, residual = 1.85086436e-07, 0.01738375144 (rel.)
GMRES: iter = 39, residual = 1.629578019e-07, 0.01530537831 (rel.)
GMRES: iter = 40, residual = 1.427339346e-07, 0.01340590534 (rel.)
GMRES: iter = 41, residual = 1.252484136e-07, 0.01176362426 (rel.)
GMRES: iter = 42, residual = 1.106369828e-07, 0.01039128447 (rel.)
GMRES: iter = 43, residual = 9.953643665e-08, 0.009348695189 (rel.)
GMRES: iter = 44, residual = 9.145360597e-08, 0.008589536806 (rel.)
GMRES: Solve Time = 30.75326627
FLD cloud AMR Newton-Krylov iterations=67/570, change=7.286477194e-07, residual=5.607466654e-07, transmission=0.7836392933
FLD 3-D Penrose cloud: case=amr, fine_n=1024, opacity contrast=100000, cells=281018368, limiter=on, mixed cells=4167992, cloudy volume relative error=1.4638438e-16, transmission=0.7836392933, balance error=4.146551578e-11, Newton/Krylov iterations=67/570, nonlinear residual=5.607466654e-07, E range=[1.959079635,2.065915602], whole-case wall=514.0325904 s, preconditioner=amg, AMG backend=native, linear iterations=792, max true relative residual=1.390860983e-09, aggregate setup=119.1175374 s, aggregate solve=43.39032108 s


TinyProfiler total time across processes [min...avg...max]: 514 ... 514 ... 514

-------------------------------------------------------------------------------------------
Name                                        NCalls  Excl. Min  Excl. Avg  Excl. Max   Max %
-------------------------------------------------------------------------------------------
FabArray::ParallelCopy_finish()              17451      1.511      68.65      189.4  36.84%
FabArray::ParallelCopy_nowait()              17451     0.4832      3.324      159.9  31.11%
GMRES::GramSchmidt::batched_dots              1584      11.83      113.4      136.4  26.54%
SpMatrix::finishComm_mv::recv_wait           58185      22.03      99.79        125  24.32%
SpMV                                         92695      13.19      26.55      81.83  15.92%
FabArray::setVal()                           18676     0.9882      7.912      54.78  10.66%
SpGEMM                                        2175      16.96      25.27      47.54   9.25%
FLD::NewtonKrylov::line_search                  67      2.083      32.27      38.74   7.54%
AMG::setup                                      80       3.12      23.52      31.73   6.17%
SpMatrix::prepare_comm_mv                   100573      2.772       19.4      26.48   5.15%
FLD::composite_residual_without_assembly       750      3.835      6.565      22.59   4.39%
SpMatrix::define_split                        5075      4.858      10.18      21.53   4.19%
FillBoundary_finish()                        11268     0.3993      9.785      20.64   4.02%
ChebyshevSmoother                            16748      2.456      4.836      16.62   3.23%
SpMatrix::finishComm_mv::send_wait           58185    0.05351     0.8516      15.37   2.99%
SpMatrix::startComm_mv                       92695      1.161       3.49      14.64   2.85%
SpMatrix::startComm_tr                        1450      1.595      11.37      14.52   2.83%
FLD::NewtonKrylov::Jacobian_action             570     0.6766      3.861      12.69   2.47%
SpMatrix::finishComm_mv::unpack              90565      1.153       3.06      12.67   2.46%
FLD::residual::local_rows                      750     0.5096      2.167      7.124   1.39%
FLD::MLABecLapAMG::precondition                637      1.602      2.514      6.396   1.24%
AMG::build_interp_mm                           725      2.278      2.973      5.394   1.05%
FLD::composite_assembly                         80      1.102      2.086      4.943   0.96%
AMG::create_soc                                725      1.343      2.252       4.43   0.86%
FabArray::Saxpy()                            21606      1.486      2.168      4.082   0.79%
AMG::pmis                                      725      2.091      2.887      3.931   0.76%
SpMatrix::preparePairHalo                      725      1.209      3.273      3.856   0.75%
SpMatrix::gatherRemote                        7833     0.8294      2.145      3.009   0.59%
SpMatrix::finishComm_tr                       1450      0.434      1.021      2.971   0.58%
SpMatrix::split_csr                         105977     0.3673      1.074      2.844   0.55%
FLD::MLABecLapAMG::residualWithoutAssembly     750     0.5221     0.7862       2.73   0.53%
amrex::Copy()                                10042     0.7198      1.334      2.683   0.52%
AMG::truncate_interp                           725      1.094      1.442      2.605   0.51%
FLD::cloud_linearized_residual                 570      1.107        1.4      2.433   0.47%
FLD::compute_diffusion                         831      1.031      1.364       2.39   0.46%
SpMatrix::transpose                           1450     0.8075      1.117       2.11   0.41%
GMRES::cycle()                                  80     0.5424      1.495      1.814   0.35%
FillBoundary_nowait()                        11268     0.2738     0.7819      1.717   0.33%
FLD::NewtonKrylov::solve                         1     0.1526      0.621      1.688   0.33%
FLD::MLABecLapAMG::assemble                     80     0.1735     0.6139      1.552   0.30%
GMRES::GramSchmidt                             792     0.5796     0.7663      1.382   0.27%
SpMatrix::gather_pair_plan                    6383     0.3962     0.7415       1.04   0.20%
AMG::vcycle                                    872    0.05996     0.2041     0.8668   0.17%
FLD::cloud_residual                            180      0.349     0.4419     0.7603   0.15%
AMG::vcycle::level=0 residual                  872    0.03059     0.1239     0.6788   0.13%
amrex::average_down                           1595     0.1324     0.1885     0.5022   0.10%
FLD::MLABecLapAMG::solve                        13     0.1745     0.2893     0.4912   0.10%
CellConservativeLinear::interp()               118          0    0.01678     0.4785   0.09%
SpMatrix::trim_remote_rows                    3747     0.1716     0.2406     0.4746   0.09%
SpMatrix::finishComm_mv                      92695    0.06902     0.1198     0.4134   0.08%
FLD::cloud_newton_prepare                       67      0.231     0.2593     0.3597   0.07%
FabArray::LinComb()                            518     0.1262      0.167     0.3104   0.06%
FLD::composite_topology                          1    0.07836     0.1695      0.306   0.06%
FabArray::mult()                              2414    0.05623     0.0815     0.2212   0.04%
FabArrayBase::CPC::define()                   6692    0.01256     0.0295     0.1788   0.03%
SpMatrix::finishComm_mv::cleanup             90565    0.05056    0.07757     0.1776   0.03%
DistributionMapping::LeastUsedCPUs()             3   0.001642    0.03059     0.1513   0.03%
AMG::vcycle::level=1 residual                  872   0.009481    0.02206     0.1458   0.03%
FLD::cloud_setup                                 1    0.01237    0.08087     0.1259   0.02%
SpMatrix::gatherRemotePair                    6383    0.01331    0.03447     0.1179   0.02%
GMRES:build_solution()                          80    0.03071    0.05192     0.1155   0.02%
FLD::cloud_predictor                            13    0.03664     0.0555    0.09039   0.02%
FillPatchTwoLevels                            3322    0.01831    0.02578    0.06901   0.01%
FabArrayBase::getCPC()                       13731    0.01247    0.02088    0.04965   0.01%
FabArray::ParallelCopy()                     13701    0.01154    0.01506    0.02604   0.01%
GMRES::solve()                                  80   0.006737    0.01184    0.02508   0.00%
FLD::residual::fine_b_start                   2250  0.0007146   0.003224     0.0208   0.00%
FLD::run_cloud                                   1   0.004877   0.006397    0.01809   0.00%
FLD::residual::fine_b_finish                  2250  0.0006035   0.001134    0.01607   0.00%
AMG::vcycle::level=2 residual                  872   0.001498   0.002987    0.01455   0.00%
FLD::MLABecLapAMG::preconditioner_cycle        872   0.004263   0.006279     0.0141   0.00%
FLD::residual::stage_state                    1500   0.002064   0.005414    0.01268   0.00%
FabArray::FillBoundary()                     11268   0.005775   0.008249    0.01261   0.00%
FillPatchSingleLevel                          6644   0.001926   0.003269    0.01119   0.00%
FLD::residual::fine_state_start                750  0.0004303   0.002184    0.01005   0.00%
AMG::vcycle::level=0 prolong                   872   0.001186   0.002694   0.009891   0.00%
AMG::vcycle::level=1 post_smooth               872  0.0009318   0.003362   0.008749   0.00%
AMG::vcycle::level=0 post_smooth               872   0.001601   0.003199   0.008635   0.00%
AMG::vcycle::level=0 pre_smooth                872   0.001985   0.004115   0.007979   0.00%
amrex::average_down_w_geom                    1595   0.001441   0.002767   0.007681   0.00%
FLD::cloud_precondition                        637   0.002557   0.003781    0.00746   0.00%
FLD::residual::coarse_state_finish             750  0.0003172  0.0007199   0.007341   0.00%
AMG::vcycle::level=1 pre_smooth                872   0.001273   0.003034   0.007281   0.00%
FLD::residual::fine_state_finish               750  0.0004146   0.001405   0.007241   0.00%
AMG::vcycle::level=0 restrict                  872  0.0009585   0.002101   0.006924   0.00%
AMG::vcycle::level=1 restrict                  872  0.0006723   0.001389   0.006103   0.00%
AMG::vcycle::level=2 pre_smooth                872  0.0008175    0.00144   0.005646   0.00%
AMG::vcycle::level=1 prolong                   872   0.000466   0.001254   0.005518   0.00%
FabArrayBase::TheFPinfo()                     3322   0.001275   0.002159   0.005035   0.00%
FillPatchInterp(Fab)                          3322  0.0009847   0.001511   0.003612   0.00%
FLD::residual::coarse_state_start              750  0.0004036   0.001192   0.002982   0.00%
AMG::vcycle::level=2 post_smooth               872  0.0004956   0.001125    0.00295   0.00%
AMG::vcycle::level=2 restrict                  872  0.0003406  0.0007012   0.002377   0.00%
AMG::vcycle::level=3 pre_smooth                872  0.0005074  0.0007392   0.001701   0.00%
AMG::vcycle::level=3 residual                  872  0.0005597  0.0008416    0.00168   0.00%
AMG::vcycle::level=4 pre_smooth                872  0.0004471    0.00106   0.001662   0.00%
AMG::vcycle::level=2 prolong                   872  0.0003553  0.0005644   0.001098   0.00%
AMG::bottom_solve                              872  0.0005261   0.000751   0.001094   0.00%
AMG::vcycle::level=5 residual                  872  0.0003471  0.0006109   0.001003   0.00%
AMG::vcycle::level=3 restrict                  872  0.0002448  0.0003489   0.000958   0.00%
AMG::vcycle::level=4 residual                  872  0.0003455  0.0004967   0.000908   0.00%
AMG::vcycle::level=8 pre_smooth                872  0.0002939  0.0005695  0.0008327   0.00%
AMG::vcycle::level=6 residual                  872  0.0002274  0.0003661  0.0008002   0.00%
AMG::vcycle::level=5 pre_smooth                872  0.0003258  0.0004345  0.0007644   0.00%
AMG::vcycle::level=3 post_smooth               872  0.0002987  0.0004348  0.0007426   0.00%
AMG::vcycle::level=9 bottom_solve              782  0.0003298  0.0004292  0.0005907   0.00%
AMG::vcycle::level=6 pre_smooth                872  0.0003156  0.0004082  0.0005778   0.00%
AMG::vcycle::level=3 prolong                   872  0.0002812   0.000363  0.0005604   0.00%
AMG::vcycle::level=7 residual                  872  0.0001901   0.000328  0.0005421   0.00%
AMG::vcycle::level=4 prolong                   872  0.0002642  0.0003679  0.0005362   0.00%
AMG::vcycle::level=4 restrict                  872  0.0002026  0.0002988  0.0005247   0.00%
AMG::vcycle::level=4 post_smooth               872  0.0002678  0.0003431  0.0005154   0.00%
FLD::NewtonKrylov::prepare                      67  0.0001245  0.0002233  0.0005078   0.00%
AMG::vcycle::level=5 post_smooth               872  0.0002749  0.0003464  0.0004974   0.00%
AMG::vcycle::level=7 pre_smooth                872  0.0003004  0.0003577  0.0004864   0.00%
AMG::vcycle::level=5 prolong                   872  0.0002093  0.0002721  0.0004552   0.00%
AMG::vcycle::level=8 residual                  872  0.0002019  0.0002498  0.0004287   0.00%
AMG::vcycle::level=5 restrict                  872  0.0001895  0.0002557  0.0003987   0.00%
AMG::vcycle::level=6 post_smooth               872  0.0002118   0.000264  0.0003809   0.00%
AMG::vcycle::level=8 prolong                   872  0.0002083  0.0002454  0.0003793   0.00%
FLD::NewtonKrylov::linear_solve                 67   0.000125  0.0002195  0.0003634   0.00%
AMG::vcycle::level=6 prolong                   872  0.0001997  0.0002369  0.0003236   0.00%
FPinfo::FPinfo()                                 1  0.0001692  0.0001937  0.0003232   0.00%
AMG::vcycle::level=7 post_smooth               872   0.000204  0.0002528  0.0003172   0.00%
AMG::vcycle::level=8 post_smooth               872  0.0002333  0.0002623  0.0003131   0.00%
AMG::vcycle::level=7 prolong                   872  0.0001826   0.000222     0.0003   0.00%
FLD::cloud_predictors                            1  6.262e-06  1.235e-05  2.242e-05   0.00%
Other                                        34937    0.01466    0.03404     0.1286   0.03%
-------------------------------------------------------------------------------------------

-------------------------------------------------------------------------------------------
Name                                        NCalls  Incl. Min  Incl. Avg  Incl. Max   Max %
-------------------------------------------------------------------------------------------
FLD::run_cloud                                   1        514        514        514 100.00%
FLD::NewtonKrylov::solve                         1      450.9      450.9      450.9  87.73%
GMRES::solve()                                  80      337.5      338.7      339.2  65.98%
GMRES::cycle()                                  80      337.4      338.6      339.1  65.98%
FLD::NewtonKrylov::linear_solve                 67      294.3      295.3      295.7  57.52%
FLD::MLABecLapAMG::residualWithoutAssembly     750      52.38      78.59      206.7  40.21%
FLD::composite_residual_without_assembly       750       51.7      76.83      205.5  39.97%
FabArray::ParallelCopy_finish()              17451      1.511      68.65      189.4  36.84%
FLD::NewtonKrylov::Jacobian_action             570      48.13      71.25        168  32.68%
FLD::cloud_linearized_residual                 570      46.54      66.81        166  32.29%
FabArray::ParallelCopy_nowait()              17451     0.9805      3.847      160.8  31.28%
FLD::MLABecLapAMG::preconditioner_cycle        872      124.8      138.6        147  28.59%
AMG::vcycle                                    872      124.8      138.6        147  28.59%
SpMV                                         92695      120.1      134.8      144.2  28.06%
GMRES::GramSchmidt                             792      15.66        116      138.6  26.97%
GMRES::GramSchmidt::batched_dots              1584      11.83      113.4      136.4  26.54%
SpMatrix::finishComm_mv                      92695      36.05      103.9        127  24.70%
SpMatrix::finishComm_mv::recv_wait           58185      22.03      99.79        125  24.32%
FLD::MLABecLapAMG::assemble                     80      119.1      119.3      119.4  23.24%
ChebyshevSmoother                            16748      77.45      97.23      116.7  22.71%
FLD::cloud_precondition                        637      101.8      111.6      115.1  22.40%
FLD::MLABecLapAMG::precondition                637      101.6      111.4        115  22.38%
AMG::setup                                      80      100.7        108      111.7  21.74%
FLD::residual::fine_state_finish               750    0.02044      13.33      108.8  21.17%
FLD::residual::fine_b_finish                  2250    0.01079       35.4      102.9  20.02%
FLD::NewtonKrylov::prepare                      67      101.5      101.6      101.6  19.77%
FLD::cloud_newton_prepare                       67      101.5      101.6      101.6  19.77%
FabArray::ParallelCopy()                     13701      3.568      12.64      96.88  18.85%
FLD::residual::fine_b_start                   2250     0.1838      2.089       91.7  17.84%
amrex::average_down_w_geom                    1595     0.1676      1.148      82.21  15.99%
amrex::average_down                           1595     0.1662      1.145      82.21  15.99%
FLD::residual::coarse_state_finish             750   0.005608      8.453      68.17  13.26%
FLD::residual::fine_state_start                750    0.03416     0.5617      63.82  12.42%
SpGEMM                                        2175      44.93      50.35      63.64  12.38%
FLD::cloud_predictors                            1      62.55      62.68      62.81  12.22%
FLD::cloud_predictor                            13      62.55      62.68      62.81  12.22%
FabArray::setVal()                           18676     0.9882      7.912      54.78  10.66%
FLD::NewtonKrylov::line_search                  67      53.15       53.2      53.22  10.35%
FLD::cloud_residual                            180      14.45      20.91      50.98   9.92%
FLD::MLABecLapAMG::solve                        13      43.73      43.77      43.79   8.52%
AMG::vcycle::level=0 post_smooth               872      13.76      22.61      27.71   5.39%
SpMatrix::prepare_comm_mv                   100573      2.772      19.41      26.48   5.15%
AMG::vcycle::level=0 pre_smooth                872      8.906      19.21      24.49   4.76%
AMG::vcycle::level=1 post_smooth               872      12.17      17.55       23.7   4.61%
AMG::vcycle::level=1 pre_smooth                872      13.43         17      22.09   4.30%
SpMatrix::define_split                        5075      5.017       10.4       21.9   4.26%
FabArray::FillBoundary()                     11268      0.915      10.58      21.12   4.11%
FillBoundary_finish()                        11268     0.3993      9.785      20.64   4.02%
AMG::build_interp_mm                           725      13.11      15.11       19.8   3.85%
FLD::composite_assembly                         80      6.859      10.24      17.12   3.33%
SpMatrix::transpose                           1450      5.758      13.51      16.08   3.13%
SpMatrix::finishComm_mv::send_wait           58185    0.05351     0.8516      15.37   2.99%
SpMatrix::startComm_mv                       92695      1.875       4.35      15.17   2.95%
SpMatrix::startComm_tr                        1450      1.595      11.37      14.52   2.83%
GMRES:build_solution()                          80      12.72      13.96      14.49   2.82%
AMG::vcycle::level=5 prolong                   872     0.2112      6.443         14   2.72%
AMG::vcycle::level=0 restrict                  872     0.3776      5.189      12.68   2.47%
SpMatrix::finishComm_mv::unpack              90565      1.153       3.06      12.67   2.46%
AMG::vcycle::level=2 pre_smooth                872      4.169      6.499      12.33   2.40%
AMG::pmis                                      725      5.938      8.128      8.748   1.70%
AMG::create_soc                                725      2.726      4.087          8   1.56%
FLD::residual::local_rows                      750     0.5096      2.167      7.124   1.39%
AMG::vcycle::level=0 residual                  872      2.984      5.821      7.064   1.37%
AMG::vcycle::level=6 prolong                   872     0.1439      3.049      6.738   1.31%
AMG::vcycle::level=1 residual                  872      3.708      5.244      6.327   1.23%
AMG::vcycle::level=0 prolong                   872       2.07      4.602      5.884   1.14%
AMG::vcycle::level=2 post_smooth               872      2.765      4.166      5.723   1.11%
AMG::vcycle::level=1 restrict                  872     0.6946      4.087      5.608   1.09%
FLD::compute_diffusion                         831      3.926      4.527      4.837   0.94%
FillPatchTwoLevels                            3322     0.8193      2.688      4.696   0.91%
FLD::residual::stage_state                    1500     0.3448      2.655      4.482   0.87%
FillPatchSingleLevel                          6644     0.2058      1.687      4.478   0.87%
AMG::vcycle::level=4 prolong                   872    0.08942     0.5939      4.087   0.80%
FabArray::Saxpy()                            21606      1.486      2.168      4.082   0.79%
SpMatrix::preparePairHalo                      725      1.209      3.273      3.856   0.75%
AMG::truncate_interp                           725      1.313      1.794      3.399   0.66%
SpMatrix::gatherRemote                        7833     0.8316      2.146      3.011   0.59%
AMG::vcycle::level=3 pre_smooth                872     0.9172      1.573      2.974   0.58%
SpMatrix::finishComm_tr                       1450      0.434      1.021      2.971   0.58%
SpMatrix::split_csr                         105977     0.3815      1.098      2.889   0.56%
amrex::Copy()                                10042     0.7198      1.334      2.683   0.52%
AMG::vcycle::level=7 prolong                   872   0.003092     0.5581      2.524   0.49%
AMG::vcycle::level=7 post_smooth               872   0.004598     0.6238      2.418   0.47%
AMG::vcycle::level=7 pre_smooth                872   0.004297     0.5945      2.249   0.44%
AMG::vcycle::level=6 post_smooth               872    0.03623      1.108       2.13   0.41%
AMG::vcycle::level=2 residual                  872     0.7367       1.44      1.911   0.37%
FillBoundary_nowait()                        11268     0.2787     0.7875      1.723   0.34%
AMG::vcycle::level=6 pre_smooth                872    0.03067     0.8503       1.68   0.33%
AMG::vcycle::level=5 post_smooth               872      1.149      1.453      1.622   0.32%
AMG::vcycle::level=2 restrict                  872     0.2597     0.9725      1.608   0.31%
AMG::vcycle::level=1 prolong                   872     0.4282      1.058      1.534   0.30%
FLD::residual::coarse_state_start              750   0.004432    0.05721      1.352   0.26%
AMG::vcycle::level=5 pre_smooth                872     0.8285      1.111      1.265   0.25%
SpMatrix::gatherRemotePair                    6383     0.4163      0.776      1.148   0.22%
SpMatrix::gather_pair_plan                    6383     0.3962     0.7415       1.04   0.20%
AMG::vcycle::level=3 post_smooth               872       0.68     0.7751      0.901   0.18%
AMG::vcycle::level=4 post_smooth               872     0.6925     0.7613     0.8608   0.17%
AMG::vcycle::level=4 pre_smooth                872      0.551     0.6528     0.8207   0.16%
AMG::bottom_solve                              872     0.1889     0.4628      0.644   0.13%
AMG::vcycle::level=9 bottom_solve              782     0.1883     0.4622     0.6434   0.13%
AMG::vcycle::level=8 pre_smooth                872    0.00424     0.1311     0.6195   0.12%
AMG::vcycle::level=7 residual                  872   0.001261     0.1604     0.6169   0.12%
AMG::vcycle::level=8 post_smooth               872   0.004477     0.1194     0.5716   0.11%
AMG::vcycle::level=3 residual                  872     0.2026     0.2589     0.5713   0.11%
AMG::vcycle::level=6 residual                  872   0.009211     0.2893     0.5529   0.11%
FLD::cloud_setup                                 1     0.2547     0.3829     0.5141   0.10%
FillPatchInterp(Fab)                          3322  0.0009847     0.0183     0.4819   0.09%
CellConservativeLinear::interp()               118          0    0.01678     0.4785   0.09%
SpMatrix::trim_remote_rows                    3747     0.1716     0.2406     0.4746   0.09%
AMG::vcycle::level=5 residual                  872     0.3133     0.3934     0.4418   0.09%
FLD::composite_topology                          1     0.1499     0.2756     0.4103   0.08%
AMG::vcycle::level=3 restrict                  872    0.08749     0.1748     0.3276   0.06%
FabArray::LinComb()                            518     0.1262      0.167     0.3104   0.06%
AMG::vcycle::level=2 prolong                   872    0.09837     0.2015     0.2786   0.05%
AMG::vcycle::level=8 prolong                   872   0.003341     0.0455     0.2353   0.05%
FabArray::mult()                              2414    0.05623     0.0815     0.2212   0.04%
AMG::vcycle::level=4 residual                  872     0.1881     0.1982     0.2206   0.04%
FabArrayBase::getCPC()                       13731    0.02727    0.05038     0.1998   0.04%
AMG::vcycle::level=4 restrict                  872    0.03784     0.1016     0.1947   0.04%
AMG::vcycle::level=3 prolong                   872    0.05253     0.1375     0.1842   0.04%
FabArrayBase::CPC::define()                   6692    0.01256     0.0295     0.1788   0.03%
SpMatrix::finishComm_mv::cleanup             90565    0.05056    0.07757     0.1776   0.03%
AMG::vcycle::level=5 restrict                  872   0.004747    0.04105     0.1544   0.03%
FabArrayBase::TheFPinfo()                     3322   0.002117    0.03119     0.1514   0.03%
DistributionMapping::LeastUsedCPUs()             3   0.001642    0.03059     0.1513   0.03%
FPinfo::FPinfo()                                 1  0.0005491    0.02903     0.1494   0.03%
AMG::vcycle::level=8 residual                  872   0.001207     0.0295     0.1398   0.03%
Other                                        34937    0.03361    0.06988      0.464   0.09%
-------------------------------------------------------------------------------------------

Async Memory Usage:
-----------------------------------------------------------------------------------------------------
Name                   Nalloc  AvgMem min  AvgMem avg  AvgMem max  MaxMem min  MaxMem avg  MaxMem max
-----------------------------------------------------------------------------------------------------
amrex::average_down  13066240       2   B      25   B    1964   B    8192   B    9362   B      12 KiB
-----------------------------------------------------------------------------------------------------

Pinned Memory Usage:
--------------------------------------------------------------------------------------------------------------------------
Name                                        Nalloc  AvgMem min  AvgMem avg  AvgMem max  MaxMem min  MaxMem avg  MaxMem max
--------------------------------------------------------------------------------------------------------------------------
FLD::composite_residual_without_assembly     18944     562 KiB    9040 KiB      58 MiB     641 KiB      10 MiB      66 MiB
FLD::composite_assembly                     122880       0   B     108 KiB    1311 KiB       0   B    7076 KiB      48 MiB
FLD::composite_topology                      26112     224   B    1367   B    8849   B    1120 KiB    3810 KiB      18 MiB
The_Pinned_Arena::Initialize()                3584       0   B       0   B       0   B    8192 KiB    8192 KiB    8192 KiB
FLD::MLABecLapAMG::assemble                4874240     841 KiB    1021 KiB    1680 KiB    3632 KiB    4410 KiB    7264 KiB
SpGEMM                                     5355913    2992   B      11 KiB      62 KiB     400 KiB     990 KiB    3234 KiB
FLD::MLABecLapAMG::precondition           11088896     202 KiB     269 KiB     455 KiB    1024 KiB    1243 KiB    2048 KiB
FLD::MLABecLapAMG::solve                    226304      87 KiB     105 KiB     174 KiB    1024 KiB    1243 KiB    2048 KiB
SpMatrix::finishComm_tr                   13190732      93   B     594   B    3689   B     175 KiB     395 KiB     950 KiB
SpMatrix::startComm_tr                    11546814    2835   B    4650   B    6159   B     170 KiB     334 KiB     645 KiB
--------------------------------------------------------------------------------------------------------------------------

Cpu Memory Usage:
---------------------------------------------------------------------------------------------------------------------
Name                                   Nalloc  AvgMem min  AvgMem avg  AvgMem max  MaxMem min  MaxMem avg  MaxMem max
---------------------------------------------------------------------------------------------------------------------
FabArray::ParallelCopy_nowait()      33557255     118 KiB     529 KiB      15 MiB    2116 KiB    4950 KiB      70 MiB
GMRES::cycle()                        4378112    2172 KiB    2647 KiB    4366 KiB      21 MiB      26 MiB      43 MiB
FLD::cloud_setup                       182784      10 MiB      13 MiB      21 MiB      10 MiB      13 MiB      21 MiB
SpGEMM                               16574159    5013   B      17 KiB      77 KiB    1499 KiB    2903 KiB    6689 KiB
FLD::NewtonKrylov::solve              1766912    1727 KiB    2097 KiB    3454 KiB    2765 KiB    3357 KiB    5530 KiB
GMRES::solve()                        2332672    1231 KiB    1500 KiB    2473 KiB    2150 KiB    2611 KiB    4301 KiB
FLD::NewtonKrylov::Jacobian_action    4961280      56 KiB     100 KiB     399 KiB     614 KiB     746 KiB    1229 KiB
FLD::cloud_linearized_residual        4961280    7471   B      10 KiB      19 KiB     614 KiB     746 KiB    1229 KiB
FLD::cloud_newton_prepare              583168     768   B    1155   B    2251   B     614 KiB     746 KiB    1229 KiB
FLD::cloud_predictor                   226304      52 KiB      63 KiB     105 KiB     614 KiB     746 KiB    1229 KiB
FLD::cloud_residual                   1566720    2043   B    3074   B    6028   B     614 KiB     746 KiB    1229 KiB
FillBoundary_nowait()                56358912     199   B    3716   B       9 KiB     176 KiB     405 KiB     587 KiB
SpMatrix::gather_pair_plan           40626918      26   B      80   B     239   B      97 KiB     196 KiB     471 KiB
SpMatrix::startComm_mv              417072780      16 KiB      33 KiB      81 KiB      97 KiB     196 KiB     471 KiB
SpMatrix::gatherRemote               47148435     102   B     296   B     454   B      81 KiB     186 KiB     351 KiB
FillPatchTwoLevels                     850432       0   B      12   B     420   B       0   B    6016   B     164 KiB
CellConservativeLinear::interp()       425216       0   B       0   B      22   B       0   B     877   B      24 KiB
amrex::average_down                  13066240       2   B      25   B    1964   B    8192   B    9362   B      12 KiB
---------------------------------------------------------------------------------------------------------------------


MPICH Slingshot Network Summary: 147 network timeouts

MPICH Slingshot CXI Counter Summary:
Counter                                Samples          Min         (/s)         Mean         (/s)          Max         (/s)
rh:sct_timeouts                             24            1          0.0            1          0.0            1          0.0
rh:spt_timeouts                             24            5          0.0            5          0.0            6          0.0
atu_cache_evictions                        256       878561       1709.3      2642407       5140.9     19025677      37014.9
atu_cache_hit_base_page_size_0             256    126057010     245247.1    175256173     340965.3    331693415     645317.9
atu_cache_hit_derivative1_page_size_0      256     39630221      77101.6     69524639     135261.9    220508894     429005.6
lpe_net_match_priority_0                   256     10191525      19827.9     16773710      32633.7     25142393      48915.2
lpe_net_match_overflow_0                   256      2909784       5661.1     10749474      20913.4     56252028     109439.7
lpe_net_match_request_0                    256           50          0.1          385          0.7         1887          3.7
lpe_rndzv_puts_0                           256        92310        179.6       212023        412.5      1029614       2003.1
lpe_rndzv_puts_offloaded_0                 256        92310        179.6       212023        412.5      1029614       2003.1
hni_rx_paused_0                            256       748471       1456.2     30410452      59164.3    222430961     432745.1
hni_rx_paused_1                            256       493606        960.3    938789730    1826439.2  17104174965   33276605.0
hni_tx_paused_0                             17          201          0.4        77019        149.8       456729        888.6
hni_tx_paused_1                            244         1075          2.1       263393        512.4      2870163       5584.0
parbs_tarb_pi_posted_pkts                  256    118068977     229706.2    259184014     504249.1   1377597422    2680150.6
parbs_tarb_pi_posted_blocked_cnt           256     12152613      23643.2   1607313248    3127068.6  27092134787   52708433.4
parbs_tarb_pi_non_posted_pkts              256    145250257     282588.0    213894119     416136.4    454092133     883447.7
parbs_tarb_pi_non_posted_blocked_cnt       256      5656404      11004.7     80849391     157294.5    502475695     977579.2
pct_mst_hit_on_som                          18            1          0.0            1          0.0            2          0.0
rh:nack_resource_busy                       19            1          0.0            1          0.0            2          0.0
rh:nacks                                    42            1          0.0            9          0.0           33          0.1
rh:nack_sequence_error                      19            9          0.0           18          0.0           32          0.1
rh:pkts_cancelled_o                         24            1          0.0            1          0.0            1          0.0
AMReX (26.09-216-g49f8465e6225) finalized
