Initializing AMReX (26.09-215-g34fcca894d99)...
MPI initialized with 448 MPI processes
MPI initialized with thread support level 0
AMReX (26.09-215-g34fcca894d99) initialized
AMG setup messages level=0 phase=strength sends=0 bytes=0 collective_rank_calls=448
AMG setup messages level=0 phase=strength-transpose sends=3519 bytes=144134252 collective_rank_calls=448
AMG setup messages level=0 phase=PMIS sends=66692 bytes=420798496 collective_rank_calls=4032
AMG setup messages level=0 phase=numbering sends=0 bytes=0 collective_rank_calls=448
AMG setup messages level=0 phase=interpolation sends=21114 bytes=192675812 collective_rank_calls=448
AMG setup messages level=0 phase=interpolation-transpose sends=7584 bytes=69655552 collective_rank_calls=448
AMG setup messages level=0 phase=A*P sends=11562 bytes=358069296 collective_rank_calls=448
AMG setup messages level=0 phase=R*(A*P) sends=22752 bytes=504652592 collective_rank_calls=448
AMG setup messages level=1 phase=strength sends=0 bytes=0 collective_rank_calls=448
AMG setup messages level=1 phase=strength-transpose sends=8666 bytes=169763372 collective_rank_calls=448
AMG setup messages level=1 phase=PMIS sends=208842 bytes=345169560 collective_rank_calls=5376
AMG setup messages level=1 phase=numbering sends=0 bytes=0 collective_rank_calls=448
AMG setup messages level=1 phase=interpolation sends=51474 bytes=199147932 collective_rank_calls=448
AMG setup messages level=1 phase=interpolation-transpose sends=8382 bytes=60609408 collective_rank_calls=448
AMG setup messages level=1 phase=A*P sends=28782 bytes=345973792 collective_rank_calls=448
AMG setup messages level=1 phase=R*(A*P) sends=25146 bytes=895335472 collective_rank_calls=448
AMG setup messages level=2 phase=strength sends=0 bytes=0 collective_rank_calls=448
AMG setup messages level=2 phase=strength-transpose sends=9646 bytes=75118992 collective_rank_calls=448
AMG setup messages level=2 phase=PMIS sends=213364 bytes=107043496 collective_rank_calls=4928
AMG setup messages level=2 phase=numbering sends=0 bytes=0 collective_rank_calls=448
AMG setup messages level=2 phase=interpolation sends=57030 bytes=78145708 collective_rank_calls=448
AMG setup messages level=2 phase=interpolation-transpose sends=8315 bytes=17721472 collective_rank_calls=448
AMG setup messages level=2 phase=A*P sends=32724 bytes=140020048 collective_rank_calls=448
AMG setup messages level=2 phase=R*(A*P) sends=24945 bytes=396976976 collective_rank_calls=448
AMG setup messages level=3 phase=strength sends=0 bytes=0 collective_rank_calls=448
AMG setup messages level=3 phase=strength-transpose sends=9814 bytes=18743972 collective_rank_calls=448
AMG setup messages level=3 phase=PMIS sends=198216 bytes=25949888 collective_rank_calls=4480
AMG setup messages level=3 phase=numbering sends=0 bytes=0 collective_rank_calls=448
AMG setup messages level=3 phase=interpolation sends=58086 bytes=21012716 collective_rank_calls=448
AMG setup messages level=3 phase=interpolation-transpose sends=7447 bytes=4234672 collective_rank_calls=448
AMG setup messages level=3 phase=A*P sends=33942 bytes=44979120 collective_rank_calls=448
AMG setup messages level=3 phase=R*(A*P) sends=22341 bytes=111499568 collective_rank_calls=448
AMG setup messages level=4 phase=strength sends=0 bytes=0 collective_rank_calls=448
AMG setup messages level=4 phase=strength-transpose sends=9803 bytes=3731996 collective_rank_calls=448
AMG setup messages level=4 phase=PMIS sends=183744 bytes=6251616 collective_rank_calls=4032
AMG setup messages level=4 phase=numbering sends=0 bytes=0 collective_rank_calls=448
AMG setup messages level=4 phase=interpolation sends=57201 bytes=5097232 collective_rank_calls=448
AMG setup messages level=4 phase=interpolation-transpose sends=5640 bytes=984032 collective_rank_calls=448
AMG setup messages level=4 phase=A*P sends=56004 bytes=16426736 collective_rank_calls=448
AMG setup messages level=4 phase=R*(A*P) sends=16920 bytes=24573520 collective_rank_calls=448
AMG setup messages level=5 phase=strength sends=0 bytes=0 collective_rank_calls=448
AMG setup messages level=5 phase=strength-transpose sends=7853 bytes=648876 collective_rank_calls=448
AMG setup messages level=5 phase=PMIS sends=122190 bytes=1206032 collective_rank_calls=3136
AMG setup messages level=5 phase=numbering sends=0 bytes=0 collective_rank_calls=448
AMG setup messages level=5 phase=interpolation sends=42795 bytes=926752 collective_rank_calls=448
AMG setup messages level=5 phase=interpolation-transpose sends=2757 bytes=225904 collective_rank_calls=448
AMG setup messages level=5 phase=A*P sends=91278 bytes=6067040 collective_rank_calls=448
AMG setup messages level=5 phase=R*(A*P) sends=8271 bytes=3855600 collective_rank_calls=448
AMG setup messages level=6 phase=strength sends=0 bytes=0 collective_rank_calls=448
AMG setup messages level=6 phase=strength-transpose sends=2052 bytes=119252 collective_rank_calls=448
AMG setup messages level=6 phase=PMIS sends=23276 bytes=173880 collective_rank_calls=1792
AMG setup messages level=6 phase=numbering sends=0 bytes=0 collective_rank_calls=448
AMG setup messages level=6 phase=interpolation sends=10110 bytes=139352 collective_rank_calls=448
AMG setup messages level=6 phase=interpolation-transpose sends=971 bytes=63040 collective_rank_calls=448
AMG setup messages level=6 phase=A*P sends=37656 bytes=1348320 collective_rank_calls=448
AMG setup messages level=6 phase=R*(A*P) sends=2913 bytes=518416 collective_rank_calls=448
AMG setup messages level=7 phase=strength sends=0 bytes=0 collective_rank_calls=448
AMG setup messages level=7 phase=strength-transpose sends=520 bytes=30284 collective_rank_calls=448
AMG setup messages level=7 phase=PMIS sends=3568 bytes=34760 collective_rank_calls=896
AMG setup messages level=7 phase=numbering sends=0 bytes=0 collective_rank_calls=448
AMG setup messages level=7 phase=interpolation sends=2325 bytes=22640 collective_rank_calls=448
AMG setup messages level=7 phase=interpolation-transpose sends=263 bytes=17792 collective_rank_calls=448
AMG setup messages level=7 phase=A*P sends=5964 bytes=147552 collective_rank_calls=448
AMG setup messages level=7 phase=R*(A*P) sends=789 bytes=28128 collective_rank_calls=448
AMG setup messages level=0 phase=strength sends=0 bytes=0 collective_rank_calls=448
AMG setup messages level=0 phase=strength-transpose sends=3519 bytes=144095864 collective_rank_calls=448
AMG setup messages level=0 phase=PMIS sends=66692 bytes=420754624 collective_rank_calls=4032
AMG setup messages level=0 phase=numbering sends=0 bytes=0 collective_rank_calls=448
AMG setup messages level=0 phase=interpolation sends=21114 bytes=192473112 collective_rank_calls=448
AMG setup messages level=0 phase=interpolation-transpose sends=7610 bytes=74532032 collective_rank_calls=448
AMG setup messages level=0 phase=A*P sends=11562 bytes=357991984 collective_rank_calls=448
AMG setup messages level=0 phase=R*(A*P) sends=22830 bytes=529380784 collective_rank_calls=448
AMG setup messages level=1 phase=strength sends=0 bytes=0 collective_rank_calls=448
AMG setup messages level=1 phase=strength-transpose sends=8658 bytes=169047796 collective_rank_calls=448
AMG setup messages level=1 phase=PMIS sends=191292 bytes=320387880 collective_rank_calls=4928
AMG setup messages level=1 phase=numbering sends=0 bytes=0 collective_rank_calls=448
AMG setup messages level=1 phase=interpolation sends=51462 bytes=200007724 collective_rank_calls=448
AMG setup messages level=1 phase=interpolation-transpose sends=8368 bytes=59869744 collective_rank_calls=448
AMG setup messages level=1 phase=A*P sends=28686 bytes=349510128 collective_rank_calls=448
AMG setup messages level=1 phase=R*(A*P) sends=25104 bytes=890844128 collective_rank_calls=448
AMG setup messages level=2 phase=strength sends=0 bytes=0 collective_rank_calls=448
AMG setup messages level=2 phase=strength-transpose sends=9629 bytes=74967408 collective_rank_calls=448
AMG setup messages level=2 phase=PMIS sends=212906 bytes=107066296 collective_rank_calls=4928
AMG setup messages level=2 phase=numbering sends=0 bytes=0 collective_rank_calls=448
AMG setup messages level=2 phase=interpolation sends=56979 bytes=78073968 collective_rank_calls=448
AMG setup messages level=2 phase=interpolation-transpose sends=8244 bytes=17706176 collective_rank_calls=448
AMG setup messages level=2 phase=A*P sends=32742 bytes=140307792 collective_rank_calls=448
AMG setup messages level=2 phase=R*(A*P) sends=24732 bytes=397916864 collective_rank_calls=448
AMG setup messages level=3 phase=strength sends=0 bytes=0 collective_rank_calls=448
AMG setup messages level=3 phase=strength-transpose sends=9812 bytes=18755856 collective_rank_calls=448
AMG setup messages level=3 phase=PMIS sends=198110 bytes=26030584 collective_rank_calls=4480
AMG setup messages level=3 phase=numbering sends=0 bytes=0 collective_rank_calls=448
AMG setup messages level=3 phase=interpolation sends=58113 bytes=21120280 collective_rank_calls=448
AMG setup messages level=3 phase=interpolation-transpose sends=7427 bytes=4248208 collective_rank_calls=448
AMG setup messages level=3 phase=A*P sends=33948 bytes=45228192 collective_rank_calls=448
AMG setup messages level=3 phase=R*(A*P) sends=22281 bytes=112196144 collective_rank_calls=448
AMG setup messages level=4 phase=strength sends=0 bytes=0 collective_rank_calls=448
AMG setup messages level=4 phase=strength-transpose sends=9764 bytes=3706628 collective_rank_calls=448
AMG setup messages level=4 phase=PMIS sends=182652 bytes=6274080 collective_rank_calls=4032
AMG setup messages level=4 phase=numbering sends=0 bytes=0 collective_rank_calls=448
AMG setup messages level=4 phase=interpolation sends=56784 bytes=5093540 collective_rank_calls=448
AMG setup messages level=4 phase=interpolation-transpose sends=5732 bytes=992992 collective_rank_calls=448
AMG setup messages level=4 phase=A*P sends=56100 bytes=16521904 collective_rank_calls=448
AMG setup messages level=4 phase=R*(A*P) sends=17196 bytes=25586384 collective_rank_calls=448
AMG setup messages level=5 phase=strength sends=0 bytes=0 collective_rank_calls=448
AMG setup messages level=5 phase=strength-transpose sends=7614 bytes=622284 collective_rank_calls=448
AMG setup messages level=5 phase=PMIS sends=138042 bytes=1330484 collective_rank_calls=3584
AMG setup messages level=5 phase=numbering sends=0 bytes=0 collective_rank_calls=448
AMG setup messages level=5 phase=interpolation sends=41079 bytes=872240 collective_rank_calls=448
AMG setup messages level=5 phase=interpolation-transpose sends=2829 bytes=229392 collective_rank_calls=448
AMG setup messages level=5 phase=A*P sends=95658 bytes=6387392 collective_rank_calls=448
AMG setup messages level=5 phase=R*(A*P) sends=8487 bytes=4378384 collective_rank_calls=448
AMG setup messages level=6 phase=strength sends=0 bytes=0 collective_rank_calls=448
AMG setup messages level=6 phase=strength-transpose sends=2110 bytes=121984 collective_rank_calls=448
AMG setup messages level=6 phase=PMIS sends=29572 bytes=214640 collective_rank_calls=2240
AMG setup messages level=6 phase=numbering sends=0 bytes=0 collective_rank_calls=448
AMG setup messages level=6 phase=interpolation sends=10308 bytes=126812 collective_rank_calls=448
AMG setup messages level=6 phase=interpolation-transpose sends=972 bytes=65792 collective_rank_calls=448
AMG setup messages level=6 phase=A*P sends=41982 bytes=1528592 collective_rank_calls=448
AMG setup messages level=6 phase=R*(A*P) sends=2916 bytes=572496 collective_rank_calls=448
AMG setup messages level=7 phase=strength sends=0 bytes=0 collective_rank_calls=448
AMG setup messages level=7 phase=strength-transpose sends=415 bytes=24128 collective_rank_calls=448
AMG setup messages level=7 phase=PMIS sends=4110 bytes=34736 collective_rank_calls=1344
AMG setup messages level=7 phase=numbering sends=0 bytes=0 collective_rank_calls=448
AMG setup messages level=7 phase=interpolation sends=2091 bytes=17324 collective_rank_calls=448
AMG setup messages level=7 phase=interpolation-transpose sends=126 bytes=8576 collective_rank_calls=448
AMG setup messages level=7 phase=A*P sends=5958 bytes=107472 collective_rank_calls=448
AMG setup messages level=7 phase=R*(A*P) sends=378 bytes=12368 collective_rank_calls=448
AMG setup messages level=0 phase=strength sends=0 bytes=0 collective_rank_calls=448
AMG setup messages level=0 phase=strength-transpose sends=3519 bytes=144076068 collective_rank_calls=448
AMG setup messages level=0 phase=PMIS sends=66692 bytes=420732000 collective_rank_calls=4032
AMG setup messages level=0 phase=numbering sends=0 bytes=0 collective_rank_calls=448
AMG setup messages level=0 phase=interpolation sends=21114 bytes=192459484 collective_rank_calls=448
AMG setup messages level=0 phase=interpolation-transpose sends=7611 bytes=74586816 collective_rank_calls=448
AMG setup messages level=0 phase=A*P sends=11562 bytes=358012976 collective_rank_calls=448
AMG setup messages level=0 phase=R*(A*P) sends=22833 bytes=529823312 collective_rank_calls=448
AMG setup messages level=1 phase=strength sends=0 bytes=0 collective_rank_calls=448
AMG setup messages level=1 phase=strength-transpose sends=8658 bytes=168974432 collective_rank_calls=448
AMG setup messages level=1 phase=PMIS sends=191244 bytes=320345736 collective_rank_calls=4928
AMG setup messages level=1 phase=numbering sends=0 bytes=0 collective_rank_calls=448
AMG setup messages level=1 phase=interpolation sends=51543 bytes=200018728 collective_rank_calls=448
AMG setup messages level=1 phase=interpolation-transpose sends=8351 bytes=59713696 collective_rank_calls=448
AMG setup messages level=1 phase=A*P sends=28896 bytes=349395248 collective_rank_calls=448
AMG setup messages level=1 phase=R*(A*P) sends=25053 bytes=888744720 collective_rank_calls=448
AMG setup messages level=2 phase=strength sends=0 bytes=0 collective_rank_calls=448
AMG setup messages level=2 phase=strength-transpose sends=9606 bytes=74868412 collective_rank_calls=448
AMG setup messages level=2 phase=PMIS sends=193352 bytes=98162024 collective_rank_calls=4480
AMG setup messages level=2 phase=numbering sends=0 bytes=0 collective_rank_calls=448
AMG setup messages level=2 phase=interpolation sends=56961 bytes=78025944 collective_rank_calls=448
AMG setup messages level=2 phase=interpolation-transpose sends=8336 bytes=17734576 collective_rank_calls=448
AMG setup messages level=2 phase=A*P sends=32784 bytes=140318096 collective_rank_calls=448
AMG setup messages level=2 phase=R*(A*P) sends=25008 bytes=397759552 collective_rank_calls=448
AMG setup messages level=3 phase=strength sends=0 bytes=0 collective_rank_calls=448
AMG setup messages level=3 phase=strength-transpose sends=9815 bytes=18666200 collective_rank_calls=448
AMG setup messages level=3 phase=PMIS sends=198269 bytes=26007864 collective_rank_calls=4480
AMG setup messages level=3 phase=numbering sends=0 bytes=0 collective_rank_calls=448
AMG setup messages level=3 phase=interpolation sends=57945 bytes=21020604 collective_rank_calls=448
AMG setup messages level=3 phase=interpolation-transpose sends=7435 bytes=4255184 collective_rank_calls=448
AMG setup messages level=3 phase=A*P sends=33888 bytes=45357696 collective_rank_calls=448
AMG setup messages level=3 phase=R*(A*P) sends=22305 bytes=112857008 collective_rank_calls=448
AMG setup messages level=4 phase=strength sends=0 bytes=0 collective_rank_calls=448
AMG setup messages level=4 phase=strength-transpose sends=9620 bytes=3645896 collective_rank_calls=448
AMG setup messages level=4 phase=PMIS sends=179940 bytes=6277728 collective_rank_calls=4032
AMG setup messages level=4 phase=numbering sends=0 bytes=0 collective_rank_calls=448
AMG setup messages level=4 phase=interpolation sends=55920 bytes=4990728 collective_rank_calls=448
AMG setup messages level=4 phase=interpolation-transpose sends=5685 bytes=1009424 collective_rank_calls=448
AMG setup messages level=4 phase=A*P sends=55854 bytes=16731888 collective_rank_calls=448
AMG setup messages level=4 phase=R*(A*P) sends=17055 bytes=26086336 collective_rank_calls=448
AMG setup messages level=5 phase=strength sends=0 bytes=0 collective_rank_calls=448
AMG setup messages level=5 phase=strength-transpose sends=7106 bytes=588012 collective_rank_calls=448
AMG setup messages level=5 phase=PMIS sends=114348 bytes=1143840 collective_rank_calls=3136
AMG setup messages level=5 phase=numbering sends=0 bytes=0 collective_rank_calls=448
AMG setup messages level=5 phase=interpolation sends=38202 bytes=794520 collective_rank_calls=448
AMG setup messages level=5 phase=interpolation-transpose sends=2613 bytes=226800 collective_rank_calls=448
AMG setup messages level=5 phase=A*P sends=96150 bytes=6574208 collective_rank_calls=448
AMG setup messages level=5 phase=R*(A*P) sends=7839 bytes=4284800 collective_rank_calls=448
AMG setup messages level=6 phase=strength sends=0 bytes=0 collective_rank_calls=448
AMG setup messages level=6 phase=strength-transpose sends=1897 bytes=118680 collective_rank_calls=448
AMG setup messages level=6 phase=PMIS sends=31885 bytes=237160 collective_rank_calls=2688
AMG setup messages level=6 phase=numbering sends=0 bytes=0 collective_rank_calls=448
AMG setup messages level=6 phase=interpolation sends=8448 bytes=122652 collective_rank_calls=448
AMG setup messages level=6 phase=interpolation-transpose sends=918 bytes=62512 collective_rank_calls=448
AMG setup messages level=6 phase=A*P sends=42918 bytes=1555376 collective_rank_calls=448
AMG setup messages level=6 phase=R*(A*P) sends=2754 bytes=741072 collective_rank_calls=448
AMG setup messages level=7 phase=strength sends=0 bytes=0 collective_rank_calls=448
AMG setup messages level=7 phase=strength-transpose sends=624 bytes=40836 collective_rank_calls=448
AMG setup messages level=7 phase=PMIS sends=6128 bytes=61056 collective_rank_calls=1344
AMG setup messages level=7 phase=numbering sends=0 bytes=0 collective_rank_calls=448
AMG setup messages level=7 phase=interpolation sends=3183 bytes=26464 collective_rank_calls=448
AMG setup messages level=7 phase=interpolation-transpose sends=148 bytes=11712 collective_rank_calls=448
AMG setup messages level=7 phase=A*P sends=9978 bytes=204768 collective_rank_calls=448
AMG setup messages level=7 phase=R*(A*P) sends=444 bytes=22672 collective_rank_calls=448
AMG setup messages level=8 phase=strength sends=0 bytes=0 collective_rank_calls=448
AMG setup messages level=8 phase=strength-transpose sends=26 bytes=1532 collective_rank_calls=448
AMG setup messages level=8 phase=PMIS sends=158 bytes=1588 collective_rank_calls=896
AMG setup messages level=8 phase=numbering sends=0 bytes=0 collective_rank_calls=448
AMG setup messages level=8 phase=interpolation sends=78 bytes=540 collective_rank_calls=448
AMG setup messages level=8 phase=interpolation-transpose sends=22 bytes=1536 collective_rank_calls=448
AMG setup messages level=8 phase=A*P sends=180 bytes=3008 collective_rank_calls=448
AMG setup messages level=8 phase=R*(A*P) sends=66 bytes=1664 collective_rank_calls=448
AMG setup messages level=0 phase=strength sends=0 bytes=0 collective_rank_calls=448
AMG setup messages level=0 phase=strength-transpose sends=3519 bytes=144063076 collective_rank_calls=448
AMG setup messages level=0 phase=PMIS sends=66692 bytes=420717152 collective_rank_calls=4032
AMG setup messages level=0 phase=numbering sends=0 bytes=0 collective_rank_calls=448
AMG setup messages level=0 phase=interpolation sends=21114 bytes=192393404 collective_rank_calls=448
AMG setup messages level=0 phase=interpolation-transpose sends=7613 bytes=74611744 collective_rank_calls=448
AMG setup messages level=0 phase=A*P sends=11562 bytes=357966896 collective_rank_calls=448
AMG setup messages level=0 phase=R*(A*P) sends=22839 bytes=529729856 collective_rank_calls=448
AMG setup messages level=1 phase=strength sends=0 bytes=0 collective_rank_calls=448
AMG setup messages level=1 phase=strength-transpose sends=8627 bytes=168900812 collective_rank_calls=448
AMG setup messages level=1 phase=PMIS sends=190574 bytes=320428448 collective_rank_calls=4928
AMG setup messages level=1 phase=numbering sends=0 bytes=0 collective_rank_calls=448
AMG setup messages level=1 phase=interpolation sends=51327 bytes=199919016 collective_rank_calls=448
AMG setup messages level=1 phase=interpolation-transpose sends=8346 bytes=59770688 collective_rank_calls=448
AMG setup messages level=1 phase=A*P sends=28602 bytes=349608656 collective_rank_calls=448
AMG setup messages level=1 phase=R*(A*P) sends=25038 bytes=889132432 collective_rank_calls=448
AMG setup messages level=2 phase=strength sends=0 bytes=0 collective_rank_calls=448
AMG setup messages level=2 phase=strength-transpose sends=9656 bytes=74687232 collective_rank_calls=448
AMG setup messages level=2 phase=PMIS sends=213728 bytes=106937552 collective_rank_calls=4928
AMG setup messages level=2 phase=numbering sends=0 bytes=0 collective_rank_calls=448
AMG setup messages level=2 phase=interpolation sends=57189 bytes=77825068 collective_rank_calls=448
AMG setup messages level=2 phase=interpolation-transpose sends=8324 bytes=17777888 collective_rank_calls=448
AMG setup messages level=2 phase=A*P sends=32766 bytes=140192752 collective_rank_calls=448
AMG setup messages level=2 phase=R*(A*P) sends=24972 bytes=399395504 collective_rank_calls=448
AMG setup messages level=3 phase=strength sends=0 bytes=0 collective_rank_calls=448
AMG setup messages level=3 phase=strength-transpose sends=9843 bytes=18495056 collective_rank_calls=448
AMG setup messages level=3 phase=PMIS sends=238559 bytes=30703960 collective_rank_calls=5376
AMG setup messages level=3 phase=numbering sends=0 bytes=0 collective_rank_calls=448
AMG setup messages level=3 phase=interpolation sends=58227 bytes=20888240 collective_rank_calls=448
AMG setup messages level=3 phase=interpolation-transpose sends=7427 bytes=4310864 collective_rank_calls=448
AMG setup messages level=3 phase=A*P sends=33762 bytes=45492672 collective_rank_calls=448
AMG setup messages level=3 phase=R*(A*P) sends=22281 bytes=115083952 collective_rank_calls=448
AMG setup messages level=4 phase=strength sends=0 bytes=0 collective_rank_calls=448
AMG setup messages level=4 phase=strength-transpose sends=9615 bytes=3509340 collective_rank_calls=448
AMG setup messages level=4 phase=PMIS sends=200407 bytes=6796868 collective_rank_calls=4480
AMG setup messages level=4 phase=numbering sends=0 bytes=0 collective_rank_calls=448
AMG setup messages level=4 phase=interpolation sends=55659 bytes=4734900 collective_rank_calls=448
AMG setup messages level=4 phase=interpolation-transpose sends=5729 bytes=1026608 collective_rank_calls=448
AMG setup messages level=4 phase=A*P sends=56670 bytes=16990320 collective_rank_calls=448
AMG setup messages level=4 phase=R*(A*P) sends=17187 bytes=26705232 collective_rank_calls=448
AMG setup messages level=5 phase=strength sends=0 bytes=0 collective_rank_calls=448
AMG setup messages level=5 phase=strength-transpose sends=6811 bytes=569140 collective_rank_calls=448
AMG setup messages level=5 phase=PMIS sends=125779 bytes=1254796 collective_rank_calls=3584
AMG setup messages level=5 phase=numbering sends=0 bytes=0 collective_rank_calls=448
AMG setup messages level=5 phase=interpolation sends=36192 bytes=775604 collective_rank_calls=448
AMG setup messages level=5 phase=interpolation-transpose sends=2533 bytes=231408 collective_rank_calls=448
AMG setup messages level=5 phase=A*P sends=95388 bytes=6578304 collective_rank_calls=448
AMG setup messages level=5 phase=R*(A*P) sends=7599 bytes=4580096 collective_rank_calls=448
AMG setup messages level=6 phase=strength sends=0 bytes=0 collective_rank_calls=448
AMG setup messages level=6 phase=strength-transpose sends=1865 bytes=129268 collective_rank_calls=448
AMG setup messages level=6 phase=PMIS sends=21415 bytes=196832 collective_rank_calls=1792
AMG setup messages level=6 phase=numbering sends=0 bytes=0 collective_rank_calls=448
AMG setup messages level=6 phase=interpolation sends=8640 bytes=121720 collective_rank_calls=448
AMG setup messages level=6 phase=interpolation-transpose sends=810 bytes=71840 collective_rank_calls=448
AMG setup messages level=6 phase=A*P sends=45078 bytes=1851712 collective_rank_calls=448
AMG setup messages level=6 phase=R*(A*P) sends=2430 bytes=798144 collective_rank_calls=448
AMG setup messages level=7 phase=strength sends=0 bytes=0 collective_rank_calls=448
AMG setup messages level=7 phase=strength-transpose sends=445 bytes=33708 collective_rank_calls=448
AMG setup messages level=7 phase=PMIS sends=4378 bytes=44848 collective_rank_calls=1344
AMG setup messages level=7 phase=numbering sends=0 bytes=0 collective_rank_calls=448
AMG setup messages level=7 phase=interpolation sends=1884 bytes=20444 collective_rank_calls=448
AMG setup messages level=7 phase=interpolation-transpose sends=140 bytes=17744 collective_rank_calls=448
AMG setup messages level=7 phase=A*P sends=11328 bytes=325072 collective_rank_calls=448
AMG setup messages level=7 phase=R*(A*P) sends=420 bytes=45088 collective_rank_calls=448
AMG setup messages level=8 phase=strength sends=0 bytes=0 collective_rank_calls=448
AMG setup messages level=8 phase=strength-transpose sends=53 bytes=5568 collective_rank_calls=448
AMG setup messages level=8 phase=PMIS sends=371 bytes=5064 collective_rank_calls=896
AMG setup messages level=8 phase=numbering sends=0 bytes=0 collective_rank_calls=448
AMG setup messages level=8 phase=interpolation sends=318 bytes=3816 collective_rank_calls=448
AMG setup messages level=8 phase=interpolation-transpose sends=53 bytes=3712 collective_rank_calls=448
AMG setup messages level=8 phase=A*P sends=852 bytes=16576 collective_rank_calls=448
AMG setup messages level=8 phase=R*(A*P) sends=159 bytes=4032 collective_rank_calls=448
AMG setup messages level=0 phase=strength sends=0 bytes=0 collective_rank_calls=448
AMG setup messages level=0 phase=strength-transpose sends=3519 bytes=144052072 collective_rank_calls=448
AMG setup messages level=0 phase=PMIS sends=74065 bytes=462336288 collective_rank_calls=4480
AMG setup messages level=0 phase=numbering sends=0 bytes=0 collective_rank_calls=448
AMG setup messages level=0 phase=interpolation sends=21114 bytes=192509768 collective_rank_calls=448
AMG setup messages level=0 phase=interpolation-transpose sends=7577 bytes=74624192 collective_rank_calls=448
AMG setup messages level=0 phase=A*P sends=11562 bytes=358004608 collective_rank_calls=448
AMG setup messages level=0 phase=R*(A*P) sends=22731 bytes=529896976 collective_rank_calls=448
AMG setup messages level=1 phase=strength sends=0 bytes=0 collective_rank_calls=448
AMG setup messages level=1 phase=strength-transpose sends=8666 bytes=168803432 collective_rank_calls=448
AMG setup messages level=1 phase=PMIS sends=208712 bytes=346766964 collective_rank_calls=5376
AMG setup messages level=1 phase=numbering sends=0 bytes=0 collective_rank_calls=448
AMG setup messages level=1 phase=interpolation sends=51579 bytes=199600740 collective_rank_calls=448
AMG setup messages level=1 phase=interpolation-transpose sends=8386 bytes=59793248 collective_rank_calls=448
AMG setup messages level=1 phase=A*P sends=28830 bytes=349449616 collective_rank_calls=448
AMG setup messages level=1 phase=R*(A*P) sends=25158 bytes=889860384 collective_rank_calls=448
AMG setup messages level=2 phase=strength sends=0 bytes=0 collective_rank_calls=448
AMG setup messages level=2 phase=strength-transpose sends=9621 bytes=74463344 collective_rank_calls=448
AMG setup messages level=2 phase=PMIS sends=193663 bytes=98069508 collective_rank_calls=4480
AMG setup messages level=2 phase=numbering sends=0 bytes=0 collective_rank_calls=448
AMG setup messages level=2 phase=interpolation sends=57027 bytes=77732296 collective_rank_calls=448
AMG setup messages level=2 phase=interpolation-transpose sends=8281 bytes=17759008 collective_rank_calls=448
AMG setup messages level=2 phase=A*P sends=32760 bytes=140167856 collective_rank_calls=448
AMG setup messages level=2 phase=R*(A*P) sends=24843 bytes=399919280 collective_rank_calls=448
AMG setup messages level=3 phase=strength sends=0 bytes=0 collective_rank_calls=448
AMG setup messages level=3 phase=strength-transpose sends=9746 bytes=18268300 collective_rank_calls=448
AMG setup messages level=3 phase=PMIS sends=216716 bytes=28266752 collective_rank_calls=4928
AMG setup messages level=3 phase=numbering sends=0 bytes=0 collective_rank_calls=448
AMG setup messages level=3 phase=interpolation sends=57555 bytes=20699416 collective_rank_calls=448
AMG setup messages level=3 phase=interpolation-transpose sends=7467 bytes=4338672 collective_rank_calls=448
AMG setup messages level=3 phase=A*P sends=33876 bytes=45546288 collective_rank_calls=448
AMG setup messages level=3 phase=R*(A*P) sends=22401 bytes=116512544 collective_rank_calls=448
AMG setup messages level=4 phase=strength sends=0 bytes=0 collective_rank_calls=448
AMG setup messages level=4 phase=strength-transpose sends=9566 bytes=3387400 collective_rank_calls=448
AMG setup messages level=4 phase=PMIS sends=200428 bytes=6737024 collective_rank_calls=4480
AMG setup messages level=4 phase=numbering sends=0 bytes=0 collective_rank_calls=448
AMG setup messages level=4 phase=interpolation sends=55452 bytes=4598532 collective_rank_calls=448
AMG setup messages level=4 phase=interpolation-transpose sends=5723 bytes=1029504 collective_rank_calls=448
AMG setup messages level=4 phase=A*P sends=56616 bytes=17087088 collective_rank_calls=448
AMG setup messages level=4 phase=R*(A*P) sends=17169 bytes=27192448 collective_rank_calls=448
AMG setup messages level=5 phase=strength sends=0 bytes=0 collective_rank_calls=448
AMG setup messages level=5 phase=strength-transpose sends=6257 bytes=524172 collective_rank_calls=448
AMG setup messages level=5 phase=PMIS sends=103350 bytes=1046288 collective_rank_calls=3136
AMG setup messages level=5 phase=numbering sends=0 bytes=0 collective_rank_calls=448
AMG setup messages level=5 phase=interpolation sends=33459 bytes=667932 collective_rank_calls=448
AMG setup messages level=5 phase=interpolation-transpose sends=2420 bytes=215344 collective_rank_calls=448
AMG setup messages level=5 phase=A*P sends=94272 bytes=6483232 collective_rank_calls=448
AMG setup messages level=5 phase=R*(A*P) sends=7260 bytes=4604896 collective_rank_calls=448
AMG setup messages level=6 phase=strength sends=0 bytes=0 collective_rank_calls=448
AMG setup messages level=6 phase=strength-transpose sends=1699 bytes=117644 collective_rank_calls=448
AMG setup messages level=6 phase=PMIS sends=29439 bytes=251516 collective_rank_calls=2688
AMG setup messages level=6 phase=numbering sends=0 bytes=0 collective_rank_calls=448
AMG setup messages level=6 phase=interpolation sends=8019 bytes=106268 collective_rank_calls=448
AMG setup messages level=6 phase=interpolation-transpose sends=738 bytes=72768 collective_rank_calls=448
AMG setup messages level=6 phase=A*P sends=45582 bytes=1853744 collective_rank_calls=448
AMG setup messages level=6 phase=R*(A*P) sends=2214 bytes=613600 collective_rank_calls=448
AMG setup messages level=7 phase=strength sends=0 bytes=0 collective_rank_calls=448
AMG setup messages level=7 phase=strength-transpose sends=388 bytes=32876 collective_rank_calls=448
AMG setup messages level=7 phase=PMIS sends=4944 bytes=53116 collective_rank_calls=1792
AMG setup messages level=7 phase=numbering sends=0 bytes=0 collective_rank_calls=448
AMG setup messages level=7 phase=interpolation sends=1836 bytes=18300 collective_rank_calls=448
AMG setup messages level=7 phase=interpolation-transpose sends=120 bytes=8640 collective_rank_calls=448
AMG setup messages level=7 phase=A*P sends=6948 bytes=173792 collective_rank_calls=448
AMG setup messages level=7 phase=R*(A*P) sends=360 bytes=49952 collective_rank_calls=448
AMG setup messages level=8 phase=strength sends=0 bytes=0 collective_rank_calls=448
AMG setup messages level=8 phase=strength-transpose sends=68 bytes=4656 collective_rank_calls=448
AMG setup messages level=8 phase=PMIS sends=398 bytes=5032 collective_rank_calls=896
AMG setup messages level=8 phase=numbering sends=0 bytes=0 collective_rank_calls=448
AMG setup messages level=8 phase=interpolation sends=204 bytes=1460 collective_rank_calls=448
AMG setup messages level=8 phase=interpolation-transpose sends=55 bytes=4672 collective_rank_calls=448
AMG setup messages level=8 phase=A*P sends=1050 bytes=24000 collective_rank_calls=448
AMG setup messages level=8 phase=R*(A*P) sends=165 bytes=5824 collective_rank_calls=448
AMG setup messages level=0 phase=strength sends=0 bytes=0 collective_rank_calls=448
AMG setup messages level=0 phase=strength-transpose sends=3519 bytes=144032220 collective_rank_calls=448
AMG setup messages level=0 phase=PMIS sends=59319 bytes=379039444 collective_rank_calls=3584
AMG setup messages level=0 phase=numbering sends=0 bytes=0 collective_rank_calls=448
AMG setup messages level=0 phase=interpolation sends=21114 bytes=192534836 collective_rank_calls=448
AMG setup messages level=0 phase=interpolation-transpose sends=7604 bytes=74627712 collective_rank_calls=448
AMG setup messages level=0 phase=A*P sends=11562 bytes=358007248 collective_rank_calls=448
AMG setup messages level=0 phase=R*(A*P) sends=22812 bytes=529930080 collective_rank_calls=448
AMG setup messages level=1 phase=strength sends=0 bytes=0 collective_rank_calls=448
AMG setup messages level=1 phase=strength-transpose sends=8656 bytes=168683740 collective_rank_calls=448
AMG setup messages level=1 phase=PMIS sends=208628 bytes=346647120 collective_rank_calls=5376
AMG setup messages level=1 phase=numbering sends=0 bytes=0 collective_rank_calls=448
AMG setup messages level=1 phase=interpolation sends=51450 bytes=199507332 collective_rank_calls=448
AMG setup messages level=1 phase=interpolation-transpose sends=8365 bytes=59792496 collective_rank_calls=448
AMG setup messages level=1 phase=A*P sends=28662 bytes=349400400 collective_rank_calls=448
AMG setup messages level=1 phase=R*(A*P) sends=25095 bytes=889999520 collective_rank_calls=448
AMG setup messages level=2 phase=strength sends=0 bytes=0 collective_rank_calls=448
AMG setup messages level=2 phase=strength-transpose sends=9589 bytes=74299196 collective_rank_calls=448
AMG setup messages level=2 phase=PMIS sends=212290 bytes=106908544 collective_rank_calls=4928
AMG setup messages level=2 phase=numbering sends=0 bytes=0 collective_rank_calls=448
AMG setup messages level=2 phase=interpolation sends=56709 bytes=77713408 collective_rank_calls=448
AMG setup messages level=2 phase=interpolation-transpose sends=8247 bytes=17765056 collective_rank_calls=448
AMG setup messages level=2 phase=A*P sends=32784 bytes=140295712 collective_rank_calls=448
AMG setup messages level=2 phase=R*(A*P) sends=24741 bytes=400699008 collective_rank_calls=448
AMG setup messages level=3 phase=strength sends=0 bytes=0 collective_rank_calls=448
AMG setup messages level=3 phase=strength-transpose sends=9711 bytes=18102436 collective_rank_calls=448
AMG setup messages level=3 phase=PMIS sends=216030 bytes=28333136 collective_rank_calls=4928
AMG setup messages level=3 phase=numbering sends=0 bytes=0 collective_rank_calls=448
AMG setup messages level=3 phase=interpolation sends=57402 bytes=20677824 collective_rank_calls=448
AMG setup messages level=3 phase=interpolation-transpose sends=7425 bytes=4368928 collective_rank_calls=448
AMG setup messages level=3 phase=A*P sends=33948 bytes=45829040 collective_rank_calls=448
AMG setup messages level=3 phase=R*(A*P) sends=22275 bytes=118569696 collective_rank_calls=448
AMG setup messages level=4 phase=strength sends=0 bytes=0 collective_rank_calls=448
AMG setup messages level=4 phase=strength-transpose sends=9423 bytes=3269108 collective_rank_calls=448
AMG setup messages level=4 phase=PMIS sends=157959 bytes=5451488 collective_rank_calls=3584
AMG setup messages level=4 phase=numbering sends=0 bytes=0 collective_rank_calls=448
AMG setup messages level=4 phase=interpolation sends=54597 bytes=4325552 collective_rank_calls=448
AMG setup messages level=4 phase=interpolation-transpose sends=5701 bytes=1038752 collective_rank_calls=448
AMG setup messages level=4 phase=A*P sends=56610 bytes=17327584 collective_rank_calls=448
AMG setup messages level=4 phase=R*(A*P) sends=17103 bytes=28075920 collective_rank_calls=448
AMG setup messages level=5 phase=strength sends=0 bytes=0 collective_rank_calls=448
AMG setup messages level=5 phase=strength-transpose sends=5869 bytes=474756 collective_rank_calls=448
AMG setup messages level=5 phase=PMIS sends=97550 bytes=961856 collective_rank_calls=3136
AMG setup messages level=5 phase=numbering sends=0 bytes=0 collective_rank_calls=448
AMG setup messages level=5 phase=interpolation sends=30948 bytes=594684 collective_rank_calls=448
AMG setup messages level=5 phase=interpolation-transpose sends=2331 bytes=218096 collective_rank_calls=448
AMG setup messages level=5 phase=A*P sends=95412 bytes=6642976 collective_rank_calls=448
AMG setup messages level=5 phase=R*(A*P) sends=6993 bytes=4604256 collective_rank_calls=448
AMG setup messages level=6 phase=strength sends=0 bytes=0 collective_rank_calls=448
AMG setup messages level=6 phase=strength-transpose sends=1737 bytes=129136 collective_rank_calls=448
AMG setup messages level=6 phase=PMIS sends=20381 bytes=210636 collective_rank_calls=1792
AMG setup messages level=6 phase=numbering sends=0 bytes=0 collective_rank_calls=448
AMG setup messages level=6 phase=interpolation sends=8106 bytes=95276 collective_rank_calls=448
AMG setup messages level=6 phase=interpolation-transpose sends=897 bytes=75088 collective_rank_calls=448
AMG setup messages level=6 phase=A*P sends=42786 bytes=1842064 collective_rank_calls=448
AMG setup messages level=6 phase=R*(A*P) sends=2691 bytes=953200 collective_rank_calls=448
AMG setup messages level=7 phase=strength sends=0 bytes=0 collective_rank_calls=448
AMG setup messages level=7 phase=strength-transpose sends=350 bytes=24624 collective_rank_calls=448
AMG setup messages level=7 phase=PMIS sends=3452 bytes=37712 collective_rank_calls=1344
AMG setup messages level=7 phase=numbering sends=0 bytes=0 collective_rank_calls=448
AMG setup messages level=7 phase=interpolation sends=1503 bytes=13728 collective_rank_calls=448
AMG setup messages level=7 phase=interpolation-transpose sends=198 bytes=16368 collective_rank_calls=448
AMG setup messages level=7 phase=A*P sends=9822 bytes=307376 collective_rank_calls=448
AMG setup messages level=7 phase=R*(A*P) sends=594 bytes=89856 collective_rank_calls=448
AMG setup messages level=8 phase=strength sends=0 bytes=0 collective_rank_calls=448
AMG setup messages level=8 phase=strength-transpose sends=122 bytes=8544 collective_rank_calls=448
AMG setup messages level=8 phase=PMIS sends=734 bytes=9520 collective_rank_calls=896
AMG setup messages level=8 phase=numbering sends=0 bytes=0 collective_rank_calls=448
AMG setup messages level=8 phase=interpolation sends=366 bytes=2600 collective_rank_calls=448
AMG setup messages level=8 phase=interpolation-transpose sends=102 bytes=8832 collective_rank_calls=448
AMG setup messages level=8 phase=A*P sends=1920 bytes=68416 collective_rank_calls=448
AMG setup messages level=8 phase=R*(A*P) sends=306 bytes=16704 collective_rank_calls=448
AMG setup messages level=0 phase=strength sends=0 bytes=0 collective_rank_calls=448
AMG setup messages level=0 phase=strength-transpose sends=3519 bytes=144008336 collective_rank_calls=448
AMG setup messages level=0 phase=PMIS sends=66692 bytes=420614656 collective_rank_calls=4032
AMG setup messages level=0 phase=numbering sends=0 bytes=0 collective_rank_calls=448
AMG setup messages level=0 phase=interpolation sends=21114 bytes=192436320 collective_rank_calls=448
AMG setup messages level=0 phase=interpolation-transpose sends=7616 bytes=74593104 collective_rank_calls=448
AMG setup messages level=0 phase=A*P sends=11562 bytes=357949376 collective_rank_calls=448
AMG setup messages level=0 phase=R*(A*P) sends=22848 bytes=529634944 collective_rank_calls=448
AMG setup messages level=1 phase=strength sends=0 bytes=0 collective_rank_calls=448
AMG setup messages level=1 phase=strength-transpose sends=8609 bytes=168633428 collective_rank_calls=448
AMG setup messages level=1 phase=PMIS sends=207435 bytes=346806948 collective_rank_calls=5376
AMG setup messages level=1 phase=numbering sends=0 bytes=0 collective_rank_calls=448
AMG setup messages level=1 phase=interpolation sends=51219 bytes=199492776 collective_rank_calls=448
AMG setup messages level=1 phase=interpolation-transpose sends=8353 bytes=59753840 collective_rank_calls=448
AMG setup messages level=1 phase=A*P sends=28692 bytes=349396512 collective_rank_calls=448
AMG setup messages level=1 phase=R*(A*P) sends=25059 bytes=889172960 collective_rank_calls=448
AMG setup messages level=2 phase=strength sends=0 bytes=0 collective_rank_calls=448
AMG setup messages level=2 phase=strength-transpose sends=9625 bytes=74052360 collective_rank_calls=448
AMG setup messages level=2 phase=PMIS sends=213226 bytes=106857920 collective_rank_calls=4928
AMG setup messages level=2 phase=numbering sends=0 bytes=0 collective_rank_calls=448
AMG setup messages level=2 phase=interpolation sends=56964 bytes=77493564 collective_rank_calls=448
AMG setup messages level=2 phase=interpolation-transpose sends=8263 bytes=17833184 collective_rank_calls=448
AMG setup messages level=2 phase=A*P sends=32748 bytes=140297344 collective_rank_calls=448
AMG setup messages level=2 phase=R*(A*P) sends=24789 bytes=402829072 collective_rank_calls=448
AMG setup messages level=3 phase=strength sends=0 bytes=0 collective_rank_calls=448
AMG setup messages level=3 phase=strength-transpose sends=9786 bytes=17922424 collective_rank_calls=448
AMG setup messages level=3 phase=PMIS sends=217932 bytes=28342184 collective_rank_calls=4928
AMG setup messages level=3 phase=numbering sends=0 bytes=0 collective_rank_calls=448
AMG setup messages level=3 phase=interpolation sends=57954 bytes=20507840 collective_rank_calls=448
AMG setup messages level=3 phase=interpolation-transpose sends=7449 bytes=4418688 collective_rank_calls=448
AMG setup messages level=3 phase=A*P sends=34002 bytes=46053088 collective_rank_calls=448
AMG setup messages level=3 phase=R*(A*P) sends=22347 bytes=119799040 collective_rank_calls=448
AMG setup messages level=4 phase=strength sends=0 bytes=0 collective_rank_calls=448
AMG setup messages level=4 phase=strength-transpose sends=9285 bytes=3132400 collective_rank_calls=448
AMG setup messages level=4 phase=PMIS sends=176220 bytes=5906432 collective_rank_calls=4032
AMG setup messages level=4 phase=numbering sends=0 bytes=0 collective_rank_calls=448
AMG setup messages level=4 phase=interpolation sends=53532 bytes=4101480 collective_rank_calls=448
AMG setup messages level=4 phase=interpolation-transpose sends=5682 bytes=1043792 collective_rank_calls=448
AMG setup messages level=4 phase=A*P sends=56736 bytes=17464656 collective_rank_calls=448
AMG setup messages level=4 phase=R*(A*P) sends=17046 bytes=28713296 collective_rank_calls=448
AMG setup messages level=5 phase=strength sends=0 bytes=0 collective_rank_calls=448
AMG setup messages level=5 phase=strength-transpose sends=5599 bytes=461128 collective_rank_calls=448
AMG setup messages level=5 phase=PMIS sends=93050 bytes=932024 collective_rank_calls=3136
AMG setup messages level=5 phase=numbering sends=0 bytes=0 collective_rank_calls=448
AMG setup messages level=5 phase=interpolation sends=29385 bytes=589692 collective_rank_calls=448
AMG setup messages level=5 phase=interpolation-transpose sends=2342 bytes=220320 collective_rank_calls=448
AMG setup messages level=5 phase=A*P sends=95850 bytes=6929728 collective_rank_calls=448
AMG setup messages level=5 phase=R*(A*P) sends=7026 bytes=5174752 collective_rank_calls=448
AMG setup messages level=6 phase=strength sends=0 bytes=0 collective_rank_calls=448
AMG setup messages level=6 phase=strength-transpose sends=1861 bytes=133776 collective_rank_calls=448
AMG setup messages level=6 phase=PMIS sends=26740 bytes=250464 collective_rank_calls=2240
AMG setup messages level=6 phase=numbering sends=0 bytes=0 collective_rank_calls=448
AMG setup messages level=6 phase=interpolation sends=8403 bytes=102432 collective_rank_calls=448
AMG setup messages level=6 phase=interpolation-transpose sends=754 bytes=69856 collective_rank_calls=448
AMG setup messages level=6 phase=A*P sends=49524 bytes=2057472 collective_rank_calls=448
AMG setup messages level=6 phase=R*(A*P) sends=2262 bytes=1002048 collective_rank_calls=448
AMG setup messages level=7 phase=strength sends=0 bytes=0 collective_rank_calls=448
AMG setup messages level=7 phase=strength-transpose sends=390 bytes=32712 collective_rank_calls=448
AMG setup messages level=7 phase=PMIS sends=3756 bytes=44328 collective_rank_calls=1344
AMG setup messages level=7 phase=numbering sends=0 bytes=0 collective_rank_calls=448
AMG setup messages level=7 phase=interpolation sends=1701 bytes=18844 collective_rank_calls=448
AMG setup messages level=7 phase=interpolation-transpose sends=262 bytes=22560 collective_rank_calls=448
AMG setup messages level=7 phase=A*P sends=14556 bytes=421104 collective_rank_calls=448
AMG setup messages level=7 phase=R*(A*P) sends=786 bytes=42352 collective_rank_calls=448
AMG setup messages level=0 phase=strength sends=0 bytes=0 collective_rank_calls=448
AMG setup messages level=0 phase=strength-transpose sends=3519 bytes=143979860 collective_rank_calls=448
AMG setup messages level=0 phase=PMIS sends=66692 bytes=420546496 collective_rank_calls=4032
AMG setup messages level=0 phase=numbering sends=0 bytes=0 collective_rank_calls=448
AMG setup messages level=0 phase=interpolation sends=21114 bytes=192300300 collective_rank_calls=448
AMG setup messages level=0 phase=interpolation-transpose sends=7614 bytes=74559552 collective_rank_calls=448
AMG setup messages level=0 phase=A*P sends=11562 bytes=357886432 collective_rank_calls=448
AMG setup messages level=0 phase=R*(A*P) sends=22842 bytes=529216544 collective_rank_calls=448
AMG setup messages level=1 phase=strength sends=0 bytes=0 collective_rank_calls=448
AMG setup messages level=1 phase=strength-transpose sends=8690 bytes=168653080 collective_rank_calls=448
AMG setup messages level=1 phase=PMIS sends=191948 bytes=320244824 collective_rank_calls=4928
AMG setup messages level=1 phase=numbering sends=0 bytes=0 collective_rank_calls=448
AMG setup messages level=1 phase=interpolation sends=51645 bytes=199438052 collective_rank_calls=448
AMG setup messages level=1 phase=interpolation-transpose sends=8394 bytes=59797376 collective_rank_calls=448
AMG setup messages level=1 phase=A*P sends=28764 bytes=349278256 collective_rank_calls=448
AMG setup messages level=1 phase=R*(A*P) sends=25182 bytes=890055104 collective_rank_calls=448
AMG setup messages level=2 phase=strength sends=0 bytes=0 collective_rank_calls=448
AMG setup messages level=2 phase=strength-transpose sends=9644 bytes=73905460 collective_rank_calls=448
AMG setup messages level=2 phase=PMIS sends=194222 bytes=98049492 collective_rank_calls=4480
AMG setup messages level=2 phase=numbering sends=0 bytes=0 collective_rank_calls=448
AMG setup messages level=2 phase=interpolation sends=57057 bytes=77447116 collective_rank_calls=448
AMG setup messages level=2 phase=interpolation-transpose sends=8312 bytes=17810160 collective_rank_calls=448
AMG setup messages level=2 phase=A*P sends=32796 bytes=140386528 collective_rank_calls=448
AMG setup messages level=2 phase=R*(A*P) sends=24936 bytes=402836784 collective_rank_calls=448
AMG setup messages level=3 phase=strength sends=0 bytes=0 collective_rank_calls=448
AMG setup messages level=3 phase=strength-transpose sends=9748 bytes=17705564 collective_rank_calls=448
AMG setup messages level=3 phase=PMIS sends=217000 bytes=28269608 collective_rank_calls=4928
AMG setup messages level=3 phase=numbering sends=0 bytes=0 collective_rank_calls=448
AMG setup messages level=3 phase=interpolation sends=57483 bytes=20332328 collective_rank_calls=448
AMG setup messages level=3 phase=interpolation-transpose sends=7419 bytes=4425088 collective_rank_calls=448
AMG setup messages level=3 phase=A*P sends=34014 bytes=46193600 collective_rank_calls=448
AMG setup messages level=3 phase=R*(A*P) sends=22257 bytes=121097088 collective_rank_calls=448
AMG setup messages level=4 phase=strength sends=0 bytes=0 collective_rank_calls=448
AMG setup messages level=4 phase=strength-transpose sends=9275 bytes=3110608 collective_rank_calls=448
AMG setup messages level=4 phase=PMIS sends=234053 bytes=7627120 collective_rank_calls=5376
AMG setup messages level=4 phase=numbering sends=0 bytes=0 collective_rank_calls=448
AMG setup messages level=4 phase=interpolation sends=53406 bytes=4090476 collective_rank_calls=448
AMG setup messages level=4 phase=interpolation-transpose sends=5581 bytes=1050928 collective_rank_calls=448
AMG setup messages level=4 phase=A*P sends=57330 bytes=17760896 collective_rank_calls=448
AMG setup messages level=4 phase=R*(A*P) sends=16743 bytes=29132224 collective_rank_calls=448
AMG setup messages level=5 phase=strength sends=0 bytes=0 collective_rank_calls=448
AMG setup messages level=5 phase=strength-transpose sends=5611 bytes=487012 collective_rank_calls=448
AMG setup messages level=5 phase=PMIS sends=79939 bytes=877404 collective_rank_calls=2688
AMG setup messages level=5 phase=numbering sends=0 bytes=0 collective_rank_calls=448
AMG setup messages level=5 phase=interpolation sends=29382 bytes=565020 collective_rank_calls=448
AMG setup messages level=5 phase=interpolation-transpose sends=2229 bytes=218896 collective_rank_calls=448
AMG setup messages level=5 phase=A*P sends=91446 bytes=6884176 collective_rank_calls=448
AMG setup messages level=5 phase=R*(A*P) sends=6687 bytes=5367872 collective_rank_calls=448
AMG setup messages level=6 phase=strength sends=0 bytes=0 collective_rank_calls=448
AMG setup messages level=6 phase=strength-transpose sends=1890 bytes=141320 collective_rank_calls=448
AMG setup messages level=6 phase=PMIS sends=21960 bytes=231288 collective_rank_calls=1792
AMG setup messages level=6 phase=numbering sends=0 bytes=0 collective_rank_calls=448
AMG setup messages level=6 phase=interpolation sends=8658 bytes=114420 collective_rank_calls=448
AMG setup messages level=6 phase=interpolation-transpose sends=981 bytes=82544 collective_rank_calls=448
AMG setup messages level=6 phase=A*P sends=47364 bytes=2107920 collective_rank_calls=448
AMG setup messages level=6 phase=R*(A*P) sends=2943 bytes=1120160 collective_rank_calls=448
AMG setup messages level=7 phase=strength sends=0 bytes=0 collective_rank_calls=448
AMG setup messages level=7 phase=strength-transpose sends=463 bytes=35096 collective_rank_calls=448
AMG setup messages level=7 phase=PMIS sends=7180 bytes=75088 collective_rank_calls=2240
AMG setup messages level=7 phase=numbering sends=0 bytes=0 collective_rank_calls=448
AMG setup messages level=7 phase=interpolation sends=2085 bytes=20108 collective_rank_calls=448
AMG setup messages level=7 phase=interpolation-transpose sends=270 bytes=23760 collective_rank_calls=448
AMG setup messages level=7 phase=A*P sends=12630 bytes=442464 collective_rank_calls=448
AMG setup messages level=7 phase=R*(A*P) sends=810 bytes=149200 collective_rank_calls=448
AMG setup messages level=8 phase=strength sends=0 bytes=0 collective_rank_calls=448
AMG setup messages level=8 phase=strength-transpose sends=147 bytes=9804 collective_rank_calls=448
AMG setup messages level=8 phase=PMIS sends=1005 bytes=11868 collective_rank_calls=896
AMG setup messages level=8 phase=numbering sends=0 bytes=0 collective_rank_calls=448
AMG setup messages level=8 phase=interpolation sends=735 bytes=6076 collective_rank_calls=448
AMG setup messages level=8 phase=interpolation-transpose sends=47 bytes=3728 collective_rank_calls=448
AMG setup messages level=8 phase=A*P sends=1782 bytes=38592 collective_rank_calls=448
AMG setup messages level=8 phase=R*(A*P) sends=141 bytes=4448 collective_rank_calls=448
AMG setup messages level=0 phase=strength sends=0 bytes=0 collective_rank_calls=448
AMG setup messages level=0 phase=strength-transpose sends=3519 bytes=143951916 collective_rank_calls=448
AMG setup messages level=0 phase=PMIS sends=66692 bytes=420477312 collective_rank_calls=4032
AMG setup messages level=0 phase=numbering sends=0 bytes=0 collective_rank_calls=448
AMG setup messages level=0 phase=interpolation sends=21114 bytes=192244708 collective_rank_calls=448
AMG setup messages level=0 phase=interpolation-transpose sends=7591 bytes=74474624 collective_rank_calls=448
AMG setup messages level=0 phase=A*P sends=11562 bytes=357825296 collective_rank_calls=448
AMG setup messages level=0 phase=R*(A*P) sends=22773 bytes=528696416 collective_rank_calls=448
AMG setup messages level=1 phase=strength sends=0 bytes=0 collective_rank_calls=448
AMG setup messages level=1 phase=strength-transpose sends=8667 bytes=168607632 collective_rank_calls=448
AMG setup messages level=1 phase=PMIS sends=226308 bytes=373208240 collective_rank_calls=5824
AMG setup messages level=1 phase=numbering sends=0 bytes=0 collective_rank_calls=448
AMG setup messages level=1 phase=interpolation sends=51549 bytes=199385220 collective_rank_calls=448
AMG setup messages level=1 phase=interpolation-transpose sends=8345 bytes=59847600 collective_rank_calls=448
AMG setup messages level=1 phase=A*P sends=28698 bytes=349347888 collective_rank_calls=448
AMG setup messages level=1 phase=R*(A*P) sends=25035 bytes=890041904 collective_rank_calls=448
AMG setup messages level=2 phase=strength sends=0 bytes=0 collective_rank_calls=448
AMG setup messages level=2 phase=strength-transpose sends=9603 bytes=73761368 collective_rank_calls=448
AMG setup messages level=2 phase=PMIS sends=212766 bytes=106895200 collective_rank_calls=4928
AMG setup messages level=2 phase=numbering sends=0 bytes=0 collective_rank_calls=448
AMG setup messages level=2 phase=interpolation sends=56838 bytes=77416036 collective_rank_calls=448
AMG setup messages level=2 phase=interpolation-transpose sends=8318 bytes=17865952 collective_rank_calls=448
AMG setup messages level=2 phase=A*P sends=32766 bytes=140489008 collective_rank_calls=448
AMG setup messages level=2 phase=R*(A*P) sends=24954 bytes=405490256 collective_rank_calls=448
AMG setup messages level=3 phase=strength sends=0 bytes=0 collective_rank_calls=448
AMG setup messages level=3 phase=strength-transpose sends=9757 bytes=17608960 collective_rank_calls=448
AMG setup messages level=3 phase=PMIS sends=236937 bytes=30630696 collective_rank_calls=5376
AMG setup messages level=3 phase=numbering sends=0 bytes=0 collective_rank_calls=448
AMG setup messages level=3 phase=interpolation sends=57501 bytes=20258548 collective_rank_calls=448
AMG setup messages level=3 phase=interpolation-transpose sends=7441 bytes=4490768 collective_rank_calls=448
AMG setup messages level=3 phase=A*P sends=33894 bytes=46581856 collective_rank_calls=448
AMG setup messages level=3 phase=R*(A*P) sends=22323 bytes=123377376 collective_rank_calls=448
AMG setup messages level=4 phase=strength sends=0 bytes=0 collective_rank_calls=448
AMG setup messages level=4 phase=strength-transpose sends=9191 bytes=3132808 collective_rank_calls=448
AMG setup messages level=4 phase=PMIS sends=174448 bytes=5951632 collective_rank_calls=4032
AMG setup messages level=4 phase=numbering sends=0 bytes=0 collective_rank_calls=448
AMG setup messages level=4 phase=interpolation sends=52986 bytes=4121724 collective_rank_calls=448
AMG setup messages level=4 phase=interpolation-transpose sends=5567 bytes=1066688 collective_rank_calls=448
AMG setup messages level=4 phase=A*P sends=57402 bytes=18090032 collective_rank_calls=448
AMG setup messages level=4 phase=R*(A*P) sends=16701 bytes=29930256 collective_rank_calls=448
AMG setup messages level=5 phase=strength sends=0 bytes=0 collective_rank_calls=448
AMG setup messages level=5 phase=strength-transpose sends=5752 bytes=513476 collective_rank_calls=448
AMG setup messages level=5 phase=PMIS sends=94368 bytes=1032072 collective_rank_calls=3136
AMG setup messages level=5 phase=numbering sends=0 bytes=0 collective_rank_calls=448
AMG setup messages level=5 phase=interpolation sends=30405 bytes=598704 collective_rank_calls=448
AMG setup messages level=5 phase=interpolation-transpose sends=2349 bytes=226176 collective_rank_calls=448
AMG setup messages level=5 phase=A*P sends=94830 bytes=7244944 collective_rank_calls=448
AMG setup messages level=5 phase=R*(A*P) sends=7047 bytes=5753248 collective_rank_calls=448
AMG setup messages level=6 phase=strength sends=0 bytes=0 collective_rank_calls=448
AMG setup messages level=6 phase=strength-transpose sends=1783 bytes=137264 collective_rank_calls=448
AMG setup messages level=6 phase=PMIS sends=20849 bytes=233828 collective_rank_calls=1792
AMG setup messages level=6 phase=numbering sends=0 bytes=0 collective_rank_calls=448
AMG setup messages level=6 phase=interpolation sends=8199 bytes=96924 collective_rank_calls=448
AMG setup messages level=6 phase=interpolation-transpose sends=893 bytes=84176 collective_rank_calls=448
AMG setup messages level=6 phase=A*P sends=49818 bytes=2287936 collective_rank_calls=448
AMG setup messages level=6 phase=R*(A*P) sends=2679 bytes=1155344 collective_rank_calls=448
AMG setup messages level=7 phase=strength sends=0 bytes=0 collective_rank_calls=448
AMG setup messages level=7 phase=strength-transpose sends=403 bytes=30632 collective_rank_calls=448
AMG setup messages level=7 phase=PMIS sends=2797 bytes=39072 collective_rank_calls=896
AMG setup messages level=7 phase=numbering sends=0 bytes=0 collective_rank_calls=448
AMG setup messages level=7 phase=interpolation sends=1914 bytes=15580 collective_rank_calls=448
AMG setup messages level=7 phase=interpolation-transpose sends=169 bytes=15296 collective_rank_calls=448
AMG setup messages level=7 phase=A*P sends=11526 bytes=297392 collective_rank_calls=448
AMG setup messages level=7 phase=R*(A*P) sends=507 bytes=29216 collective_rank_calls=448
AMG setup messages level=0 phase=strength sends=0 bytes=0 collective_rank_calls=448
AMG setup messages level=0 phase=strength-transpose sends=3519 bytes=143926772 collective_rank_calls=448
AMG setup messages level=0 phase=PMIS sends=66692 bytes=420414784 collective_rank_calls=4032
AMG setup messages level=0 phase=numbering sends=0 bytes=0 collective_rank_calls=448
AMG setup messages level=0 phase=interpolation sends=21114 bytes=192337132 collective_rank_calls=448
AMG setup messages level=0 phase=interpolation-transpose sends=7612 bytes=74531840 collective_rank_calls=448
AMG setup messages level=0 phase=A*P sends=11562 bytes=357878528 collective_rank_calls=448
AMG setup messages level=0 phase=R*(A*P) sends=22836 bytes=529381984 collective_rank_calls=448
AMG setup messages level=1 phase=strength sends=0 bytes=0 collective_rank_calls=448
AMG setup messages level=1 phase=strength-transpose sends=8690 bytes=168447744 collective_rank_calls=448
AMG setup messages level=1 phase=PMIS sends=192140 bytes=320148416 collective_rank_calls=4928
AMG setup messages level=1 phase=numbering sends=0 bytes=0 collective_rank_calls=448
AMG setup messages level=1 phase=interpolation sends=51669 bytes=199304156 collective_rank_calls=448
AMG setup messages level=1 phase=interpolation-transpose sends=8346 bytes=59768800 collective_rank_calls=448
AMG setup messages level=1 phase=A*P sends=28986 bytes=349290896 collective_rank_calls=448
AMG setup messages level=1 phase=R*(A*P) sends=25038 bytes=889874784 collective_rank_calls=448
AMG setup messages level=2 phase=strength sends=0 bytes=0 collective_rank_calls=448
AMG setup messages level=2 phase=strength-transpose sends=9628 bytes=73668076 collective_rank_calls=448
AMG setup messages level=2 phase=PMIS sends=213304 bytes=106923784 collective_rank_calls=4928
AMG setup messages level=2 phase=numbering sends=0 bytes=0 collective_rank_calls=448
AMG setup messages level=2 phase=interpolation sends=57051 bytes=77451980 collective_rank_calls=448
AMG setup messages level=2 phase=interpolation-transpose sends=8264 bytes=17875680 collective_rank_calls=448
AMG setup messages level=2 phase=A*P sends=32766 bytes=140548048 collective_rank_calls=448
AMG setup messages level=2 phase=R*(A*P) sends=24792 bytes=405728880 collective_rank_calls=448
AMG setup messages level=3 phase=strength sends=0 bytes=0 collective_rank_calls=448
AMG setup messages level=3 phase=strength-transpose sends=9674 bytes=17536132 collective_rank_calls=448
AMG setup messages level=3 phase=PMIS sends=235036 bytes=30656380 collective_rank_calls=5376
AMG setup messages level=3 phase=numbering sends=0 bytes=0 collective_rank_calls=448
AMG setup messages level=3 phase=interpolation sends=57228 bytes=20300272 collective_rank_calls=448
AMG setup messages level=3 phase=interpolation-transpose sends=7457 bytes=4465488 collective_rank_calls=448
AMG setup messages level=3 phase=A*P sends=33906 bytes=46702496 collective_rank_calls=448
AMG setup messages level=3 phase=R*(A*P) sends=22371 bytes=123216032 collective_rank_calls=448
AMG setup messages level=4 phase=strength sends=0 bytes=0 collective_rank_calls=448
AMG setup messages level=4 phase=strength-transpose sends=9174 bytes=3160496 collective_rank_calls=448
AMG setup messages level=4 phase=PMIS sends=155298 bytes=5380660 collective_rank_calls=3584
AMG setup messages level=4 phase=numbering sends=0 bytes=0 collective_rank_calls=448
AMG setup messages level=4 phase=interpolation sends=53019 bytes=4192560 collective_rank_calls=448
AMG setup messages level=4 phase=interpolation-transpose sends=5492 bytes=1069296 collective_rank_calls=448
AMG setup messages level=4 phase=A*P sends=57120 bytes=18222240 collective_rank_calls=448
AMG setup messages level=4 phase=R*(A*P) sends=16476 bytes=30772768 collective_rank_calls=448
AMG setup messages level=5 phase=strength sends=0 bytes=0 collective_rank_calls=448
AMG setup messages level=5 phase=strength-transpose sends=6089 bytes=561228 collective_rank_calls=448
AMG setup messages level=5 phase=PMIS sends=112625 bytes=1260196 collective_rank_calls=3584
AMG setup messages level=5 phase=numbering sends=0 bytes=0 collective_rank_calls=448
AMG setup messages level=5 phase=interpolation sends=32379 bytes=668368 collective_rank_calls=448
AMG setup messages level=5 phase=interpolation-transpose sends=2463 bytes=248192 collective_rank_calls=448
AMG setup messages level=5 phase=A*P sends=94470 bytes=7710928 collective_rank_calls=448
AMG setup messages level=5 phase=R*(A*P) sends=7389 bytes=6380496 collective_rank_calls=448
AMG setup messages level=6 phase=strength sends=0 bytes=0 collective_rank_calls=448
AMG setup messages level=6 phase=strength-transpose sends=1870 bytes=143480 collective_rank_calls=448
AMG setup messages level=6 phase=PMIS sends=27196 bytes=279856 collective_rank_calls=2240
AMG setup messages level=6 phase=numbering sends=0 bytes=0 collective_rank_calls=448
AMG setup messages level=6 phase=interpolation sends=9039 bytes=110452 collective_rank_calls=448
AMG setup messages level=6 phase=interpolation-transpose sends=1121 bytes=104480 collective_rank_calls=448
AMG setup messages level=6 phase=A*P sends=52140 bytes=2560928 collective_rank_calls=448
AMG setup messages level=6 phase=R*(A*P) sends=3363 bytes=1371392 collective_rank_calls=448
AMG setup messages level=7 phase=strength sends=0 bytes=0 collective_rank_calls=448
AMG setup messages level=7 phase=strength-transpose sends=509 bytes=38440 collective_rank_calls=448
AMG setup messages level=7 phase=PMIS sends=3389 bytes=48036 collective_rank_calls=896
AMG setup messages level=7 phase=numbering sends=0 bytes=0 collective_rank_calls=448
AMG setup messages level=7 phase=interpolation sends=2589 bytes=21508 collective_rank_calls=448
AMG setup messages level=7 phase=interpolation-transpose sends=156 bytes=14448 collective_rank_calls=448
AMG setup messages level=7 phase=A*P sends=10686 bytes=288672 collective_rank_calls=448
AMG setup messages level=7 phase=R*(A*P) sends=468 bytes=27600 collective_rank_calls=448
AMG setup messages level=0 phase=strength sends=0 bytes=0 collective_rank_calls=448
AMG setup messages level=0 phase=strength-transpose sends=3519 bytes=143901936 collective_rank_calls=448
AMG setup messages level=0 phase=PMIS sends=74065 bytes=461947424 collective_rank_calls=4480
AMG setup messages level=0 phase=numbering sends=0 bytes=0 collective_rank_calls=448
AMG setup messages level=0 phase=interpolation sends=21114 bytes=192138928 collective_rank_calls=448
AMG setup messages level=0 phase=interpolation-transpose sends=7597 bytes=74435152 collective_rank_calls=448
AMG setup messages level=0 phase=A*P sends=11562 bytes=357774992 collective_rank_calls=448
AMG setup messages level=0 phase=R*(A*P) sends=22791 bytes=528500224 collective_rank_calls=448
AMG setup messages level=1 phase=strength sends=0 bytes=0 collective_rank_calls=448
AMG setup messages level=1 phase=strength-transpose sends=8644 bytes=168449612 collective_rank_calls=448
AMG setup messages level=1 phase=PMIS sends=208158 bytes=346710704 collective_rank_calls=5376
AMG setup messages level=1 phase=numbering sends=0 bytes=0 collective_rank_calls=448
AMG setup messages level=1 phase=interpolation sends=51393 bytes=199374888 collective_rank_calls=448
AMG setup messages level=1 phase=interpolation-transpose sends=8378 bytes=59747472 collective_rank_calls=448
AMG setup messages level=1 phase=A*P sends=28590 bytes=349244352 collective_rank_calls=448
AMG setup messages level=1 phase=R*(A*P) sends=25134 bytes=889317008 collective_rank_calls=448
AMG setup messages level=2 phase=strength sends=0 bytes=0 collective_rank_calls=448
AMG setup messages level=2 phase=strength-transpose sends=9593 bytes=73565388 collective_rank_calls=448
AMG setup messages level=2 phase=PMIS sends=212618 bytes=106964952 collective_rank_calls=4928
AMG setup messages level=2 phase=numbering sends=0 bytes=0 collective_rank_calls=448
AMG setup messages level=2 phase=interpolation sends=56781 bytes=77428900 collective_rank_calls=448
AMG setup messages level=2 phase=interpolation-transpose sends=8287 bytes=17817840 collective_rank_calls=448
AMG setup messages level=2 phase=A*P sends=32748 bytes=140607776 collective_rank_calls=448
AMG setup messages level=2 phase=R*(A*P) sends=24861 bytes=405624672 collective_rank_calls=448
AMG setup messages level=3 phase=strength sends=0 bytes=0 collective_rank_calls=448
AMG setup messages level=3 phase=strength-transpose sends=9699 bytes=17498160 collective_rank_calls=448
AMG setup messages level=3 phase=PMIS sends=255128 bytes=32962528 collective_rank_calls=5824
AMG setup messages level=3 phase=numbering sends=0 bytes=0 collective_rank_calls=448
AMG setup messages level=3 phase=interpolation sends=57366 bytes=20323704 collective_rank_calls=448
AMG setup messages level=3 phase=interpolation-transpose sends=7381 bytes=4484608 collective_rank_calls=448
AMG setup messages level=3 phase=A*P sends=34020 bytes=46831392 collective_rank_calls=448
AMG setup messages level=3 phase=R*(A*P) sends=22143 bytes=123635008 collective_rank_calls=448
AMG setup messages level=4 phase=strength sends=0 bytes=0 collective_rank_calls=448
AMG setup messages level=4 phase=strength-transpose sends=9166 bytes=3192408 collective_rank_calls=448
AMG setup messages level=4 phase=PMIS sends=174228 bytes=5973808 collective_rank_calls=4032
AMG setup messages level=4 phase=numbering sends=0 bytes=0 collective_rank_calls=448
AMG setup messages level=4 phase=interpolation sends=53100 bytes=4238596 collective_rank_calls=448
AMG setup messages level=4 phase=interpolation-transpose sends=5543 bytes=1087392 collective_rank_calls=448
AMG setup messages level=4 phase=A*P sends=56778 bytes=18551440 collective_rank_calls=448
AMG setup messages level=4 phase=R*(A*P) sends=16629 bytes=31265232 collective_rank_calls=448
AMG setup messages level=5 phase=strength sends=0 bytes=0 collective_rank_calls=448
AMG setup messages level=5 phase=strength-transpose sends=6220 bytes=582200 collective_rank_calls=448
AMG setup messages level=5 phase=PMIS sends=87436 bytes=1037264 collective_rank_calls=2688
AMG setup messages level=5 phase=numbering sends=0 bytes=0 collective_rank_calls=448
AMG setup messages level=5 phase=interpolation sends=33090 bytes=683884 collective_rank_calls=448
AMG setup messages level=5 phase=interpolation-transpose sends=2419 bytes=242416 collective_rank_calls=448
AMG setup messages level=5 phase=A*P sends=94350 bytes=7581056 collective_rank_calls=448
AMG setup messages level=5 phase=R*(A*P) sends=7257 bytes=6104432 collective_rank_calls=448
AMG setup messages level=6 phase=strength sends=0 bytes=0 collective_rank_calls=448
AMG setup messages level=6 phase=strength-transpose sends=1861 bytes=141456 collective_rank_calls=448
AMG setup messages level=6 phase=PMIS sends=21993 bytes=237656 collective_rank_calls=1792
AMG setup messages level=6 phase=numbering sends=0 bytes=0 collective_rank_calls=448
AMG setup messages level=6 phase=interpolation sends=8565 bytes=106500 collective_rank_calls=448
AMG setup messages level=6 phase=interpolation-transpose sends=852 bytes=82848 collective_rank_calls=448
AMG setup messages level=6 phase=A*P sends=49260 bytes=2250480 collective_rank_calls=448
AMG setup messages level=6 phase=R*(A*P) sends=2556 bytes=1012432 collective_rank_calls=448
AMG setup messages level=7 phase=strength sends=0 bytes=0 collective_rank_calls=448
AMG setup messages level=7 phase=strength-transpose sends=480 bytes=43328 collective_rank_calls=448
AMG setup messages level=7 phase=PMIS sends=3258 bytes=47368 collective_rank_calls=896
AMG setup messages level=7 phase=numbering sends=0 bytes=0 collective_rank_calls=448
AMG setup messages level=7 phase=interpolation sends=2556 bytes=25256 collective_rank_calls=448
AMG setup messages level=7 phase=interpolation-transpose sends=181 bytes=16416 collective_rank_calls=448
AMG setup messages level=7 phase=A*P sends=10464 bytes=284160 collective_rank_calls=448
AMG setup messages level=7 phase=R*(A*P) sends=543 bytes=31040 collective_rank_calls=448
AMG setup messages level=0 phase=strength sends=0 bytes=0 collective_rank_calls=448
AMG setup messages level=0 phase=strength-transpose sends=3519 bytes=143879480 collective_rank_calls=448
AMG setup messages level=0 phase=PMIS sends=66692 bytes=420294496 collective_rank_calls=4032
AMG setup messages level=0 phase=numbering sends=0 bytes=0 collective_rank_calls=448
AMG setup messages level=0 phase=interpolation sends=21114 bytes=192080264 collective_rank_calls=448
AMG setup messages level=0 phase=interpolation-transpose sends=7607 bytes=74451424 collective_rank_calls=448
AMG setup messages level=0 phase=A*P sends=11562 bytes=357738496 collective_rank_calls=448
AMG setup messages level=0 phase=R*(A*P) sends=22821 bytes=528478032 collective_rank_calls=448
AMG setup messages level=1 phase=strength sends=0 bytes=0 collective_rank_calls=448
AMG setup messages level=1 phase=strength-transpose sends=8651 bytes=168286256 collective_rank_calls=448
AMG setup messages level=1 phase=PMIS sends=190934 bytes=319942696 collective_rank_calls=4928
AMG setup messages level=1 phase=numbering sends=0 bytes=0 collective_rank_calls=448
AMG setup messages level=1 phase=interpolation sends=51417 bytes=199189176 collective_rank_calls=448
AMG setup messages level=1 phase=interpolation-transpose sends=8358 bytes=59700416 collective_rank_calls=448
AMG setup messages level=1 phase=A*P sends=28614 bytes=349206512 collective_rank_calls=448
AMG setup messages level=1 phase=R*(A*P) sends=25074 bytes=888472032 collective_rank_calls=448
AMG setup messages level=2 phase=strength sends=0 bytes=0 collective_rank_calls=448
AMG setup messages level=2 phase=strength-transpose sends=9579 bytes=73439228 collective_rank_calls=448
AMG setup messages level=2 phase=PMIS sends=212238 bytes=106911384 collective_rank_calls=4928
AMG setup messages level=2 phase=numbering sends=0 bytes=0 collective_rank_calls=448
AMG setup messages level=2 phase=interpolation sends=56718 bytes=77479008 collective_rank_calls=448
AMG setup messages level=2 phase=interpolation-transpose sends=8261 bytes=17769776 collective_rank_calls=448
AMG setup messages level=2 phase=A*P sends=32778 bytes=140741360 collective_rank_calls=448
AMG setup messages level=2 phase=R*(A*P) sends=24783 bytes=404550192 collective_rank_calls=448
AMG setup messages level=3 phase=strength sends=0 bytes=0 collective_rank_calls=448
AMG setup messages level=3 phase=strength-transpose sends=9704 bytes=17501540 collective_rank_calls=448
AMG setup messages level=3 phase=PMIS sends=255132 bytes=32885072 collective_rank_calls=5824
AMG setup messages level=3 phase=numbering sends=0 bytes=0 collective_rank_calls=448
AMG setup messages level=3 phase=interpolation sends=57360 bytes=20344540 collective_rank_calls=448
AMG setup messages level=3 phase=interpolation-transpose sends=7363 bytes=4455040 collective_rank_calls=448
AMG setup messages level=3 phase=A*P sends=33978 bytes=46833488 collective_rank_calls=448
AMG setup messages level=3 phase=R*(A*P) sends=22089 bytes=123108304 collective_rank_calls=448
AMG setup messages level=4 phase=strength sends=0 bytes=0 collective_rank_calls=448
AMG setup messages level=4 phase=strength-transpose sends=9093 bytes=3255420 collective_rank_calls=448
AMG setup messages level=4 phase=PMIS sends=192277 bytes=6624676 collective_rank_calls=4480
AMG setup messages level=4 phase=numbering sends=0 bytes=0 collective_rank_calls=448
AMG setup messages level=4 phase=interpolation sends=52557 bytes=4337404 collective_rank_calls=448
AMG setup messages level=4 phase=interpolation-transpose sends=5530 bytes=1103840 collective_rank_calls=448
AMG setup messages level=4 phase=A*P sends=56616 bytes=18837568 collective_rank_calls=448
AMG setup messages level=4 phase=R*(A*P) sends=16590 bytes=32371840 collective_rank_calls=448
AMG setup messages level=5 phase=strength sends=0 bytes=0 collective_rank_calls=448
AMG setup messages level=5 phase=strength-transpose sends=6288 bytes=601340 collective_rank_calls=448
AMG setup messages level=5 phase=PMIS sends=101584 bytes=1212096 collective_rank_calls=3136
AMG setup messages level=5 phase=numbering sends=0 bytes=0 collective_rank_calls=448
AMG setup messages level=5 phase=interpolation sends=33321 bytes=708112 collective_rank_calls=448
AMG setup messages level=5 phase=interpolation-transpose sends=2350 bytes=260976 collective_rank_calls=448
AMG setup messages level=5 phase=A*P sends=94998 bytes=7940496 collective_rank_calls=448
AMG setup messages level=5 phase=R*(A*P) sends=7050 bytes=6279360 collective_rank_calls=448
AMG setup messages level=6 phase=strength sends=0 bytes=0 collective_rank_calls=448
AMG setup messages level=6 phase=strength-transpose sends=1516 bytes=124856 collective_rank_calls=448
AMG setup messages level=6 phase=PMIS sends=21832 bytes=229936 collective_rank_calls=2240
AMG setup messages level=6 phase=numbering sends=0 bytes=0 collective_rank_calls=448
AMG setup messages level=6 phase=interpolation sends=6954 bytes=127900 collective_rank_calls=448
AMG setup messages level=6 phase=interpolation-transpose sends=939 bytes=92224 collective_rank_calls=448
AMG setup messages level=6 phase=A*P sends=47592 bytes=2317248 collective_rank_calls=448
AMG setup messages level=6 phase=R*(A*P) sends=2817 bytes=1333440 collective_rank_calls=448
AMG setup messages level=7 phase=strength sends=0 bytes=0 collective_rank_calls=448
AMG setup messages level=7 phase=strength-transpose sends=577 bytes=46296 collective_rank_calls=448
AMG setup messages level=7 phase=PMIS sends=3571 bytes=47984 collective_rank_calls=896
AMG setup messages level=7 phase=numbering sends=0 bytes=0 collective_rank_calls=448
AMG setup messages level=7 phase=interpolation sends=2598 bytes=24124 collective_rank_calls=448
AMG setup messages level=7 phase=interpolation-transpose sends=330 bytes=26992 collective_rank_calls=448
AMG setup messages level=7 phase=A*P sends=16128 bytes=532768 collective_rank_calls=448
AMG setup messages level=7 phase=R*(A*P) sends=990 bytes=95952 collective_rank_calls=448
AMG setup messages level=0 phase=strength sends=0 bytes=0 collective_rank_calls=448
AMG setup messages level=0 phase=strength-transpose sends=3519 bytes=143859936 collective_rank_calls=448
AMG setup messages level=0 phase=PMIS sends=66692 bytes=420245280 collective_rank_calls=4032
AMG setup messages level=0 phase=numbering sends=0 bytes=0 collective_rank_calls=448
AMG setup messages level=0 phase=interpolation sends=21114 bytes=192098096 collective_rank_calls=448
AMG setup messages level=0 phase=interpolation-transpose sends=7574 bytes=74445952 collective_rank_calls=448
AMG setup messages level=0 phase=A*P sends=11562 bytes=357731232 collective_rank_calls=448
AMG setup messages level=0 phase=R*(A*P) sends=22722 bytes=528535920 collective_rank_calls=448
AMG setup messages level=1 phase=strength sends=0 bytes=0 collective_rank_calls=448
AMG setup messages level=1 phase=strength-transpose sends=8654 bytes=168251864 collective_rank_calls=448
AMG setup messages level=1 phase=PMIS sends=191084 bytes=320019384 collective_rank_calls=4928
AMG setup messages level=1 phase=numbering sends=0 bytes=0 collective_rank_calls=448
AMG setup messages level=1 phase=interpolation sends=51426 bytes=199198192 collective_rank_calls=448
AMG setup messages level=1 phase=interpolation-transpose sends=8380 bytes=59661408 collective_rank_calls=448
AMG setup messages level=1 phase=A*P sends=28764 bytes=349298272 collective_rank_calls=448
AMG setup messages level=1 phase=R*(A*P) sends=25140 bytes=888276368 collective_rank_calls=448
AMG setup messages level=2 phase=strength sends=0 bytes=0 collective_rank_calls=448
AMG setup messages level=2 phase=strength-transpose sends=9630 bytes=73395628 collective_rank_calls=448
AMG setup messages level=2 phase=PMIS sends=232888 bytes=115781804 collective_rank_calls=5376
AMG setup messages level=2 phase=numbering sends=0 bytes=0 collective_rank_calls=448
AMG setup messages level=2 phase=interpolation sends=57048 bytes=77478320 collective_rank_calls=448
AMG setup messages level=2 phase=interpolation-transpose sends=8233 bytes=17785744 collective_rank_calls=448
AMG setup messages level=2 phase=A*P sends=32796 bytes=140816192 collective_rank_calls=448
AMG setup messages level=2 phase=R*(A*P) sends=24699 bytes=406101728 collective_rank_calls=448
AMG setup messages level=3 phase=strength sends=0 bytes=0 collective_rank_calls=448
AMG setup messages level=3 phase=strength-transpose sends=9702 bytes=17519888 collective_rank_calls=448
AMG setup messages level=3 phase=PMIS sends=255080 bytes=32967584 collective_rank_calls=5824
AMG setup messages level=3 phase=numbering sends=0 bytes=0 collective_rank_calls=448
AMG setup messages level=3 phase=interpolation sends=57255 bytes=20395448 collective_rank_calls=448
AMG setup messages level=3 phase=interpolation-transpose sends=7374 bytes=4448272 collective_rank_calls=448
AMG setup messages level=3 phase=A*P sends=33834 bytes=46973024 collective_rank_calls=448
AMG setup messages level=3 phase=R*(A*P) sends=22122 bytes=123249856 collective_rank_calls=448
AMG setup messages level=4 phase=strength sends=0 bytes=0 collective_rank_calls=448
AMG setup messages level=4 phase=strength-transpose sends=9105 bytes=3275924 collective_rank_calls=448
AMG setup messages level=4 phase=PMIS sends=191747 bytes=6636368 collective_rank_calls=4480
AMG setup messages level=4 phase=numbering sends=0 bytes=0 collective_rank_calls=448
AMG setup messages level=4 phase=interpolation sends=52860 bytes=4398600 collective_rank_calls=448
AMG setup messages level=4 phase=interpolation-transpose sends=5508 bytes=1100560 collective_rank_calls=448
AMG setup messages level=4 phase=A*P sends=56310 bytes=18921840 collective_rank_calls=448
AMG setup messages level=4 phase=R*(A*P) sends=16524 bytes=32271440 collective_rank_calls=448
AMG setup messages level=5 phase=strength sends=0 bytes=0 collective_rank_calls=448
AMG setup messages level=5 phase=strength-transpose sends=6393 bytes=625688 collective_rank_calls=448
AMG setup messages level=5 phase=PMIS sends=88063 bytes=1112860 collective_rank_calls=2688
AMG setup messages level=5 phase=numbering sends=0 bytes=0 collective_rank_calls=448
AMG setup messages level=5 phase=interpolation sends=34437 bytes=729272 collective_rank_calls=448
AMG setup messages level=5 phase=interpolation-transpose sends=2535 bytes=265296 collective_rank_calls=448
AMG setup messages level=5 phase=A*P sends=95508 bytes=8086320 collective_rank_calls=448
AMG setup messages level=5 phase=R*(A*P) sends=7605 bytes=6625232 collective_rank_calls=448
AMG setup messages level=6 phase=strength sends=0 bytes=0 collective_rank_calls=448
AMG setup messages level=6 phase=strength-transpose sends=1655 bytes=134936 collective_rank_calls=448
AMG setup messages level=6 phase=PMIS sends=19575 bytes=223220 collective_rank_calls=1792
AMG setup messages level=6 phase=numbering sends=0 bytes=0 collective_rank_calls=448
AMG setup messages level=6 phase=interpolation sends=7686 bytes=88760 collective_rank_calls=448
AMG setup messages level=6 phase=interpolation-transpose sends=801 bytes=74704 collective_rank_calls=448
AMG setup messages level=6 phase=A*P sends=47502 bytes=2104368 collective_rank_calls=448
AMG setup messages level=6 phase=R*(A*P) sends=2403 bytes=1060736 collective_rank_calls=448
AMG setup messages level=7 phase=strength sends=0 bytes=0 collective_rank_calls=448
AMG setup messages level=7 phase=strength-transpose sends=385 bytes=33764 collective_rank_calls=448
AMG setup messages level=7 phase=PMIS sends=2671 bytes=44444 collective_rank_calls=896
AMG setup messages level=7 phase=numbering sends=0 bytes=0 collective_rank_calls=448
AMG setup messages level=7 phase=interpolation sends=1800 bytes=14892 collective_rank_calls=448
AMG setup messages level=7 phase=interpolation-transpose sends=170 bytes=17616 collective_rank_calls=448
AMG setup messages level=7 phase=A*P sends=10062 bytes=315424 collective_rank_calls=448
AMG setup messages level=7 phase=R*(A*P) sends=510 bytes=35936 collective_rank_calls=448
The cloud-layer FLD system Newton 0: residual=11.81666507, GMRES rtol=0.5
AMG setup messages level=0 phase=strength sends=0 bytes=0 collective_rank_calls=448
AMG setup messages level=0 phase=strength-transpose sends=3519 bytes=143845292 collective_rank_calls=448
AMG setup messages level=0 phase=PMIS sends=74065 bytes=461788692 collective_rank_calls=4480
AMG setup messages level=0 phase=numbering sends=0 bytes=0 collective_rank_calls=448
AMG setup messages level=0 phase=interpolation sends=21114 bytes=192108772 collective_rank_calls=448
AMG setup messages level=0 phase=interpolation-transpose sends=7596 bytes=74398896 collective_rank_calls=448
AMG setup messages level=0 phase=A*P sends=11562 bytes=357711456 collective_rank_calls=448
AMG setup messages level=0 phase=R*(A*P) sends=22788 bytes=528198048 collective_rank_calls=448
AMG setup messages level=1 phase=strength sends=0 bytes=0 collective_rank_calls=448
AMG setup messages level=1 phase=strength-transpose sends=8653 bytes=168253832 collective_rank_calls=448
AMG setup messages level=1 phase=PMIS sends=225776 bytes=372878912 collective_rank_calls=5824
AMG setup messages level=1 phase=numbering sends=0 bytes=0 collective_rank_calls=448
AMG setup messages level=1 phase=interpolation sends=51459 bytes=199264944 collective_rank_calls=448
AMG setup messages level=1 phase=interpolation-transpose sends=8362 bytes=59587072 collective_rank_calls=448
AMG setup messages level=1 phase=A*P sends=28746 bytes=349267808 collective_rank_calls=448
AMG setup messages level=1 phase=R*(A*P) sends=25086 bytes=887881408 collective_rank_calls=448
AMG setup messages level=2 phase=strength sends=0 bytes=0 collective_rank_calls=448
AMG setup messages level=2 phase=strength-transpose sends=9615 bytes=73432432 collective_rank_calls=448
AMG setup messages level=2 phase=PMIS sends=213054 bytes=107038704 collective_rank_calls=4928
AMG setup messages level=2 phase=numbering sends=0 bytes=0 collective_rank_calls=448
AMG setup messages level=2 phase=interpolation sends=56880 bytes=77555696 collective_rank_calls=448
AMG setup messages level=2 phase=interpolation-transpose sends=8268 bytes=17788320 collective_rank_calls=448
AMG setup messages level=2 phase=A*P sends=32724 bytes=141001808 collective_rank_calls=448
AMG setup messages level=2 phase=R*(A*P) sends=24804 bytes=405339072 collective_rank_calls=448
AMG setup messages level=3 phase=strength sends=0 bytes=0 collective_rank_calls=448
AMG setup messages level=3 phase=strength-transpose sends=9691 bytes=17544336 collective_rank_calls=448
AMG setup messages level=3 phase=PMIS sends=235223 bytes=30582472 collective_rank_calls=5376
AMG setup messages level=3 phase=numbering sends=0 bytes=0 collective_rank_calls=448
AMG setup messages level=3 phase=interpolation sends=57291 bytes=20479636 collective_rank_calls=448
AMG setup messages level=3 phase=interpolation-transpose sends=7344 bytes=4410384 collective_rank_calls=448
AMG setup messages level=3 phase=A*P sends=33900 bytes=46965616 collective_rank_calls=448
AMG setup messages level=3 phase=R*(A*P) sends=22032 bytes=122444528 collective_rank_calls=448
AMG setup messages level=4 phase=strength sends=0 bytes=0 collective_rank_calls=448
AMG setup messages level=4 phase=strength-transpose sends=9105 bytes=3330564 collective_rank_calls=448
AMG setup messages level=4 phase=PMIS sends=172380 bytes=6075696 collective_rank_calls=4032
AMG setup messages level=4 phase=numbering sends=0 bytes=0 collective_rank_calls=448
AMG setup messages level=4 phase=interpolation sends=52941 bytes=4417060 collective_rank_calls=448
AMG setup messages level=4 phase=interpolation-transpose sends=5354 bytes=1115136 collective_rank_calls=448
AMG setup messages level=4 phase=A*P sends=55800 bytes=19127056 collective_rank_calls=448
AMG setup messages level=4 phase=R*(A*P) sends=16062 bytes=32156960 collective_rank_calls=448
AMG setup messages level=5 phase=strength sends=0 bytes=0 collective_rank_calls=448
AMG setup messages level=5 phase=strength-transpose sends=6198 bytes=622004 collective_rank_calls=448
AMG setup messages level=5 phase=PMIS sends=113820 bytes=1396004 collective_rank_calls=3584
AMG setup messages level=5 phase=numbering sends=0 bytes=0 collective_rank_calls=448
AMG setup messages level=5 phase=interpolation sends=33687 bytes=738076 collective_rank_calls=448
AMG setup messages level=5 phase=interpolation-transpose sends=2385 bytes=265760 collective_rank_calls=448
AMG setup messages level=5 phase=A*P sends=90420 bytes=7910464 collective_rank_calls=448
AMG setup messages level=5 phase=R*(A*P) sends=7155 bytes=6176560 collective_rank_calls=448
AMG setup messages level=6 phase=strength sends=0 bytes=0 collective_rank_calls=448
AMG setup messages level=6 phase=strength-transpose sends=1620 bytes=137420 collective_rank_calls=448
AMG setup messages level=6 phase=PMIS sends=18720 bytes=211984 collective_rank_calls=1792
AMG setup messages level=6 phase=numbering sends=0 bytes=0 collective_rank_calls=448
AMG setup messages level=6 phase=interpolation sends=7833 bytes=117976 collective_rank_calls=448
AMG setup messages level=6 phase=interpolation-transpose sends=1015 bytes=89968 collective_rank_calls=448
AMG setup messages level=6 phase=A*P sends=47190 bytes=2268368 collective_rank_calls=448
AMG setup messages level=6 phase=R*(A*P) sends=3045 bytes=1531456 collective_rank_calls=448
AMG setup messages level=7 phase=strength sends=0 bytes=0 collective_rank_calls=448
AMG setup messages level=7 phase=strength-transpose sends=358 bytes=29180 collective_rank_calls=448
AMG setup messages level=7 phase=PMIS sends=2362 bytes=37084 collective_rank_calls=896
AMG setup messages level=7 phase=numbering sends=0 bytes=0 collective_rank_calls=448
AMG setup messages level=7 phase=interpolation sends=1614 bytes=13012 collective_rank_calls=448
AMG setup messages level=7 phase=interpolation-transpose sends=168 bytes=17968 collective_rank_calls=448
AMG setup messages level=7 phase=A*P sends=13866 bytes=431568 collective_rank_calls=448
AMG setup messages level=7 phase=R*(A*P) sends=504 bytes=36704 collective_rank_calls=448
GMRES: iter = 0, residual = 5.588305829, 1 (rel.)
GMRES: iter = 1, residual = 4.484136378, 0.8024142764 (rel.)
GMRES: iter = 2, residual = 3.480770064, 0.6228667812 (rel.)
GMRES: iter = 3, residual = 3.190013332, 0.5708372858 (rel.)
GMRES: iter = 4, residual = 2.991053305, 0.535234362 (rel.)
GMRES: iter = 5, residual = 2.689347723, 0.4812456235 (rel.)
GMRES: Solve Time = 1.647152058
The cloud-layer FLD system Newton 1: residual=4.17806109, GMRES rtol=0.503073858
AMG setup messages level=0 phase=strength sends=0 bytes=0 collective_rank_calls=448
AMG setup messages level=0 phase=strength-transpose sends=3519 bytes=143825664 collective_rank_calls=448
AMG setup messages level=0 phase=PMIS sends=66692 bytes=420168384 collective_rank_calls=4032
AMG setup messages level=0 phase=numbering sends=0 bytes=0 collective_rank_calls=448
AMG setup messages level=0 phase=interpolation sends=21114 bytes=192123728 collective_rank_calls=448
AMG setup messages level=0 phase=interpolation-transpose sends=7612 bytes=74443616 collective_rank_calls=448
AMG setup messages level=0 phase=A*P sends=11562 bytes=357728000 collective_rank_calls=448
AMG setup messages level=0 phase=R*(A*P) sends=22836 bytes=528534560 collective_rank_calls=448
AMG setup messages level=1 phase=strength sends=0 bytes=0 collective_rank_calls=448
AMG setup messages level=1 phase=strength-transpose sends=8666 bytes=168073724 collective_rank_calls=448
AMG setup messages level=1 phase=PMIS sends=191300 bytes=319882480 collective_rank_calls=4928
AMG setup messages level=1 phase=numbering sends=0 bytes=0 collective_rank_calls=448
AMG setup messages level=1 phase=interpolation sends=51507 bytes=199165848 collective_rank_calls=448
AMG setup messages level=1 phase=interpolation-transpose sends=8360 bytes=59573008 collective_rank_calls=448
AMG setup messages level=1 phase=A*P sends=28824 bytes=349253952 collective_rank_calls=448
AMG setup messages level=1 phase=R*(A*P) sends=25080 bytes=887465392 collective_rank_calls=448
AMG setup messages level=2 phase=strength sends=0 bytes=0 collective_rank_calls=448
AMG setup messages level=2 phase=strength-transpose sends=9624 bytes=73364444 collective_rank_calls=448
AMG setup messages level=2 phase=PMIS sends=232718 bytes=115912828 collective_rank_calls=5376
AMG setup messages level=2 phase=numbering sends=0 bytes=0 collective_rank_calls=448
AMG setup messages level=2 phase=interpolation sends=56943 bytes=77647460 collective_rank_calls=448
AMG setup messages level=2 phase=interpolation-transpose sends=8262 bytes=17731984 collective_rank_calls=448
AMG setup messages level=2 phase=A*P sends=32718 bytes=141110560 collective_rank_calls=448
AMG setup messages level=2 phase=R*(A*P) sends=24786 bytes=406334688 collective_rank_calls=448
AMG setup messages level=3 phase=strength sends=0 bytes=0 collective_rank_calls=448
AMG setup messages level=3 phase=strength-transpose sends=9670 bytes=17632848 collective_rank_calls=448
AMG setup messages level=3 phase=PMIS sends=293524 bytes=37609408 collective_rank_calls=6720
AMG setup messages level=3 phase=numbering sends=0 bytes=0 collective_rank_calls=448
AMG setup messages level=3 phase=interpolation sends=57222 bytes=20383180 collective_rank_calls=448
AMG setup messages level=3 phase=interpolation-transpose sends=7367 bytes=4400752 collective_rank_calls=448
AMG setup messages level=3 phase=A*P sends=33852 bytes=47366176 collective_rank_calls=448
AMG setup messages level=3 phase=R*(A*P) sends=22101 bytes=121840800 collective_rank_calls=448
AMG setup messages level=4 phase=strength sends=0 bytes=0 collective_rank_calls=448
AMG setup messages level=4 phase=strength-transpose sends=9228 bytes=3360560 collective_rank_calls=448
AMG setup messages level=4 phase=PMIS sends=194548 bytes=6679952 collective_rank_calls=4480
AMG setup messages level=4 phase=numbering sends=0 bytes=0 collective_rank_calls=448
AMG setup messages level=4 phase=interpolation sends=53682 bytes=4460240 collective_rank_calls=448
AMG setup messages level=4 phase=interpolation-transpose sends=5475 bytes=1121568 collective_rank_calls=448
AMG setup messages level=4 phase=A*P sends=55662 bytes=18979920 collective_rank_calls=448
AMG setup messages level=4 phase=R*(A*P) sends=16425 bytes=32098320 collective_rank_calls=448
AMG setup messages level=5 phase=strength sends=0 bytes=0 collective_rank_calls=448
AMG setup messages level=5 phase=strength-transpose sends=6643 bytes=650856 collective_rank_calls=448
AMG setup messages level=5 phase=PMIS sends=120949 bytes=1456380 collective_rank_calls=3584
AMG setup messages level=5 phase=numbering sends=0 bytes=0 collective_rank_calls=448
AMG setup messages level=5 phase=interpolation sends=35829 bytes=788476 collective_rank_calls=448
AMG setup messages level=5 phase=interpolation-transpose sends=2575 bytes=279120 collective_rank_calls=448
AMG setup messages level=5 phase=A*P sends=93996 bytes=8076336 collective_rank_calls=448
AMG setup messages level=5 phase=R*(A*P) sends=7725 bytes=6759376 collective_rank_calls=448
AMG setup messages level=6 phase=strength sends=0 bytes=0 collective_rank_calls=448
AMG setup messages level=6 phase=strength-transpose sends=1826 bytes=149120 collective_rank_calls=448
AMG setup messages level=6 phase=PMIS sends=21208 bytes=237516 collective_rank_calls=1792
AMG setup messages level=6 phase=numbering sends=0 bytes=0 collective_rank_calls=448
AMG setup messages level=6 phase=interpolation sends=8382 bytes=106912 collective_rank_calls=448
AMG setup messages level=6 phase=interpolation-transpose sends=709 bytes=76656 collective_rank_calls=448
AMG setup messages level=6 phase=A*P sends=51924 bytes=2265856 collective_rank_calls=448
AMG setup messages level=6 phase=R*(A*P) sends=2127 bytes=999616 collective_rank_calls=448
AMG setup messages level=7 phase=strength sends=0 bytes=0 collective_rank_calls=448
AMG setup messages level=7 phase=strength-transpose sends=431 bytes=48684 collective_rank_calls=448
AMG setup messages level=7 phase=PMIS sends=2987 bytes=52644 collective_rank_calls=896
AMG setup messages level=7 phase=numbering sends=0 bytes=0 collective_rank_calls=448
AMG setup messages level=7 phase=interpolation sends=1992 bytes=24168 collective_rank_calls=448
AMG setup messages level=7 phase=interpolation-transpose sends=200 bytes=29248 collective_rank_calls=448
AMG setup messages level=7 phase=A*P sends=10374 bytes=398560 collective_rank_calls=448
AMG setup messages level=7 phase=R*(A*P) sends=600 bytes=55696 collective_rank_calls=448
GMRES: iter = 0, residual = 4.175615518, 1 (rel.)
GMRES: iter = 1, residual = 3.279865549, 0.7854807358 (rel.)
GMRES: iter = 2, residual = 2.681526444, 0.6421871057 (rel.)
GMRES: iter = 3, residual = 2.461421677, 0.5894751723 (rel.)
GMRES: iter = 4, residual = 2.32033996, 0.5556881255 (rel.)
GMRES: iter = 5, residual = 2.076488884, 0.497289292 (rel.)
GMRES: Solve Time = 1.665530733
The cloud-layer FLD system Newton 2: residual=3.328435637, GMRES rtol=0.5718496114
AMG setup messages level=0 phase=strength sends=0 bytes=0 collective_rank_calls=448
AMG setup messages level=0 phase=strength-transpose sends=3519 bytes=143809676 collective_rank_calls=448
AMG setup messages level=0 phase=PMIS sends=66692 bytes=420136480 collective_rank_calls=4032
AMG setup messages level=0 phase=numbering sends=0 bytes=0 collective_rank_calls=448
AMG setup messages level=0 phase=interpolation sends=21114 bytes=192065092 collective_rank_calls=448
AMG setup messages level=0 phase=interpolation-transpose sends=7609 bytes=74384928 collective_rank_calls=448
AMG setup messages level=0 phase=A*P sends=11562 bytes=357701040 collective_rank_calls=448
AMG setup messages level=0 phase=R*(A*P) sends=22827 bytes=528038608 collective_rank_calls=448
AMG setup messages level=1 phase=strength sends=0 bytes=0 collective_rank_calls=448
AMG setup messages level=1 phase=strength-transpose sends=8668 bytes=167990376 collective_rank_calls=448
AMG setup messages level=1 phase=PMIS sends=191440 bytes=319879816 collective_rank_calls=4928
AMG setup messages level=1 phase=numbering sends=0 bytes=0 collective_rank_calls=448
AMG setup messages level=1 phase=interpolation sends=51480 bytes=199210164 collective_rank_calls=448
AMG setup messages level=1 phase=interpolation-transpose sends=8344 bytes=59563744 collective_rank_calls=448
AMG setup messages level=1 phase=A*P sends=28794 bytes=349109072 collective_rank_calls=448
AMG setup messages level=1 phase=R*(A*P) sends=25032 bytes=888228736 collective_rank_calls=448
AMG setup messages level=2 phase=strength sends=0 bytes=0 collective_rank_calls=448
AMG setup messages level=2 phase=strength-transpose sends=9609 bytes=73336300 collective_rank_calls=448
AMG setup messages level=2 phase=PMIS sends=251472 bytes=124892784 collective_rank_calls=5824
AMG setup messages level=2 phase=numbering sends=0 bytes=0 collective_rank_calls=448
AMG setup messages level=2 phase=interpolation sends=56934 bytes=77724116 collective_rank_calls=448
AMG setup messages level=2 phase=interpolation-transpose sends=8233 bytes=17723488 collective_rank_calls=448
AMG setup messages level=2 phase=A*P sends=32778 bytes=141457776 collective_rank_calls=448
AMG setup messages level=2 phase=R*(A*P) sends=24699 bytes=404965664 collective_rank_calls=448
AMG setup messages level=3 phase=strength sends=0 bytes=0 collective_rank_calls=448
AMG setup messages level=3 phase=strength-transpose sends=9553 bytes=17618708 collective_rank_calls=448
AMG setup messages level=3 phase=PMIS sends=212770 bytes=28119808 collective_rank_calls=4928
AMG setup messages level=3 phase=numbering sends=0 bytes=0 collective_rank_calls=448
AMG setup messages level=3 phase=interpolation sends=56478 bytes=20224812 collective_rank_calls=448
AMG setup messages level=3 phase=interpolation-transpose sends=7284 bytes=4373856 collective_rank_calls=448
AMG setup messages level=3 phase=A*P sends=33894 bytes=47325856 collective_rank_calls=448
AMG setup messages level=3 phase=R*(A*P) sends=21852 bytes=120564784 collective_rank_calls=448
AMG setup messages level=4 phase=strength sends=0 bytes=0 collective_rank_calls=448
AMG setup messages level=4 phase=strength-transpose sends=9150 bytes=3388204 collective_rank_calls=448
AMG setup messages level=4 phase=PMIS sends=192218 bytes=6704956 collective_rank_calls=4480
AMG setup messages level=4 phase=numbering sends=0 bytes=0 collective_rank_calls=448
AMG setup messages level=4 phase=interpolation sends=53172 bytes=4504416 collective_rank_calls=448
AMG setup messages level=4 phase=interpolation-transpose sends=5454 bytes=1128560 collective_rank_calls=448
AMG setup messages level=4 phase=A*P sends=55656 bytes=18930736 collective_rank_calls=448
AMG setup messages level=4 phase=R*(A*P) sends=16362 bytes=31686992 collective_rank_calls=448
AMG setup messages level=5 phase=strength sends=0 bytes=0 collective_rank_calls=448
AMG setup messages level=5 phase=strength-transpose sends=6578 bytes=661200 collective_rank_calls=448
AMG setup messages level=5 phase=PMIS sends=120152 bytes=1483552 collective_rank_calls=3584
AMG setup messages level=5 phase=numbering sends=0 bytes=0 collective_rank_calls=448
AMG setup messages level=5 phase=interpolation sends=35562 bytes=780228 collective_rank_calls=448
AMG setup messages level=5 phase=interpolation-transpose sends=2621 bytes=291680 collective_rank_calls=448
AMG setup messages level=5 phase=A*P sends=94362 bytes=8259152 collective_rank_calls=448
AMG setup messages level=5 phase=R*(A*P) sends=7863 bytes=6859456 collective_rank_calls=448
AMG setup messages level=6 phase=strength sends=0 bytes=0 collective_rank_calls=448
AMG setup messages level=6 phase=strength-transpose sends=1728 bytes=132744 collective_rank_calls=448
AMG setup messages level=6 phase=PMIS sends=20054 bytes=216420 collective_rank_calls=1792
AMG setup messages level=6 phase=numbering sends=0 bytes=0 collective_rank_calls=448
AMG setup messages level=6 phase=interpolation sends=8181 bytes=99872 collective_rank_calls=448
AMG setup messages level=6 phase=interpolation-transpose sends=905 bytes=80736 collective_rank_calls=448
AMG setup messages level=6 phase=A*P sends=46512 bytes=2136704 collective_rank_calls=448
AMG setup messages level=6 phase=R*(A*P) sends=2715 bytes=1074976 collective_rank_calls=448
AMG setup messages level=7 phase=strength sends=0 bytes=0 collective_rank_calls=448
AMG setup messages level=7 phase=strength-transpose sends=487 bytes=39344 collective_rank_calls=448
AMG setup messages level=7 phase=PMIS sends=3361 bytes=50988 collective_rank_calls=896
AMG setup messages level=7 phase=numbering sends=0 bytes=0 collective_rank_calls=448
AMG setup messages level=7 phase=interpolation sends=2400 bytes=19756 collective_rank_calls=448
AMG setup messages level=7 phase=interpolation-transpose sends=178 bytes=17104 collective_rank_calls=448
AMG setup messages level=7 phase=A*P sends=8982 bytes=261776 collective_rank_calls=448
AMG setup messages level=7 phase=R*(A*P) sends=534 bytes=33776 collective_rank_calls=448
GMRES: iter = 0, residual = 3.328391703, 1 (rel.)
GMRES: iter = 1, residual = 2.613122993, 0.7851008011 (rel.)
GMRES: iter = 2, residual = 2.209096743, 0.6637129702 (rel.)
GMRES: iter = 3, residual = 2.040961149, 0.6131974031 (rel.)
GMRES: iter = 4, residual = 1.904609592, 0.572231204 (rel.)
GMRES: iter = 5, residual = 1.692782656, 0.508588774 (rel.)
GMRES: Solve Time = 1.650046436
The cloud-layer FLD system Newton 3: residual=2.706593139, GMRES rtol=0.5951406311
AMG setup messages level=0 phase=strength sends=0 bytes=0 collective_rank_calls=448
AMG setup messages level=0 phase=strength-transpose sends=3519 bytes=143798980 collective_rank_calls=448
AMG setup messages level=0 phase=PMIS sends=81438 bytes=503255080 collective_rank_calls=4928
AMG setup messages level=0 phase=numbering sends=0 bytes=0 collective_rank_calls=448
AMG setup messages level=0 phase=interpolation sends=21114 bytes=192029436 collective_rank_calls=448
AMG setup messages level=0 phase=interpolation-transpose sends=7596 bytes=74410352 collective_rank_calls=448
AMG setup messages level=0 phase=A*P sends=11562 bytes=357675216 collective_rank_calls=448
AMG setup messages level=0 phase=R*(A*P) sends=22788 bytes=527890432 collective_rank_calls=448
AMG setup messages level=1 phase=strength sends=0 bytes=0 collective_rank_calls=448
AMG setup messages level=1 phase=strength-transpose sends=8694 bytes=167959516 collective_rank_calls=448
AMG setup messages level=1 phase=PMIS sends=209332 bytes=346473164 collective_rank_calls=5376
AMG setup messages level=1 phase=numbering sends=0 bytes=0 collective_rank_calls=448
AMG setup messages level=1 phase=interpolation sends=51642 bytes=199217164 collective_rank_calls=448
AMG setup messages level=1 phase=interpolation-transpose sends=8364 bytes=59557600 collective_rank_calls=448
AMG setup messages level=1 phase=A*P sends=28710 bytes=349274272 collective_rank_calls=448
AMG setup messages level=1 phase=R*(A*P) sends=25092 bytes=887516112 collective_rank_calls=448
AMG setup messages level=2 phase=strength sends=0 bytes=0 collective_rank_calls=448
AMG setup messages level=2 phase=strength-transpose sends=9595 bytes=73195064 collective_rank_calls=448
AMG setup messages level=2 phase=PMIS sends=231853 bytes=115900448 collective_rank_calls=5376
AMG setup messages level=2 phase=numbering sends=0 bytes=0 collective_rank_calls=448
AMG setup messages level=2 phase=interpolation sends=56766 bytes=77586172 collective_rank_calls=448
AMG setup messages level=2 phase=interpolation-transpose sends=8236 bytes=17662288 collective_rank_calls=448
AMG setup messages level=2 phase=A*P sends=32748 bytes=141552160 collective_rank_calls=448
AMG setup messages level=2 phase=R*(A*P) sends=24708 bytes=404832464 collective_rank_calls=448
AMG setup messages level=3 phase=strength sends=0 bytes=0 collective_rank_calls=448
AMG setup messages level=3 phase=strength-transpose sends=9581 bytes=17634484 collective_rank_calls=448
AMG setup messages level=3 phase=PMIS sends=232869 bytes=30370372 collective_rank_calls=5376
AMG setup messages level=3 phase=numbering sends=0 bytes=0 collective_rank_calls=448
AMG setup messages level=3 phase=interpolation sends=56694 bytes=20164592 collective_rank_calls=448
AMG setup messages level=3 phase=interpolation-transpose sends=7251 bytes=4392240 collective_rank_calls=448
AMG setup messages level=3 phase=A*P sends=33948 bytes=47549920 collective_rank_calls=448
AMG setup messages level=3 phase=R*(A*P) sends=21753 bytes=120218160 collective_rank_calls=448
AMG setup messages level=4 phase=strength sends=0 bytes=0 collective_rank_calls=448
AMG setup messages level=4 phase=strength-transpose sends=9205 bytes=3416928 collective_rank_calls=448
AMG setup messages level=4 phase=PMIS sends=174640 bytes=6138352 collective_rank_calls=4032
AMG setup messages level=4 phase=numbering sends=0 bytes=0 collective_rank_calls=448
AMG setup messages level=4 phase=interpolation sends=53526 bytes=4519784 collective_rank_calls=448
AMG setup messages level=4 phase=interpolation-transpose sends=5452 bytes=1123328 collective_rank_calls=448
AMG setup messages level=4 phase=A*P sends=55494 bytes=18829008 collective_rank_calls=448
AMG setup messages level=4 phase=R*(A*P) sends=16356 bytes=31611472 collective_rank_calls=448
AMG setup messages level=5 phase=strength sends=0 bytes=0 collective_rank_calls=448
AMG setup messages level=5 phase=strength-transpose sends=6646 bytes=653612 collective_rank_calls=448
AMG setup messages level=5 phase=PMIS sends=121618 bytes=1469592 collective_rank_calls=3584
AMG setup messages level=5 phase=numbering sends=0 bytes=0 collective_rank_calls=448
AMG setup messages level=5 phase=interpolation sends=35961 bytes=761960 collective_rank_calls=448
AMG setup messages level=5 phase=interpolation-transpose sends=2426 bytes=280368 collective_rank_calls=448
AMG setup messages level=5 phase=A*P sends=95832 bytes=8151888 collective_rank_calls=448
AMG setup messages level=5 phase=R*(A*P) sends=7278 bytes=6268784 collective_rank_calls=448
AMG setup messages level=6 phase=strength sends=0 bytes=0 collective_rank_calls=448
AMG setup messages level=6 phase=strength-transpose sends=1614 bytes=139344 collective_rank_calls=448
AMG setup messages level=6 phase=PMIS sends=22716 bytes=250368 collective_rank_calls=2240
AMG setup messages level=6 phase=numbering sends=0 bytes=0 collective_rank_calls=448
AMG setup messages level=6 phase=interpolation sends=7539 bytes=105912 collective_rank_calls=448
AMG setup messages level=6 phase=interpolation-transpose sends=937 bytes=87584 collective_rank_calls=448
AMG setup messages level=6 phase=A*P sends=45156 bytes=2189568 collective_rank_calls=448
AMG setup messages level=6 phase=R*(A*P) sends=2811 bytes=1371664 collective_rank_calls=448
AMG setup messages level=7 phase=strength sends=0 bytes=0 collective_rank_calls=448
AMG setup messages level=7 phase=strength-transpose sends=461 bytes=36856 collective_rank_calls=448
AMG setup messages level=7 phase=PMIS sends=3155 bytes=47484 collective_rank_calls=896
AMG setup messages level=7 phase=numbering sends=0 bytes=0 collective_rank_calls=448
AMG setup messages level=7 phase=interpolation sends=2166 bytes=17572 collective_rank_calls=448
AMG setup messages level=7 phase=interpolation-transpose sends=200 bytes=19760 collective_rank_calls=448
AMG setup messages level=7 phase=A*P sends=13596 bytes=390416 collective_rank_calls=448
AMG setup messages level=7 phase=R*(A*P) sends=600 bytes=39152 collective_rank_calls=448
GMRES: iter = 0, residual = 2.707212174, 1 (rel.)
GMRES: iter = 1, residual = 2.14941, 0.7939569793 (rel.)
GMRES: iter = 2, residual = 1.859099543, 0.6867210338 (rel.)
GMRES: iter = 3, residual = 1.716307397, 0.633975945 (rel.)
GMRES: iter = 4, residual = 1.578376016, 0.5830263438 (rel.)
GMRES: Solve Time = 1.35061051
The cloud-layer FLD system Newton 4: residual=2.368939782, GMRES rtol=0.689137627
AMG setup messages level=0 phase=strength sends=0 bytes=0 collective_rank_calls=448
AMG setup messages level=0 phase=strength-transpose sends=3519 bytes=143778176 collective_rank_calls=448
AMG setup messages level=0 phase=PMIS sends=74065 bytes=461633968 collective_rank_calls=4480
AMG setup messages level=0 phase=numbering sends=0 bytes=0 collective_rank_calls=448
AMG setup messages level=0 phase=interpolation sends=21114 bytes=192105536 collective_rank_calls=448
AMG setup messages level=0 phase=interpolation-transpose sends=7581 bytes=74454816 collective_rank_calls=448
AMG setup messages level=0 phase=A*P sends=11562 bytes=357703760 collective_rank_calls=448
AMG setup messages level=0 phase=R*(A*P) sends=22743 bytes=528233712 collective_rank_calls=448
AMG setup messages level=1 phase=strength sends=0 bytes=0 collective_rank_calls=448
AMG setup messages level=1 phase=strength-transpose sends=8645 bytes=167653796 collective_rank_calls=448
AMG setup messages level=1 phase=PMIS sends=208377 bytes=346209432 collective_rank_calls=5376
AMG setup messages level=1 phase=numbering sends=0 bytes=0 collective_rank_calls=448
AMG setup messages level=1 phase=interpolation sends=51444 bytes=198971360 collective_rank_calls=448
AMG setup messages level=1 phase=interpolation-transpose sends=8365 bytes=59534976 collective_rank_calls=448
AMG setup messages level=1 phase=A*P sends=28800 bytes=349065120 collective_rank_calls=448
AMG setup messages level=1 phase=R*(A*P) sends=25095 bytes=887835536 collective_rank_calls=448
AMG setup messages level=2 phase=strength sends=0 bytes=0 collective_rank_calls=448
AMG setup messages level=2 phase=strength-transpose sends=9568 bytes=73069640 collective_rank_calls=448
AMG setup messages level=2 phase=PMIS sends=231530 bytes=115994840 collective_rank_calls=5376
AMG setup messages level=2 phase=numbering sends=0 bytes=0 collective_rank_calls=448
AMG setup messages level=2 phase=interpolation sends=56706 bytes=77427028 collective_rank_calls=448
AMG setup messages level=2 phase=interpolation-transpose sends=8216 bytes=17671664 collective_rank_calls=448
AMG setup messages level=2 phase=A*P sends=32772 bytes=142097024 collective_rank_calls=448
AMG setup messages level=2 phase=R*(A*P) sends=24648 bytes=404132480 collective_rank_calls=448
AMG setup messages level=3 phase=strength sends=0 bytes=0 collective_rank_calls=448
AMG setup messages level=3 phase=strength-transpose sends=9560 bytes=17707072 collective_rank_calls=448
AMG setup messages level=3 phase=PMIS sends=232560 bytes=30282772 collective_rank_calls=5376
AMG setup messages level=3 phase=numbering sends=0 bytes=0 collective_rank_calls=448
AMG setup messages level=3 phase=interpolation sends=56454 bytes=20134828 collective_rank_calls=448
AMG setup messages level=3 phase=interpolation-transpose sends=7239 bytes=4357872 collective_rank_calls=448
AMG setup messages level=3 phase=A*P sends=33978 bytes=47717264 collective_rank_calls=448
AMG setup messages level=3 phase=R*(A*P) sends=21717 bytes=118408944 collective_rank_calls=448
AMG setup messages level=4 phase=strength sends=0 bytes=0 collective_rank_calls=448
AMG setup messages level=4 phase=strength-transpose sends=9248 bytes=3472664 collective_rank_calls=448
AMG setup messages level=4 phase=PMIS sends=194398 bytes=6744224 collective_rank_calls=4480
AMG setup messages level=4 phase=numbering sends=0 bytes=0 collective_rank_calls=448
AMG setup messages level=4 phase=interpolation sends=53901 bytes=4643448 collective_rank_calls=448
AMG setup messages level=4 phase=interpolation-transpose sends=5480 bytes=1140144 collective_rank_calls=448
AMG setup messages level=4 phase=A*P sends=55020 bytes=18821712 collective_rank_calls=448
AMG setup messages level=4 phase=R*(A*P) sends=16440 bytes=30970992 collective_rank_calls=448
AMG setup messages level=5 phase=strength sends=0 bytes=0 collective_rank_calls=448
AMG setup messages level=5 phase=strength-transpose sends=6774 bytes=665956 collective_rank_calls=448
AMG setup messages level=5 phase=PMIS sends=107460 bytes=1330872 collective_rank_calls=3136
AMG setup messages level=5 phase=numbering sends=0 bytes=0 collective_rank_calls=448
AMG setup messages level=5 phase=interpolation sends=36675 bytes=791380 collective_rank_calls=448
AMG setup messages level=5 phase=interpolation-transpose sends=2809 bytes=293552 collective_rank_calls=448
AMG setup messages level=5 phase=A*P sends=96924 bytes=8176528 collective_rank_calls=448
AMG setup messages level=5 phase=R*(A*P) sends=8427 bytes=6904416 collective_rank_calls=448
AMG setup messages level=6 phase=strength sends=0 bytes=0 collective_rank_calls=448
AMG setup messages level=6 phase=strength-transpose sends=1867 bytes=137400 collective_rank_calls=448
AMG setup messages level=6 phase=PMIS sends=26620 bytes=260208 collective_rank_calls=2240
AMG setup messages level=6 phase=numbering sends=0 bytes=0 collective_rank_calls=448
AMG setup messages level=6 phase=interpolation sends=8415 bytes=103540 collective_rank_calls=448
AMG setup messages level=6 phase=interpolation-transpose sends=760 bytes=72640 collective_rank_calls=448
AMG setup messages level=6 phase=A*P sends=53082 bytes=2254688 collective_rank_calls=448
AMG setup messages level=6 phase=R*(A*P) sends=2280 bytes=1023440 collective_rank_calls=448
AMG setup messages level=7 phase=strength sends=0 bytes=0 collective_rank_calls=448
AMG setup messages level=7 phase=strength-transpose sends=413 bytes=41824 collective_rank_calls=448
AMG setup messages level=7 phase=PMIS sends=2861 bytes=50988 collective_rank_calls=896
AMG setup messages level=7 phase=numbering sends=0 bytes=0 collective_rank_calls=448
AMG setup messages level=7 phase=interpolation sends=2148 bytes=19464 collective_rank_calls=448
AMG setup messages level=7 phase=interpolation-transpose sends=178 bytes=18992 collective_rank_calls=448
AMG setup messages level=7 phase=A*P sends=8694 bytes=287904 collective_rank_calls=448
AMG setup messages level=7 phase=R*(A*P) sends=534 bytes=39264 collective_rank_calls=448
GMRES: iter = 0, residual = 2.369302578, 1 (rel.)
GMRES: iter = 1, residual = 1.733441262, 0.7316251112 (rel.)
GMRES: iter = 2, residual = 1.571469671, 0.6632625507 (rel.)
GMRES: Solve Time = 0.759908801
The cloud-layer FLD system Newton 5: residual=1.690118453, GMRES rtol=0.4579686425
AMG setup messages level=0 phase=strength sends=0 bytes=0 collective_rank_calls=448
AMG setup messages level=0 phase=strength-transpose sends=3519 bytes=143766500 collective_rank_calls=448
AMG setup messages level=0 phase=PMIS sends=81438 bytes=503168248 collective_rank_calls=4928
AMG setup messages level=0 phase=numbering sends=0 bytes=0 collective_rank_calls=448
AMG setup messages level=0 phase=interpolation sends=21114 bytes=192006140 collective_rank_calls=448
AMG setup messages level=0 phase=interpolation-transpose sends=7599 bytes=74452592 collective_rank_calls=448
AMG setup messages level=0 phase=A*P sends=11562 bytes=357692448 collective_rank_calls=448
AMG setup messages level=0 phase=R*(A*P) sends=22797 bytes=527959568 collective_rank_calls=448
AMG setup messages level=1 phase=strength sends=0 bytes=0 collective_rank_calls=448
AMG setup messages level=1 phase=strength-transpose sends=8650 bytes=167492496 collective_rank_calls=448
AMG setup messages level=1 phase=PMIS sends=208484 bytes=346137604 collective_rank_calls=5376
AMG setup messages level=1 phase=numbering sends=0 bytes=0 collective_rank_calls=448
AMG setup messages level=1 phase=interpolation sends=51408 bytes=198876484 collective_rank_calls=448
AMG setup messages level=1 phase=interpolation-transpose sends=8363 bytes=59504752 collective_rank_calls=448
AMG setup messages level=1 phase=A*P sends=28872 bytes=349061616 collective_rank_calls=448
AMG setup messages level=1 phase=R*(A*P) sends=25089 bytes=887020240 collective_rank_calls=448
AMG setup messages level=2 phase=strength sends=0 bytes=0 collective_rank_calls=448
AMG setup messages level=2 phase=strength-transpose sends=9562 bytes=73003420 collective_rank_calls=448
AMG setup messages level=2 phase=PMIS sends=231386 bytes=115950612 collective_rank_calls=5376
AMG setup messages level=2 phase=numbering sends=0 bytes=0 collective_rank_calls=448
AMG setup messages level=2 phase=interpolation sends=56592 bytes=77407672 collective_rank_calls=448
AMG setup messages level=2 phase=interpolation-transpose sends=8229 bytes=17694976 collective_rank_calls=448
AMG setup messages level=2 phase=A*P sends=32748 bytes=142222016 collective_rank_calls=448
AMG setup messages level=2 phase=R*(A*P) sends=24687 bytes=404311840 collective_rank_calls=448
AMG setup messages level=3 phase=strength sends=0 bytes=0 collective_rank_calls=448
AMG setup messages level=3 phase=strength-transpose sends=9503 bytes=17745524 collective_rank_calls=448
AMG setup messages level=3 phase=PMIS sends=231231 bytes=30300528 collective_rank_calls=5376
AMG setup messages level=3 phase=numbering sends=0 bytes=0 collective_rank_calls=448
AMG setup messages level=3 phase=interpolation sends=56100 bytes=20125404 collective_rank_calls=448
AMG setup messages level=3 phase=interpolation-transpose sends=7254 bytes=4359680 collective_rank_calls=448
AMG setup messages level=3 phase=A*P sends=33954 bytes=47847456 collective_rank_calls=448
AMG setup messages level=3 phase=R*(A*P) sends=21762 bytes=118837840 collective_rank_calls=448
AMG setup messages level=4 phase=strength sends=0 bytes=0 collective_rank_calls=448
AMG setup messages level=4 phase=strength-transpose sends=9213 bytes=3523972 collective_rank_calls=448
AMG setup messages level=4 phase=PMIS sends=174364 bytes=6237392 collective_rank_calls=4032
AMG setup messages level=4 phase=numbering sends=0 bytes=0 collective_rank_calls=448
AMG setup messages level=4 phase=interpolation sends=53586 bytes=4681588 collective_rank_calls=448
AMG setup messages level=4 phase=interpolation-transpose sends=5485 bytes=1160240 collective_rank_calls=448
AMG setup messages level=4 phase=A*P sends=54930 bytes=19035984 collective_rank_calls=448
AMG setup messages level=4 phase=R*(A*P) sends=16455 bytes=31415504 collective_rank_calls=448
AMG setup messages level=5 phase=strength sends=0 bytes=0 collective_rank_calls=448
AMG setup messages level=5 phase=strength-transpose sends=6694 bytes=676644 collective_rank_calls=448
AMG setup messages level=5 phase=PMIS sends=91528 bytes=1194640 collective_rank_calls=2688
AMG setup messages level=5 phase=numbering sends=0 bytes=0 collective_rank_calls=448
AMG setup messages level=5 phase=interpolation sends=36225 bytes=796896 collective_rank_calls=448
AMG setup messages level=5 phase=interpolation-transpose sends=2703 bytes=299104 collective_rank_calls=448
AMG setup messages level=5 phase=A*P sends=92622 bytes=8174080 collective_rank_calls=448
AMG setup messages level=5 phase=R*(A*P) sends=8109 bytes=6952320 collective_rank_calls=448
AMG setup messages level=6 phase=strength sends=0 bytes=0 collective_rank_calls=448
AMG setup messages level=6 phase=strength-transpose sends=1929 bytes=142764 collective_rank_calls=448
AMG setup messages level=6 phase=PMIS sends=27216 bytes=267776 collective_rank_calls=2240
AMG setup messages level=6 phase=numbering sends=0 bytes=0 collective_rank_calls=448
AMG setup messages level=6 phase=interpolation sends=9141 bytes=110416 collective_rank_calls=448
AMG setup messages level=6 phase=interpolation-transpose sends=963 bytes=83376 collective_rank_calls=448
AMG setup messages level=6 phase=A*P sends=50088 bytes=2276176 collective_rank_calls=448
AMG setup messages level=6 phase=R*(A*P) sends=2889 bytes=1348960 collective_rank_calls=448
AMG setup messages level=7 phase=strength sends=0 bytes=0 collective_rank_calls=448
AMG setup messages level=7 phase=strength-transpose sends=522 bytes=46476 collective_rank_calls=448
AMG setup messages level=7 phase=PMIS sends=5108 bytes=75600 collective_rank_calls=1344
AMG setup messages level=7 phase=numbering sends=0 bytes=0 collective_rank_calls=448
AMG setup messages level=7 phase=interpolation sends=2580 bytes=21412 collective_rank_calls=448
AMG setup messages level=7 phase=interpolation-transpose sends=179 bytes=19344 collective_rank_calls=448
AMG setup messages level=7 phase=A*P sends=12120 bytes=393888 collective_rank_calls=448
AMG setup messages level=7 phase=R*(A*P) sends=537 bytes=40224 collective_rank_calls=448
GMRES: iter = 0, residual = 1.690659015, 1 (rel.)
GMRES: iter = 1, residual = 1.518743286, 0.8983143687 (rel.)
GMRES: iter = 2, residual = 1.378466918, 0.8153429556 (rel.)
GMRES: iter = 3, residual = 1.222648166, 0.72317845 (rel.)
GMRES: iter = 4, residual = 1.032546143, 0.610735893 (rel.)
GMRES: iter = 5, residual = 0.8199542842, 0.4849909277 (rel.)
GMRES: iter = 6, residual = 0.6749717883, 0.3992359087 (rel.)
GMRES: Solve Time = 1.963497968
The cloud-layer FLD system Newton 6: residual=1.114471259, GMRES rtol=0.3910823406
AMG setup messages level=0 phase=strength sends=0 bytes=0 collective_rank_calls=448
AMG setup messages level=0 phase=strength-transpose sends=3519 bytes=143783552 collective_rank_calls=448
AMG setup messages level=0 phase=PMIS sends=74065 bytes=461669584 collective_rank_calls=4480
AMG setup messages level=0 phase=numbering sends=0 bytes=0 collective_rank_calls=448
AMG setup messages level=0 phase=interpolation sends=21114 bytes=191923776 collective_rank_calls=448
AMG setup messages level=0 phase=interpolation-transpose sends=7606 bytes=74402000 collective_rank_calls=448
AMG setup messages level=0 phase=A*P sends=11562 bytes=357620416 collective_rank_calls=448
AMG setup messages level=0 phase=R*(A*P) sends=22818 bytes=526950272 collective_rank_calls=448
AMG setup messages level=1 phase=strength sends=0 bytes=0 collective_rank_calls=448
AMG setup messages level=1 phase=strength-transpose sends=8674 bytes=167538884 collective_rank_calls=448
AMG setup messages level=1 phase=PMIS sends=209242 bytes=346293284 collective_rank_calls=5376
AMG setup messages level=1 phase=numbering sends=0 bytes=0 collective_rank_calls=448
AMG setup messages level=1 phase=interpolation sends=51585 bytes=198833036 collective_rank_calls=448
AMG setup messages level=1 phase=interpolation-transpose sends=8362 bytes=59633424 collective_rank_calls=448
AMG setup messages level=1 phase=A*P sends=28890 bytes=349264656 collective_rank_calls=448
AMG setup messages level=1 phase=R*(A*P) sends=25086 bytes=887547968 collective_rank_calls=448
AMG setup messages level=2 phase=strength sends=0 bytes=0 collective_rank_calls=448
AMG setup messages level=2 phase=strength-transpose sends=9541 bytes=72801328 collective_rank_calls=448
AMG setup messages level=2 phase=PMIS sends=269233 bytes=133241404 collective_rank_calls=6272
AMG setup messages level=2 phase=numbering sends=0 bytes=0 collective_rank_calls=448
AMG setup messages level=2 phase=interpolation sends=56460 bytes=76850888 collective_rank_calls=448
AMG setup messages level=2 phase=interpolation-transpose sends=8164 bytes=17684304 collective_rank_calls=448
AMG setup messages level=2 phase=A*P sends=32754 bytes=142393184 collective_rank_calls=448
AMG setup messages level=2 phase=R*(A*P) sends=24492 bytes=402220640 collective_rank_calls=448
AMG setup messages level=3 phase=strength sends=0 bytes=0 collective_rank_calls=448
AMG setup messages level=3 phase=strength-transpose sends=9496 bytes=17708108 collective_rank_calls=448
AMG setup messages level=3 phase=PMIS sends=230946 bytes=30143888 collective_rank_calls=5376
AMG setup messages level=3 phase=numbering sends=0 bytes=0 collective_rank_calls=448
AMG setup messages level=3 phase=interpolation sends=56121 bytes=20077828 collective_rank_calls=448
AMG setup messages level=3 phase=interpolation-transpose sends=7209 bytes=4359472 collective_rank_calls=448
AMG setup messages level=3 phase=A*P sends=33954 bytes=47594048 collective_rank_calls=448
AMG setup messages level=3 phase=R*(A*P) sends=21627 bytes=118489792 collective_rank_calls=448
AMG setup messages level=4 phase=strength sends=0 bytes=0 collective_rank_calls=448
AMG setup messages level=4 phase=strength-transpose sends=9192 bytes=3521236 collective_rank_calls=448
AMG setup messages level=4 phase=PMIS sends=154542 bytes=5631348 collective_rank_calls=3584
AMG setup messages level=4 phase=numbering sends=0 bytes=0 collective_rank_calls=448
AMG setup messages level=4 phase=interpolation sends=53547 bytes=4661356 collective_rank_calls=448
AMG setup messages level=4 phase=interpolation-transpose sends=5495 bytes=1149376 collective_rank_calls=448
AMG setup messages level=4 phase=A*P sends=55644 bytes=18863584 collective_rank_calls=448
AMG setup messages level=4 phase=R*(A*P) sends=16485 bytes=31399856 collective_rank_calls=448
AMG setup messages level=5 phase=strength sends=0 bytes=0 collective_rank_calls=448
AMG setup messages level=5 phase=strength-transpose sends=6797 bytes=679344 collective_rank_calls=448
AMG setup messages level=5 phase=PMIS sends=123593 bytes=1519288 collective_rank_calls=3584
AMG setup messages level=5 phase=numbering sends=0 bytes=0 collective_rank_calls=448
AMG setup messages level=5 phase=interpolation sends=36741 bytes=814860 collective_rank_calls=448
AMG setup messages level=5 phase=interpolation-transpose sends=2640 bytes=306064 collective_rank_calls=448
AMG setup messages level=5 phase=A*P sends=96564 bytes=8440672 collective_rank_calls=448
AMG setup messages level=5 phase=R*(A*P) sends=7920 bytes=6789216 collective_rank_calls=448
AMG setup messages level=6 phase=strength sends=0 bytes=0 collective_rank_calls=448
AMG setup messages level=6 phase=strength-transpose sends=1859 bytes=143904 collective_rank_calls=448
AMG setup messages level=6 phase=PMIS sends=25988 bytes=270352 collective_rank_calls=2240
AMG setup messages level=6 phase=numbering sends=0 bytes=0 collective_rank_calls=448
AMG setup messages level=6 phase=interpolation sends=8586 bytes=132244 collective_rank_calls=448
AMG setup messages level=6 phase=interpolation-transpose sends=1004 bytes=94224 collective_rank_calls=448
AMG setup messages level=6 phase=A*P sends=48660 bytes=2321072 collective_rank_calls=448
AMG setup messages level=6 phase=R*(A*P) sends=3012 bytes=1451472 collective_rank_calls=448
AMG setup messages level=7 phase=strength sends=0 bytes=0 collective_rank_calls=448
AMG setup messages level=7 phase=strength-transpose sends=357 bytes=28464 collective_rank_calls=448
AMG setup messages level=7 phase=PMIS sends=2379 bytes=35260 collective_rank_calls=896
AMG setup messages level=7 phase=numbering sends=0 bytes=0 collective_rank_calls=448
AMG setup messages level=7 phase=interpolation sends=1641 bytes=13740 collective_rank_calls=448
AMG setup messages level=7 phase=interpolation-transpose sends=180 bytes=18000 collective_rank_calls=448
AMG setup messages level=7 phase=A*P sends=15342 bytes=434032 collective_rank_calls=448
AMG setup messages level=7 phase=R*(A*P) sends=540 bytes=35616 collective_rank_calls=448
GMRES: iter = 0, residual = 1.123615398, 1 (rel.)
GMRES: iter = 1, residual = 0.9150823196, 0.814408846 (rel.)
GMRES: iter = 2, residual = 0.8040587333, 0.7155996035 (rel.)
GMRES: iter = 3, residual = 0.6893835828, 0.6135405265 (rel.)
GMRES: iter = 4, residual = 0.6059910688, 0.5393225029 (rel.)
GMRES: iter = 5, residual = 0.5532444011, 0.4923787998 (rel.)
GMRES: iter = 6, residual = 0.5196466003, 0.4624772865 (rel.)
GMRES: iter = 7, residual = 0.4946139278, 0.4401986024 (rel.)
GMRES: iter = 8, residual = 0.4760757321, 0.4236999003 (rel.)
GMRES: iter = 9, residual = 0.4619695666, 0.4111456353 (rel.)
GMRES: iter = 10, residual = 0.4469991953, 0.3978222407 (rel.)
GMRES: iter = 11, residual = 0.4314162611, 0.3839536748 (rel.)
GMRES: Solve Time = 3.479541149
The cloud-layer FLD system Newton 7: residual=0.6664075606, GMRES rtol=0.3165825526
AMG setup messages level=0 phase=strength sends=0 bytes=0 collective_rank_calls=448
AMG setup messages level=0 phase=strength-transpose sends=3519 bytes=143808332 collective_rank_calls=448
AMG setup messages level=0 phase=PMIS sends=66692 bytes=420177376 collective_rank_calls=4032
AMG setup messages level=0 phase=numbering sends=0 bytes=0 collective_rank_calls=448
AMG setup messages level=0 phase=interpolation sends=21114 bytes=192076084 collective_rank_calls=448
AMG setup messages level=0 phase=interpolation-transpose sends=7602 bytes=74455808 collective_rank_calls=448
AMG setup messages level=0 phase=A*P sends=11562 bytes=357707808 collective_rank_calls=448
AMG setup messages level=0 phase=R*(A*P) sends=22806 bytes=527433952 collective_rank_calls=448
AMG setup messages level=1 phase=strength sends=0 bytes=0 collective_rank_calls=448
AMG setup messages level=1 phase=strength-transpose sends=8656 bytes=167419924 collective_rank_calls=448
AMG setup messages level=1 phase=PMIS sends=208472 bytes=346199244 collective_rank_calls=5376
AMG setup messages level=1 phase=numbering sends=0 bytes=0 collective_rank_calls=448
AMG setup messages level=1 phase=interpolation sends=51471 bytes=198742568 collective_rank_calls=448
AMG setup messages level=1 phase=interpolation-transpose sends=8352 bytes=59591280 collective_rank_calls=448
AMG setup messages level=1 phase=A*P sends=28812 bytes=349340384 collective_rank_calls=448
AMG setup messages level=1 phase=R*(A*P) sends=25056 bytes=887363904 collective_rank_calls=448
AMG setup messages level=2 phase=strength sends=0 bytes=0 collective_rank_calls=448
AMG setup messages level=2 phase=strength-transpose sends=9541 bytes=72726528 collective_rank_calls=448
AMG setup messages level=2 phase=PMIS sends=231129 bytes=115469752 collective_rank_calls=5376
AMG setup messages level=2 phase=numbering sends=0 bytes=0 collective_rank_calls=448
AMG setup messages level=2 phase=interpolation sends=56532 bytes=76734168 collective_rank_calls=448
AMG setup messages level=2 phase=interpolation-transpose sends=8170 bytes=17647744 collective_rank_calls=448
AMG setup messages level=2 phase=A*P sends=32766 bytes=142298896 collective_rank_calls=448
AMG setup messages level=2 phase=R*(A*P) sends=24510 bytes=401152832 collective_rank_calls=448
AMG setup messages level=3 phase=strength sends=0 bytes=0 collective_rank_calls=448
AMG setup messages level=3 phase=strength-transpose sends=9451 bytes=17748476 collective_rank_calls=448
AMG setup messages level=3 phase=PMIS sends=229983 bytes=30171128 collective_rank_calls=5376
AMG setup messages level=3 phase=numbering sends=0 bytes=0 collective_rank_calls=448
AMG setup messages level=3 phase=interpolation sends=55836 bytes=20143532 collective_rank_calls=448
AMG setup messages level=3 phase=interpolation-transpose sends=7246 bytes=4348832 collective_rank_calls=448
AMG setup messages level=3 phase=A*P sends=33954 bytes=47508128 collective_rank_calls=448
AMG setup messages level=3 phase=R*(A*P) sends=21738 bytes=117802864 collective_rank_calls=448
AMG setup messages level=4 phase=strength sends=0 bytes=0 collective_rank_calls=448
AMG setup messages level=4 phase=strength-transpose sends=9167 bytes=3530504 collective_rank_calls=448
AMG setup messages level=4 phase=PMIS sends=192481 bytes=6828436 collective_rank_calls=4480
AMG setup messages level=4 phase=numbering sends=0 bytes=0 collective_rank_calls=448
AMG setup messages level=4 phase=interpolation sends=53553 bytes=4715680 collective_rank_calls=448
AMG setup messages level=4 phase=interpolation-transpose sends=5435 bytes=1143664 collective_rank_calls=448
AMG setup messages level=4 phase=A*P sends=55260 bytes=18880176 collective_rank_calls=448
AMG setup messages level=4 phase=R*(A*P) sends=16305 bytes=30796752 collective_rank_calls=448
AMG setup messages level=5 phase=strength sends=0 bytes=0 collective_rank_calls=448
AMG setup messages level=5 phase=strength-transpose sends=6844 bytes=688172 collective_rank_calls=448
AMG setup messages level=5 phase=PMIS sends=108360 bytes=1363632 collective_rank_calls=3136
AMG setup messages level=5 phase=numbering sends=0 bytes=0 collective_rank_calls=448
AMG setup messages level=5 phase=interpolation sends=36858 bytes=860724 collective_rank_calls=448
AMG setup messages level=5 phase=interpolation-transpose sends=2716 bytes=314656 collective_rank_calls=448
AMG setup messages level=5 phase=A*P sends=92802 bytes=8195216 collective_rank_calls=448
AMG setup messages level=5 phase=R*(A*P) sends=8148 bytes=6879392 collective_rank_calls=448
AMG setup messages level=6 phase=strength sends=0 bytes=0 collective_rank_calls=448
AMG setup messages level=6 phase=strength-transpose sends=2079 bytes=151916 collective_rank_calls=448
AMG setup messages level=6 phase=PMIS sends=28944 bytes=280560 collective_rank_calls=2240
AMG setup messages level=6 phase=numbering sends=0 bytes=0 collective_rank_calls=448
AMG setup messages level=6 phase=interpolation sends=9759 bytes=120364 collective_rank_calls=448
AMG setup messages level=6 phase=interpolation-transpose sends=828 bytes=75120 collective_rank_calls=448
AMG setup messages level=6 phase=A*P sends=50148 bytes=2184816 collective_rank_calls=448
AMG setup messages level=6 phase=R*(A*P) sends=2484 bytes=1074992 collective_rank_calls=448
AMG setup messages level=7 phase=strength sends=0 bytes=0 collective_rank_calls=448
AMG setup messages level=7 phase=strength-transpose sends=392 bytes=39212 collective_rank_calls=448
AMG setup messages level=7 phase=PMIS sends=2702 bytes=46952 collective_rank_calls=896
AMG setup messages level=7 phase=numbering sends=0 bytes=0 collective_rank_calls=448
AMG setup messages level=7 phase=interpolation sends=1827 bytes=17956 collective_rank_calls=448
AMG setup messages level=7 phase=interpolation-transpose sends=173 bytes=18720 collective_rank_calls=448
AMG setup messages level=7 phase=A*P sends=9924 bytes=311296 collective_rank_calls=448
AMG setup messages level=7 phase=R*(A*P) sends=519 bytes=38704 collective_rank_calls=448
GMRES: iter = 0, residual = 0.6726150066, 1 (rel.)
GMRES: iter = 1, residual = 0.5289182513, 0.7863610626 (rel.)
GMRES: iter = 2, residual = 0.4801838833, 0.7139059917 (rel.)
GMRES: iter = 3, residual = 0.4398522342, 0.6539435336 (rel.)
GMRES: iter = 4, residual = 0.419494705, 0.6236772907 (rel.)
GMRES: iter = 5, residual = 0.4062007755, 0.6039127458 (rel.)
GMRES: iter = 6, residual = 0.3985233404, 0.5924984374 (rel.)
GMRES: iter = 7, residual = 0.393924305, 0.5856608924 (rel.)
GMRES: iter = 8, residual = 0.3899088009, 0.5796909036 (rel.)
GMRES: iter = 9, residual = 0.3861693269, 0.5741312982 (rel.)
GMRES: iter = 10, residual = 0.3805709242, 0.5658079592 (rel.)
GMRES: iter = 11, residual = 0.3726722672, 0.5540647526 (rel.)
GMRES: iter = 12, residual = 0.3627282028, 0.539280568 (rel.)
GMRES: iter = 13, residual = 0.3532342832, 0.5251656293 (rel.)
GMRES: iter = 14, residual = 0.3451104201, 0.5130876009 (rel.)
GMRES: iter = 15, residual = 0.3372812633, 0.5014477227 (rel.)
GMRES: iter = 16, residual = 0.3271063355, 0.4863203055 (rel.)
GMRES: iter = 17, residual = 0.3120459015, 0.4639294373 (rel.)
GMRES: iter = 18, residual = 0.2911669905, 0.4328880379 (rel.)
GMRES: iter = 19, residual = 0.2613799074, 0.388602551 (rel.)
GMRES: iter = 20, residual = 0.2220408548, 0.3301158205 (rel.)
GMRES: iter = 21, residual = 0.1802797682, 0.2680281683 (rel.)
GMRES: Solve Time = 6.643095173
The cloud-layer FLD system Newton 8: residual=0.6598473274, GMRES rtol=0.8661564192
AMG setup messages level=0 phase=strength sends=0 bytes=0 collective_rank_calls=448
AMG setup messages level=0 phase=strength-transpose sends=3519 bytes=143819980 collective_rank_calls=448
AMG setup messages level=0 phase=PMIS sends=88811 bytes=544952348 collective_rank_calls=5376
AMG setup messages level=0 phase=numbering sends=0 bytes=0 collective_rank_calls=448
AMG setup messages level=0 phase=interpolation sends=21114 bytes=192001028 collective_rank_calls=448
AMG setup messages level=0 phase=interpolation-transpose sends=7594 bytes=74417136 collective_rank_calls=448
AMG setup messages level=0 phase=A*P sends=11562 bytes=357680144 collective_rank_calls=448
AMG setup messages level=0 phase=R*(A*P) sends=22782 bytes=527221616 collective_rank_calls=448
AMG setup messages level=1 phase=strength sends=0 bytes=0 collective_rank_calls=448
AMG setup messages level=1 phase=strength-transpose sends=8649 bytes=167348396 collective_rank_calls=448
AMG setup messages level=1 phase=PMIS sends=225924 bytes=372520096 collective_rank_calls=5824
AMG setup messages level=1 phase=numbering sends=0 bytes=0 collective_rank_calls=448
AMG setup messages level=1 phase=interpolation sends=51450 bytes=198566152 collective_rank_calls=448
AMG setup messages level=1 phase=interpolation-transpose sends=8337 bytes=59538048 collective_rank_calls=448
AMG setup messages level=1 phase=A*P sends=28998 bytes=349363616 collective_rank_calls=448
AMG setup messages level=1 phase=R*(A*P) sends=25011 bytes=886412880 collective_rank_calls=448
AMG setup messages level=2 phase=strength sends=0 bytes=0 collective_rank_calls=448
AMG setup messages level=2 phase=strength-transpose sends=9519 bytes=72683588 collective_rank_calls=448
AMG setup messages level=2 phase=PMIS sends=249384 bytes=124266512 collective_rank_calls=5824
AMG setup messages level=2 phase=numbering sends=0 bytes=0 collective_rank_calls=448
AMG setup messages level=2 phase=interpolation sends=56376 bytes=76735164 collective_rank_calls=448
AMG setup messages level=2 phase=interpolation-transpose sends=8202 bytes=17624240 collective_rank_calls=448
AMG setup messages level=2 phase=A*P sends=32754 bytes=142262848 collective_rank_calls=448
AMG setup messages level=2 phase=R*(A*P) sends=24606 bytes=400806320 collective_rank_calls=448
AMG setup messages level=3 phase=strength sends=0 bytes=0 collective_rank_calls=448
AMG setup messages level=3 phase=strength-transpose sends=9545 bytes=17723360 collective_rank_calls=448
AMG setup messages level=3 phase=PMIS sends=212882 bytes=27850184 collective_rank_calls=4928
AMG setup messages level=3 phase=numbering sends=0 bytes=0 collective_rank_calls=448
AMG setup messages level=3 phase=interpolation sends=56415 bytes=20077664 collective_rank_calls=448
AMG setup messages level=3 phase=interpolation-transpose sends=7178 bytes=4335488 collective_rank_calls=448
AMG setup messages level=3 phase=A*P sends=33972 bytes=47505104 collective_rank_calls=448
AMG setup messages level=3 phase=R*(A*P) sends=21534 bytes=117221904 collective_rank_calls=448
AMG setup messages level=4 phase=strength sends=0 bytes=0 collective_rank_calls=448
AMG setup messages level=4 phase=strength-transpose sends=9171 bytes=3497720 collective_rank_calls=448
AMG setup messages level=4 phase=PMIS sends=174108 bytes=6180880 collective_rank_calls=4032
AMG setup messages level=4 phase=numbering sends=0 bytes=0 collective_rank_calls=448
AMG setup messages level=4 phase=interpolation sends=53478 bytes=4670180 collective_rank_calls=448
AMG setup messages level=4 phase=interpolation-transpose sends=5472 bytes=1130720 collective_rank_calls=448
AMG setup messages level=4 phase=A*P sends=55218 bytes=18640032 collective_rank_calls=448
AMG setup messages level=4 phase=R*(A*P) sends=16416 bytes=30689376 collective_rank_calls=448
AMG setup messages level=5 phase=strength sends=0 bytes=0 collective_rank_calls=448
AMG setup messages level=5 phase=strength-transpose sends=6697 bytes=665964 collective_rank_calls=448
AMG setup messages level=5 phase=PMIS sends=106230 bytes=1326600 collective_rank_calls=3136
AMG setup messages level=5 phase=numbering sends=0 bytes=0 collective_rank_calls=448
AMG setup messages level=5 phase=interpolation sends=36150 bytes=789892 collective_rank_calls=448
AMG setup messages level=5 phase=interpolation-transpose sends=2624 bytes=293824 collective_rank_calls=448
AMG setup messages level=5 phase=A*P sends=94362 bytes=8133680 collective_rank_calls=448
AMG setup messages level=5 phase=R*(A*P) sends=7872 bytes=6641408 collective_rank_calls=448
AMG setup messages level=6 phase=strength sends=0 bytes=0 collective_rank_calls=448
AMG setup messages level=6 phase=strength-transpose sends=1977 bytes=147364 collective_rank_calls=448
AMG setup messages level=6 phase=PMIS sends=33363 bytes=318392 collective_rank_calls=2688
AMG setup messages level=6 phase=numbering sends=0 bytes=0 collective_rank_calls=448
AMG setup messages level=6 phase=interpolation sends=9093 bytes=111336 collective_rank_calls=448
AMG setup messages level=6 phase=interpolation-transpose sends=801 bytes=79808 collective_rank_calls=448
AMG setup messages level=6 phase=A*P sends=49188 bytes=2174880 collective_rank_calls=448
AMG setup messages level=6 phase=R*(A*P) sends=2403 bytes=1073728 collective_rank_calls=448
AMG setup messages level=7 phase=strength sends=0 bytes=0 collective_rank_calls=448
AMG setup messages level=7 phase=strength-transpose sends=515 bytes=45928 collective_rank_calls=448
AMG setup messages level=7 phase=PMIS sends=3521 bytes=56740 collective_rank_calls=896
AMG setup messages level=7 phase=numbering sends=0 bytes=0 collective_rank_calls=448
AMG setup messages level=7 phase=interpolation sends=2712 bytes=24204 collective_rank_calls=448
AMG setup messages level=7 phase=interpolation-transpose sends=182 bytes=18352 collective_rank_calls=448
AMG setup messages level=7 phase=A*P sends=10458 bytes=316432 collective_rank_calls=448
AMG setup messages level=7 phase=R*(A*P) sends=546 bytes=36864 collective_rank_calls=448
GMRES: iter = 0, residual = 0.6621185181, 1 (rel.)
GMRES: iter = 1, residual = 0.4697492051, 0.7094639286 (rel.)
GMRES: Solve Time = 0.459499461
The cloud-layer FLD system Newton 9: residual=0.4701741997, GMRES rtol=0.6752042483
AMG setup messages level=0 phase=strength sends=0 bytes=0 collective_rank_calls=448
AMG setup messages level=0 phase=strength-transpose sends=3519 bytes=143821940 collective_rank_calls=448
AMG setup messages level=0 phase=PMIS sends=81438 bytes=503380616 collective_rank_calls=4928
AMG setup messages level=0 phase=numbering sends=0 bytes=0 collective_rank_calls=448
AMG setup messages level=0 phase=interpolation sends=21114 bytes=191956588 collective_rank_calls=448
AMG setup messages level=0 phase=interpolation-transpose sends=7612 bytes=74379376 collective_rank_calls=448
AMG setup messages level=0 phase=A*P sends=11562 bytes=357664000 collective_rank_calls=448
AMG setup messages level=0 phase=R*(A*P) sends=22836 bytes=526746384 collective_rank_calls=448
AMG setup messages level=1 phase=strength sends=0 bytes=0 collective_rank_calls=448
AMG setup messages level=1 phase=strength-transpose sends=8674 bytes=167409732 collective_rank_calls=448
AMG setup messages level=1 phase=PMIS sends=243742 bytes=398914956 collective_rank_calls=6272
AMG setup messages level=1 phase=numbering sends=0 bytes=0 collective_rank_calls=448
AMG setup messages level=1 phase=interpolation sends=51564 bytes=198780336 collective_rank_calls=448
AMG setup messages level=1 phase=interpolation-transpose sends=8367 bytes=59524192 collective_rank_calls=448
AMG setup messages level=1 phase=A*P sends=28818 bytes=349248432 collective_rank_calls=448
AMG setup messages level=1 phase=R*(A*P) sends=25101 bytes=886352112 collective_rank_calls=448
AMG setup messages level=2 phase=strength sends=0 bytes=0 collective_rank_calls=448
AMG setup messages level=2 phase=strength-transpose sends=9476 bytes=72696024 collective_rank_calls=448
AMG setup messages level=2 phase=PMIS sends=229244 bytes=115515944 collective_rank_calls=5376
AMG setup messages level=2 phase=numbering sends=0 bytes=0 collective_rank_calls=448
AMG setup messages level=2 phase=interpolation sends=56115 bytes=76734396 collective_rank_calls=448
AMG setup messages level=2 phase=interpolation-transpose sends=8149 bytes=17615088 collective_rank_calls=448
AMG setup messages level=2 phase=A*P sends=32748 bytes=142297440 collective_rank_calls=448
AMG setup messages level=2 phase=R*(A*P) sends=24447 bytes=400723744 collective_rank_calls=448
AMG setup messages level=3 phase=strength sends=0 bytes=0 collective_rank_calls=448
AMG setup messages level=3 phase=strength-transpose sends=9514 bytes=17740420 collective_rank_calls=448
AMG setup messages level=3 phase=PMIS sends=212068 bytes=27829632 collective_rank_calls=4928
AMG setup messages level=3 phase=numbering sends=0 bytes=0 collective_rank_calls=448
AMG setup messages level=3 phase=interpolation sends=56232 bytes=20063060 collective_rank_calls=448
AMG setup messages level=3 phase=interpolation-transpose sends=7244 bytes=4353216 collective_rank_calls=448
AMG setup messages level=3 phase=A*P sends=33816 bytes=47502528 collective_rank_calls=448
AMG setup messages level=3 phase=R*(A*P) sends=21732 bytes=117916144 collective_rank_calls=448
AMG setup messages level=4 phase=strength sends=0 bytes=0 collective_rank_calls=448
AMG setup messages level=4 phase=strength-transpose sends=9175 bytes=3490592 collective_rank_calls=448
AMG setup messages level=4 phase=PMIS sends=154675 bytes=5578272 collective_rank_calls=3584
AMG setup messages level=4 phase=numbering sends=0 bytes=0 collective_rank_calls=448
AMG setup messages level=4 phase=interpolation sends=53358 bytes=4668160 collective_rank_calls=448
AMG setup messages level=4 phase=interpolation-transpose sends=5430 bytes=1131856 collective_rank_calls=448
AMG setup messages level=4 phase=A*P sends=55530 bytes=18735776 collective_rank_calls=448
AMG setup messages level=4 phase=R*(A*P) sends=16290 bytes=30625664 collective_rank_calls=448
AMG setup messages level=5 phase=strength sends=0 bytes=0 collective_rank_calls=448
AMG setup messages level=5 phase=strength-transpose sends=6590 bytes=665552 collective_rank_calls=448
AMG setup messages level=5 phase=PMIS sends=104676 bytes=1324888 collective_rank_calls=3136
AMG setup messages level=5 phase=numbering sends=0 bytes=0 collective_rank_calls=448
AMG setup messages level=5 phase=interpolation sends=35745 bytes=784604 collective_rank_calls=448
AMG setup messages level=5 phase=interpolation-transpose sends=2608 bytes=294320 collective_rank_calls=448
AMG setup messages level=5 phase=A*P sends=93354 bytes=8047376 collective_rank_calls=448
AMG setup messages level=5 phase=R*(A*P) sends=7824 bytes=6524192 collective_rank_calls=448
AMG setup messages level=6 phase=strength sends=0 bytes=0 collective_rank_calls=448
AMG setup messages level=6 phase=strength-transpose sends=1828 bytes=138592 collective_rank_calls=448
AMG setup messages level=6 phase=PMIS sends=21074 bytes=217968 collective_rank_calls=1792
AMG setup messages level=6 phase=numbering sends=0 bytes=0 collective_rank_calls=448
AMG setup messages level=6 phase=interpolation sends=8463 bytes=104792 collective_rank_calls=448
AMG setup messages level=6 phase=interpolation-transpose sends=786 bytes=76720 collective_rank_calls=448
AMG setup messages level=6 phase=A*P sends=52212 bytes=2190000 collective_rank_calls=448
AMG setup messages level=6 phase=R*(A*P) sends=2358 bytes=887552 collective_rank_calls=448
AMG setup messages level=7 phase=strength sends=0 bytes=0 collective_rank_calls=448
AMG setup messages level=7 phase=strength-transpose sends=379 bytes=37192 collective_rank_calls=448
AMG setup messages level=7 phase=PMIS sends=2641 bytes=44168 collective_rank_calls=896
AMG setup messages level=7 phase=numbering sends=0 bytes=0 collective_rank_calls=448
AMG setup messages level=7 phase=interpolation sends=1974 bytes=17868 collective_rank_calls=448
AMG setup messages level=7 phase=interpolation-transpose sends=171 bytes=17232 collective_rank_calls=448
AMG setup messages level=7 phase=A*P sends=9054 bytes=289984 collective_rank_calls=448
AMG setup messages level=7 phase=R*(A*P) sends=513 bytes=34592 collective_rank_calls=448
GMRES: iter = 0, residual = 0.4705062675, 1 (rel.)
GMRES: iter = 1, residual = 0.4145246306, 0.8810182973 (rel.)
GMRES: iter = 2, residual = 0.3742916398, 0.7955082975 (rel.)
GMRES: iter = 3, residual = 0.3485638678, 0.7408272576 (rel.)
GMRES: iter = 4, residual = 0.3388400999, 0.720160651 (rel.)
GMRES: iter = 5, residual = 0.3288292333, 0.6988838535 (rel.)
GMRES: iter = 6, residual = 0.3229894689, 0.6864721922 (rel.)
GMRES: iter = 7, residual = 0.319810563, 0.6797158403 (rel.)
GMRES: iter = 8, residual = 0.3161902224, 0.6720212764 (rel.)
GMRES: Solve Time = 2.567979484
The cloud-layer FLD system Newton 10: residual=0.3575556282, GMRES rtol=0.5197552931
AMG setup messages level=0 phase=strength sends=0 bytes=0 collective_rank_calls=448
AMG setup messages level=0 phase=strength-transpose sends=3519 bytes=143836584 collective_rank_calls=448
AMG setup messages level=0 phase=PMIS sends=74065 bytes=461847800 collective_rank_calls=4480
AMG setup messages level=0 phase=numbering sends=0 bytes=0 collective_rank_calls=448
AMG setup messages level=0 phase=interpolation sends=21114 bytes=192081256 collective_rank_calls=448
AMG setup messages level=0 phase=interpolation-transpose sends=7599 bytes=74378048 collective_rank_calls=448
AMG setup messages level=0 phase=A*P sends=11562 bytes=357706256 collective_rank_calls=448
AMG setup messages level=0 phase=R*(A*P) sends=22797 bytes=526989952 collective_rank_calls=448
AMG setup messages level=1 phase=strength sends=0 bytes=0 collective_rank_calls=448
AMG setup messages level=1 phase=strength-transpose sends=8634 bytes=167282584 collective_rank_calls=448
AMG setup messages level=1 phase=PMIS sends=208152 bytes=345970112 collective_rank_calls=5376
AMG setup messages level=1 phase=numbering sends=0 bytes=0 collective_rank_calls=448
AMG setup messages level=1 phase=interpolation sends=51288 bytes=198543920 collective_rank_calls=448
AMG setup messages level=1 phase=interpolation-transpose sends=8332 bytes=59550032 collective_rank_calls=448
AMG setup messages level=1 phase=A*P sends=28734 bytes=349392704 collective_rank_calls=448
AMG setup messages level=1 phase=R*(A*P) sends=24996 bytes=886293952 collective_rank_calls=448
AMG setup messages level=2 phase=strength sends=0 bytes=0 collective_rank_calls=448
AMG setup messages level=2 phase=strength-transpose sends=9505 bytes=72613720 collective_rank_calls=448
AMG setup messages level=2 phase=PMIS sends=230161 bytes=115381992 collective_rank_calls=5376
AMG setup messages level=2 phase=numbering sends=0 bytes=0 collective_rank_calls=448
AMG setup messages level=2 phase=interpolation sends=56241 bytes=76676092 collective_rank_calls=448
AMG setup messages level=2 phase=interpolation-transpose sends=8186 bytes=17561776 collective_rank_calls=448
AMG setup messages level=2 phase=A*P sends=32790 bytes=142257792 collective_rank_calls=448
AMG setup messages level=2 phase=R*(A*P) sends=24558 bytes=399534416 collective_rank_calls=448
AMG setup messages level=3 phase=strength sends=0 bytes=0 collective_rank_calls=448
AMG setup messages level=3 phase=strength-transpose sends=9531 bytes=17746328 collective_rank_calls=448
AMG setup messages level=3 phase=PMIS sends=212670 bytes=27834408 collective_rank_calls=4928
AMG setup messages level=3 phase=numbering sends=0 bytes=0 collective_rank_calls=448
AMG setup messages level=3 phase=interpolation sends=56442 bytes=20138632 collective_rank_calls=448
AMG setup messages level=3 phase=interpolation-transpose sends=7228 bytes=4339664 collective_rank_calls=448
AMG setup messages level=3 phase=A*P sends=33942 bytes=47351808 collective_rank_calls=448
AMG setup messages level=3 phase=R*(A*P) sends=21684 bytes=117013760 collective_rank_calls=448
AMG setup messages level=4 phase=strength sends=0 bytes=0 collective_rank_calls=448
AMG setup messages level=4 phase=strength-transpose sends=9173 bytes=3519452 collective_rank_calls=448
AMG setup messages level=4 phase=PMIS sends=154445 bytes=5592552 collective_rank_calls=3584
AMG setup messages level=4 phase=numbering sends=0 bytes=0 collective_rank_calls=448
AMG setup messages level=4 phase=interpolation sends=53526 bytes=4661960 collective_rank_calls=448
AMG setup messages level=4 phase=interpolation-transpose sends=5495 bytes=1138528 collective_rank_calls=448
AMG setup messages level=4 phase=A*P sends=55080 bytes=18703120 collective_rank_calls=448
AMG setup messages level=4 phase=R*(A*P) sends=16485 bytes=30517968 collective_rank_calls=448
AMG setup messages level=5 phase=strength sends=0 bytes=0 collective_rank_calls=448
AMG setup messages level=5 phase=strength-transpose sends=6677 bytes=658532 collective_rank_calls=448
AMG setup messages level=5 phase=PMIS sends=121565 bytes=1474952 collective_rank_calls=3584
AMG setup messages level=5 phase=numbering sends=0 bytes=0 collective_rank_calls=448
AMG setup messages level=5 phase=interpolation sends=36075 bytes=781128 collective_rank_calls=448
AMG setup messages level=5 phase=interpolation-transpose sends=2773 bytes=293040 collective_rank_calls=448
AMG setup messages level=5 phase=A*P sends=94134 bytes=7968496 collective_rank_calls=448
AMG setup messages level=5 phase=R*(A*P) sends=8319 bytes=6647328 collective_rank_calls=448
AMG setup messages level=6 phase=strength sends=0 bytes=0 collective_rank_calls=448
AMG setup messages level=6 phase=strength-transpose sends=1824 bytes=131200 collective_rank_calls=448
AMG setup messages level=6 phase=PMIS sends=21032 bytes=219140 collective_rank_calls=1792
AMG setup messages level=6 phase=numbering sends=0 bytes=0 collective_rank_calls=448
AMG setup messages level=6 phase=interpolation sends=8172 bytes=94200 collective_rank_calls=448
AMG setup messages level=6 phase=interpolation-transpose sends=803 bytes=70160 collective_rank_calls=448
AMG setup messages level=6 phase=A*P sends=49428 bytes=2034800 collective_rank_calls=448
AMG setup messages level=6 phase=R*(A*P) sends=2409 bytes=1071184 collective_rank_calls=448
AMG setup messages level=7 phase=strength sends=0 bytes=0 collective_rank_calls=448
AMG setup messages level=7 phase=strength-transpose sends=521 bytes=43624 collective_rank_calls=448
AMG setup messages level=7 phase=PMIS sends=3563 bytes=56836 collective_rank_calls=896
AMG setup messages level=7 phase=numbering sends=0 bytes=0 collective_rank_calls=448
AMG setup messages level=7 phase=interpolation sends=2571 bytes=21328 collective_rank_calls=448
AMG setup messages level=7 phase=interpolation-transpose sends=197 bytes=19424 collective_rank_calls=448
AMG setup messages level=7 phase=A*P sends=12486 bytes=372064 collective_rank_calls=448
AMG setup messages level=7 phase=R*(A*P) sends=591 bytes=38672 collective_rank_calls=448
GMRES: iter = 0, residual = 0.3588377093, 1 (rel.)
GMRES: iter = 1, residual = 0.3309052297, 0.922158461 (rel.)
GMRES: iter = 2, residual = 0.3141207403, 0.8753838634 (rel.)
GMRES: iter = 3, residual = 0.3046245386, 0.8489200848 (rel.)
GMRES: iter = 4, residual = 0.3021236898, 0.8419507818 (rel.)
GMRES: iter = 5, residual = 0.2977408522, 0.829736799 (rel.)
GMRES: iter = 6, residual = 0.2945448935, 0.8208303807 (rel.)
GMRES: iter = 7, residual = 0.2926059982, 0.8154271154 (rel.)
GMRES: iter = 8, residual = 0.2896255015, 0.8071211415 (rel.)
GMRES: iter = 9, residual = 0.2841896437, 0.7919726282 (rel.)
GMRES: iter = 10, residual = 0.2747099971, 0.7655549849 (rel.)
GMRES: iter = 11, residual = 0.2595857607, 0.7234071391 (rel.)
GMRES: iter = 12, residual = 0.2433514195, 0.6781656811 (rel.)
GMRES: iter = 13, residual = 0.2291549541, 0.6386033244 (rel.)
GMRES: iter = 14, residual = 0.2145470083, 0.5978942646 (rel.)
GMRES: iter = 15, residual = 0.1968919599, 0.548693615 (rel.)
GMRES: iter = 16, residual = 0.1763856351, 0.4915470992 (rel.)
GMRES: Solve Time = 5.055292727
The cloud-layer FLD system Newton 11: residual=0.3430558078, GMRES rtol=0.822575766
AMG setup messages level=0 phase=strength sends=0 bytes=0 collective_rank_calls=448
AMG setup messages level=0 phase=strength-transpose sends=3519 bytes=143846804 collective_rank_calls=448
AMG setup messages level=0 phase=PMIS sends=66692 bytes=420293824 collective_rank_calls=4032
AMG setup messages level=0 phase=numbering sends=0 bytes=0 collective_rank_calls=448
AMG setup messages level=0 phase=interpolation sends=21114 bytes=192032428 collective_rank_calls=448
AMG setup messages level=0 phase=interpolation-transpose sends=7608 bytes=74362992 collective_rank_calls=448
AMG setup messages level=0 phase=A*P sends=11562 bytes=357707936 collective_rank_calls=448
AMG setup messages level=0 phase=R*(A*P) sends=22824 bytes=526953600 collective_rank_calls=448
AMG setup messages level=1 phase=strength sends=0 bytes=0 collective_rank_calls=448
AMG setup messages level=1 phase=strength-transpose sends=8656 bytes=167323012 collective_rank_calls=448
AMG setup messages level=1 phase=PMIS sends=225840 bytes=372448736 collective_rank_calls=5824
AMG setup messages level=1 phase=numbering sends=0 bytes=0 collective_rank_calls=448
AMG setup messages level=1 phase=interpolation sends=51435 bytes=198705224 collective_rank_calls=448
AMG setup messages level=1 phase=interpolation-transpose sends=8329 bytes=59432560 collective_rank_calls=448
AMG setup messages level=1 phase=A*P sends=28890 bytes=349412384 collective_rank_calls=448
AMG setup messages level=1 phase=R*(A*P) sends=24987 bytes=885058768 collective_rank_calls=448
AMG setup messages level=2 phase=strength sends=0 bytes=0 collective_rank_calls=448
AMG setup messages level=2 phase=strength-transpose sends=9466 bytes=72630360 collective_rank_calls=448
AMG setup messages level=2 phase=PMIS sends=229004 bytes=115410904 collective_rank_calls=5376
AMG setup messages level=2 phase=numbering sends=0 bytes=0 collective_rank_calls=448
AMG setup messages level=2 phase=interpolation sends=56088 bytes=76767956 collective_rank_calls=448
AMG setup messages level=2 phase=interpolation-transpose sends=8151 bytes=17589952 collective_rank_calls=448
AMG setup messages level=2 phase=A*P sends=32796 bytes=142160256 collective_rank_calls=448
AMG setup messages level=2 phase=R*(A*P) sends=24453 bytes=400023216 collective_rank_calls=448
AMG setup messages level=3 phase=strength sends=0 bytes=0 collective_rank_calls=448
AMG setup messages level=3 phase=strength-transpose sends=9497 bytes=17759796 collective_rank_calls=448
AMG setup messages level=3 phase=PMIS sends=211778 bytes=27834144 collective_rank_calls=4928
AMG setup messages level=3 phase=numbering sends=0 bytes=0 collective_rank_calls=448
AMG setup messages level=3 phase=interpolation sends=56070 bytes=20124644 collective_rank_calls=448
AMG setup messages level=3 phase=interpolation-transpose sends=7265 bytes=4305568 collective_rank_calls=448
AMG setup messages level=3 phase=A*P sends=33894 bytes=47408528 collective_rank_calls=448
AMG setup messages level=3 phase=R*(A*P) sends=21795 bytes=116679856 collective_rank_calls=448
AMG setup messages level=4 phase=strength sends=0 bytes=0 collective_rank_calls=448
AMG setup messages level=4 phase=strength-transpose sends=9231 bytes=3531216 collective_rank_calls=448
AMG setup messages level=4 phase=PMIS sends=175008 bytes=6199104 collective_rank_calls=4032
AMG setup messages level=4 phase=numbering sends=0 bytes=0 collective_rank_calls=448
AMG setup messages level=4 phase=interpolation sends=53790 bytes=4715068 collective_rank_calls=448
AMG setup messages level=4 phase=interpolation-transpose sends=5452 bytes=1129600 collective_rank_calls=448
AMG setup messages level=4 phase=A*P sends=55536 bytes=18706784 collective_rank_calls=448
AMG setup messages level=4 phase=R*(A*P) sends=16356 bytes=30436480 collective_rank_calls=448
AMG setup messages level=5 phase=strength sends=0 bytes=0 collective_rank_calls=448
AMG setup messages level=5 phase=strength-transpose sends=6544 bytes=667076 collective_rank_calls=448
AMG setup messages level=5 phase=PMIS sends=104016 bytes=1341696 collective_rank_calls=3136
AMG setup messages level=5 phase=numbering sends=0 bytes=0 collective_rank_calls=448
AMG setup messages level=5 phase=interpolation sends=35493 bytes=830864 collective_rank_calls=448
AMG setup messages level=5 phase=interpolation-transpose sends=2619 bytes=307632 collective_rank_calls=448
AMG setup messages level=5 phase=A*P sends=91794 bytes=8183920 collective_rank_calls=448
AMG setup messages level=5 phase=R*(A*P) sends=7857 bytes=6599296 collective_rank_calls=448
AMG setup messages level=6 phase=strength sends=0 bytes=0 collective_rank_calls=448
AMG setup messages level=6 phase=strength-transpose sends=1983 bytes=145072 collective_rank_calls=448
AMG setup messages level=6 phase=PMIS sends=32749 bytes=294536 collective_rank_calls=2688
AMG setup messages level=6 phase=numbering sends=0 bytes=0 collective_rank_calls=448
AMG setup messages level=6 phase=interpolation sends=9759 bytes=128752 collective_rank_calls=448
AMG setup messages level=6 phase=interpolation-transpose sends=1042 bytes=94176 collective_rank_calls=448
AMG setup messages level=6 phase=A*P sends=50424 bytes=2257472 collective_rank_calls=448
AMG setup messages level=6 phase=R*(A*P) sends=3126 bytes=909856 collective_rank_calls=448
AMG setup messages level=7 phase=strength sends=0 bytes=0 collective_rank_calls=448
AMG setup messages level=7 phase=strength-transpose sends=355 bytes=26156 collective_rank_calls=448
AMG setup messages level=7 phase=PMIS sends=2389 bytes=32540 collective_rank_calls=896
AMG setup messages level=7 phase=numbering sends=0 bytes=0 collective_rank_calls=448
AMG setup messages level=7 phase=interpolation sends=1779 bytes=14716 collective_rank_calls=448
AMG setup messages level=7 phase=interpolation-transpose sends=112 bytes=10048 collective_rank_calls=448
AMG setup messages level=7 phase=A*P sends=5766 bytes=148112 collective_rank_calls=448
AMG setup messages level=7 phase=R*(A*P) sends=336 bytes=18688 collective_rank_calls=448
GMRES: iter = 0, residual = 0.3437643677, 1 (rel.)
GMRES: iter = 1, residual = 0.2946013557, 0.8569863064 (rel.)
GMRES: iter = 2, residual = 0.2739100068, 0.7967958071 (rel.)
GMRES: Solve Time = 0.760987617
The cloud-layer FLD system Newton 12: residual=0.2739705853, GMRES rtol=0.6089678017
AMG setup messages level=0 phase=strength sends=0 bytes=0 collective_rank_calls=448
AMG setup messages level=0 phase=strength-transpose sends=3519 bytes=143853356 collective_rank_calls=448
AMG setup messages level=0 phase=PMIS sends=66692 bytes=420312832 collective_rank_calls=4032
AMG setup messages level=0 phase=numbering sends=0 bytes=0 collective_rank_calls=448
AMG setup messages level=0 phase=interpolation sends=21114 bytes=192075380 collective_rank_calls=448
AMG setup messages level=0 phase=interpolation-transpose sends=7569 bytes=74353568 collective_rank_calls=448
AMG setup messages level=0 phase=A*P sends=11562 bytes=357711168 collective_rank_calls=448
AMG setup messages level=0 phase=R*(A*P) sends=22707 bytes=527079248 collective_rank_calls=448
AMG setup messages level=1 phase=strength sends=0 bytes=0 collective_rank_calls=448
AMG setup messages level=1 phase=strength-transpose sends=8651 bytes=167238688 collective_rank_calls=448
AMG setup messages level=1 phase=PMIS sends=208547 bytes=345937588 collective_rank_calls=5376
AMG setup messages level=1 phase=numbering sends=0 bytes=0 collective_rank_calls=448
AMG setup messages level=1 phase=interpolation sends=51456 bytes=198688672 collective_rank_calls=448
AMG setup messages level=1 phase=interpolation-transpose sends=8334 bytes=59458944 collective_rank_calls=448
AMG setup messages level=1 phase=A*P sends=28842 bytes=349432112 collective_rank_calls=448
AMG setup messages level=1 phase=R*(A*P) sends=25002 bytes=885265632 collective_rank_calls=448
AMG setup messages level=2 phase=strength sends=0 bytes=0 collective_rank_calls=448
AMG setup messages level=2 phase=strength-transpose sends=9501 bytes=72706032 collective_rank_calls=448
AMG setup messages level=2 phase=PMIS sends=229883 bytes=115477584 collective_rank_calls=5376
AMG setup messages level=2 phase=numbering sends=0 bytes=0 collective_rank_calls=448
AMG setup messages level=2 phase=interpolation sends=56277 bytes=76745120 collective_rank_calls=448
AMG setup messages level=2 phase=interpolation-transpose sends=8144 bytes=17614224 collective_rank_calls=448
AMG setup messages level=2 phase=A*P sends=32784 bytes=142158032 collective_rank_calls=448
AMG setup messages level=2 phase=R*(A*P) sends=24432 bytes=399806928 collective_rank_calls=448
AMG setup messages level=3 phase=strength sends=0 bytes=0 collective_rank_calls=448
AMG setup messages level=3 phase=strength-transpose sends=9476 bytes=17742016 collective_rank_calls=448
AMG setup messages level=3 phase=PMIS sends=211088 bytes=27773376 collective_rank_calls=4928
AMG setup messages level=3 phase=numbering sends=0 bytes=0 collective_rank_calls=448
AMG setup messages level=3 phase=interpolation sends=55971 bytes=20133740 collective_rank_calls=448
AMG setup messages level=3 phase=interpolation-transpose sends=7181 bytes=4305408 collective_rank_calls=448
AMG setup messages level=3 phase=A*P sends=34032 bytes=47231936 collective_rank_calls=448
AMG setup messages level=3 phase=R*(A*P) sends=21543 bytes=116390464 collective_rank_calls=448
AMG setup messages level=4 phase=strength sends=0 bytes=0 collective_rank_calls=448
AMG setup messages level=4 phase=strength-transpose sends=9139 bytes=3530832 collective_rank_calls=448
AMG setup messages level=4 phase=PMIS sends=172912 bytes=6203248 collective_rank_calls=4032
AMG setup messages level=4 phase=numbering sends=0 bytes=0 collective_rank_calls=448
AMG setup messages level=4 phase=interpolation sends=53184 bytes=4701056 collective_rank_calls=448
AMG setup messages level=4 phase=interpolation-transpose sends=5475 bytes=1147760 collective_rank_calls=448
AMG setup messages level=4 phase=A*P sends=55746 bytes=18728576 collective_rank_calls=448
AMG setup messages level=4 phase=R*(A*P) sends=16425 bytes=30540432 collective_rank_calls=448
AMG setup messages level=5 phase=strength sends=0 bytes=0 collective_rank_calls=448
AMG setup messages level=5 phase=strength-transpose sends=6744 bytes=667868 collective_rank_calls=448
AMG setup messages level=5 phase=PMIS sends=106304 bytes=1312240 collective_rank_calls=3136
AMG setup messages level=5 phase=numbering sends=0 bytes=0 collective_rank_calls=448
AMG setup messages level=5 phase=interpolation sends=36129 bytes=819652 collective_rank_calls=448
AMG setup messages level=5 phase=interpolation-transpose sends=2667 bytes=294112 collective_rank_calls=448
AMG setup messages level=5 phase=A*P sends=93504 bytes=8020800 collective_rank_calls=448
AMG setup messages level=5 phase=R*(A*P) sends=8001 bytes=6616992 collective_rank_calls=448
AMG setup messages level=6 phase=strength sends=0 bytes=0 collective_rank_calls=448
AMG setup messages level=6 phase=strength-transpose sends=1909 bytes=136288 collective_rank_calls=448
AMG setup messages level=6 phase=PMIS sends=26812 bytes=252352 collective_rank_calls=2240
AMG setup messages level=6 phase=numbering sends=0 bytes=0 collective_rank_calls=448
AMG setup messages level=6 phase=interpolation sends=8658 bytes=108200 collective_rank_calls=448
AMG setup messages level=6 phase=interpolation-transpose sends=952 bytes=79008 collective_rank_calls=448
AMG setup messages level=6 phase=A*P sends=50964 bytes=2204880 collective_rank_calls=448
AMG setup messages level=6 phase=R*(A*P) sends=2856 bytes=1062992 collective_rank_calls=448
AMG setup messages level=7 phase=strength sends=0 bytes=0 collective_rank_calls=448
AMG setup messages level=7 phase=strength-transpose sends=499 bytes=40580 collective_rank_calls=448
AMG setup messages level=7 phase=PMIS sends=3451 bytes=52716 collective_rank_calls=896
AMG setup messages level=7 phase=numbering sends=0 bytes=0 collective_rank_calls=448
AMG setup messages level=7 phase=interpolation sends=2475 bytes=20412 collective_rank_calls=448
AMG setup messages level=7 phase=interpolation-transpose sends=172 bytes=16864 collective_rank_calls=448
AMG setup messages level=7 phase=A*P sends=10380 bytes=302592 collective_rank_calls=448
AMG setup messages level=7 phase=R*(A*P) sends=516 bytes=33104 collective_rank_calls=448
GMRES: iter = 0, residual = 0.2743566084, 1 (rel.)
GMRES: iter = 1, residual = 0.2646977611, 0.9647945522 (rel.)
GMRES: iter = 2, residual = 0.2602129124, 0.9484477665 (rel.)
GMRES: iter = 3, residual = 0.2568529585, 0.9362010996 (rel.)
GMRES: iter = 4, residual = 0.2537928449, 0.9250473185 (rel.)
GMRES: iter = 5, residual = 0.2496217681, 0.9098441971 (rel.)
GMRES: iter = 6, residual = 0.2463022745, 0.8977450041 (rel.)
GMRES: iter = 7, residual = 0.2418323935, 0.8814527741 (rel.)
GMRES: iter = 8, residual = 0.235316113, 0.8577016402 (rel.)
GMRES: iter = 9, residual = 0.2247262226, 0.8191026412 (rel.)
GMRES: iter = 10, residual = 0.2101335116, 0.7659137969 (rel.)
GMRES: iter = 11, residual = 0.1941354447, 0.707602583 (rel.)
GMRES: iter = 12, residual = 0.1786516157, 0.6511657099 (rel.)
GMRES: iter = 13, residual = 0.1637719635, 0.5969309961 (rel.)
GMRES: Solve Time = 4.106703272
The cloud-layer FLD system Newton 13: residual=0.2577473989, GMRES rtol=0.7943286758
AMG setup messages level=0 phase=strength sends=0 bytes=0 collective_rank_calls=448
AMG setup messages level=0 phase=strength-transpose sends=3519 bytes=143860272 collective_rank_calls=448
AMG setup messages level=0 phase=PMIS sends=66692 bytes=420332448 collective_rank_calls=4032
AMG setup messages level=0 phase=numbering sends=0 bytes=0 collective_rank_calls=448
AMG setup messages level=0 phase=interpolation sends=21114 bytes=191985984 collective_rank_calls=448
AMG setup messages level=0 phase=interpolation-transpose sends=7584 bytes=74323200 collective_rank_calls=448
AMG setup messages level=0 phase=A*P sends=11562 bytes=357690672 collective_rank_calls=448
AMG setup messages level=0 phase=R*(A*P) sends=22752 bytes=526623248 collective_rank_calls=448
AMG setup messages level=1 phase=strength sends=0 bytes=0 collective_rank_calls=448
AMG setup messages level=1 phase=strength-transpose sends=8646 bytes=167252984 collective_rank_calls=448
AMG setup messages level=1 phase=PMIS sends=208310 bytes=345807460 collective_rank_calls=5376
AMG setup messages level=1 phase=numbering sends=0 bytes=0 collective_rank_calls=448
AMG setup messages level=1 phase=interpolation sends=51450 bytes=198615480 collective_rank_calls=448
AMG setup messages level=1 phase=interpolation-transpose sends=8315 bytes=59434176 collective_rank_calls=448
AMG setup messages level=1 phase=A*P sends=28890 bytes=349466608 collective_rank_calls=448
AMG setup messages level=1 phase=R*(A*P) sends=24945 bytes=885118608 collective_rank_calls=448
AMG setup messages level=2 phase=strength sends=0 bytes=0 collective_rank_calls=448
AMG setup messages level=2 phase=strength-transpose sends=9521 bytes=72703672 collective_rank_calls=448
AMG setup messages level=2 phase=PMIS sends=211178 bytes=106681256 collective_rank_calls=4928
AMG setup messages level=2 phase=numbering sends=0 bytes=0 collective_rank_calls=448
AMG setup messages level=2 phase=interpolation sends=56424 bytes=76831988 collective_rank_calls=448
AMG setup messages level=2 phase=interpolation-transpose sends=8143 bytes=17570784 collective_rank_calls=448
AMG setup messages level=2 phase=A*P sends=32802 bytes=142025488 collective_rank_calls=448
AMG setup messages level=2 phase=R*(A*P) sends=24429 bytes=399097712 collective_rank_calls=448
AMG setup messages level=3 phase=strength sends=0 bytes=0 collective_rank_calls=448
AMG setup messages level=3 phase=strength-transpose sends=9484 bytes=17725124 collective_rank_calls=448
AMG setup messages level=3 phase=PMIS sends=211696 bytes=27739184 collective_rank_calls=4928
AMG setup messages level=3 phase=numbering sends=0 bytes=0 collective_rank_calls=448
AMG setup messages level=3 phase=interpolation sends=56019 bytes=20062892 collective_rank_calls=448
AMG setup messages level=3 phase=interpolation-transpose sends=7259 bytes=4334224 collective_rank_calls=448
AMG setup messages level=3 phase=A*P sends=33924 bytes=47200496 collective_rank_calls=448
AMG setup messages level=3 phase=R*(A*P) sends=21777 bytes=117296272 collective_rank_calls=448
AMG setup messages level=4 phase=strength sends=0 bytes=0 collective_rank_calls=448
AMG setup messages level=4 phase=strength-transpose sends=9270 bytes=3513880 collective_rank_calls=448
AMG setup messages level=4 phase=PMIS sends=175760 bytes=6202976 collective_rank_calls=4032
AMG setup messages level=4 phase=numbering sends=0 bytes=0 collective_rank_calls=448
AMG setup messages level=4 phase=interpolation sends=53901 bytes=4725980 collective_rank_calls=448
AMG setup messages level=4 phase=interpolation-transpose sends=5450 bytes=1120304 collective_rank_calls=448
AMG setup messages level=4 phase=A*P sends=55614 bytes=18583072 collective_rank_calls=448
AMG setup messages level=4 phase=R*(A*P) sends=16350 bytes=29738896 collective_rank_calls=448
AMG setup messages level=5 phase=strength sends=0 bytes=0 collective_rank_calls=448
AMG setup messages level=5 phase=strength-transpose sends=6644 bytes=663456 collective_rank_calls=448
AMG setup messages level=5 phase=PMIS sends=105784 bytes=1294696 collective_rank_calls=3136
AMG setup messages level=5 phase=numbering sends=0 bytes=0 collective_rank_calls=448
AMG setup messages level=5 phase=interpolation sends=35958 bytes=833620 collective_rank_calls=448
AMG setup messages level=5 phase=interpolation-transpose sends=2607 bytes=286832 collective_rank_calls=448
AMG setup messages level=5 phase=A*P sends=93036 bytes=7820112 collective_rank_calls=448
AMG setup messages level=5 phase=R*(A*P) sends=7821 bytes=6174224 collective_rank_calls=448
AMG setup messages level=6 phase=strength sends=0 bytes=0 collective_rank_calls=448
AMG setup messages level=6 phase=strength-transpose sends=1763 bytes=137068 collective_rank_calls=448
AMG setup messages level=6 phase=PMIS sends=25172 bytes=248384 collective_rank_calls=2240
AMG setup messages level=6 phase=numbering sends=0 bytes=0 collective_rank_calls=448
AMG setup messages level=6 phase=interpolation sends=8043 bytes=114248 collective_rank_calls=448
AMG setup messages level=6 phase=interpolation-transpose sends=826 bytes=76352 collective_rank_calls=448
AMG setup messages level=6 phase=A*P sends=48012 bytes=2083056 collective_rank_calls=448
AMG setup messages level=6 phase=R*(A*P) sends=2478 bytes=1065824 collective_rank_calls=448
AMG setup messages level=7 phase=strength sends=0 bytes=0 collective_rank_calls=448
AMG setup messages level=7 phase=strength-transpose sends=489 bytes=47684 collective_rank_calls=448
AMG setup messages level=7 phase=PMIS sends=3315 bytes=55484 collective_rank_calls=896
AMG setup messages level=7 phase=numbering sends=0 bytes=0 collective_rank_calls=448
AMG setup messages level=7 phase=interpolation sends=2388 bytes=24324 collective_rank_calls=448
AMG setup messages level=7 phase=interpolation-transpose sends=184 bytes=19008 collective_rank_calls=448
AMG setup messages level=7 phase=A*P sends=11994 bytes=369392 collective_rank_calls=448
AMG setup messages level=7 phase=R*(A*P) sends=552 bytes=38272 collective_rank_calls=448
GMRES: iter = 0, residual = 0.2580940312, 1 (rel.)
GMRES: iter = 1, residual = 0.2404718923, 0.9317220209 (rel.)
GMRES: iter = 2, residual = 0.2347996924, 0.9097447597 (rel.)
GMRES: iter = 3, residual = 0.2325896715, 0.901181908 (rel.)
GMRES: iter = 4, residual = 0.2312919519, 0.8961538196 (rel.)
GMRES: iter = 5, residual = 0.2268616415, 0.87898833 (rel.)
GMRES: iter = 6, residual = 0.2223845358, 0.8616415294 (rel.)
GMRES: iter = 7, residual = 0.2181871546, 0.8453785372 (rel.)
GMRES: iter = 8, residual = 0.2127208294, 0.8241989497 (rel.)
GMRES: iter = 9, residual = 0.2046279398, 0.7928425888 (rel.)
GMRES: Solve Time = 2.869027882
The cloud-layer FLD system Newton 14: residual=0.2370445359, GMRES rtol=0.7591830189
AMG setup messages level=0 phase=strength sends=0 bytes=0 collective_rank_calls=448
AMG setup messages level=0 phase=strength-transpose sends=3519 bytes=143867244 collective_rank_calls=448
AMG setup messages level=0 phase=PMIS sends=74065 bytes=461945980 collective_rank_calls=4480
AMG setup messages level=0 phase=numbering sends=0 bytes=0 collective_rank_calls=448
AMG setup messages level=0 phase=interpolation sends=21114 bytes=192115428 collective_rank_calls=448
AMG setup messages level=0 phase=interpolation-transpose sends=7576 bytes=74317024 collective_rank_calls=448
AMG setup messages level=0 phase=A*P sends=11562 bytes=357733168 collective_rank_calls=448
AMG setup messages level=0 phase=R*(A*P) sends=22728 bytes=526925168 collective_rank_calls=448
AMG setup messages level=1 phase=strength sends=0 bytes=0 collective_rank_calls=448
AMG setup messages level=1 phase=strength-transpose sends=8666 bytes=167333620 collective_rank_calls=448
AMG setup messages level=1 phase=PMIS sends=226184 bytes=372321376 collective_rank_calls=5824
AMG setup messages level=1 phase=numbering sends=0 bytes=0 collective_rank_calls=448
AMG setup messages level=1 phase=interpolation sends=51561 bytes=198736200 collective_rank_calls=448
AMG setup messages level=1 phase=interpolation-transpose sends=8355 bytes=59442128 collective_rank_calls=448
AMG setup messages level=1 phase=A*P sends=28764 bytes=349425680 collective_rank_calls=448
AMG setup messages level=1 phase=R*(A*P) sends=25065 bytes=884906064 collective_rank_calls=448
AMG setup messages level=2 phase=strength sends=0 bytes=0 collective_rank_calls=448
AMG setup messages level=2 phase=strength-transpose sends=9546 bytes=72745152 collective_rank_calls=448
AMG setup messages level=2 phase=PMIS sends=230716 bytes=115508808 collective_rank_calls=5376
AMG setup messages level=2 phase=numbering sends=0 bytes=0 collective_rank_calls=448
AMG setup messages level=2 phase=interpolation sends=56463 bytes=76809416 collective_rank_calls=448
AMG setup messages level=2 phase=interpolation-transpose sends=8198 bytes=17567424 collective_rank_calls=448
AMG setup messages level=2 phase=A*P sends=32766 bytes=142062624 collective_rank_calls=448
AMG setup messages level=2 phase=R*(A*P) sends=24594 bytes=398836640 collective_rank_calls=448
AMG setup messages level=3 phase=strength sends=0 bytes=0 collective_rank_calls=448
AMG setup messages level=3 phase=strength-transpose sends=9523 bytes=17730560 collective_rank_calls=448
AMG setup messages level=3 phase=PMIS sends=212302 bytes=27789288 collective_rank_calls=4928
AMG setup messages level=3 phase=numbering sends=0 bytes=0 collective_rank_calls=448
AMG setup messages level=3 phase=interpolation sends=56304 bytes=20092936 collective_rank_calls=448
AMG setup messages level=3 phase=interpolation-transpose sends=7220 bytes=4308656 collective_rank_calls=448
AMG setup messages level=3 phase=A*P sends=33906 bytes=47293392 collective_rank_calls=448
AMG setup messages level=3 phase=R*(A*P) sends=21660 bytes=116741712 collective_rank_calls=448
AMG setup messages level=4 phase=strength sends=0 bytes=0 collective_rank_calls=448
AMG setup messages level=4 phase=strength-transpose sends=9212 bytes=3497164 collective_rank_calls=448
AMG setup messages level=4 phase=PMIS sends=174796 bytes=6182752 collective_rank_calls=4032
AMG setup messages level=4 phase=numbering sends=0 bytes=0 collective_rank_calls=448
AMG setup messages level=4 phase=interpolation sends=53655 bytes=4677036 collective_rank_calls=448
AMG setup messages level=4 phase=interpolation-transpose sends=5542 bytes=1136816 collective_rank_calls=448
AMG setup messages level=4 phase=A*P sends=55590 bytes=18580848 collective_rank_calls=448
AMG setup messages level=4 phase=R*(A*P) sends=16626 bytes=30569568 collective_rank_calls=448
AMG setup messages level=5 phase=strength sends=0 bytes=0 collective_rank_calls=448
AMG setup messages level=5 phase=strength-transpose sends=6894 bytes=659796 collective_rank_calls=448
AMG setup messages level=5 phase=PMIS sends=124884 bytes=1470036 collective_rank_calls=3584
AMG setup messages level=5 phase=numbering sends=0 bytes=0 collective_rank_calls=448
AMG setup messages level=5 phase=interpolation sends=37047 bytes=822356 collective_rank_calls=448
AMG setup messages level=5 phase=interpolation-transpose sends=2655 bytes=285328 collective_rank_calls=448
AMG setup messages level=5 phase=A*P sends=96066 bytes=8006048 collective_rank_calls=448
AMG setup messages level=5 phase=R*(A*P) sends=7965 bytes=6418848 collective_rank_calls=448
AMG setup messages level=6 phase=strength sends=0 bytes=0 collective_rank_calls=448
AMG setup messages level=6 phase=strength-transpose sends=1973 bytes=146316 collective_rank_calls=448
AMG setup messages level=6 phase=PMIS sends=27644 bytes=261856 collective_rank_calls=2240
AMG setup messages level=6 phase=numbering sends=0 bytes=0 collective_rank_calls=448
AMG setup messages level=6 phase=interpolation sends=9159 bytes=127120 collective_rank_calls=448
AMG setup messages level=6 phase=interpolation-transpose sends=884 bytes=83872 collective_rank_calls=448
AMG setup messages level=6 phase=A*P sends=49488 bytes=2245712 collective_rank_calls=448
AMG setup messages level=6 phase=R*(A*P) sends=2652 bytes=1086656 collective_rank_calls=448
AMG setup messages level=7 phase=strength sends=0 bytes=0 collective_rank_calls=448
AMG setup messages level=7 phase=strength-transpose sends=540 bytes=52100 collective_rank_calls=448
AMG setup messages level=7 phase=PMIS sends=3702 bytes=62432 collective_rank_calls=896
AMG setup messages level=7 phase=numbering sends=0 bytes=0 collective_rank_calls=448
AMG setup messages level=7 phase=interpolation sends=2970 bytes=26860 collective_rank_calls=448
AMG setup messages level=7 phase=interpolation-transpose sends=177 bytes=18336 collective_rank_calls=448
AMG setup messages level=7 phase=A*P sends=10344 bytes=334976 collective_rank_calls=448
AMG setup messages level=7 phase=R*(A*P) sends=531 bytes=37360 collective_rank_calls=448
GMRES: iter = 0, residual = 0.2373366915, 1 (rel.)
GMRES: iter = 1, residual = 0.2209052499, 0.9307673771 (rel.)
GMRES: iter = 2, residual = 0.2161095133, 0.9105609077 (rel.)
GMRES: iter = 3, residual = 0.2143718424, 0.9032393643 (rel.)
GMRES: iter = 4, residual = 0.2134792805, 0.8994786231 (rel.)
GMRES: iter = 5, residual = 0.2095593617, 0.8829623448 (rel.)
GMRES: iter = 6, residual = 0.2051829756, 0.8645227767 (rel.)
GMRES: iter = 7, residual = 0.2013831966, 0.8485126986 (rel.)
GMRES: iter = 8, residual = 0.1969629256, 0.8298882246 (rel.)
GMRES: iter = 9, residual = 0.1905702454, 0.8029531557 (rel.)
GMRES: iter = 10, residual = 0.1794385207, 0.7560504848 (rel.)
GMRES: Solve Time = 3.174911279
The cloud-layer FLD system Newton 15: residual=0.2277144722, GMRES rtol=0.8285028504
AMG setup messages level=0 phase=strength sends=0 bytes=0 collective_rank_calls=448
AMG setup messages level=0 phase=strength-transpose sends=3519 bytes=143874328 collective_rank_calls=448
AMG setup messages level=0 phase=PMIS sends=66692 bytes=420373088 collective_rank_calls=4032
AMG setup messages level=0 phase=numbering sends=0 bytes=0 collective_rank_calls=448
AMG setup messages level=0 phase=interpolation sends=21114 bytes=192087544 collective_rank_calls=448
AMG setup messages level=0 phase=interpolation-transpose sends=7594 bytes=74279840 collective_rank_calls=448
AMG setup messages level=0 phase=A*P sends=11562 bytes=357740512 collective_rank_calls=448
AMG setup messages level=0 phase=R*(A*P) sends=22782 bytes=526809872 collective_rank_calls=448
AMG setup messages level=1 phase=strength sends=0 bytes=0 collective_rank_calls=448
AMG setup messages level=1 phase=strength-transpose sends=8625 bytes=167281208 collective_rank_calls=448
AMG setup messages level=1 phase=PMIS sends=190506 bytes=319430944 collective_rank_calls=4928
AMG setup messages level=1 phase=numbering sends=0 bytes=0 collective_rank_calls=448
AMG setup messages level=1 phase=interpolation sends=51234 bytes=198685320 collective_rank_calls=448
AMG setup messages level=1 phase=interpolation-transpose sends=8359 bytes=59366544 collective_rank_calls=448
AMG setup messages level=1 phase=A*P sends=28686 bytes=349453952 collective_rank_calls=448
AMG setup messages level=1 phase=R*(A*P) sends=25077 bytes=884367456 collective_rank_calls=448
AMG setup messages level=2 phase=strength sends=0 bytes=0 collective_rank_calls=448
AMG setup messages level=2 phase=strength-transpose sends=9544 bytes=72712596 collective_rank_calls=448
AMG setup messages level=2 phase=PMIS sends=231162 bytes=115550536 collective_rank_calls=5376
AMG setup messages level=2 phase=numbering sends=0 bytes=0 collective_rank_calls=448
AMG setup messages level=2 phase=interpolation sends=56505 bytes=76916544 collective_rank_calls=448
AMG setup messages level=2 phase=interpolation-transpose sends=8180 bytes=17523392 collective_rank_calls=448
AMG setup messages level=2 phase=A*P sends=32766 bytes=141900304 collective_rank_calls=448
AMG setup messages level=2 phase=R*(A*P) sends=24540 bytes=398191424 collective_rank_calls=448
AMG setup messages level=3 phase=strength sends=0 bytes=0 collective_rank_calls=448
AMG setup messages level=3 phase=strength-transpose sends=9572 bytes=17766336 collective_rank_calls=448
AMG setup messages level=3 phase=PMIS sends=213512 bytes=27793080 collective_rank_calls=4928
AMG setup messages level=3 phase=numbering sends=0 bytes=0 collective_rank_calls=448
AMG setup messages level=3 phase=interpolation sends=56487 bytes=20126872 collective_rank_calls=448
AMG setup messages level=3 phase=interpolation-transpose sends=7221 bytes=4325008 collective_rank_calls=448
AMG setup messages level=3 phase=A*P sends=34020 bytes=47219536 collective_rank_calls=448
AMG setup messages level=3 phase=R*(A*P) sends=21663 bytes=116546672 collective_rank_calls=448
AMG setup messages level=4 phase=strength sends=0 bytes=0 collective_rank_calls=448
AMG setup messages level=4 phase=strength-transpose sends=9184 bytes=3519176 collective_rank_calls=448
AMG setup messages level=4 phase=PMIS sends=173472 bytes=6183488 collective_rank_calls=4032
AMG setup messages level=4 phase=numbering sends=0 bytes=0 collective_rank_calls=448
AMG setup messages level=4 phase=interpolation sends=53430 bytes=4670544 collective_rank_calls=448
AMG setup messages level=4 phase=interpolation-transpose sends=5497 bytes=1127440 collective_rank_calls=448
AMG setup messages level=4 phase=A*P sends=55578 bytes=18545408 collective_rank_calls=448
AMG setup messages level=4 phase=R*(A*P) sends=16491 bytes=29860384 collective_rank_calls=448
AMG setup messages level=5 phase=strength sends=0 bytes=0 collective_rank_calls=448
AMG setup messages level=5 phase=strength-transpose sends=6750 bytes=648528 collective_rank_calls=448
AMG setup messages level=5 phase=PMIS sends=106996 bytes=1277888 collective_rank_calls=3136
AMG setup messages level=5 phase=numbering sends=0 bytes=0 collective_rank_calls=448
AMG setup messages level=5 phase=interpolation sends=36603 bytes=809552 collective_rank_calls=448
AMG setup messages level=5 phase=interpolation-transpose sends=2649 bytes=277616 collective_rank_calls=448
AMG setup messages level=5 phase=A*P sends=94158 bytes=7688784 collective_rank_calls=448
AMG setup messages level=5 phase=R*(A*P) sends=7947 bytes=6098528 collective_rank_calls=448
AMG setup messages level=6 phase=strength sends=0 bytes=0 collective_rank_calls=448
AMG setup messages level=6 phase=strength-transpose sends=1777 bytes=128628 collective_rank_calls=448
AMG setup messages level=6 phase=PMIS sends=20551 bytes=204584 collective_rank_calls=1792
AMG setup messages level=6 phase=numbering sends=0 bytes=0 collective_rank_calls=448
AMG setup messages level=6 phase=interpolation sends=7998 bytes=106476 collective_rank_calls=448
AMG setup messages level=6 phase=interpolation-transpose sends=872 bytes=76192 collective_rank_calls=448
AMG setup messages level=6 phase=A*P sends=48486 bytes=2091456 collective_rank_calls=448
AMG setup messages level=6 phase=R*(A*P) sends=2616 bytes=1015616 collective_rank_calls=448
AMG setup messages level=7 phase=strength sends=0 bytes=0 collective_rank_calls=448
AMG setup messages level=7 phase=strength-transpose sends=466 bytes=48208 collective_rank_calls=448
AMG setup messages level=7 phase=PMIS sends=3154 bytes=57472 collective_rank_calls=896
AMG setup messages level=7 phase=numbering sends=0 bytes=0 collective_rank_calls=448
AMG setup messages level=7 phase=interpolation sends=2526 bytes=23084 collective_rank_calls=448
AMG setup messages level=7 phase=interpolation-transpose sends=159 bytes=17104 collective_rank_calls=448
AMG setup messages level=7 phase=A*P sends=9330 bytes=306624 collective_rank_calls=448
AMG setup messages level=7 phase=R*(A*P) sends=477 bytes=35168 collective_rank_calls=448
GMRES: iter = 0, residual = 0.2280231965, 1 (rel.)
GMRES: iter = 1, residual = 0.2028192898, 0.8894677953 (rel.)
GMRES: iter = 2, residual = 0.1954900206, 0.8573251476 (rel.)
GMRES: iter = 3, residual = 0.193279355, 0.8476302323 (rel.)
GMRES: iter = 4, residual = 0.1927800988, 0.845440735 (rel.)
GMRES: iter = 5, residual = 0.1890942651, 0.8292764421 (rel.)
GMRES: iter = 6, residual = 0.1835804472, 0.8050954906 (rel.)
GMRES: Solve Time = 1.960891378
The cloud-layer FLD system Newton 16: residual=0.2074190418, GMRES rtol=0.74470059
AMG setup messages level=0 phase=strength sends=0 bytes=0 collective_rank_calls=448
AMG setup messages level=0 phase=strength-transpose sends=3519 bytes=143882140 collective_rank_calls=448
AMG setup messages level=0 phase=PMIS sends=74065 bytes=461993212 collective_rank_calls=4480
AMG setup messages level=0 phase=numbering sends=0 bytes=0 collective_rank_calls=448
AMG setup messages level=0 phase=interpolation sends=21114 bytes=192084900 collective_rank_calls=448
AMG setup messages level=0 phase=interpolation-transpose sends=7611 bytes=74224512 collective_rank_calls=448
AMG setup messages level=0 phase=A*P sends=11562 bytes=357724352 collective_rank_calls=448
AMG setup messages level=0 phase=R*(A*P) sends=22833 bytes=526346928 collective_rank_calls=448
AMG setup messages level=1 phase=strength sends=0 bytes=0 collective_rank_calls=448
AMG setup messages level=1 phase=strength-transpose sends=8670 bytes=167301772 collective_rank_calls=448
AMG setup messages level=1 phase=PMIS sends=226372 bytes=372349904 collective_rank_calls=5824
AMG setup messages level=1 phase=numbering sends=0 bytes=0 collective_rank_calls=448
AMG setup messages level=1 phase=interpolation sends=51504 bytes=198783196 collective_rank_calls=448
AMG setup messages level=1 phase=interpolation-transpose sends=8333 bytes=59413552 collective_rank_calls=448
AMG setup messages level=1 phase=A*P sends=28878 bytes=349486640 collective_rank_calls=448
AMG setup messages level=1 phase=R*(A*P) sends=24999 bytes=885038112 collective_rank_calls=448
AMG setup messages level=2 phase=strength sends=0 bytes=0 collective_rank_calls=448
AMG setup messages level=2 phase=strength-transpose sends=9483 bytes=72733012 collective_rank_calls=448
AMG setup messages level=2 phase=PMIS sends=229269 bytes=115576460 collective_rank_calls=5376
AMG setup messages level=2 phase=numbering sends=0 bytes=0 collective_rank_calls=448
AMG setup messages level=2 phase=interpolation sends=56304 bytes=76904804 collective_rank_calls=448
AMG setup messages level=2 phase=interpolation-transpose sends=8168 bytes=17538576 collective_rank_calls=448
AMG setup messages level=2 phase=A*P sends=32664 bytes=141912784 collective_rank_calls=448
AMG setup messages level=2 phase=R*(A*P) sends=24504 bytes=398902400 collective_rank_calls=448
AMG setup messages level=3 phase=strength sends=0 bytes=0 collective_rank_calls=448
AMG setup messages level=3 phase=strength-transpose sends=9520 bytes=17725700 collective_rank_calls=448
AMG setup messages level=3 phase=PMIS sends=212344 bytes=27755176 collective_rank_calls=4928
AMG setup messages level=3 phase=numbering sends=0 bytes=0 collective_rank_calls=448
AMG setup messages level=3 phase=interpolation sends=56313 bytes=20035528 collective_rank_calls=448
AMG setup messages level=3 phase=interpolation-transpose sends=7233 bytes=4319728 collective_rank_calls=448
AMG setup messages level=3 phase=A*P sends=33948 bytes=47205376 collective_rank_calls=448
AMG setup messages level=3 phase=R*(A*P) sends=21699 bytes=117152176 collective_rank_calls=448
AMG setup messages level=4 phase=strength sends=0 bytes=0 collective_rank_calls=448
AMG setup messages level=4 phase=strength-transpose sends=9199 bytes=3496364 collective_rank_calls=448
AMG setup messages level=4 phase=PMIS sends=174432 bytes=6196784 collective_rank_calls=4032
AMG setup messages level=4 phase=numbering sends=0 bytes=0 collective_rank_calls=448
AMG setup messages level=4 phase=interpolation sends=53568 bytes=4663088 collective_rank_calls=448
AMG setup messages level=4 phase=interpolation-transpose sends=5415 bytes=1110016 collective_rank_calls=448
AMG setup messages level=4 phase=A*P sends=55236 bytes=18473024 collective_rank_calls=448
AMG setup messages level=4 phase=R*(A*P) sends=16245 bytes=29536064 collective_rank_calls=448
AMG setup messages level=5 phase=strength sends=0 bytes=0 collective_rank_calls=448
AMG setup messages level=5 phase=strength-transpose sends=6662 bytes=656984 collective_rank_calls=448
AMG setup messages level=5 phase=PMIS sends=106548 bytes=1303928 collective_rank_calls=3136
AMG setup messages level=5 phase=numbering sends=0 bytes=0 collective_rank_calls=448
AMG setup messages level=5 phase=interpolation sends=35781 bytes=810716 collective_rank_calls=448
AMG setup messages level=5 phase=interpolation-transpose sends=2573 bytes=295776 collective_rank_calls=448
AMG setup messages level=5 phase=A*P sends=92178 bytes=7881856 collective_rank_calls=448
AMG setup messages level=5 phase=R*(A*P) sends=7719 bytes=6344176 collective_rank_calls=448
AMG setup messages level=6 phase=strength sends=0 bytes=0 collective_rank_calls=448
AMG setup messages level=6 phase=strength-transpose sends=1948 bytes=147396 collective_rank_calls=448
AMG setup messages level=6 phase=PMIS sends=27292 bytes=270528 collective_rank_calls=2240
AMG setup messages level=6 phase=numbering sends=0 bytes=0 collective_rank_calls=448
AMG setup messages level=6 phase=interpolation sends=9111 bytes=149416 collective_rank_calls=448
AMG setup messages level=6 phase=interpolation-transpose sends=998 bytes=98976 collective_rank_calls=448
AMG setup messages level=6 phase=A*P sends=45204 bytes=2197840 collective_rank_calls=448
AMG setup messages level=6 phase=R*(A*P) sends=2994 bytes=1257840 collective_rank_calls=448
AMG setup messages level=7 phase=strength sends=0 bytes=0 collective_rank_calls=448
AMG setup messages level=7 phase=strength-transpose sends=474 bytes=38924 collective_rank_calls=448
AMG setup messages level=7 phase=PMIS sends=4476 bytes=55000 collective_rank_calls=1344
AMG setup messages level=7 phase=numbering sends=0 bytes=0 collective_rank_calls=448
AMG setup messages level=7 phase=interpolation sends=2349 bytes=23056 collective_rank_calls=448
AMG setup messages level=7 phase=interpolation-transpose sends=159 bytes=14304 collective_rank_calls=448
AMG setup messages level=7 phase=A*P sends=12438 bytes=312368 collective_rank_calls=448
AMG setup messages level=7 phase=R*(A*P) sends=477 bytes=27936 collective_rank_calls=448
GMRES: iter = 0, residual = 0.2076853637, 1 (rel.)
GMRES: iter = 1, residual = 0.189953439, 0.9146212114 (rel.)
GMRES: iter = 2, residual = 0.1834901333, 0.883500551 (rel.)
GMRES: iter = 3, residual = 0.1808090336, 0.870591121 (rel.)
GMRES: iter = 4, residual = 0.1802077213, 0.8676958165 (rel.)
GMRES: iter = 5, residual = 0.1752889223, 0.8440119185 (rel.)
GMRES: iter = 6, residual = 0.1637175012, 0.7882958059 (rel.)
GMRES: iter = 7, residual = 0.1519038642, 0.7314134296 (rel.)
GMRES: Solve Time = 2.257114134
The cloud-layer FLD system Newton 17: residual=0.1999862316, GMRES rtol=0.8345087989
AMG setup messages level=0 phase=strength sends=0 bytes=0 collective_rank_calls=448
AMG setup messages level=0 phase=strength-transpose sends=3519 bytes=143888160 collective_rank_calls=448
AMG setup messages level=0 phase=PMIS sends=74065 bytes=462012392 collective_rank_calls=4480
AMG setup messages level=0 phase=numbering sends=0 bytes=0 collective_rank_calls=448
AMG setup messages level=0 phase=interpolation sends=21114 bytes=192170272 collective_rank_calls=448
AMG setup messages level=0 phase=interpolation-transpose sends=7597 bytes=74186528 collective_rank_calls=448
AMG setup messages level=0 phase=A*P sends=11562 bytes=357777312 collective_rank_calls=448
AMG setup messages level=0 phase=R*(A*P) sends=22791 bytes=526504016 collective_rank_calls=448
AMG setup messages level=1 phase=strength sends=0 bytes=0 collective_rank_calls=448
AMG setup messages level=1 phase=strength-transpose sends=8621 bytes=167237408 collective_rank_calls=448
AMG setup messages level=1 phase=PMIS sends=207801 bytes=345709848 collective_rank_calls=5376
AMG setup messages level=1 phase=numbering sends=0 bytes=0 collective_rank_calls=448
AMG setup messages level=1 phase=interpolation sends=51309 bytes=198706688 collective_rank_calls=448
AMG setup messages level=1 phase=interpolation-transpose sends=8320 bytes=59312112 collective_rank_calls=448
AMG setup messages level=1 phase=A*P sends=28746 bytes=349388800 collective_rank_calls=448
AMG setup messages level=1 phase=R*(A*P) sends=24960 bytes=884311440 collective_rank_calls=448
AMG setup messages level=2 phase=strength sends=0 bytes=0 collective_rank_calls=448
AMG setup messages level=2 phase=strength-transpose sends=9520 bytes=72794552 collective_rank_calls=448
AMG setup messages level=2 phase=PMIS sends=230404 bytes=115627568 collective_rank_calls=5376
AMG setup messages level=2 phase=numbering sends=0 bytes=0 collective_rank_calls=448
AMG setup messages level=2 phase=interpolation sends=56391 bytes=76908040 collective_rank_calls=448
AMG setup messages level=2 phase=interpolation-transpose sends=8163 bytes=17567296 collective_rank_calls=448
AMG setup messages level=2 phase=A*P sends=32748 bytes=141958736 collective_rank_calls=448
AMG setup messages level=2 phase=R*(A*P) sends=24489 bytes=398669984 collective_rank_calls=448
AMG setup messages level=3 phase=strength sends=0 bytes=0 collective_rank_calls=448
AMG setup messages level=3 phase=strength-transpose sends=9517 bytes=17767644 collective_rank_calls=448
AMG setup messages level=3 phase=PMIS sends=212170 bytes=27809264 collective_rank_calls=4928
AMG setup messages level=3 phase=numbering sends=0 bytes=0 collective_rank_calls=448
AMG setup messages level=3 phase=interpolation sends=56202 bytes=20084928 collective_rank_calls=448
AMG setup messages level=3 phase=interpolation-transpose sends=7211 bytes=4322112 collective_rank_calls=448
AMG setup messages level=3 phase=A*P sends=33798 bytes=47153776 collective_rank_calls=448
AMG setup messages level=3 phase=R*(A*P) sends=21633 bytes=117052096 collective_rank_calls=448
AMG setup messages level=4 phase=strength sends=0 bytes=0 collective_rank_calls=448
AMG setup messages level=4 phase=strength-transpose sends=9200 bytes=3491288 collective_rank_calls=448
AMG setup messages level=4 phase=PMIS sends=174420 bytes=6156000 collective_rank_calls=4032
AMG setup messages level=4 phase=numbering sends=0 bytes=0 collective_rank_calls=448
AMG setup messages level=4 phase=interpolation sends=53598 bytes=4649408 collective_rank_calls=448
AMG setup messages level=4 phase=interpolation-transpose sends=5493 bytes=1108160 collective_rank_calls=448
AMG setup messages level=4 phase=A*P sends=55914 bytes=18410960 collective_rank_calls=448
AMG setup messages level=4 phase=R*(A*P) sends=16479 bytes=29975872 collective_rank_calls=448
AMG setup messages level=5 phase=strength sends=0 bytes=0 collective_rank_calls=448
AMG setup messages level=5 phase=strength-transpose sends=6680 bytes=658096 collective_rank_calls=448
AMG setup messages level=5 phase=PMIS sends=122504 bytes=1463300 collective_rank_calls=3584
AMG setup messages level=5 phase=numbering sends=0 bytes=0 collective_rank_calls=448
AMG setup messages level=5 phase=interpolation sends=36177 bytes=772388 collective_rank_calls=448
AMG setup messages level=5 phase=interpolation-transpose sends=2782 bytes=297648 collective_rank_calls=448
AMG setup messages level=5 phase=A*P sends=93666 bytes=8071664 collective_rank_calls=448
AMG setup messages level=5 phase=R*(A*P) sends=8346 bytes=6898336 collective_rank_calls=448
AMG setup messages level=6 phase=strength sends=0 bytes=0 collective_rank_calls=448
AMG setup messages level=6 phase=strength-transpose sends=1921 bytes=135612 collective_rank_calls=448
AMG setup messages level=6 phase=PMIS sends=21663 bytes=219164 collective_rank_calls=1792
AMG setup messages level=6 phase=numbering sends=0 bytes=0 collective_rank_calls=448
AMG setup messages level=6 phase=interpolation sends=8940 bytes=105184 collective_rank_calls=448
AMG setup messages level=6 phase=interpolation-transpose sends=937 bytes=78064 collective_rank_calls=448
AMG setup messages level=6 phase=A*P sends=51024 bytes=2291664 collective_rank_calls=448
AMG setup messages level=6 phase=R*(A*P) sends=2811 bytes=1300320 collective_rank_calls=448
AMG setup messages level=7 phase=strength sends=0 bytes=0 collective_rank_calls=448
AMG setup messages level=7 phase=strength-transpose sends=464 bytes=40972 collective_rank_calls=448
AMG setup messages level=7 phase=PMIS sends=3170 bytes=54048 collective_rank_calls=896
AMG setup messages level=7 phase=numbering sends=0 bytes=0 collective_rank_calls=448
AMG setup messages level=7 phase=interpolation sends=2214 bytes=18172 collective_rank_calls=448
AMG setup messages level=7 phase=interpolation-transpose sends=188 bytes=20064 collective_rank_calls=448
AMG setup messages level=7 phase=A*P sends=10644 bytes=345632 collective_rank_calls=448
AMG setup messages level=7 phase=R*(A*P) sends=564 bytes=41168 collective_rank_calls=448
GMRES: iter = 0, residual = 0.2002146048, 1 (rel.)
GMRES: iter = 1, residual = 0.1753232839, 0.875676797 (rel.)
GMRES: iter = 2, residual = 0.1661506951, 0.8298630122 (rel.)
GMRES: Solve Time = 0.758102784
The cloud-layer FLD system Newton 18: residual=0.168175745, GMRES rtol=0.635005843
AMG setup messages level=0 phase=strength sends=0 bytes=0 collective_rank_calls=448
AMG setup messages level=0 phase=strength-transpose sends=3519 bytes=143891800 collective_rank_calls=448
AMG setup messages level=0 phase=PMIS sends=74065 bytes=462023832 collective_rank_calls=4480
AMG setup messages level=0 phase=numbering sends=0 bytes=0 collective_rank_calls=448
AMG setup messages level=0 phase=interpolation sends=21114 bytes=191953560 collective_rank_calls=448
AMG setup messages level=0 phase=interpolation-transpose sends=7609 bytes=74110736 collective_rank_calls=448
AMG setup messages level=0 phase=A*P sends=11562 bytes=357687792 collective_rank_calls=448
AMG setup messages level=0 phase=R*(A*P) sends=22827 bytes=525865264 collective_rank_calls=448
AMG setup messages level=1 phase=strength sends=0 bytes=0 collective_rank_calls=448
AMG setup messages level=1 phase=strength-transpose sends=8651 bytes=167380684 collective_rank_calls=448
AMG setup messages level=1 phase=PMIS sends=191078 bytes=319568040 collective_rank_calls=4928
AMG setup messages level=1 phase=numbering sends=0 bytes=0 collective_rank_calls=448
AMG setup messages level=1 phase=interpolation sends=51447 bytes=198909744 collective_rank_calls=448
AMG setup messages level=1 phase=interpolation-transpose sends=8319 bytes=59309504 collective_rank_calls=448
AMG setup messages level=1 phase=A*P sends=28794 bytes=349518128 collective_rank_calls=448
AMG setup messages level=1 phase=R*(A*P) sends=24957 bytes=883737088 collective_rank_calls=448
AMG setup messages level=2 phase=strength sends=0 bytes=0 collective_rank_calls=448
AMG setup messages level=2 phase=strength-transpose sends=9539 bytes=72836092 collective_rank_calls=448
AMG setup messages level=2 phase=PMIS sends=230821 bytes=115674208 collective_rank_calls=5376
AMG setup messages level=2 phase=numbering sends=0 bytes=0 collective_rank_calls=448
AMG setup messages level=2 phase=interpolation sends=56511 bytes=76937280 collective_rank_calls=448
AMG setup messages level=2 phase=interpolation-transpose sends=8196 bytes=17567584 collective_rank_calls=448
AMG setup messages level=2 phase=A*P sends=32772 bytes=141950304 collective_rank_calls=448
AMG setup messages level=2 phase=R*(A*P) sends=24588 bytes=398893888 collective_rank_calls=448
AMG setup messages level=3 phase=strength sends=0 bytes=0 collective_rank_calls=448
AMG setup messages level=3 phase=strength-transpose sends=9558 bytes=17732352 collective_rank_calls=448
AMG setup messages level=3 phase=PMIS sends=213036 bytes=27770168 collective_rank_calls=4928
AMG setup messages level=3 phase=numbering sends=0 bytes=0 collective_rank_calls=448
AMG setup messages level=3 phase=interpolation sends=56301 bytes=20071424 collective_rank_calls=448
AMG setup messages level=3 phase=interpolation-transpose sends=7273 bytes=4315072 collective_rank_calls=448
AMG setup messages level=3 phase=A*P sends=33948 bytes=47061744 collective_rank_calls=448
AMG setup messages level=3 phase=R*(A*P) sends=21819 bytes=115974656 collective_rank_calls=448
AMG setup messages level=4 phase=strength sends=0 bytes=0 collective_rank_calls=448
AMG setup messages level=4 phase=strength-transpose sends=9288 bytes=3520252 collective_rank_calls=448
AMG setup messages level=4 phase=PMIS sends=176424 bytes=6188288 collective_rank_calls=4032
AMG setup messages level=4 phase=numbering sends=0 bytes=0 collective_rank_calls=448
AMG setup messages level=4 phase=interpolation sends=54177 bytes=4643860 collective_rank_calls=448
AMG setup messages level=4 phase=interpolation-transpose sends=5564 bytes=1119280 collective_rank_calls=448
AMG setup messages level=4 phase=A*P sends=54882 bytes=18456800 collective_rank_calls=448
AMG setup messages level=4 phase=R*(A*P) sends=16692 bytes=30163280 collective_rank_calls=448
AMG setup messages level=5 phase=strength sends=0 bytes=0 collective_rank_calls=448
AMG setup messages level=5 phase=strength-transpose sends=6819 bytes=647452 collective_rank_calls=448
AMG setup messages level=5 phase=PMIS sends=138672 bytes=1584752 collective_rank_calls=4032
AMG setup messages level=5 phase=numbering sends=0 bytes=0 collective_rank_calls=448
AMG setup messages level=5 phase=interpolation sends=36864 bytes=814332 collective_rank_calls=448
AMG setup messages level=5 phase=interpolation-transpose sends=2525 bytes=278928 collective_rank_calls=448
AMG setup messages level=5 phase=A*P sends=94398 bytes=7774512 collective_rank_calls=448
AMG setup messages level=5 phase=R*(A*P) sends=7575 bytes=6014320 collective_rank_calls=448
AMG setup messages level=6 phase=strength sends=0 bytes=0 collective_rank_calls=448
AMG setup messages level=6 phase=strength-transpose sends=1806 bytes=136140 collective_rank_calls=448
AMG setup messages level=6 phase=PMIS sends=25752 bytes=249744 collective_rank_calls=2240
AMG setup messages level=6 phase=numbering sends=0 bytes=0 collective_rank_calls=448
AMG setup messages level=6 phase=interpolation sends=8646 bytes=107660 collective_rank_calls=448
AMG setup messages level=6 phase=interpolation-transpose sends=823 bytes=77616 collective_rank_calls=448
AMG setup messages level=6 phase=A*P sends=45810 bytes=2017424 collective_rank_calls=448
AMG setup messages level=6 phase=R*(A*P) sends=2469 bytes=964384 collective_rank_calls=448
AMG setup messages level=7 phase=strength sends=0 bytes=0 collective_rank_calls=448
AMG setup messages level=7 phase=strength-transpose sends=442 bytes=39548 collective_rank_calls=448
AMG setup messages level=7 phase=PMIS sends=3070 bytes=45076 collective_rank_calls=896
AMG setup messages level=7 phase=numbering sends=0 bytes=0 collective_rank_calls=448
AMG setup messages level=7 phase=interpolation sends=2343 bytes=21428 collective_rank_calls=448
AMG setup messages level=7 phase=interpolation-transpose sends=189 bytes=17872 collective_rank_calls=448
AMG setup messages level=7 phase=A*P sends=9486 bytes=270736 collective_rank_calls=448
AMG setup messages level=7 phase=R*(A*P) sends=567 bytes=34416 collective_rank_calls=448
GMRES: iter = 0, residual = 0.1682866187, 1 (rel.)
GMRES: iter = 1, residual = 0.1632440224, 0.9700356673 (rel.)
GMRES: iter = 2, residual = 0.1612052093, 0.9579205443 (rel.)
GMRES: iter = 3, residual = 0.1556759486, 0.9250643327 (rel.)
GMRES: iter = 4, residual = 0.1434704714, 0.8525364202 (rel.)
GMRES: iter = 5, residual = 0.1249915395, 0.7427301139 (rel.)
GMRES: iter = 6, residual = 0.1058699447, 0.6291049495 (rel.)
GMRES: Solve Time = 1.952858913
The cloud-layer FLD system Newton 19: residual=0.1681979916, GMRES rtol=0.899052291
AMG setup messages level=0 phase=strength sends=0 bytes=0 collective_rank_calls=448
AMG setup messages level=0 phase=strength-transpose sends=3519 bytes=143896476 collective_rank_calls=448
AMG setup messages level=0 phase=PMIS sends=66692 bytes=420436320 collective_rank_calls=4032
AMG setup messages level=0 phase=numbering sends=0 bytes=0 collective_rank_calls=448
AMG setup messages level=0 phase=interpolation sends=21114 bytes=192148212 collective_rank_calls=448
AMG setup messages level=0 phase=interpolation-transpose sends=7575 bytes=74158272 collective_rank_calls=448
AMG setup messages level=0 phase=A*P sends=11562 bytes=357801344 collective_rank_calls=448
AMG setup messages level=0 phase=R*(A*P) sends=22725 bytes=526599664 collective_rank_calls=448
AMG setup messages level=1 phase=strength sends=0 bytes=0 collective_rank_calls=448
AMG setup messages level=1 phase=strength-transpose sends=8606 bytes=167345744 collective_rank_calls=448
AMG setup messages level=1 phase=PMIS sends=207376 bytes=345885084 collective_rank_calls=5376
AMG setup messages level=1 phase=numbering sends=0 bytes=0 collective_rank_calls=448
AMG setup messages level=1 phase=interpolation sends=51123 bytes=198812188 collective_rank_calls=448
AMG setup messages level=1 phase=interpolation-transpose sends=8346 bytes=59322144 collective_rank_calls=448
AMG setup messages level=1 phase=A*P sends=28614 bytes=349461808 collective_rank_calls=448
AMG setup messages level=1 phase=R*(A*P) sends=25038 bytes=884092256 collective_rank_calls=448
AMG setup messages level=2 phase=strength sends=0 bytes=0 collective_rank_calls=448
AMG setup messages level=2 phase=strength-transpose sends=9527 bytes=72693516 collective_rank_calls=448
AMG setup messages level=2 phase=PMIS sends=211142 bytes=106583296 collective_rank_calls=4928
AMG setup messages level=2 phase=numbering sends=0 bytes=0 collective_rank_calls=448
AMG setup messages level=2 phase=interpolation sends=56328 bytes=76843296 collective_rank_calls=448
AMG setup messages level=2 phase=interpolation-transpose sends=8187 bytes=17494272 collective_rank_calls=448
AMG setup messages level=2 phase=A*P sends=32730 bytes=141700960 collective_rank_calls=448
AMG setup messages level=2 phase=R*(A*P) sends=24561 bytes=398135584 collective_rank_calls=448
AMG setup messages level=3 phase=strength sends=0 bytes=0 collective_rank_calls=448
AMG setup messages level=3 phase=strength-transpose sends=9544 bytes=17770708 collective_rank_calls=448
AMG setup messages level=3 phase=PMIS sends=232306 bytes=30118848 collective_rank_calls=5376
AMG setup messages level=3 phase=numbering sends=0 bytes=0 collective_rank_calls=448
AMG setup messages level=3 phase=interpolation sends=56430 bytes=20158888 collective_rank_calls=448
AMG setup messages level=3 phase=interpolation-transpose sends=7247 bytes=4307088 collective_rank_calls=448
AMG setup messages level=3 phase=A*P sends=33864 bytes=47125504 collective_rank_calls=448
AMG setup messages level=3 phase=R*(A*P) sends=21741 bytes=116203376 collective_rank_calls=448
AMG setup messages level=4 phase=strength sends=0 bytes=0 collective_rank_calls=448
AMG setup messages level=4 phase=strength-transpose sends=9207 bytes=3489376 collective_rank_calls=448
AMG setup messages level=4 phase=PMIS sends=155295 bytes=5554784 collective_rank_calls=3584
AMG setup messages level=4 phase=numbering sends=0 bytes=0 collective_rank_calls=448
AMG setup messages level=4 phase=interpolation sends=53529 bytes=4608152 collective_rank_calls=448
AMG setup messages level=4 phase=interpolation-transpose sends=5459 bytes=1103888 collective_rank_calls=448
AMG setup messages level=4 phase=A*P sends=54798 bytes=18323456 collective_rank_calls=448
AMG setup messages level=4 phase=R*(A*P) sends=16377 bytes=29864192 collective_rank_calls=448
AMG setup messages level=5 phase=strength sends=0 bytes=0 collective_rank_calls=448
AMG setup messages level=5 phase=strength-transpose sends=6723 bytes=648440 collective_rank_calls=448
AMG setup messages level=5 phase=PMIS sends=152291 bytes=1743392 collective_rank_calls=4480
AMG setup messages level=5 phase=numbering sends=0 bytes=0 collective_rank_calls=448
AMG setup messages level=5 phase=interpolation sends=36648 bytes=810952 collective_rank_calls=448
AMG setup messages level=5 phase=interpolation-transpose sends=2739 bytes=292528 collective_rank_calls=448
AMG setup messages level=5 phase=A*P sends=92694 bytes=7816464 collective_rank_calls=448
AMG setup messages level=5 phase=R*(A*P) sends=8217 bytes=6528720 collective_rank_calls=448
AMG setup messages level=6 phase=strength sends=0 bytes=0 collective_rank_calls=448
AMG setup messages level=6 phase=strength-transpose sends=1888 bytes=135444 collective_rank_calls=448
AMG setup messages level=6 phase=PMIS sends=21284 bytes=218024 collective_rank_calls=1792
AMG setup messages level=6 phase=numbering sends=0 bytes=0 collective_rank_calls=448
AMG setup messages level=6 phase=interpolation sends=8919 bytes=104316 collective_rank_calls=448
AMG setup messages level=6 phase=interpolation-transpose sends=867 bytes=73392 collective_rank_calls=448
AMG setup messages level=6 phase=A*P sends=51000 bytes=2081472 collective_rank_calls=448
AMG setup messages level=6 phase=R*(A*P) sends=2601 bytes=1033296 collective_rank_calls=448
AMG setup messages level=7 phase=strength sends=0 bytes=0 collective_rank_calls=448
AMG setup messages level=7 phase=strength-transpose sends=413 bytes=30444 collective_rank_calls=448
AMG setup messages level=7 phase=PMIS sends=2783 bytes=37820 collective_rank_calls=896
AMG setup messages level=7 phase=numbering sends=0 bytes=0 collective_rank_calls=448
AMG setup messages level=7 phase=interpolation sends=1971 bytes=16140 collective_rank_calls=448
AMG setup messages level=7 phase=interpolation-transpose sends=162 bytes=14720 collective_rank_calls=448
AMG setup messages level=7 phase=A*P sends=10338 bytes=269168 collective_rank_calls=448
AMG setup messages level=7 phase=R*(A*P) sends=486 bytes=28080 collective_rank_calls=448
GMRES: iter = 0, residual = 0.1683665223, 1 (rel.)
GMRES: iter = 1, residual = 0.1438207246, 0.854212124 (rel.)
GMRES: Solve Time = 0.461865918
The cloud-layer FLD system Newton 20: residual=0.1435809575, GMRES rtol=0.7274655197
AMG setup messages level=0 phase=strength sends=0 bytes=0 collective_rank_calls=448
AMG setup messages level=0 phase=strength-transpose sends=3519 bytes=143897344 collective_rank_calls=448
AMG setup messages level=0 phase=PMIS sends=66692 bytes=420438560 collective_rank_calls=4032
AMG setup messages level=0 phase=numbering sends=0 bytes=0 collective_rank_calls=448
AMG setup messages level=0 phase=interpolation sends=21114 bytes=192233504 collective_rank_calls=448
AMG setup messages level=0 phase=interpolation-transpose sends=7603 bytes=74137744 collective_rank_calls=448
AMG setup messages level=0 phase=A*P sends=11562 bytes=357843200 collective_rank_calls=448
AMG setup messages level=0 phase=R*(A*P) sends=22809 bytes=526802080 collective_rank_calls=448
AMG setup messages level=1 phase=strength sends=0 bytes=0 collective_rank_calls=448
AMG setup messages level=1 phase=strength-transpose sends=8667 bytes=167349460 collective_rank_calls=448
AMG setup messages level=1 phase=PMIS sends=226224 bytes=372250768 collective_rank_calls=5824
AMG setup messages level=1 phase=numbering sends=0 bytes=0 collective_rank_calls=448
AMG setup messages level=1 phase=interpolation sends=51522 bytes=198797196 collective_rank_calls=448
AMG setup messages level=1 phase=interpolation-transpose sends=8334 bytes=59261056 collective_rank_calls=448
AMG setup messages level=1 phase=A*P sends=29016 bytes=349304224 collective_rank_calls=448
AMG setup messages level=1 phase=R*(A*P) sends=25002 bytes=882969008 collective_rank_calls=448
AMG setup messages level=2 phase=strength sends=0 bytes=0 collective_rank_calls=448
AMG setup messages level=2 phase=strength-transpose sends=9531 bytes=72718364 collective_rank_calls=448
AMG setup messages level=2 phase=PMIS sends=230265 bytes=115478272 collective_rank_calls=5376
AMG setup messages level=2 phase=numbering sends=0 bytes=0 collective_rank_calls=448
AMG setup messages level=2 phase=interpolation sends=56424 bytes=76859504 collective_rank_calls=448
AMG setup messages level=2 phase=interpolation-transpose sends=8222 bytes=17534016 collective_rank_calls=448
AMG setup messages level=2 phase=A*P sends=32712 bytes=141795936 collective_rank_calls=448
AMG setup messages level=2 phase=R*(A*P) sends=24666 bytes=398099872 collective_rank_calls=448
AMG setup messages level=3 phase=strength sends=0 bytes=0 collective_rank_calls=448
AMG setup messages level=3 phase=strength-transpose sends=9530 bytes=17778368 collective_rank_calls=448
AMG setup messages level=3 phase=PMIS sends=212540 bytes=27780360 collective_rank_calls=4928
AMG setup messages level=3 phase=numbering sends=0 bytes=0 collective_rank_calls=448
AMG setup messages level=3 phase=interpolation sends=56331 bytes=20148824 collective_rank_calls=448
AMG setup messages level=3 phase=interpolation-transpose sends=7227 bytes=4303184 collective_rank_calls=448
AMG setup messages level=3 phase=A*P sends=33954 bytes=47112112 collective_rank_calls=448
AMG setup messages level=3 phase=R*(A*P) sends=21681 bytes=115989040 collective_rank_calls=448
AMG setup messages level=4 phase=strength sends=0 bytes=0 collective_rank_calls=448
AMG setup messages level=4 phase=strength-transpose sends=9200 bytes=3511656 collective_rank_calls=448
AMG setup messages level=4 phase=PMIS sends=174460 bytes=6166640 collective_rank_calls=4032
AMG setup messages level=4 phase=numbering sends=0 bytes=0 collective_rank_calls=448
AMG setup messages level=4 phase=interpolation sends=53601 bytes=4689672 collective_rank_calls=448
AMG setup messages level=4 phase=interpolation-transpose sends=5411 bytes=1105920 collective_rank_calls=448
AMG setup messages level=4 phase=A*P sends=55302 bytes=18424384 collective_rank_calls=448
AMG setup messages level=4 phase=R*(A*P) sends=16233 bytes=29557360 collective_rank_calls=448
AMG setup messages level=5 phase=strength sends=0 bytes=0 collective_rank_calls=448
AMG setup messages level=5 phase=strength-transpose sends=6537 bytes=650924 collective_rank_calls=448
AMG setup messages level=5 phase=PMIS sends=118965 bytes=1431892 collective_rank_calls=3584
AMG setup messages level=5 phase=numbering sends=0 bytes=0 collective_rank_calls=448
AMG setup messages level=5 phase=interpolation sends=35241 bytes=800528 collective_rank_calls=448
AMG setup messages level=5 phase=interpolation-transpose sends=2627 bytes=288496 collective_rank_calls=448
AMG setup messages level=5 phase=A*P sends=92838 bytes=7866128 collective_rank_calls=448
AMG setup messages level=5 phase=R*(A*P) sends=7881 bytes=6384576 collective_rank_calls=448
AMG setup messages level=6 phase=strength sends=0 bytes=0 collective_rank_calls=448
AMG setup messages level=6 phase=strength-transpose sends=1904 bytes=138964 collective_rank_calls=448
AMG setup messages level=6 phase=PMIS sends=26864 bytes=255392 collective_rank_calls=2240
AMG setup messages level=6 phase=numbering sends=0 bytes=0 collective_rank_calls=448
AMG setup messages level=6 phase=interpolation sends=9045 bytes=111568 collective_rank_calls=448
AMG setup messages level=6 phase=interpolation-transpose sends=858 bytes=79568 collective_rank_calls=448
AMG setup messages level=6 phase=A*P sends=49944 bytes=2208256 collective_rank_calls=448
AMG setup messages level=6 phase=R*(A*P) sends=2574 bytes=1084848 collective_rank_calls=448
AMG setup messages level=7 phase=strength sends=0 bytes=0 collective_rank_calls=448
AMG setup messages level=7 phase=strength-transpose sends=380 bytes=36076 collective_rank_calls=448
AMG setup messages level=7 phase=PMIS sends=2606 bytes=38388 collective_rank_calls=896
AMG setup messages level=7 phase=numbering sends=0 bytes=0 collective_rank_calls=448
AMG setup messages level=7 phase=interpolation sends=2076 bytes=19624 collective_rank_calls=448
AMG setup messages level=7 phase=interpolation-transpose sends=182 bytes=17200 collective_rank_calls=448
AMG setup messages level=7 phase=A*P sends=11802 bytes=324640 collective_rank_calls=448
AMG setup messages level=7 phase=R*(A*P) sends=546 bytes=33456 collective_rank_calls=448
GMRES: iter = 0, residual = 0.14360516, 1 (rel.)
GMRES: iter = 1, residual = 0.1370337048, 0.9542394217 (rel.)
GMRES: iter = 2, residual = 0.1302806478, 0.907214252 (rel.)
GMRES: iter = 3, residual = 0.1187767869, 0.8271066786 (rel.)
GMRES: iter = 4, residual = 0.103717391, 0.7222400021 (rel.)
GMRES: Solve Time = 1.364390089
The cloud-layer FLD system Newton 21: residual=0.1322185776, GMRES rtol=0.7629347222
AMG setup messages level=0 phase=strength sends=0 bytes=0 collective_rank_calls=448
AMG setup messages level=0 phase=strength-transpose sends=3519 bytes=143902356 collective_rank_calls=448
AMG setup messages level=0 phase=PMIS sends=74065 bytes=462055604 collective_rank_calls=4480
AMG setup messages level=0 phase=numbering sends=0 bytes=0 collective_rank_calls=448
AMG setup messages level=0 phase=interpolation sends=21114 bytes=192201596 collective_rank_calls=448
AMG setup messages level=0 phase=interpolation-transpose sends=7591 bytes=74000752 collective_rank_calls=448
AMG setup messages level=0 phase=A*P sends=11562 bytes=357806848 collective_rank_calls=448
AMG setup messages level=0 phase=R*(A*P) sends=22773 bytes=525985904 collective_rank_calls=448
AMG setup messages level=1 phase=strength sends=0 bytes=0 collective_rank_calls=448
AMG setup messages level=1 phase=strength-transpose sends=8639 bytes=167307036 collective_rank_calls=448
AMG setup messages level=1 phase=PMIS sends=191102 bytes=319303512 collective_rank_calls=4928
AMG setup messages level=1 phase=numbering sends=0 bytes=0 collective_rank_calls=448
AMG setup messages level=1 phase=interpolation sends=51384 bytes=198738708 collective_rank_calls=448
AMG setup messages level=1 phase=interpolation-transpose sends=8340 bytes=59343088 collective_rank_calls=448
AMG setup messages level=1 phase=A*P sends=28758 bytes=349351696 collective_rank_calls=448
AMG setup messages level=1 phase=R*(A*P) sends=25020 bytes=884682464 collective_rank_calls=448
AMG setup messages level=2 phase=strength sends=0 bytes=0 collective_rank_calls=448
AMG setup messages level=2 phase=strength-transpose sends=9490 bytes=72775780 collective_rank_calls=448
AMG setup messages level=2 phase=PMIS sends=248504 bytes=124474560 collective_rank_calls=5824
AMG setup messages level=2 phase=numbering sends=0 bytes=0 collective_rank_calls=448
AMG setup messages level=2 phase=interpolation sends=56238 bytes=76949600 collective_rank_calls=448
AMG setup messages level=2 phase=interpolation-transpose sends=8183 bytes=17515616 collective_rank_calls=448
AMG setup messages level=2 phase=A*P sends=32700 bytes=141780608 collective_rank_calls=448
AMG setup messages level=2 phase=R*(A*P) sends=24549 bytes=398127568 collective_rank_calls=448
AMG setup messages level=3 phase=strength sends=0 bytes=0 collective_rank_calls=448
AMG setup messages level=3 phase=strength-transpose sends=9511 bytes=17739176 collective_rank_calls=448
AMG setup messages level=3 phase=PMIS sends=231475 bytes=30070796 collective_rank_calls=5376
AMG setup messages level=3 phase=numbering sends=0 bytes=0 collective_rank_calls=448
AMG setup messages level=3 phase=interpolation sends=56178 bytes=20037572 collective_rank_calls=448
AMG setup messages level=3 phase=interpolation-transpose sends=7236 bytes=4305616 collective_rank_calls=448
AMG setup messages level=3 phase=A*P sends=33888 bytes=47024304 collective_rank_calls=448
AMG setup messages level=3 phase=R*(A*P) sends=21708 bytes=115674880 collective_rank_calls=448
AMG setup messages level=4 phase=strength sends=0 bytes=0 collective_rank_calls=448
AMG setup messages level=4 phase=strength-transpose sends=9276 bytes=3491932 collective_rank_calls=448
AMG setup messages level=4 phase=PMIS sends=175488 bytes=6140720 collective_rank_calls=4032
AMG setup messages level=4 phase=numbering sends=0 bytes=0 collective_rank_calls=448
AMG setup messages level=4 phase=interpolation sends=54225 bytes=4702492 collective_rank_calls=448
AMG setup messages level=4 phase=interpolation-transpose sends=5414 bytes=1104064 collective_rank_calls=448
AMG setup messages level=4 phase=A*P sends=55554 bytes=18333824 collective_rank_calls=448
AMG setup messages level=4 phase=R*(A*P) sends=16242 bytes=29155184 collective_rank_calls=448
AMG setup messages level=5 phase=strength sends=0 bytes=0 collective_rank_calls=448
AMG setup messages level=5 phase=strength-transpose sends=6662 bytes=641820 collective_rank_calls=448
AMG setup messages level=5 phase=PMIS sends=120542 bytes=1418876 collective_rank_calls=3584
AMG setup messages level=5 phase=numbering sends=0 bytes=0 collective_rank_calls=448
AMG setup messages level=5 phase=interpolation sends=36147 bytes=799948 collective_rank_calls=448
AMG setup messages level=5 phase=interpolation-transpose sends=2671 bytes=279600 collective_rank_calls=448
AMG setup messages level=5 phase=A*P sends=92916 bytes=7623392 collective_rank_calls=448
AMG setup messages level=5 phase=R*(A*P) sends=8013 bytes=6184416 collective_rank_calls=448
AMG setup messages level=6 phase=strength sends=0 bytes=0 collective_rank_calls=448
AMG setup messages level=6 phase=strength-transpose sends=1765 bytes=130196 collective_rank_calls=448
AMG setup messages level=6 phase=PMIS sends=25588 bytes=246208 collective_rank_calls=2240
AMG setup messages level=6 phase=numbering sends=0 bytes=0 collective_rank_calls=448
AMG setup messages level=6 phase=interpolation sends=7947 bytes=97144 collective_rank_calls=448
AMG setup messages level=6 phase=interpolation-transpose sends=887 bytes=77360 collective_rank_calls=448
AMG setup messages level=6 phase=A*P sends=50334 bytes=2036960 collective_rank_calls=448
AMG setup messages level=6 phase=R*(A*P) sends=2661 bytes=926688 collective_rank_calls=448
AMG setup messages level=7 phase=strength sends=0 bytes=0 collective_rank_calls=448
AMG setup messages level=7 phase=strength-transpose sends=410 bytes=32216 collective_rank_calls=448
AMG setup messages level=7 phase=PMIS sends=2810 bytes=41224 collective_rank_calls=896
AMG setup messages level=7 phase=numbering sends=0 bytes=0 collective_rank_calls=448
AMG setup messages level=7 phase=interpolation sends=1977 bytes=16220 collective_rank_calls=448
AMG setup messages level=7 phase=interpolation-transpose sends=162 bytes=15760 collective_rank_calls=448
AMG setup messages level=7 phase=A*P sends=9048 bytes=253472 collective_rank_calls=448
AMG setup messages level=7 phase=R*(A*P) sends=486 bytes=30976 collective_rank_calls=448
GMRES: iter = 0, residual = 0.1323406123, 1 (rel.)
GMRES: iter = 1, residual = 0.1083997255, 0.8190964484 (rel.)
GMRES: iter = 2, residual = 0.09404691841, 0.7106429143 (rel.)
GMRES: Solve Time = 0.759366056
The cloud-layer FLD system Newton 22: residual=0.09625479584, GMRES rtol=0.5238624514
AMG setup messages level=0 phase=strength sends=0 bytes=0 collective_rank_calls=448
AMG setup messages level=0 phase=strength-transpose sends=3519 bytes=143904148 collective_rank_calls=448
AMG setup messages level=0 phase=PMIS sends=66692 bytes=420457856 collective_rank_calls=4032
AMG setup messages level=0 phase=numbering sends=0 bytes=0 collective_rank_calls=448
AMG setup messages level=0 phase=interpolation sends=21114 bytes=192179484 collective_rank_calls=448
AMG setup messages level=0 phase=interpolation-transpose sends=7613 bytes=74035680 collective_rank_calls=448
AMG setup messages level=0 phase=A*P sends=11562 bytes=357826800 collective_rank_calls=448
AMG setup messages level=0 phase=R*(A*P) sends=22839 bytes=526315472 collective_rank_calls=448
AMG setup messages level=1 phase=strength sends=0 bytes=0 collective_rank_calls=448
AMG setup messages level=1 phase=strength-transpose sends=8649 bytes=167328628 collective_rank_calls=448
AMG setup messages level=1 phase=PMIS sends=208291 bytes=345784736 collective_rank_calls=5376
AMG setup messages level=1 phase=numbering sends=0 bytes=0 collective_rank_calls=448
AMG setup messages level=1 phase=interpolation sends=51435 bytes=198918740 collective_rank_calls=448
AMG setup messages level=1 phase=interpolation-transpose sends=8346 bytes=59199184 collective_rank_calls=448
AMG setup messages level=1 phase=A*P sends=28752 bytes=349243056 collective_rank_calls=448
AMG setup messages level=1 phase=R*(A*P) sends=25038 bytes=882539520 collective_rank_calls=448
AMG setup messages level=2 phase=strength sends=0 bytes=0 collective_rank_calls=448
AMG setup messages level=2 phase=strength-transpose sends=9576 bytes=72741812 collective_rank_calls=448
AMG setup messages level=2 phase=PMIS sends=231488 bytes=115541224 collective_rank_calls=5376
AMG setup messages level=2 phase=numbering sends=0 bytes=0 collective_rank_calls=448
AMG setup messages level=2 phase=interpolation sends=56607 bytes=76947388 collective_rank_calls=448
AMG setup messages level=2 phase=interpolation-transpose sends=8191 bytes=17515888 collective_rank_calls=448
AMG setup messages level=2 phase=A*P sends=32796 bytes=141775040 collective_rank_calls=448
AMG setup messages level=2 phase=R*(A*P) sends=24573 bytes=397972576 collective_rank_calls=448
AMG setup messages level=3 phase=strength sends=0 bytes=0 collective_rank_calls=448
AMG setup messages level=3 phase=strength-transpose sends=9594 bytes=17765328 collective_rank_calls=448
AMG setup messages level=3 phase=PMIS sends=213924 bytes=27780480 collective_rank_calls=4928
AMG setup messages level=3 phase=numbering sends=0 bytes=0 collective_rank_calls=448
AMG setup messages level=3 phase=interpolation sends=56691 bytes=20131184 collective_rank_calls=448
AMG setup messages level=3 phase=interpolation-transpose sends=7229 bytes=4303184 collective_rank_calls=448
AMG setup messages level=3 phase=A*P sends=33972 bytes=46995312 collective_rank_calls=448
AMG setup messages level=3 phase=R*(A*P) sends=21687 bytes=115618144 collective_rank_calls=448
AMG setup messages level=4 phase=strength sends=0 bytes=0 collective_rank_calls=448
AMG setup messages level=4 phase=strength-transpose sends=9287 bytes=3495752 collective_rank_calls=448
AMG setup messages level=4 phase=PMIS sends=175696 bytes=6145200 collective_rank_calls=4032
AMG setup messages level=4 phase=numbering sends=0 bytes=0 collective_rank_calls=448
AMG setup messages level=4 phase=interpolation sends=54234 bytes=4673648 collective_rank_calls=448
AMG setup messages level=4 phase=interpolation-transpose sends=5409 bytes=1104240 collective_rank_calls=448
AMG setup messages level=4 phase=A*P sends=55536 bytes=18291840 collective_rank_calls=448
AMG setup messages level=4 phase=R*(A*P) sends=16227 bytes=29411344 collective_rank_calls=448
AMG setup messages level=5 phase=strength sends=0 bytes=0 collective_rank_calls=448
AMG setup messages level=5 phase=strength-transpose sends=6672 bytes=644368 collective_rank_calls=448
AMG setup messages level=5 phase=PMIS sends=120000 bytes=1416564 collective_rank_calls=3584
AMG setup messages level=5 phase=numbering sends=0 bytes=0 collective_rank_calls=448
AMG setup messages level=5 phase=interpolation sends=35613 bytes=797932 collective_rank_calls=448
AMG setup messages level=5 phase=interpolation-transpose sends=2547 bytes=272832 collective_rank_calls=448
AMG setup messages level=5 phase=A*P sends=95268 bytes=7681232 collective_rank_calls=448
AMG setup messages level=5 phase=R*(A*P) sends=7641 bytes=5857296 collective_rank_calls=448
AMG setup messages level=6 phase=strength sends=0 bytes=0 collective_rank_calls=448
AMG setup messages level=6 phase=strength-transpose sends=1698 bytes=134364 collective_rank_calls=448
AMG setup messages level=6 phase=PMIS sends=19874 bytes=212680 collective_rank_calls=1792
AMG setup messages level=6 phase=numbering sends=0 bytes=0 collective_rank_calls=448
AMG setup messages level=6 phase=interpolation sends=7950 bytes=89108 collective_rank_calls=448
AMG setup messages level=6 phase=interpolation-transpose sends=639 bytes=52608 collective_rank_calls=448
AMG setup messages level=6 phase=A*P sends=47658 bytes=1743200 collective_rank_calls=448
AMG setup messages level=6 phase=R*(A*P) sends=1917 bytes=867392 collective_rank_calls=448
AMG setup messages level=7 phase=strength sends=0 bytes=0 collective_rank_calls=448
AMG setup messages level=7 phase=strength-transpose sends=386 bytes=35560 collective_rank_calls=448
AMG setup messages level=7 phase=PMIS sends=2690 bytes=47864 collective_rank_calls=896
AMG setup messages level=7 phase=numbering sends=0 bytes=0 collective_rank_calls=448
AMG setup messages level=7 phase=interpolation sends=1713 bytes=13640 collective_rank_calls=448
AMG setup messages level=7 phase=interpolation-transpose sends=200 bytes=22096 collective_rank_calls=448
AMG setup messages level=7 phase=A*P sends=10926 bytes=366528 collective_rank_calls=448
AMG setup messages level=7 phase=R*(A*P) sends=600 bytes=45920 collective_rank_calls=448
GMRES: iter = 0, residual = 0.09628332596, 1 (rel.)
GMRES: iter = 1, residual = 0.08816865113, 0.9157208711 (rel.)
GMRES: iter = 2, residual = 0.08310851975, 0.8631662743 (rel.)
GMRES: iter = 3, residual = 0.07548585168, 0.7839971348 (rel.)
GMRES: iter = 4, residual = 0.06618639681, 0.6874128635 (rel.)
GMRES: iter = 5, residual = 0.05173916688, 0.5373637269 (rel.)
GMRES: iter = 6, residual = 0.03459391849, 0.359292932 (rel.)
GMRES: Solve Time = 1.959221206
The cloud-layer FLD system Newton 23: residual=0.07892644502, GMRES rtol=0.6047632961
AMG setup messages level=0 phase=strength sends=0 bytes=0 collective_rank_calls=448
AMG setup messages level=0 phase=strength-transpose sends=3519 bytes=143906388 collective_rank_calls=448
AMG setup messages level=0 phase=PMIS sends=66692 bytes=420463296 collective_rank_calls=4032
AMG setup messages level=0 phase=numbering sends=0 bytes=0 collective_rank_calls=448
AMG setup messages level=0 phase=interpolation sends=21114 bytes=192181964 collective_rank_calls=448
AMG setup messages level=0 phase=interpolation-transpose sends=7590 bytes=74009312 collective_rank_calls=448
AMG setup messages level=0 phase=A*P sends=11562 bytes=357791664 collective_rank_calls=448
AMG setup messages level=0 phase=R*(A*P) sends=22770 bytes=526007216 collective_rank_calls=448
AMG setup messages level=1 phase=strength sends=0 bytes=0 collective_rank_calls=448
AMG setup messages level=1 phase=strength-transpose sends=8663 bytes=167361864 collective_rank_calls=448
AMG setup messages level=1 phase=PMIS sends=191390 bytes=319416464 collective_rank_calls=4928
AMG setup messages level=1 phase=numbering sends=0 bytes=0 collective_rank_calls=448
AMG setup messages level=1 phase=interpolation sends=51492 bytes=198974908 collective_rank_calls=448
AMG setup messages level=1 phase=interpolation-transpose sends=8333 bytes=59299952 collective_rank_calls=448
AMG setup messages level=1 phase=A*P sends=28806 bytes=349359328 collective_rank_calls=448
AMG setup messages level=1 phase=R*(A*P) sends=24999 bytes=884103056 collective_rank_calls=448
AMG setup messages level=2 phase=strength sends=0 bytes=0 collective_rank_calls=448
AMG setup messages level=2 phase=strength-transpose sends=9517 bytes=72810136 collective_rank_calls=448
AMG setup messages level=2 phase=PMIS sends=230033 bytes=115682712 collective_rank_calls=5376
AMG setup messages level=2 phase=numbering sends=0 bytes=0 collective_rank_calls=448
AMG setup messages level=2 phase=interpolation sends=56397 bytes=77024324 collective_rank_calls=448
AMG setup messages level=2 phase=interpolation-transpose sends=8195 bytes=17515824 collective_rank_calls=448
AMG setup messages level=2 phase=A*P sends=32760 bytes=141790944 collective_rank_calls=448
AMG setup messages level=2 phase=R*(A*P) sends=24585 bytes=398468192 collective_rank_calls=448
AMG setup messages level=3 phase=strength sends=0 bytes=0 collective_rank_calls=448
AMG setup messages level=3 phase=strength-transpose sends=9475 bytes=17742268 collective_rank_calls=448
AMG setup messages level=3 phase=PMIS sends=211102 bytes=27773592 collective_rank_calls=4928
AMG setup messages level=3 phase=numbering sends=0 bytes=0 collective_rank_calls=448
AMG setup messages level=3 phase=interpolation sends=55935 bytes=20112480 collective_rank_calls=448
AMG setup messages level=3 phase=interpolation-transpose sends=7261 bytes=4303424 collective_rank_calls=448
AMG setup messages level=3 phase=A*P sends=33918 bytes=46986960 collective_rank_calls=448
AMG setup messages level=3 phase=R*(A*P) sends=21783 bytes=116324736 collective_rank_calls=448
AMG setup messages level=4 phase=strength sends=0 bytes=0 collective_rank_calls=448
AMG setup messages level=4 phase=strength-transpose sends=9284 bytes=3509796 collective_rank_calls=448
AMG setup messages level=4 phase=PMIS sends=175552 bytes=6169760 collective_rank_calls=4032
AMG setup messages level=4 phase=numbering sends=0 bytes=0 collective_rank_calls=448
AMG setup messages level=4 phase=interpolation sends=54030 bytes=4713948 collective_rank_calls=448
AMG setup messages level=4 phase=interpolation-transpose sends=5570 bytes=1109488 collective_rank_calls=448
AMG setup messages level=4 phase=A*P sends=55686 bytes=18363760 collective_rank_calls=448
AMG setup messages level=4 phase=R*(A*P) sends=16710 bytes=29909456 collective_rank_calls=448
AMG setup messages level=5 phase=strength sends=0 bytes=0 collective_rank_calls=448
AMG setup messages level=5 phase=strength-transpose sends=7044 bytes=669028 collective_rank_calls=448
AMG setup messages level=5 phase=PMIS sends=111768 bytes=1323136 collective_rank_calls=3136
AMG setup messages level=5 phase=numbering sends=0 bytes=0 collective_rank_calls=448
AMG setup messages level=5 phase=interpolation sends=37764 bytes=836208 collective_rank_calls=448
AMG setup messages level=5 phase=interpolation-transpose sends=2742 bytes=296208 collective_rank_calls=448
AMG setup messages level=5 phase=A*P sends=96258 bytes=7976048 collective_rank_calls=448
AMG setup messages level=5 phase=R*(A*P) sends=8226 bytes=6306912 collective_rank_calls=448
AMG setup messages level=6 phase=strength sends=0 bytes=0 collective_rank_calls=448
AMG setup messages level=6 phase=strength-transpose sends=1884 bytes=133112 collective_rank_calls=448
AMG setup messages level=6 phase=PMIS sends=21632 bytes=209764 collective_rank_calls=1792
AMG setup messages level=6 phase=numbering sends=0 bytes=0 collective_rank_calls=448
AMG setup messages level=6 phase=interpolation sends=9045 bytes=119252 collective_rank_calls=448
AMG setup messages level=6 phase=interpolation-transpose sends=971 bytes=78416 collective_rank_calls=448
AMG setup messages level=6 phase=A*P sends=47946 bytes=1953376 collective_rank_calls=448
AMG setup messages level=6 phase=R*(A*P) sends=2913 bytes=848448 collective_rank_calls=448
AMG setup messages level=7 phase=strength sends=0 bytes=0 collective_rank_calls=448
AMG setup messages level=7 phase=strength-transpose sends=322 bytes=23700 collective_rank_calls=448
AMG setup messages level=7 phase=PMIS sends=2164 bytes=29452 collective_rank_calls=896
AMG setup messages level=7 phase=numbering sends=0 bytes=0 collective_rank_calls=448
AMG setup messages level=7 phase=interpolation sends=1542 bytes=12636 collective_rank_calls=448
AMG setup messages level=7 phase=interpolation-transpose sends=138 bytes=12448 collective_rank_calls=448
AMG setup messages level=7 phase=A*P sends=6516 bytes=180752 collective_rank_calls=448
AMG setup messages level=7 phase=R*(A*P) sends=414 bytes=23728 collective_rank_calls=448
GMRES: iter = 0, residual = 0.07894945223, 1 (rel.)
GMRES: iter = 1, residual = 0.06983565203, 0.8845615778 (rel.)
GMRES: iter = 2, residual = 0.0641911, 0.8130658059 (rel.)
GMRES: iter = 3, residual = 0.05705363116, 0.7226602534 (rel.)
GMRES: iter = 4, residual = 0.049520229, 0.6272396781 (rel.)
GMRES: iter = 5, residual = 0.03899474606, 0.4939204131 (rel.)
GMRES: Solve Time = 1.649581771
The cloud-layer FLD system Newton 24: residual=0.06223976863, GMRES rtol=0.5593455744
AMG setup messages level=0 phase=strength sends=0 bytes=0 collective_rank_calls=448
AMG setup messages level=0 phase=strength-transpose sends=3519 bytes=143907844 collective_rank_calls=448
AMG setup messages level=0 phase=PMIS sends=74065 bytes=462072852 collective_rank_calls=4480
AMG setup messages level=0 phase=numbering sends=0 bytes=0 collective_rank_calls=448
AMG setup messages level=0 phase=interpolation sends=21114 bytes=192163900 collective_rank_calls=448
AMG setup messages level=0 phase=interpolation-transpose sends=7594 bytes=73915152 collective_rank_calls=448
AMG setup messages level=0 phase=A*P sends=11562 bytes=357772144 collective_rank_calls=448
AMG setup messages level=0 phase=R*(A*P) sends=22782 bytes=525529552 collective_rank_calls=448
AMG setup messages level=1 phase=strength sends=0 bytes=0 collective_rank_calls=448
AMG setup messages level=1 phase=strength-transpose sends=8677 bytes=167485436 collective_rank_calls=448
AMG setup messages level=1 phase=PMIS sends=209093 bytes=346115192 collective_rank_calls=5376
AMG setup messages level=1 phase=numbering sends=0 bytes=0 collective_rank_calls=448
AMG setup messages level=1 phase=interpolation sends=51582 bytes=199074028 collective_rank_calls=448
AMG setup messages level=1 phase=interpolation-transpose sends=8329 bytes=59290288 collective_rank_calls=448
AMG setup messages level=1 phase=A*P sends=28782 bytes=349380960 collective_rank_calls=448
AMG setup messages level=1 phase=R*(A*P) sends=24987 bytes=883758016 collective_rank_calls=448
AMG setup messages level=2 phase=strength sends=0 bytes=0 collective_rank_calls=448
AMG setup messages level=2 phase=strength-transpose sends=9563 bytes=72815152 collective_rank_calls=448
AMG setup messages level=2 phase=PMIS sends=231033 bytes=115635508 collective_rank_calls=5376
AMG setup messages level=2 phase=numbering sends=0 bytes=0 collective_rank_calls=448
AMG setup messages level=2 phase=interpolation sends=56646 bytes=76910112 collective_rank_calls=448
AMG setup messages level=2 phase=interpolation-transpose sends=8187 bytes=17528432 collective_rank_calls=448
AMG setup messages level=2 phase=A*P sends=32736 bytes=141737952 collective_rank_calls=448
AMG setup messages level=2 phase=R*(A*P) sends=24561 bytes=398596432 collective_rank_calls=448
AMG setup messages level=3 phase=strength sends=0 bytes=0 collective_rank_calls=448
AMG setup messages level=3 phase=strength-transpose sends=9533 bytes=17700200 collective_rank_calls=448
AMG setup messages level=3 phase=PMIS sends=193201 bytes=25434804 collective_rank_calls=4480
AMG setup messages level=3 phase=numbering sends=0 bytes=0 collective_rank_calls=448
AMG setup messages level=3 phase=interpolation sends=56334 bytes=20063400 collective_rank_calls=448
AMG setup messages level=3 phase=interpolation-transpose sends=7207 bytes=4286800 collective_rank_calls=448
AMG setup messages level=3 phase=A*P sends=34026 bytes=47013072 collective_rank_calls=448
AMG setup messages level=3 phase=R*(A*P) sends=21621 bytes=115714512 collective_rank_calls=448
AMG setup messages level=4 phase=strength sends=0 bytes=0 collective_rank_calls=448
AMG setup messages level=4 phase=strength-transpose sends=9199 bytes=3494052 collective_rank_calls=448
AMG setup messages level=4 phase=PMIS sends=193407 bytes=6723040 collective_rank_calls=4480
AMG setup messages level=4 phase=numbering sends=0 bytes=0 collective_rank_calls=448
AMG setup messages level=4 phase=interpolation sends=53688 bytes=4667820 collective_rank_calls=448
AMG setup messages level=4 phase=interpolation-transpose sends=5430 bytes=1096992 collective_rank_calls=448
AMG setup messages level=4 phase=A*P sends=55242 bytes=18300080 collective_rank_calls=448
AMG setup messages level=4 phase=R*(A*P) sends=16290 bytes=29512976 collective_rank_calls=448
AMG setup messages level=5 phase=strength sends=0 bytes=0 collective_rank_calls=448
AMG setup messages level=5 phase=strength-transpose sends=6711 bytes=653380 collective_rank_calls=448
AMG setup messages level=5 phase=PMIS sends=106330 bytes=1296952 collective_rank_calls=3136
AMG setup messages level=5 phase=numbering sends=0 bytes=0 collective_rank_calls=448
AMG setup messages level=5 phase=interpolation sends=36399 bytes=810092 collective_rank_calls=448
AMG setup messages level=5 phase=interpolation-transpose sends=2563 bytes=280592 collective_rank_calls=448
AMG setup messages level=5 phase=A*P sends=93036 bytes=7736256 collective_rank_calls=448
AMG setup messages level=5 phase=R*(A*P) sends=7689 bytes=6090736 collective_rank_calls=448
AMG setup messages level=6 phase=strength sends=0 bytes=0 collective_rank_calls=448
AMG setup messages level=6 phase=strength-transpose sends=1829 bytes=137592 collective_rank_calls=448
AMG setup messages level=6 phase=PMIS sends=25460 bytes=245936 collective_rank_calls=2240
AMG setup messages level=6 phase=numbering sends=0 bytes=0 collective_rank_calls=448
AMG setup messages level=6 phase=interpolation sends=8520 bytes=129116 collective_rank_calls=448
AMG setup messages level=6 phase=interpolation-transpose sends=922 bytes=80848 collective_rank_calls=448
AMG setup messages level=6 phase=A*P sends=51930 bytes=2182624 collective_rank_calls=448
AMG setup messages level=6 phase=R*(A*P) sends=2766 bytes=1121680 collective_rank_calls=448
AMG setup messages level=7 phase=strength sends=0 bytes=0 collective_rank_calls=448
AMG setup messages level=7 phase=strength-transpose sends=539 bytes=47232 collective_rank_calls=448
AMG setup messages level=7 phase=PMIS sends=3653 bytes=56100 collective_rank_calls=896
AMG setup messages level=7 phase=numbering sends=0 bytes=0 collective_rank_calls=448
AMG setup messages level=7 phase=interpolation sends=2904 bytes=25928 collective_rank_calls=448
AMG setup messages level=7 phase=interpolation-transpose sends=183 bytes=17552 collective_rank_calls=448
AMG setup messages level=7 phase=A*P sends=12906 bytes=367120 collective_rank_calls=448
AMG setup messages level=7 phase=R*(A*P) sends=549 bytes=34208 collective_rank_calls=448
GMRES: iter = 0, residual = 0.06226029982, 1 (rel.)
GMRES: iter = 1, residual = 0.04779539274, 0.7676704557 (rel.)
GMRES: iter = 2, residual = 0.04160487137, 0.6682407809 (rel.)
GMRES: iter = 3, residual = 0.03649904914, 0.5862331092 (rel.)
GMRES: iter = 4, residual = 0.03043984179, 0.4889125474 (rel.)
GMRES: Solve Time = 1.349077944
The cloud-layer FLD system Newton 25: residual=0.05393079688, GMRES rtol=0.6752953649
AMG setup messages level=0 phase=strength sends=0 bytes=0 collective_rank_calls=448
AMG setup messages level=0 phase=strength-transpose sends=3519 bytes=143909468 collective_rank_calls=448
AMG setup messages level=0 phase=PMIS sends=74065 bytes=462077956 collective_rank_calls=4480
AMG setup messages level=0 phase=numbering sends=0 bytes=0 collective_rank_calls=448
AMG setup messages level=0 phase=interpolation sends=21114 bytes=192196884 collective_rank_calls=448
AMG setup messages level=0 phase=interpolation-transpose sends=7590 bytes=73920560 collective_rank_calls=448
AMG setup messages level=0 phase=A*P sends=11562 bytes=357791040 collective_rank_calls=448
AMG setup messages level=0 phase=R*(A*P) sends=22770 bytes=525648352 collective_rank_calls=448
AMG setup messages level=1 phase=strength sends=0 bytes=0 collective_rank_calls=448
AMG setup messages level=1 phase=strength-transpose sends=8640 bytes=167402568 collective_rank_calls=448
AMG setup messages level=1 phase=PMIS sends=208062 bytes=345866940 collective_rank_calls=5376
AMG setup messages level=1 phase=numbering sends=0 bytes=0 collective_rank_calls=448
AMG setup messages level=1 phase=interpolation sends=51384 bytes=199005740 collective_rank_calls=448
AMG setup messages level=1 phase=interpolation-transpose sends=8327 bytes=59205984 collective_rank_calls=448
AMG setup messages level=1 phase=A*P sends=28746 bytes=349337552 collective_rank_calls=448
AMG setup messages level=1 phase=R*(A*P) sends=24981 bytes=883669952 collective_rank_calls=448
AMG setup messages level=2 phase=strength sends=0 bytes=0 collective_rank_calls=448
AMG setup messages level=2 phase=strength-transpose sends=9467 bytes=72772572 collective_rank_calls=448
AMG setup messages level=2 phase=PMIS sends=229067 bytes=115566428 collective_rank_calls=5376
AMG setup messages level=2 phase=numbering sends=0 bytes=0 collective_rank_calls=448
AMG setup messages level=2 phase=interpolation sends=56169 bytes=76883200 collective_rank_calls=448
AMG setup messages level=2 phase=interpolation-transpose sends=8198 bytes=17496704 collective_rank_calls=448
AMG setup messages level=2 phase=A*P sends=32706 bytes=141794224 collective_rank_calls=448
AMG setup messages level=2 phase=R*(A*P) sends=24594 bytes=397853504 collective_rank_calls=448
AMG setup messages level=3 phase=strength sends=0 bytes=0 collective_rank_calls=448
AMG setup messages level=3 phase=strength-transpose sends=9499 bytes=17729740 collective_rank_calls=448
AMG setup messages level=3 phase=PMIS sends=211774 bytes=27743528 collective_rank_calls=4928
AMG setup messages level=3 phase=numbering sends=0 bytes=0 collective_rank_calls=448
AMG setup messages level=3 phase=interpolation sends=56130 bytes=20047388 collective_rank_calls=448
AMG setup messages level=3 phase=interpolation-transpose sends=7235 bytes=4291456 collective_rank_calls=448
AMG setup messages level=3 phase=A*P sends=33906 bytes=46951216 collective_rank_calls=448
AMG setup messages level=3 phase=R*(A*P) sends=21705 bytes=116176848 collective_rank_calls=448
AMG setup messages level=4 phase=strength sends=0 bytes=0 collective_rank_calls=448
AMG setup messages level=4 phase=strength-transpose sends=9262 bytes=3471992 collective_rank_calls=448
AMG setup messages level=4 phase=PMIS sends=156364 bytes=5528328 collective_rank_calls=3584
AMG setup messages level=4 phase=numbering sends=0 bytes=0 collective_rank_calls=448
AMG setup messages level=4 phase=interpolation sends=53916 bytes=4638216 collective_rank_calls=448
AMG setup messages level=4 phase=interpolation-transpose sends=5481 bytes=1111840 collective_rank_calls=448
AMG setup messages level=4 phase=A*P sends=55506 bytes=18321120 collective_rank_calls=448
AMG setup messages level=4 phase=R*(A*P) sends=16443 bytes=29208336 collective_rank_calls=448
AMG setup messages level=5 phase=strength sends=0 bytes=0 collective_rank_calls=448
AMG setup messages level=5 phase=strength-transpose sends=6596 bytes=625972 collective_rank_calls=448
AMG setup messages level=5 phase=PMIS sends=105048 bytes=1237856 collective_rank_calls=3136
AMG setup messages level=5 phase=numbering sends=0 bytes=0 collective_rank_calls=448
AMG setup messages level=5 phase=interpolation sends=35202 bytes=787344 collective_rank_calls=448
AMG setup messages level=5 phase=interpolation-transpose sends=2699 bytes=276304 collective_rank_calls=448
AMG setup messages level=5 phase=A*P sends=93888 bytes=7574576 collective_rank_calls=448
AMG setup messages level=5 phase=R*(A*P) sends=8097 bytes=6172528 collective_rank_calls=448
AMG setup messages level=6 phase=strength sends=0 bytes=0 collective_rank_calls=448
AMG setup messages level=6 phase=strength-transpose sends=1910 bytes=130328 collective_rank_calls=448
AMG setup messages level=6 phase=PMIS sends=21470 bytes=205476 collective_rank_calls=1792
AMG setup messages level=6 phase=numbering sends=0 bytes=0 collective_rank_calls=448
AMG setup messages level=6 phase=interpolation sends=9042 bytes=104904 collective_rank_calls=448
AMG setup messages level=6 phase=interpolation-transpose sends=849 bytes=79264 collective_rank_calls=448
AMG setup messages level=6 phase=A*P sends=51858 bytes=2143008 collective_rank_calls=448
AMG setup messages level=6 phase=R*(A*P) sends=2547 bytes=831408 collective_rank_calls=448
AMG setup messages level=7 phase=strength sends=0 bytes=0 collective_rank_calls=448
AMG setup messages level=7 phase=strength-transpose sends=343 bytes=29592 collective_rank_calls=448
AMG setup messages level=7 phase=PMIS sends=2335 bytes=35128 collective_rank_calls=896
AMG setup messages level=7 phase=numbering sends=0 bytes=0 collective_rank_calls=448
AMG setup messages level=7 phase=interpolation sends=1734 bytes=15424 collective_rank_calls=448
AMG setup messages level=7 phase=interpolation-transpose sends=153 bytes=14080 collective_rank_calls=448
AMG setup messages level=7 phase=A*P sends=7188 bytes=204864 collective_rank_calls=448
AMG setup messages level=7 phase=R*(A*P) sends=459 bytes=26432 collective_rank_calls=448
GMRES: iter = 0, residual = 0.0539474309, 1 (rel.)
GMRES: iter = 1, residual = 0.02901335762, 0.5378079574 (rel.)
GMRES: Solve Time = 0.460771375
The cloud-layer FLD system Newton 26: residual=0.02901801409, GMRES rtol=0.4104214469
AMG setup messages level=0 phase=strength sends=0 bytes=0 collective_rank_calls=448
AMG setup messages level=0 phase=strength-transpose sends=3519 bytes=143909636 collective_rank_calls=448
AMG setup messages level=0 phase=PMIS sends=74065 bytes=462078276 collective_rank_calls=4480
AMG setup messages level=0 phase=numbering sends=0 bytes=0 collective_rank_calls=448
AMG setup messages level=0 phase=interpolation sends=21114 bytes=192067388 collective_rank_calls=448
AMG setup messages level=0 phase=interpolation-transpose sends=7596 bytes=73888768 collective_rank_calls=448
AMG setup messages level=0 phase=A*P sends=11562 bytes=357754448 collective_rank_calls=448
AMG setup messages level=0 phase=R*(A*P) sends=22788 bytes=525443696 collective_rank_calls=448
AMG setup messages level=1 phase=strength sends=0 bytes=0 collective_rank_calls=448
AMG setup messages level=1 phase=strength-transpose sends=8616 bytes=167515340 collective_rank_calls=448
AMG setup messages level=1 phase=PMIS sends=207668 bytes=346144372 collective_rank_calls=5376
AMG setup messages level=1 phase=numbering sends=0 bytes=0 collective_rank_calls=448
AMG setup messages level=1 phase=interpolation sends=51264 bytes=199095844 collective_rank_calls=448
AMG setup messages level=1 phase=interpolation-transpose sends=8348 bytes=59341824 collective_rank_calls=448
AMG setup messages level=1 phase=A*P sends=28620 bytes=349320704 collective_rank_calls=448
AMG setup messages level=1 phase=R*(A*P) sends=25044 bytes=884404288 collective_rank_calls=448
AMG setup messages level=2 phase=strength sends=0 bytes=0 collective_rank_calls=448
AMG setup messages level=2 phase=strength-transpose sends=9563 bytes=72752712 collective_rank_calls=448
AMG setup messages level=2 phase=PMIS sends=231293 bytes=115544840 collective_rank_calls=5376
AMG setup messages level=2 phase=numbering sends=0 bytes=0 collective_rank_calls=448
AMG setup messages level=2 phase=interpolation sends=56553 bytes=76892536 collective_rank_calls=448
AMG setup messages level=2 phase=interpolation-transpose sends=8183 bytes=17518832 collective_rank_calls=448
AMG setup messages level=2 phase=A*P sends=32706 bytes=141673056 collective_rank_calls=448
AMG setup messages level=2 phase=R*(A*P) sends=24549 bytes=397632928 collective_rank_calls=448
AMG setup messages level=3 phase=strength sends=0 bytes=0 collective_rank_calls=448
AMG setup messages level=3 phase=strength-transpose sends=9498 bytes=17737376 collective_rank_calls=448
AMG setup messages level=3 phase=PMIS sends=250280 bytes=32275168 collective_rank_calls=5824
AMG setup messages level=3 phase=numbering sends=0 bytes=0 collective_rank_calls=448
AMG setup messages level=3 phase=interpolation sends=56136 bytes=20092376 collective_rank_calls=448
AMG setup messages level=3 phase=interpolation-transpose sends=7265 bytes=4272464 collective_rank_calls=448
AMG setup messages level=3 phase=A*P sends=33984 bytes=46953936 collective_rank_calls=448
AMG setup messages level=3 phase=R*(A*P) sends=21795 bytes=115692208 collective_rank_calls=448
AMG setup messages level=4 phase=strength sends=0 bytes=0 collective_rank_calls=448
AMG setup messages level=4 phase=strength-transpose sends=9231 bytes=3489232 collective_rank_calls=448
AMG setup messages level=4 phase=PMIS sends=213246 bytes=7326848 collective_rank_calls=4928
AMG setup messages level=4 phase=numbering sends=0 bytes=0 collective_rank_calls=448
AMG setup messages level=4 phase=interpolation sends=53778 bytes=4647844 collective_rank_calls=448
AMG setup messages level=4 phase=interpolation-transpose sends=5416 bytes=1103104 collective_rank_calls=448
AMG setup messages level=4 phase=A*P sends=55374 bytes=18356496 collective_rank_calls=448
AMG setup messages level=4 phase=R*(A*P) sends=16248 bytes=28836208 collective_rank_calls=448
AMG setup messages level=5 phase=strength sends=0 bytes=0 collective_rank_calls=448
AMG setup messages level=5 phase=strength-transpose sends=6436 bytes=637244 collective_rank_calls=448
AMG setup messages level=5 phase=PMIS sends=102648 bytes=1259448 collective_rank_calls=3136
AMG setup messages level=5 phase=numbering sends=0 bytes=0 collective_rank_calls=448
AMG setup messages level=5 phase=interpolation sends=34794 bytes=790528 collective_rank_calls=448
AMG setup messages level=5 phase=interpolation-transpose sends=2684 bytes=278784 collective_rank_calls=448
AMG setup messages level=5 phase=A*P sends=91620 bytes=7571088 collective_rank_calls=448
AMG setup messages level=5 phase=R*(A*P) sends=8052 bytes=6145328 collective_rank_calls=448
AMG setup messages level=6 phase=strength sends=0 bytes=0 collective_rank_calls=448
AMG setup messages level=6 phase=strength-transpose sends=1789 bytes=132404 collective_rank_calls=448
AMG setup messages level=6 phase=PMIS sends=20817 bytes=214508 collective_rank_calls=1792
AMG setup messages level=6 phase=numbering sends=0 bytes=0 collective_rank_calls=448
AMG setup messages level=6 phase=interpolation sends=8619 bytes=109804 collective_rank_calls=448
AMG setup messages level=6 phase=interpolation-transpose sends=974 bytes=88368 collective_rank_calls=448
AMG setup messages level=6 phase=A*P sends=47526 bytes=2155488 collective_rank_calls=448
AMG setup messages level=6 phase=R*(A*P) sends=2922 bytes=1070656 collective_rank_calls=448
AMG setup messages level=7 phase=strength sends=0 bytes=0 collective_rank_calls=448
AMG setup messages level=7 phase=strength-transpose sends=388 bytes=28760 collective_rank_calls=448
AMG setup messages level=7 phase=PMIS sends=2644 bytes=36072 collective_rank_calls=896
AMG setup messages level=7 phase=numbering sends=0 bytes=0 collective_rank_calls=448
AMG setup messages level=7 phase=interpolation sends=1866 bytes=15248 collective_rank_calls=448
AMG setup messages level=7 phase=interpolation-transpose sends=156 bytes=14320 collective_rank_calls=448
AMG setup messages level=7 phase=A*P sends=8880 bytes=227792 collective_rank_calls=448
AMG setup messages level=7 phase=R*(A*P) sends=468 bytes=27280 collective_rank_calls=448
GMRES: iter = 0, residual = 0.02901850171, 1 (rel.)
GMRES: iter = 1, residual = 0.02269160586, 0.7819702786 (rel.)
GMRES: iter = 2, residual = 0.01902735735, 0.6556974422 (rel.)
GMRES: iter = 3, residual = 0.01640263543, 0.5652474962 (rel.)
GMRES: iter = 4, residual = 0.01471020022, 0.5069248706 (rel.)
GMRES: iter = 5, residual = 0.01177420534, 0.4057482175 (rel.)
GMRES: Solve Time = 1.653401906
The cloud-layer FLD system Newton 27: residual=0.01826962567, GMRES rtol=0.3567400242
AMG setup messages level=0 phase=strength sends=0 bytes=0 collective_rank_calls=448
AMG setup messages level=0 phase=strength-transpose sends=3519 bytes=143910420 collective_rank_calls=448
AMG setup messages level=0 phase=PMIS sends=66692 bytes=420474720 collective_rank_calls=4032
AMG setup messages level=0 phase=numbering sends=0 bytes=0 collective_rank_calls=448
AMG setup messages level=0 phase=interpolation sends=21114 bytes=192090620 collective_rank_calls=448
AMG setup messages level=0 phase=interpolation-transpose sends=7598 bytes=73888224 collective_rank_calls=448
AMG setup messages level=0 phase=A*P sends=11562 bytes=357756432 collective_rank_calls=448
AMG setup messages level=0 phase=R*(A*P) sends=22794 bytes=525337008 collective_rank_calls=448
AMG setup messages level=1 phase=strength sends=0 bytes=0 collective_rank_calls=448
AMG setup messages level=1 phase=strength-transpose sends=8660 bytes=167473820 collective_rank_calls=448
AMG setup messages level=1 phase=PMIS sends=208646 bytes=346021716 collective_rank_calls=5376
AMG setup messages level=1 phase=numbering sends=0 bytes=0 collective_rank_calls=448
AMG setup messages level=1 phase=interpolation sends=51474 bytes=199100852 collective_rank_calls=448
AMG setup messages level=1 phase=interpolation-transpose sends=8337 bytes=59251792 collective_rank_calls=448
AMG setup messages level=1 phase=A*P sends=28848 bytes=349286240 collective_rank_calls=448
AMG setup messages level=1 phase=R*(A*P) sends=25011 bytes=883232432 collective_rank_calls=448
AMG setup messages level=2 phase=strength sends=0 bytes=0 collective_rank_calls=448
AMG setup messages level=2 phase=strength-transpose sends=9477 bytes=72802320 collective_rank_calls=448
AMG setup messages level=2 phase=PMIS sends=248236 bytes=124363456 collective_rank_calls=5824
AMG setup messages level=2 phase=numbering sends=0 bytes=0 collective_rank_calls=448
AMG setup messages level=2 phase=interpolation sends=56109 bytes=76942576 collective_rank_calls=448
AMG setup messages level=2 phase=interpolation-transpose sends=8178 bytes=17510720 collective_rank_calls=448
AMG setup messages level=2 phase=A*P sends=32700 bytes=141686880 collective_rank_calls=448
AMG setup messages level=2 phase=R*(A*P) sends=24534 bytes=398362192 collective_rank_calls=448
AMG setup messages level=3 phase=strength sends=0 bytes=0 collective_rank_calls=448
AMG setup messages level=3 phase=strength-transpose sends=9550 bytes=17779972 collective_rank_calls=448
AMG setup messages level=3 phase=PMIS sends=212884 bytes=27819384 collective_rank_calls=4928
AMG setup messages level=3 phase=numbering sends=0 bytes=0 collective_rank_calls=448
AMG setup messages level=3 phase=interpolation sends=56469 bytes=20111876 collective_rank_calls=448
AMG setup messages level=3 phase=interpolation-transpose sends=7236 bytes=4299344 collective_rank_calls=448
AMG setup messages level=3 phase=A*P sends=33936 bytes=46965392 collective_rank_calls=448
AMG setup messages level=3 phase=R*(A*P) sends=21708 bytes=116087824 collective_rank_calls=448
AMG setup messages level=4 phase=strength sends=0 bytes=0 collective_rank_calls=448
AMG setup messages level=4 phase=strength-transpose sends=9215 bytes=3479348 collective_rank_calls=448
AMG setup messages level=4 phase=PMIS sends=193067 bytes=6727768 collective_rank_calls=4480
AMG setup messages level=4 phase=numbering sends=0 bytes=0 collective_rank_calls=448
AMG setup messages level=4 phase=interpolation sends=53628 bytes=4672812 collective_rank_calls=448
AMG setup messages level=4 phase=interpolation-transpose sends=5509 bytes=1105376 collective_rank_calls=448
AMG setup messages level=4 phase=A*P sends=55446 bytes=18313440 collective_rank_calls=448
AMG setup messages level=4 phase=R*(A*P) sends=16527 bytes=30126192 collective_rank_calls=448
AMG setup messages level=5 phase=strength sends=0 bytes=0 collective_rank_calls=448
AMG setup messages level=5 phase=strength-transpose sends=6867 bytes=660456 collective_rank_calls=448
AMG setup messages level=5 phase=PMIS sends=109330 bytes=1320264 collective_rank_calls=3136
AMG setup messages level=5 phase=numbering sends=0 bytes=0 collective_rank_calls=448
AMG setup messages level=5 phase=interpolation sends=36654 bytes=824920 collective_rank_calls=448
AMG setup messages level=5 phase=interpolation-transpose sends=2727 bytes=295968 collective_rank_calls=448
AMG setup messages level=5 phase=A*P sends=97152 bytes=8132400 collective_rank_calls=448
AMG setup messages level=5 phase=R*(A*P) sends=8181 bytes=6544576 collective_rank_calls=448
AMG setup messages level=6 phase=strength sends=0 bytes=0 collective_rank_calls=448
AMG setup messages level=6 phase=strength-transpose sends=2066 bytes=143300 collective_rank_calls=448
AMG setup messages level=6 phase=PMIS sends=23558 bytes=228552 collective_rank_calls=1792
AMG setup messages level=6 phase=numbering sends=0 bytes=0 collective_rank_calls=448
AMG setup messages level=6 phase=interpolation sends=9330 bytes=115268 collective_rank_calls=448
AMG setup messages level=6 phase=interpolation-transpose sends=875 bytes=64816 collective_rank_calls=448
AMG setup messages level=6 phase=A*P sends=54090 bytes=2039232 collective_rank_calls=448
AMG setup messages level=6 phase=R*(A*P) sends=2625 bytes=1067904 collective_rank_calls=448
AMG setup messages level=7 phase=strength sends=0 bytes=0 collective_rank_calls=448
AMG setup messages level=7 phase=strength-transpose sends=515 bytes=43556 collective_rank_calls=448
AMG setup messages level=7 phase=PMIS sends=3539 bytes=56868 collective_rank_calls=896
AMG setup messages level=7 phase=numbering sends=0 bytes=0 collective_rank_calls=448
AMG setup messages level=7 phase=interpolation sends=2529 bytes=21160 collective_rank_calls=448
AMG setup messages level=7 phase=interpolation-transpose sends=188 bytes=18720 collective_rank_calls=448
AMG setup messages level=7 phase=A*P sends=11796 bytes=351952 collective_rank_calls=448
AMG setup messages level=7 phase=R*(A*P) sends=564 bytes=36768 collective_rank_calls=448
GMRES: iter = 0, residual = 0.0182718006, 1 (rel.)
GMRES: iter = 1, residual = 0.01064183179, 0.5824183406 (rel.)
GMRES: iter = 2, residual = 0.00882130298, 0.482782358 (rel.)
GMRES: iter = 3, residual = 0.007694139201, 0.4210936497 (rel.)
GMRES: iter = 4, residual = 0.006749712039, 0.3694059598 (rel.)
GMRES: iter = 5, residual = 0.005676344925, 0.3106614969 (rel.)
GMRES: Solve Time = 1.64926272
The cloud-layer FLD system Newton 28: residual=0.007024446256, GMRES rtol=0.1330160366
AMG setup messages level=0 phase=strength sends=0 bytes=0 collective_rank_calls=448
AMG setup messages level=0 phase=strength-transpose sends=3519 bytes=143910980 collective_rank_calls=448
AMG setup messages level=0 phase=PMIS sends=66692 bytes=420476512 collective_rank_calls=4032
AMG setup messages level=0 phase=numbering sends=0 bytes=0 collective_rank_calls=448
AMG setup messages level=0 phase=interpolation sends=21114 bytes=192208876 collective_rank_calls=448
AMG setup messages level=0 phase=interpolation-transpose sends=7593 bytes=73918480 collective_rank_calls=448
AMG setup messages level=0 phase=A*P sends=11562 bytes=357796064 collective_rank_calls=448
AMG setup messages level=0 phase=R*(A*P) sends=22779 bytes=525700688 collective_rank_calls=448
AMG setup messages level=1 phase=strength sends=0 bytes=0 collective_rank_calls=448
AMG setup messages level=1 phase=strength-transpose sends=8615 bytes=167366084 collective_rank_calls=448
AMG setup messages level=1 phase=PMIS sends=207527 bytes=345858828 collective_rank_calls=5376
AMG setup messages level=1 phase=numbering sends=0 bytes=0 collective_rank_calls=448
AMG setup messages level=1 phase=interpolation sends=51153 bytes=198996168 collective_rank_calls=448
AMG setup messages level=1 phase=interpolation-transpose sends=8370 bytes=59214400 collective_rank_calls=448
AMG setup messages level=1 phase=A*P sends=28620 bytes=349243552 collective_rank_calls=448
AMG setup messages level=1 phase=R*(A*P) sends=25110 bytes=883264816 collective_rank_calls=448
AMG setup messages level=2 phase=strength sends=0 bytes=0 collective_rank_calls=448
AMG setup messages level=2 phase=strength-transpose sends=9525 bytes=72877472 collective_rank_calls=448
AMG setup messages level=2 phase=PMIS sends=211266 bytes=106873936 collective_rank_calls=4928
AMG setup messages level=2 phase=numbering sends=0 bytes=0 collective_rank_calls=448
AMG setup messages level=2 phase=interpolation sends=56394 bytes=77030840 collective_rank_calls=448
AMG setup messages level=2 phase=interpolation-transpose sends=8241 bytes=17519296 collective_rank_calls=448
AMG setup messages level=2 phase=A*P sends=32772 bytes=141789232 collective_rank_calls=448
AMG setup messages level=2 phase=R*(A*P) sends=24723 bytes=398059552 collective_rank_calls=448
AMG setup messages level=3 phase=strength sends=0 bytes=0 collective_rank_calls=448
AMG setup messages level=3 phase=strength-transpose sends=9524 bytes=17737632 collective_rank_calls=448
AMG setup messages level=3 phase=PMIS sends=193120 bytes=25461708 collective_rank_calls=4480
AMG setup messages level=3 phase=numbering sends=0 bytes=0 collective_rank_calls=448
AMG setup messages level=3 phase=interpolation sends=56196 bytes=20034656 collective_rank_calls=448
AMG setup messages level=3 phase=interpolation-transpose sends=7222 bytes=4298096 collective_rank_calls=448
AMG setup messages level=3 phase=A*P sends=33972 bytes=46982864 collective_rank_calls=448
AMG setup messages level=3 phase=R*(A*P) sends=21666 bytes=115993760 collective_rank_calls=448
AMG setup messages level=4 phase=strength sends=0 bytes=0 collective_rank_calls=448
AMG setup messages level=4 phase=strength-transpose sends=9229 bytes=3494544 collective_rank_calls=448
AMG setup messages level=4 phase=PMIS sends=174432 bytes=6129952 collective_rank_calls=4032
AMG setup messages level=4 phase=numbering sends=0 bytes=0 collective_rank_calls=448
AMG setup messages level=4 phase=interpolation sends=53946 bytes=4685328 collective_rank_calls=448
AMG setup messages level=4 phase=interpolation-transpose sends=5291 bytes=1087344 collective_rank_calls=448
AMG setup messages level=4 phase=A*P sends=55134 bytes=18215232 collective_rank_calls=448
AMG setup messages level=4 phase=R*(A*P) sends=15873 bytes=28770448 collective_rank_calls=448
AMG setup messages level=5 phase=strength sends=0 bytes=0 collective_rank_calls=448
AMG setup messages level=5 phase=strength-transpose sends=6524 bytes=650456 collective_rank_calls=448
AMG setup messages level=5 phase=PMIS sends=119198 bytes=1430440 collective_rank_calls=3584
AMG setup messages level=5 phase=numbering sends=0 bytes=0 collective_rank_calls=448
AMG setup messages level=5 phase=interpolation sends=35373 bytes=801020 collective_rank_calls=448
AMG setup messages level=5 phase=interpolation-transpose sends=2415 bytes=282576 collective_rank_calls=448
AMG setup messages level=5 phase=A*P sends=94014 bytes=7807296 collective_rank_calls=448
AMG setup messages level=5 phase=R*(A*P) sends=7245 bytes=5782816 collective_rank_calls=448
AMG setup messages level=6 phase=strength sends=0 bytes=0 collective_rank_calls=448
AMG setup messages level=6 phase=strength-transpose sends=1525 bytes=125992 collective_rank_calls=448
AMG setup messages level=6 phase=PMIS sends=17805 bytes=189472 collective_rank_calls=1792
AMG setup messages level=6 phase=numbering sends=0 bytes=0 collective_rank_calls=448
AMG setup messages level=6 phase=interpolation sends=7323 bytes=105624 collective_rank_calls=448
AMG setup messages level=6 phase=interpolation-transpose sends=799 bytes=81200 collective_rank_calls=448
AMG setup messages level=6 phase=A*P sends=44346 bytes=2014080 collective_rank_calls=448
AMG setup messages level=6 phase=R*(A*P) sends=2397 bytes=963152 collective_rank_calls=448
AMG setup messages level=7 phase=strength sends=0 bytes=0 collective_rank_calls=448
AMG setup messages level=7 phase=strength-transpose sends=497 bytes=43772 collective_rank_calls=448
AMG setup messages level=7 phase=PMIS sends=4786 bytes=62496 collective_rank_calls=1344
AMG setup messages level=7 phase=numbering sends=0 bytes=0 collective_rank_calls=448
AMG setup messages level=7 phase=interpolation sends=2532 bytes=24956 collective_rank_calls=448
AMG setup messages level=7 phase=interpolation-transpose sends=277 bytes=25584 collective_rank_calls=448
AMG setup messages level=7 phase=A*P sends=9648 bytes=358672 collective_rank_calls=448
AMG setup messages level=7 phase=R*(A*P) sends=831 bytes=64800 collective_rank_calls=448
GMRES: iter = 0, residual = 0.007024803915, 1 (rel.)
GMRES: iter = 1, residual = 0.005060339501, 0.7203531318 (rel.)
GMRES: iter = 2, residual = 0.00449521128, 0.639905588 (rel.)
GMRES: iter = 3, residual = 0.004090313346, 0.5822672626 (rel.)
GMRES: iter = 4, residual = 0.003658049378, 0.5207333076 (rel.)
GMRES: iter = 5, residual = 0.003169467472, 0.4511823405 (rel.)
GMRES: iter = 6, residual = 0.002569968767, 0.3658420644 (rel.)
GMRES: iter = 7, residual = 0.002015374994, 0.2868941281 (rel.)
GMRES: iter = 8, residual = 0.001565080002, 0.2227934076 (rel.)
GMRES: iter = 9, residual = 0.00118402471, 0.1685491473 (rel.)
GMRES: iter = 10, residual = 0.0009050011565, 0.1288293833 (rel.)
GMRES: Solve Time = 3.171746898
The cloud-layer FLD system Newton 29: residual=0.00438488631, GMRES rtol=0.3506636688
AMG setup messages level=0 phase=strength sends=0 bytes=0 collective_rank_calls=448
AMG setup messages level=0 phase=strength-transpose sends=3519 bytes=143911428 collective_rank_calls=448
AMG setup messages level=0 phase=PMIS sends=66692 bytes=420477792 collective_rank_calls=4032
AMG setup messages level=0 phase=numbering sends=0 bytes=0 collective_rank_calls=448
AMG setup messages level=0 phase=interpolation sends=21114 bytes=192107452 collective_rank_calls=448
AMG setup messages level=0 phase=interpolation-transpose sends=7590 bytes=73920160 collective_rank_calls=448
AMG setup messages level=0 phase=A*P sends=11562 bytes=357766832 collective_rank_calls=448
AMG setup messages level=0 phase=R*(A*P) sends=22770 bytes=525502768 collective_rank_calls=448
AMG setup messages level=1 phase=strength sends=0 bytes=0 collective_rank_calls=448
AMG setup messages level=1 phase=strength-transpose sends=8611 bytes=167461520 collective_rank_calls=448
AMG setup messages level=1 phase=PMIS sends=207483 bytes=346024628 collective_rank_calls=5376
AMG setup messages level=1 phase=numbering sends=0 bytes=0 collective_rank_calls=448
AMG setup messages level=1 phase=interpolation sends=51204 bytes=199073980 collective_rank_calls=448
AMG setup messages level=1 phase=interpolation-transpose sends=8362 bytes=59231456 collective_rank_calls=448
AMG setup messages level=1 phase=A*P sends=28908 bytes=349394944 collective_rank_calls=448
AMG setup messages level=1 phase=R*(A*P) sends=25086 bytes=883242640 collective_rank_calls=448
AMG setup messages level=2 phase=strength sends=0 bytes=0 collective_rank_calls=448
AMG setup messages level=2 phase=strength-transpose sends=9583 bytes=72808020 collective_rank_calls=448
AMG setup messages level=2 phase=PMIS sends=231669 bytes=115631296 collective_rank_calls=5376
AMG setup messages level=2 phase=numbering sends=0 bytes=0 collective_rank_calls=448
AMG setup messages level=2 phase=interpolation sends=56775 bytes=77050904 collective_rank_calls=448
AMG setup messages level=2 phase=interpolation-transpose sends=8219 bytes=17519168 collective_rank_calls=448
AMG setup messages level=2 phase=A*P sends=32712 bytes=141682896 collective_rank_calls=448
AMG setup messages level=2 phase=R*(A*P) sends=24657 bytes=398008944 collective_rank_calls=448
AMG setup messages level=3 phase=strength sends=0 bytes=0 collective_rank_calls=448
AMG setup messages level=3 phase=strength-transpose sends=9544 bytes=17785616 collective_rank_calls=448
AMG setup messages level=3 phase=PMIS sends=212800 bytes=27804088 collective_rank_calls=4928
AMG setup messages level=3 phase=numbering sends=0 bytes=0 collective_rank_calls=448
AMG setup messages level=3 phase=interpolation sends=56409 bytes=20176936 collective_rank_calls=448
AMG setup messages level=3 phase=interpolation-transpose sends=7204 bytes=4287168 collective_rank_calls=448
AMG setup messages level=3 phase=A*P sends=33906 bytes=46974704 collective_rank_calls=448
AMG setup messages level=3 phase=R*(A*P) sends=21612 bytes=115176608 collective_rank_calls=448
AMG setup messages level=4 phase=strength sends=0 bytes=0 collective_rank_calls=448
AMG setup messages level=4 phase=strength-transpose sends=9129 bytes=3498116 collective_rank_calls=448
AMG setup messages level=4 phase=PMIS sends=172852 bytes=6121888 collective_rank_calls=4032
AMG setup messages level=4 phase=numbering sends=0 bytes=0 collective_rank_calls=448
AMG setup messages level=4 phase=interpolation sends=53205 bytes=4667204 collective_rank_calls=448
AMG setup messages level=4 phase=interpolation-transpose sends=5422 bytes=1101152 collective_rank_calls=448
AMG setup messages level=4 phase=A*P sends=54930 bytes=18251792 collective_rank_calls=448
AMG setup messages level=4 phase=R*(A*P) sends=16266 bytes=29247552 collective_rank_calls=448
AMG setup messages level=5 phase=strength sends=0 bytes=0 collective_rank_calls=448
AMG setup messages level=5 phase=strength-transpose sends=6493 bytes=642028 collective_rank_calls=448
AMG setup messages level=5 phase=PMIS sends=103294 bytes=1260448 collective_rank_calls=3136
AMG setup messages level=5 phase=numbering sends=0 bytes=0 collective_rank_calls=448
AMG setup messages level=5 phase=interpolation sends=35058 bytes=800020 collective_rank_calls=448
AMG setup messages level=5 phase=interpolation-transpose sends=2643 bytes=283984 collective_rank_calls=448
AMG setup messages level=5 phase=A*P sends=94488 bytes=7803488 collective_rank_calls=448
AMG setup messages level=5 phase=R*(A*P) sends=7929 bytes=6109280 collective_rank_calls=448
AMG setup messages level=6 phase=strength sends=0 bytes=0 collective_rank_calls=448
AMG setup messages level=6 phase=strength-transpose sends=1888 bytes=134380 collective_rank_calls=448
AMG setup messages level=6 phase=PMIS sends=26872 bytes=247728 collective_rank_calls=2240
AMG setup messages level=6 phase=numbering sends=0 bytes=0 collective_rank_calls=448
AMG setup messages level=6 phase=interpolation sends=9150 bytes=109052 collective_rank_calls=448
AMG setup messages level=6 phase=interpolation-transpose sends=876 bytes=75120 collective_rank_calls=448
AMG setup messages level=6 phase=A*P sends=47682 bytes=1862224 collective_rank_calls=448
AMG setup messages level=6 phase=R*(A*P) sends=2628 bytes=751824 collective_rank_calls=448
AMG setup messages level=7 phase=strength sends=0 bytes=0 collective_rank_calls=448
AMG setup messages level=7 phase=strength-transpose sends=405 bytes=26536 collective_rank_calls=448
AMG setup messages level=7 phase=PMIS sends=2739 bytes=31704 collective_rank_calls=896
AMG setup messages level=7 phase=numbering sends=0 bytes=0 collective_rank_calls=448
AMG setup messages level=7 phase=interpolation sends=1914 bytes=15608 collective_rank_calls=448
AMG setup messages level=7 phase=interpolation-transpose sends=171 bytes=13680 collective_rank_calls=448
AMG setup messages level=7 phase=A*P sends=8406 bytes=187088 collective_rank_calls=448
AMG setup messages level=7 phase=R*(A*P) sends=513 bytes=24064 collective_rank_calls=448
GMRES: iter = 0, residual = 0.00438506094, 1 (rel.)
GMRES: iter = 1, residual = 0.001249970254, 0.2850519687 (rel.)
GMRES: Solve Time = 0.461522545
The cloud-layer FLD system Newton 30: residual=0.001249021, GMRES rtol=0.1106685078
AMG setup messages level=0 phase=strength sends=0 bytes=0 collective_rank_calls=448
AMG setup messages level=0 phase=strength-transpose sends=3519 bytes=143911428 collective_rank_calls=448
AMG setup messages level=0 phase=PMIS sends=66692 bytes=420477792 collective_rank_calls=4032
AMG setup messages level=0 phase=numbering sends=0 bytes=0 collective_rank_calls=448
AMG setup messages level=0 phase=interpolation sends=21114 bytes=192144380 collective_rank_calls=448
AMG setup messages level=0 phase=interpolation-transpose sends=7574 bytes=73886160 collective_rank_calls=448
AMG setup messages level=0 phase=A*P sends=11562 bytes=357790464 collective_rank_calls=448
AMG setup messages level=0 phase=R*(A*P) sends=22722 bytes=525572848 collective_rank_calls=448
AMG setup messages level=1 phase=strength sends=0 bytes=0 collective_rank_calls=448
AMG setup messages level=1 phase=strength-transpose sends=8620 bytes=167409452 collective_rank_calls=448
AMG setup messages level=1 phase=PMIS sends=207556 bytes=345904388 collective_rank_calls=5376
AMG setup messages level=1 phase=numbering sends=0 bytes=0 collective_rank_calls=448
AMG setup messages level=1 phase=interpolation sends=51300 bytes=199056248 collective_rank_calls=448
AMG setup messages level=1 phase=interpolation-transpose sends=8315 bytes=59293600 collective_rank_calls=448
AMG setup messages level=1 phase=A*P sends=28704 bytes=349362128 collective_rank_calls=448
AMG setup messages level=1 phase=R*(A*P) sends=24945 bytes=884054784 collective_rank_calls=448
AMG setup messages level=2 phase=strength sends=0 bytes=0 collective_rank_calls=448
AMG setup messages level=2 phase=strength-transpose sends=9525 bytes=72790752 collective_rank_calls=448
AMG setup messages level=2 phase=PMIS sends=230329 bytes=115603488 collective_rank_calls=5376
AMG setup messages level=2 phase=numbering sends=0 bytes=0 collective_rank_calls=448
AMG setup messages level=2 phase=interpolation sends=56499 bytes=77041492 collective_rank_calls=448
AMG setup messages level=2 phase=interpolation-transpose sends=8199 bytes=17516272 collective_rank_calls=448
AMG setup messages level=2 phase=A*P sends=32808 bytes=141633120 collective_rank_calls=448
AMG setup messages level=2 phase=R*(A*P) sends=24597 bytes=398291088 collective_rank_calls=448
AMG setup messages level=3 phase=strength sends=0 bytes=0 collective_rank_calls=448
AMG setup messages level=3 phase=strength-transpose sends=9545 bytes=17757780 collective_rank_calls=448
AMG setup messages level=3 phase=PMIS sends=212546 bytes=27788328 collective_rank_calls=4928
AMG setup messages level=3 phase=numbering sends=0 bytes=0 collective_rank_calls=448
AMG setup messages level=3 phase=interpolation sends=56343 bytes=20163044 collective_rank_calls=448
AMG setup messages level=3 phase=interpolation-transpose sends=7195 bytes=4294464 collective_rank_calls=448
AMG setup messages level=3 phase=A*P sends=33984 bytes=46928976 collective_rank_calls=448
AMG setup messages level=3 phase=R*(A*P) sends=21585 bytes=115966048 collective_rank_calls=448
AMG setup messages level=4 phase=strength sends=0 bytes=0 collective_rank_calls=448
AMG setup messages level=4 phase=strength-transpose sends=9176 bytes=3481148 collective_rank_calls=448
AMG setup messages level=4 phase=PMIS sends=173188 bytes=6119904 collective_rank_calls=4032
AMG setup messages level=4 phase=numbering sends=0 bytes=0 collective_rank_calls=448
AMG setup messages level=4 phase=interpolation sends=53340 bytes=4677596 collective_rank_calls=448
AMG setup messages level=4 phase=interpolation-transpose sends=5518 bytes=1096336 collective_rank_calls=448
AMG setup messages level=4 phase=A*P sends=55620 bytes=18153216 collective_rank_calls=448
AMG setup messages level=4 phase=R*(A*P) sends=16554 bytes=29670208 collective_rank_calls=448
AMG setup messages level=5 phase=strength sends=0 bytes=0 collective_rank_calls=448
AMG setup messages level=5 phase=strength-transpose sends=6889 bytes=660260 collective_rank_calls=448
AMG setup messages level=5 phase=PMIS sends=109174 bytes=1310648 collective_rank_calls=3136
AMG setup messages level=5 phase=numbering sends=0 bytes=0 collective_rank_calls=448
AMG setup messages level=5 phase=interpolation sends=37341 bytes=817796 collective_rank_calls=448
AMG setup messages level=5 phase=interpolation-transpose sends=2811 bytes=294224 collective_rank_calls=448
AMG setup messages level=5 phase=A*P sends=95778 bytes=7981088 collective_rank_calls=448
AMG setup messages level=5 phase=R*(A*P) sends=8433 bytes=6515072 collective_rank_calls=448
AMG setup messages level=6 phase=strength sends=0 bytes=0 collective_rank_calls=448
AMG setup messages level=6 phase=strength-transpose sends=1951 bytes=129636 collective_rank_calls=448
AMG setup messages level=6 phase=PMIS sends=22403 bytes=208240 collective_rank_calls=1792
AMG setup messages level=6 phase=numbering sends=0 bytes=0 collective_rank_calls=448
AMG setup messages level=6 phase=interpolation sends=9048 bytes=108260 collective_rank_calls=448
AMG setup messages level=6 phase=interpolation-transpose sends=978 bytes=79744 collective_rank_calls=448
AMG setup messages level=6 phase=A*P sends=54018 bytes=2123936 collective_rank_calls=448
AMG setup messages level=6 phase=R*(A*P) sends=2934 bytes=1010576 collective_rank_calls=448
AMG setup messages level=7 phase=strength sends=0 bytes=0 collective_rank_calls=448
AMG setup messages level=7 phase=strength-transpose sends=418 bytes=31760 collective_rank_calls=448
AMG setup messages level=7 phase=PMIS sends=4068 bytes=49472 collective_rank_calls=1344
AMG setup messages level=7 phase=numbering sends=0 bytes=0 collective_rank_calls=448
AMG setup messages level=7 phase=interpolation sends=2052 bytes=16872 collective_rank_calls=448
AMG setup messages level=7 phase=interpolation-transpose sends=156 bytes=14080 collective_rank_calls=448
AMG setup messages level=7 phase=A*P sends=9300 bytes=243200 collective_rank_calls=448
AMG setup messages level=7 phase=R*(A*P) sends=468 bytes=26848 collective_rank_calls=448
GMRES: iter = 0, residual = 0.001249025278, 1 (rel.)
GMRES: iter = 1, residual = 0.0007276845783, 0.5826019627 (rel.)
GMRES: iter = 2, residual = 0.0005689340721, 0.4555024483 (rel.)
GMRES: iter = 3, residual = 0.0004705792583, 0.3767571936 (rel.)
GMRES: iter = 4, residual = 0.0003835521426, 0.3070811692 (rel.)
GMRES: iter = 5, residual = 0.0003078263088, 0.2464532258 (rel.)
GMRES: iter = 6, residual = 0.00025542364, 0.2044983753 (rel.)
GMRES: iter = 7, residual = 0.0002190307583, 0.1753613495 (rel.)
GMRES: iter = 8, residual = 0.0001903418214, 0.1523922893 (rel.)
GMRES: iter = 9, residual = 0.0001663539115, 0.1331869855 (rel.)
GMRES: iter = 10, residual = 0.0001493202021, 0.1195493836 (rel.)
GMRES: iter = 11, residual = 0.0001334097741, 0.1068111082 (rel.)
GMRES: Solve Time = 3.48241602
The cloud-layer FLD system Newton 31: residual=0.0001376071921, GMRES rtol=0.01092401582
AMG setup messages level=0 phase=strength sends=0 bytes=0 collective_rank_calls=448
AMG setup messages level=0 phase=strength-transpose sends=3519 bytes=143911428 collective_rank_calls=448
AMG setup messages level=0 phase=PMIS sends=66692 bytes=420477792 collective_rank_calls=4032
AMG setup messages level=0 phase=numbering sends=0 bytes=0 collective_rank_calls=448
AMG setup messages level=0 phase=interpolation sends=21114 bytes=192114828 collective_rank_calls=448
AMG setup messages level=0 phase=interpolation-transpose sends=7578 bytes=73876128 collective_rank_calls=448
AMG setup messages level=0 phase=A*P sends=11562 bytes=357763248 collective_rank_calls=448
AMG setup messages level=0 phase=R*(A*P) sends=22734 bytes=525244160 collective_rank_calls=448
AMG setup messages level=1 phase=strength sends=0 bytes=0 collective_rank_calls=448
AMG setup messages level=1 phase=strength-transpose sends=8636 bytes=167519712 collective_rank_calls=448
AMG setup messages level=1 phase=PMIS sends=208096 bytes=346002116 collective_rank_calls=5376
AMG setup messages level=1 phase=numbering sends=0 bytes=0 collective_rank_calls=448
AMG setup messages level=1 phase=interpolation sends=51315 bytes=199123336 collective_rank_calls=448
AMG setup messages level=1 phase=interpolation-transpose sends=8345 bytes=59242288 collective_rank_calls=448
AMG setup messages level=1 phase=A*P sends=28752 bytes=349338464 collective_rank_calls=448
AMG setup messages level=1 phase=R*(A*P) sends=25035 bytes=883317936 collective_rank_calls=448
AMG setup messages level=2 phase=strength sends=0 bytes=0 collective_rank_calls=448
AMG setup messages level=2 phase=strength-transpose sends=9512 bytes=72827936 collective_rank_calls=448
AMG setup messages level=2 phase=PMIS sends=210848 bytes=106819512 collective_rank_calls=4928
AMG setup messages level=2 phase=numbering sends=0 bytes=0 collective_rank_calls=448
AMG setup messages level=2 phase=interpolation sends=56379 bytes=77026296 collective_rank_calls=448
AMG setup messages level=2 phase=interpolation-transpose sends=8189 bytes=17506224 collective_rank_calls=448
AMG setup messages level=2 phase=A*P sends=32736 bytes=141821776 collective_rank_calls=448
AMG setup messages level=2 phase=R*(A*P) sends=24567 bytes=398296432 collective_rank_calls=448
AMG setup messages level=3 phase=strength sends=0 bytes=0 collective_rank_calls=448
AMG setup messages level=3 phase=strength-transpose sends=9514 bytes=17751960 collective_rank_calls=448
AMG setup messages level=3 phase=PMIS sends=211876 bytes=27763160 collective_rank_calls=4928
AMG setup messages level=3 phase=numbering sends=0 bytes=0 collective_rank_calls=448
AMG setup messages level=3 phase=interpolation sends=56199 bytes=20078420 collective_rank_calls=448
AMG setup messages level=3 phase=interpolation-transpose sends=7247 bytes=4308192 collective_rank_calls=448
AMG setup messages level=3 phase=A*P sends=33900 bytes=46964064 collective_rank_calls=448
AMG setup messages level=3 phase=R*(A*P) sends=21741 bytes=116287632 collective_rank_calls=448
AMG setup messages level=4 phase=strength sends=0 bytes=0 collective_rank_calls=448
AMG setup messages level=4 phase=strength-transpose sends=9249 bytes=3498776 collective_rank_calls=448
AMG setup messages level=4 phase=PMIS sends=175192 bytes=6146224 collective_rank_calls=4032
AMG setup messages level=4 phase=numbering sends=0 bytes=0 collective_rank_calls=448
AMG setup messages level=4 phase=interpolation sends=53736 bytes=4695084 collective_rank_calls=448
AMG setup messages level=4 phase=interpolation-transpose sends=5443 bytes=1105152 collective_rank_calls=448
AMG setup messages level=4 phase=A*P sends=55584 bytes=18381056 collective_rank_calls=448
AMG setup messages level=4 phase=R*(A*P) sends=16329 bytes=29768096 collective_rank_calls=448
AMG setup messages level=5 phase=strength sends=0 bytes=0 collective_rank_calls=448
AMG setup messages level=5 phase=strength-transpose sends=6935 bytes=666400 collective_rank_calls=448
AMG setup messages level=5 phase=PMIS sends=109818 bytes=1316728 collective_rank_calls=3136
AMG setup messages level=5 phase=numbering sends=0 bytes=0 collective_rank_calls=448
AMG setup messages level=5 phase=interpolation sends=37596 bytes=844784 collective_rank_calls=448
AMG setup messages level=5 phase=interpolation-transpose sends=2672 bytes=296800 collective_rank_calls=448
AMG setup messages level=5 phase=A*P sends=95580 bytes=7955648 collective_rank_calls=448
AMG setup messages level=5 phase=R*(A*P) sends=8016 bytes=6326496 collective_rank_calls=448
AMG setup messages level=6 phase=strength sends=0 bytes=0 collective_rank_calls=448
AMG setup messages level=6 phase=strength-transpose sends=1922 bytes=136628 collective_rank_calls=448
AMG setup messages level=6 phase=PMIS sends=21726 bytes=208112 collective_rank_calls=1792
AMG setup messages level=6 phase=numbering sends=0 bytes=0 collective_rank_calls=448
AMG setup messages level=6 phase=interpolation sends=9393 bytes=122684 collective_rank_calls=448
AMG setup messages level=6 phase=interpolation-transpose sends=1156 bytes=97920 collective_rank_calls=448
AMG setup messages level=6 phase=A*P sends=52416 bytes=2330064 collective_rank_calls=448
AMG setup messages level=6 phase=R*(A*P) sends=3468 bytes=910784 collective_rank_calls=448
AMG setup messages level=7 phase=strength sends=0 bytes=0 collective_rank_calls=448
AMG setup messages level=7 phase=strength-transpose sends=286 bytes=21488 collective_rank_calls=448
AMG setup messages level=7 phase=PMIS sends=1936 bytes=26984 collective_rank_calls=896
AMG setup messages level=7 phase=numbering sends=0 bytes=0 collective_rank_calls=448
AMG setup messages level=7 phase=interpolation sends=1365 bytes=11128 collective_rank_calls=448
AMG setup messages level=7 phase=interpolation-transpose sends=114 bytes=10320 collective_rank_calls=448
AMG setup messages level=7 phase=A*P sends=5796 bytes=159456 collective_rank_calls=448
AMG setup messages level=7 phase=R*(A*P) sends=342 bytes=19648 collective_rank_calls=448
GMRES: iter = 0, residual = 0.0001376086745, 1 (rel.)
GMRES: iter = 1, residual = 0.0001230940593, 0.8945225272 (rel.)
GMRES: iter = 2, residual = 0.0001119446645, 0.8135000571 (rel.)
GMRES: iter = 3, residual = 9.813435117e-05, 0.7131407343 (rel.)
GMRES: iter = 4, residual = 8.505769371e-05, 0.6181128772 (rel.)
GMRES: iter = 5, residual = 7.42774355e-05, 0.5397729161 (rel.)
GMRES: iter = 6, residual = 6.548097692e-05, 0.4758491946 (rel.)
GMRES: iter = 7, residual = 5.874261599e-05, 0.4268816353 (rel.)
GMRES: iter = 8, residual = 5.216936808e-05, 0.3791139496 (rel.)
GMRES: iter = 9, residual = 4.580459856e-05, 0.332861273 (rel.)
GMRES: iter = 10, residual = 4.005638727e-05, 0.291089115 (rel.)
GMRES: iter = 11, residual = 3.360060983e-05, 0.2441750853 (rel.)
GMRES: iter = 12, residual = 2.765321527e-05, 0.2009554657 (rel.)
GMRES: iter = 13, residual = 2.291075185e-05, 0.1664920612 (rel.)
GMRES: iter = 14, residual = 1.905484051e-05, 0.1384712162 (rel.)
GMRES: iter = 15, residual = 1.549538542e-05, 0.1126047139 (rel.)
GMRES: iter = 16, residual = 1.221704216e-05, 0.08878104671 (rel.)
GMRES: iter = 17, residual = 9.283746731e-06, 0.06746483655 (rel.)
GMRES: iter = 18, residual = 7.284600414e-06, 0.05293707276 (rel.)
GMRES: iter = 19, residual = 5.983354044e-06, 0.04348093656 (rel.)
GMRES: iter = 20, residual = 4.933589469e-06, 0.03585231445 (rel.)
GMRES: iter = 21, residual = 4.104158642e-06, 0.02982485412 (rel.)
GMRES: iter = 22, residual = 3.449320871e-06, 0.02506615868 (rel.)
GMRES: iter = 23, residual = 2.906947821e-06, 0.02112474255 (rel.)
GMRES: iter = 24, residual = 2.432884796e-06, 0.01767973426 (rel.)
GMRES: iter = 25, residual = 2.010547259e-06, 0.01461061424 (rel.)
GMRES: iter = 26, residual = 1.596911743e-06, 0.01160473167 (rel.)
GMRES: iter = 27, residual = 1.28149648e-06, 0.009312614081 (rel.)
GMRES: Solve Time = 8.600772281
The cloud-layer FLD system Newton 32: residual=1.501393267e-05, GMRES rtol=0.01071370822
AMG setup messages level=0 phase=strength sends=0 bytes=0 collective_rank_calls=448
AMG setup messages level=0 phase=strength-transpose sends=3519 bytes=143911428 collective_rank_calls=448
AMG setup messages level=0 phase=PMIS sends=74065 bytes=462084012 collective_rank_calls=4480
AMG setup messages level=0 phase=numbering sends=0 bytes=0 collective_rank_calls=448
AMG setup messages level=0 phase=interpolation sends=21114 bytes=192064892 collective_rank_calls=448
AMG setup messages level=0 phase=interpolation-transpose sends=7589 bytes=73880560 collective_rank_calls=448
AMG setup messages level=0 phase=A*P sends=11562 bytes=357751488 collective_rank_calls=448
AMG setup messages level=0 phase=R*(A*P) sends=22767 bytes=525366672 collective_rank_calls=448
AMG setup messages level=1 phase=strength sends=0 bytes=0 collective_rank_calls=448
AMG setup messages level=1 phase=strength-transpose sends=8675 bytes=167447640 collective_rank_calls=448
AMG setup messages level=1 phase=PMIS sends=191630 bytes=319578472 collective_rank_calls=4928
AMG setup messages level=1 phase=numbering sends=0 bytes=0 collective_rank_calls=448
AMG setup messages level=1 phase=interpolation sends=51582 bytes=199082220 collective_rank_calls=448
AMG setup messages level=1 phase=interpolation-transpose sends=8345 bytes=59230192 collective_rank_calls=448
AMG setup messages level=1 phase=A*P sends=28782 bytes=349387296 collective_rank_calls=448
AMG setup messages level=1 phase=R*(A*P) sends=25035 bytes=883355696 collective_rank_calls=448
AMG setup messages level=2 phase=strength sends=0 bytes=0 collective_rank_calls=448
AMG setup messages level=2 phase=strength-transpose sends=9546 bytes=72845480 collective_rank_calls=448
AMG setup messages level=2 phase=PMIS sends=230768 bytes=115638208 collective_rank_calls=5376
AMG setup messages level=2 phase=numbering sends=0 bytes=0 collective_rank_calls=448
AMG setup messages level=2 phase=interpolation sends=56559 bytes=77087808 collective_rank_calls=448
AMG setup messages level=2 phase=interpolation-transpose sends=8221 bytes=17482240 collective_rank_calls=448
AMG setup messages level=2 phase=A*P sends=32802 bytes=141739744 collective_rank_calls=448
AMG setup messages level=2 phase=R*(A*P) sends=24663 bytes=397712432 collective_rank_calls=448
AMG setup messages level=3 phase=strength sends=0 bytes=0 collective_rank_calls=448
AMG setup messages level=3 phase=strength-transpose sends=9522 bytes=17780316 collective_rank_calls=448
AMG setup messages level=3 phase=PMIS sends=250596 bytes=32419344 collective_rank_calls=5824
AMG setup messages level=3 phase=numbering sends=0 bytes=0 collective_rank_calls=448
AMG setup messages level=3 phase=interpolation sends=56226 bytes=20163372 collective_rank_calls=448
AMG setup messages level=3 phase=interpolation-transpose sends=7211 bytes=4285264 collective_rank_calls=448
AMG setup messages level=3 phase=A*P sends=34026 bytes=47041104 collective_rank_calls=448
AMG setup messages level=3 phase=R*(A*P) sends=21633 bytes=115253680 collective_rank_calls=448
AMG setup messages level=4 phase=strength sends=0 bytes=0 collective_rank_calls=448
AMG setup messages level=4 phase=strength-transpose sends=9170 bytes=3503536 collective_rank_calls=448
AMG setup messages level=4 phase=PMIS sends=192684 bytes=6727476 collective_rank_calls=4480
AMG setup messages level=4 phase=numbering sends=0 bytes=0 collective_rank_calls=448
AMG setup messages level=4 phase=interpolation sends=53361 bytes=4689400 collective_rank_calls=448
AMG setup messages level=4 phase=interpolation-transpose sends=5546 bytes=1109472 collective_rank_calls=448
AMG setup messages level=4 phase=A*P sends=55320 bytes=18262320 collective_rank_calls=448
AMG setup messages level=4 phase=R*(A*P) sends=16638 bytes=29606288 collective_rank_calls=448
AMG setup messages level=5 phase=strength sends=0 bytes=0 collective_rank_calls=448
AMG setup messages level=5 phase=strength-transpose sends=6818 bytes=645428 collective_rank_calls=448
AMG setup messages level=5 phase=PMIS sends=92246 bytes=1119036 collective_rank_calls=2688
AMG setup messages level=5 phase=numbering sends=0 bytes=0 collective_rank_calls=448
AMG setup messages level=5 phase=interpolation sends=36885 bytes=813800 collective_rank_calls=448
AMG setup messages level=5 phase=interpolation-transpose sends=2436 bytes=269568 collective_rank_calls=448
AMG setup messages level=5 phase=A*P sends=94602 bytes=7704256 collective_rank_calls=448
AMG setup messages level=5 phase=R*(A*P) sends=7308 bytes=5697488 collective_rank_calls=448
AMG setup messages level=6 phase=strength sends=0 bytes=0 collective_rank_calls=448
AMG setup messages level=6 phase=strength-transpose sends=1719 bytes=132640 collective_rank_calls=448
AMG setup messages level=6 phase=PMIS sends=24444 bytes=241376 collective_rank_calls=2240
AMG setup messages level=6 phase=numbering sends=0 bytes=0 collective_rank_calls=448
AMG setup messages level=6 phase=interpolation sends=7854 bytes=126200 collective_rank_calls=448
AMG setup messages level=6 phase=interpolation-transpose sends=780 bytes=89504 collective_rank_calls=448
AMG setup messages level=6 phase=A*P sends=43362 bytes=2029344 collective_rank_calls=448
AMG setup messages level=6 phase=R*(A*P) sends=2340 bytes=920544 collective_rank_calls=448
AMG setup messages level=7 phase=strength sends=0 bytes=0 collective_rank_calls=448
AMG setup messages level=7 phase=strength-transpose sends=460 bytes=46416 collective_rank_calls=448
AMG setup messages level=7 phase=PMIS sends=4384 bytes=58072 collective_rank_calls=1344
AMG setup messages level=7 phase=numbering sends=0 bytes=0 collective_rank_calls=448
AMG setup messages level=7 phase=interpolation sends=2592 bytes=28876 collective_rank_calls=448
AMG setup messages level=7 phase=interpolation-transpose sends=239 bytes=20784 collective_rank_calls=448
AMG setup messages level=7 phase=A*P sends=11130 bytes=343152 collective_rank_calls=448
AMG setup messages level=7 phase=R*(A*P) sends=717 bytes=51520 collective_rank_calls=448
GMRES: iter = 0, residual = 1.501394789e-05, 1 (rel.)
GMRES: iter = 1, residual = 2.741380514e-06, 0.182588919 (rel.)
GMRES: iter = 2, residual = 1.169263037e-06, 0.07787845315 (rel.)
GMRES: iter = 3, residual = 8.739314285e-07, 0.05820797002 (rel.)
GMRES: iter = 4, residual = 7.437491348e-07, 0.04953721302 (rel.)
GMRES: iter = 5, residual = 6.450687984e-07, 0.0429646355 (rel.)
GMRES: iter = 6, residual = 5.609060911e-07, 0.0373590008 (rel.)
GMRES: iter = 7, residual = 4.829805324e-07, 0.03216878972 (rel.)
GMRES: iter = 8, residual = 4.260729474e-07, 0.02837847517 (rel.)
GMRES: iter = 9, residual = 3.861106365e-07, 0.0257167961 (rel.)
GMRES: iter = 10, residual = 3.584117353e-07, 0.02387191816 (rel.)
GMRES: iter = 11, residual = 3.304947762e-07, 0.02201251654 (rel.)
GMRES: iter = 12, residual = 3.040126181e-07, 0.02024867945 (rel.)
GMRES: iter = 13, residual = 2.845597177e-07, 0.0189530242 (rel.)
GMRES: iter = 14, residual = 2.687043899e-07, 0.01789698432 (rel.)
GMRES: iter = 15, residual = 2.550957259e-07, 0.01699058287 (rel.)
GMRES: iter = 16, residual = 2.405641881e-07, 0.01602271367 (rel.)
GMRES: iter = 17, residual = 2.255757457e-07, 0.01502441246 (rel.)
GMRES: iter = 18, residual = 2.103116003e-07, 0.01400774812 (rel.)
GMRES: iter = 19, residual = 1.940687618e-07, 0.01292589819 (rel.)
GMRES: iter = 20, residual = 1.747256571e-07, 0.01163755585 (rel.)
GMRES: iter = 21, residual = 1.546046288e-07, 0.01029740012 (rel.)
GMRES: Solve Time = 6.634936975
FLD cloud AMR Newton-Krylov iterations=33/242, change=1.014463112e-07, residual=1.569829515e-07, transmission=0.7919410358
FLD 3-D Penrose cloud: case=amr, fine_n=512, opacity contrast=100000, cells=35127296, limiter=on, mixed cells=1042988, cloudy volume relative error=0, transmission=0.7919410358, balance error=2.336820564e-10, Newton/Krylov iterations=33/242, nonlinear residual=1.569829515e-07, E range=[1.979834849,2.033018318], whole-case wall=180.2383288 s, preconditioner=amg, AMG backend=native, linear iterations=442, max true relative residual=4.935963793e-10, aggregate setup=57.63629502 s, aggregate solve=33.15955675 s


TinyProfiler total time across processes [min...avg...max]: 180.2 ... 180.2 ... 180.2

-------------------------------------------------------------------------------------------
Name                                        NCalls  Excl. Min  Excl. Avg  Excl. Max   Max %
-------------------------------------------------------------------------------------------
SpMatrix::finishComm_mv::recv_wait           33850      5.713      43.71      54.58  30.28%
SpMV                                         47373      8.511      15.72      44.01  24.42%
FabArray::ParallelCopy_finish()               7605      9.465      26.13      31.71  17.60%
SpGEMM                                        1119      10.12      14.14       23.7  13.15%
GMRES::GramSchmidt                             442       3.83      12.92      21.67  12.02%
FabArray::setVal()                            8164     0.6508      2.682       17.1   9.48%
AMG::setup                                      46     0.6142      9.673      13.28   7.37%
SpMatrix::prepare_comm_mv                    51414      1.113      8.446      12.15   6.74%
SpMatrix::define_split                        2611        2.6      5.596      11.09   6.15%
FLD::composite_residual_without_assembly       308      1.878      3.618      10.57   5.86%
ChebyshevSmoother                             8456      1.445      2.821       9.33   5.18%
SpMatrix::startComm_tr                         746      0.588       5.29      6.947   3.85%
FillBoundary_finish()                         4832     0.2327      3.185      6.918   3.84%
SpMatrix::finishComm_mv::unpack              46413     0.6495      1.771       5.96   3.31%
SpMatrix::startComm_mv                       47373     0.6666      1.853      5.882   3.26%
SpMatrix::finishComm_mv::send_wait           33850    0.03701     0.4214      4.667   2.59%
FLD::NewtonKrylov::Jacobian_action             242     0.2451       1.26      4.339   2.41%
FLD::NewtonKrylov::line_search                  33    0.05291      2.203      4.019   2.23%
FabArray::ParallelCopy_nowait()               7605     0.2305     0.6394       3.22   1.79%
AMG::build_interp_mm                           373      1.309      1.683      2.977   1.65%
FLD::composite_assembly                         46     0.6041      1.347      2.791   1.55%
FLD::MLABecLapAMG::precondition                275     0.7156      1.115      2.632   1.46%
AMG::create_soc                                373     0.7603      1.274      2.411   1.34%
SpMatrix::preparePairHalo                      373      0.494      1.487      1.815   1.01%
SpMatrix::split_csr                          54221     0.1876     0.7086      1.672   0.93%
SpMatrix::finishComm_tr                        746     0.2412     0.5556      1.555   0.86%
AMG::pmis                                      373     0.8792      1.122      1.515   0.84%
AMG::truncate_interp                           373     0.6428     0.8206      1.447   0.80%
FabArray::Saxpy()                             8070     0.5753     0.7485      1.399   0.78%
SpMatrix::gatherRemote                        3882     0.3806      1.064      1.373   0.76%
amrex::Copy()                                 4562     0.4573     0.6189      1.195   0.66%
SpMatrix::transpose                            746     0.4053     0.6019      1.129   0.63%
FLD::compute_diffusion                         355     0.4588     0.5867     0.9994   0.55%
FLD::cloud_linearized_residual                 242       0.48     0.5875     0.9952   0.55%
FLD::MLABecLapAMG::assemble                     46    0.09619     0.3679     0.8392   0.47%
FLD::MLABecLapAMG::residualWithoutAssembly     308     0.2123     0.3247     0.8385   0.47%
GMRES::cycle()                                  46     0.1911     0.6493     0.7923   0.44%
FLD::NewtonKrylov::solve                         1    0.06221     0.2472      0.693   0.38%
FillBoundary_nowait()                         4832     0.1263     0.3154     0.6194   0.34%
AMG::vcycle                                    488    0.03935     0.1315     0.4593   0.25%
SpMatrix::gather_pair_plan                    3136     0.2651     0.3606      0.433   0.24%
FLD::MLABecLapAMG::solve                        13     0.1751     0.2373     0.3774   0.21%
AMG::vcycle::level=0 residual                  488    0.02092    0.07486     0.3482   0.19%
FLD::cloud_residual                             66     0.1306     0.1603     0.2735   0.15%
SpMatrix::trim_remote_rows                    2239     0.1099     0.1474     0.2707   0.15%
FLD::composite_topology                          1    0.05928     0.1234      0.255   0.14%
amrex::average_down                            677    0.05602    0.08142     0.2074   0.12%
SpMatrix::finishComm_mv                      47373    0.04217    0.06695      0.207   0.11%
FLD::cloud_newton_prepare                       33     0.1026     0.1154     0.1658   0.09%
FabArray::mult()                              1034    0.02361    0.03318     0.1218   0.07%
FabArray::LinComb()                            222    0.04508    0.06187     0.1128   0.06%
GMRES:build_solution()                          46    0.02797    0.04623     0.1042   0.06%
CellConservativeLinear::interp()               202          0    0.01437     0.1018   0.06%
DistributionMapping::LeastUsedCPUs()             3  0.0006237    0.01212    0.09701   0.05%
SpMatrix::finishComm_mv::cleanup             46413    0.02909    0.04371    0.09607   0.05%
FLD::cloud_predictor                            13    0.03689    0.05073    0.07302   0.04%
AMG::vcycle::level=1 residual                  488   0.006002    0.01432    0.06568   0.04%
SpMatrix::gatherRemotePair                    3136   0.006017    0.01729    0.05049   0.03%
FLD::cloud_field_initialization                  1   0.009426    0.01591    0.03449   0.02%
FLD::cloud_setup                                 1   0.008147    0.02729    0.03338   0.02%
FabArray::ParallelCopy()                      7605   0.005806   0.008607     0.0219   0.01%
FabArrayBase::getCPC()                        5809   0.004802   0.007891    0.02111   0.01%
FillPatchTwoLevels                            1418   0.006886   0.009868    0.02009   0.01%
GMRES::solve()                                  46   0.003839     0.0073     0.0168   0.01%
FLD::run_cloud                                   1   0.003461   0.005445    0.01254   0.01%
FLD::MLABecLapAMG::preconditioner_cycle        488   0.002322   0.003346   0.008447   0.00%
AMG::vcycle::level=2 residual                  488   0.001036    0.00184   0.007789   0.00%
AMG::vcycle::level=0 prolong                   488  0.0008416   0.001656   0.004948   0.00%
AMG::vcycle::level=0 pre_smooth                488   0.001179   0.002092   0.004653   0.00%
FabArray::FillBoundary()                      4832   0.002655   0.003405   0.004391   0.00%
AMG::vcycle::level=1 post_smooth               488  0.0006824    0.00198   0.004145   0.00%
AMG::vcycle::level=0 post_smooth               488  0.0009582   0.002009   0.004103   0.00%
AMG::vcycle::level=1 pre_smooth                488  0.0007879   0.001834   0.003878   0.00%
AMG::vcycle::level=1 restrict                  488  0.0004346  0.0008152   0.003519   0.00%
amrex::average_down_w_geom                     677   0.000664   0.001265    0.00341   0.00%
AMG::vcycle::level=0 restrict                  488   0.000558   0.001218   0.003137   0.00%
AMG::vcycle::level=2 pre_smooth                488   0.000511  0.0008973   0.003024   0.00%
AMG::vcycle::level=1 prolong                   488  0.0003294  0.0008337   0.002981   0.00%
FLD::cloud_precondition                        275   0.001098   0.001642   0.002883   0.00%
FillPatchSingleLevel                          2836  0.0008999   0.001366   0.002247   0.00%
FabArrayBase::TheFPinfo()                     1418  0.0006064  0.0008358   0.001701   0.00%
FillPatchInterp(Fab)                          1418    0.00043  0.0006686   0.001471   0.00%
AMG::vcycle::level=2 post_smooth               488  0.0002541  0.0005812   0.001463   0.00%
AMG::vcycle::level=2 restrict                  488  0.0001971  0.0003863   0.001249   0.00%
AMG::vcycle::level=4 pre_smooth                488  0.0002514  0.0005779  0.0008994   0.00%
AMG::vcycle::level=3 residual                  488  0.0003527  0.0004908  0.0007947   0.00%
AMG::vcycle::level=3 pre_smooth                488  0.0002983  0.0004211  0.0007436   0.00%
AMG::bottom_solve                              488  0.0003304  0.0004249  0.0005947   0.00%
AMG::vcycle::level=3 restrict                  488  0.0001391  0.0002213  0.0005624   0.00%
AMG::vcycle::level=2 prolong                   488  0.0001963  0.0002981  0.0005122   0.00%
AMG::vcycle::level=5 residual                  488  0.0001916  0.0003153  0.0004702   0.00%
AMG::vcycle::level=4 residual                  488  0.0002067  0.0002749   0.000454   0.00%
AMG::vcycle::level=6 residual                  488  0.0001366  0.0002211  0.0004222   0.00%
AMG::vcycle::level=5 pre_smooth                488  0.0001952  0.0002512  0.0004202   0.00%
AMG::vcycle::level=3 post_smooth               488  0.0001717  0.0002354  0.0003405   0.00%
AMG::vcycle::level=6 pre_smooth                488  0.0001817  0.0002303  0.0003066   0.00%
AMG::vcycle::level=8 bottom_solve              408  0.0001727  0.0002171  0.0002917   0.00%
AMG::vcycle::level=7 pre_smooth                488  0.0001723   0.000202  0.0002539   0.00%
AMG::vcycle::level=7 residual                  488  0.0001133  0.0001802  0.0002511   0.00%
AMG::vcycle::level=3 prolong                   488  0.0001572  0.0001954  0.0002509   0.00%
AMG::vcycle::level=4 prolong                   488  0.0001531  0.0001979  0.0002501   0.00%
AMG::vcycle::level=5 post_smooth               488   0.000148  0.0001827  0.0002345   0.00%
AMG::vcycle::level=4 restrict                  488  0.0001143   0.000158  0.0002321   0.00%
AMG::vcycle::level=4 post_smooth               488  0.0001558  0.0001855  0.0002234   0.00%
AMG::vcycle::level=5 prolong                   488  0.0001192  0.0001542  0.0002055   0.00%
FLD::NewtonKrylov::prepare                      33  5.492e-05  9.995e-05  0.0001961   0.00%
AMG::vcycle::level=5 restrict                  488  0.0001128  0.0001372  0.0001944   0.00%
AMG::vcycle::level=6 post_smooth               488  0.0001196   0.000147  0.0001878   0.00%
AMG::vcycle::level=7 post_smooth               488  0.0001225  0.0001448  0.0001648   0.00%
AMG::vcycle::level=6 prolong                   488   0.000111  0.0001291  0.0001598   0.00%
FLD::NewtonKrylov::linear_solve                 33  5.646e-05   9.29e-05  0.0001524   0.00%
AMG::vcycle::level=7 prolong                   488  0.0001057  0.0001243  0.0001467   0.00%
FPinfo::FPinfo()                                 1  2.996e-05  3.394e-05   5.98e-05   0.00%
FLD::cloud_predictors                            1  6.906e-06  1.161e-05  2.277e-05   0.00%
Other                                        13094   0.009439    0.01978    0.05009   0.03%
-------------------------------------------------------------------------------------------

-------------------------------------------------------------------------------------------
Name                                        NCalls  Incl. Min  Incl. Avg  Incl. Max   Max %
-------------------------------------------------------------------------------------------
FLD::run_cloud                                   1      180.2      180.2      180.2 100.00%
FLD::NewtonKrylov::solve                         1      129.9      129.9      129.9  72.06%
GMRES::solve()                                  46      111.3      111.8        112  62.11%
GMRES::cycle()                                  46      111.2      111.7      111.9  62.10%
FLD::NewtonKrylov::linear_solve                 33      78.21      78.63      78.78  43.71%
FLD::MLABecLapAMG::preconditioner_cycle        488      60.16      65.67      68.89  38.22%
AMG::vcycle                                    488      60.15      65.66      68.88  38.22%
SpMV                                         47373      59.18      63.84      66.97  37.15%
FLD::MLABecLapAMG::assemble                     46      57.63      57.73      57.78  32.05%
ChebyshevSmoother                             8456      41.41      49.66      56.79  31.51%
SpMatrix::finishComm_mv                      47373      11.52      46.01      55.76  30.94%
SpMatrix::finishComm_mv::recv_wait           33850      5.713      43.71      54.58  30.28%
AMG::setup                                      46       50.6      52.73      54.52  30.25%
FLD::cloud_predictors                            1      49.95      50.08      50.16  27.83%
FLD::cloud_predictor                            13      49.95      50.08      50.16  27.83%
FLD::cloud_precondition                        275      37.76      41.24      42.39  23.52%
FLD::MLABecLapAMG::precondition                275       37.7      41.16      42.33  23.49%
FLD::NewtonKrylov::prepare                      33      41.76      41.78       41.8  23.19%
FLD::cloud_newton_prepare                       33      41.76      41.78       41.8  23.19%
FLD::MLABecLapAMG::residualWithoutAssembly     308      20.92      29.08      38.49  21.36%
FLD::composite_residual_without_assembly       308      20.56      28.51         38  21.08%
FLD::NewtonKrylov::Jacobian_action             242      20.43      26.95      34.01  18.87%
FLD::MLABecLapAMG::solve                        13      33.44      33.47      33.48  18.57%
FLD::cloud_linearized_residual                 242      18.98      25.46      33.27  18.46%
FabArray::ParallelCopy()                      7605      12.19      27.03      32.24  17.89%
SpGEMM                                        1119      23.18      25.98      32.02  17.77%
FabArray::ParallelCopy_finish()               7605      9.465      26.13      31.71  17.60%
GMRES::GramSchmidt                             442      4.825      13.53       22.2  12.32%
FabArray::setVal()                            8164     0.6508      2.682       17.1   9.48%
AMG::vcycle::level=0 post_smooth               488      8.865      12.35      14.74   8.18%
AMG::vcycle::level=0 pre_smooth                488       6.64      10.34       12.8   7.10%
SpMatrix::prepare_comm_mv                    51414      1.114      8.447      12.15   6.74%
AMG::vcycle::level=1 post_smooth               488      7.217      9.437      11.71   6.50%
SpMatrix::define_split                        2611      2.701      5.728      11.31   6.27%
AMG::vcycle::level=1 pre_smooth                488      7.815      8.992      11.18   6.20%
AMG::build_interp_mm                           373       6.85      7.875      10.16   5.64%
FLD::NewtonKrylov::line_search                  33      9.014      9.035      9.043   5.02%
FLD::cloud_residual                             66      5.065      6.895      9.021   5.01%
SpMatrix::transpose                            746      2.545      6.448       7.79   4.32%
FabArray::FillBoundary()                      4832     0.5074      3.506      7.158   3.97%
GMRES:build_solution()                          46      6.291      6.812      7.057   3.92%
SpMatrix::startComm_tr                         746     0.5882      5.291      6.947   3.85%
FillBoundary_finish()                         4832     0.2327      3.185      6.918   3.84%
AMG::vcycle::level=0 restrict                  488      0.231      2.352      6.058   3.36%
SpMatrix::startComm_mv                       47373      0.836      2.081      6.039   3.35%
FLD::composite_assembly                         46      2.792      4.406      6.014   3.34%
SpMatrix::finishComm_mv::unpack              46413     0.6495      1.771       5.96   3.31%
AMG::vcycle::level=2 pre_smooth                488      2.227      3.022      5.362   2.98%
SpMatrix::finishComm_mv::send_wait           33850    0.03701     0.4214      4.667   2.59%
amrex::average_down_w_geom                     677    0.07247     0.3062      4.181   2.32%
amrex::average_down                            677    0.07174      0.305       4.18   2.32%
AMG::create_soc                                373      1.549      2.273      4.065   2.26%
AMG::pmis                                      373      2.531      3.572      3.926   2.18%
FabArray::ParallelCopy_nowait()               7605     0.4661     0.8974      3.638   2.02%
AMG::vcycle::level=0 residual                  488      1.772      3.099      3.476   1.93%
AMG::vcycle::level=1 residual                  488      2.009      2.656        2.9   1.61%
AMG::vcycle::level=0 prolong                   488      1.345       2.29      2.831   1.57%
AMG::vcycle::level=1 restrict                  488     0.4172      2.003      2.591   1.44%
AMG::vcycle::level=2 post_smooth               488      1.799      2.097      2.496   1.38%
SpMatrix::preparePairHalo                      373      0.494      1.487      1.815   1.01%
AMG::vcycle::level=5 prolong                   488    0.05039     0.5414      1.793   0.99%
FLD::compute_diffusion                         355      1.518      1.674      1.782   0.99%
AMG::truncate_interp                           373     0.7646      1.007      1.762   0.98%
SpMatrix::split_csr                          54221      0.197     0.7241      1.703   0.94%
SpMatrix::finishComm_tr                        746     0.2412     0.5556      1.555   0.86%
FillPatchTwoLevels                            1418     0.4721     0.8291      1.408   0.78%
FabArray::Saxpy()                             8070     0.5753     0.7485      1.399   0.78%
SpMatrix::gatherRemote                        3882     0.3816      1.065      1.374   0.76%
AMG::vcycle::level=3 pre_smooth                488     0.3329     0.5733      1.212   0.67%
amrex::Copy()                                 4562     0.4573     0.6189      1.195   0.66%
FillPatchSingleLevel                          2836     0.1187     0.3561      1.191   0.66%
AMG::vcycle::level=4 prolong                   488    0.02758     0.1264     0.8955   0.50%
AMG::vcycle::level=2 residual                  488     0.4346      0.725     0.8804   0.49%
AMG::vcycle::level=2 restrict                  488     0.1328      0.466     0.7393   0.41%
AMG::vcycle::level=6 prolong                   488    0.04506     0.3931     0.7109   0.39%
FillBoundary_nowait()                         4832     0.1282     0.3176     0.6219   0.35%
AMG::vcycle::level=6 post_smooth               488    0.04657     0.4334     0.6001   0.33%
AMG::vcycle::level=1 prolong                   488     0.2452     0.4503     0.5903   0.33%
AMG::vcycle::level=5 post_smooth               488     0.3654     0.4865     0.5314   0.29%
AMG::vcycle::level=6 pre_smooth                488    0.03933     0.3583      0.498   0.28%
SpMatrix::gatherRemotePair                    3136     0.2771     0.3779     0.4655   0.26%
SpMatrix::gather_pair_plan                    3136     0.2651     0.3606      0.433   0.24%
AMG::vcycle::level=5 pre_smooth                488     0.2823     0.3809     0.4233   0.23%
AMG::vcycle::level=3 post_smooth               488     0.3031     0.3471     0.3981   0.22%
FLD::cloud_setup                                 1     0.1829     0.2691     0.3934   0.22%
FLD::composite_topology                          1     0.1304     0.2159      0.342   0.19%
AMG::vcycle::level=4 post_smooth               488     0.2744     0.3013     0.3325   0.18%
AMG::vcycle::level=4 pre_smooth                488     0.2253     0.2537     0.2875   0.16%
SpMatrix::trim_remote_rows                    2239     0.1099     0.1474     0.2707   0.15%
AMG::vcycle::level=7 pre_smooth                488   0.002412     0.1192     0.2663   0.15%
AMG::vcycle::level=7 post_smooth               488   0.002644     0.1136     0.2622   0.15%
AMG::vcycle::level=6 residual                  488    0.01155     0.1152     0.1548   0.09%
AMG::vcycle::level=5 residual                  488    0.09846     0.1308     0.1362   0.08%
FabArray::mult()                              1034    0.02361    0.03318     0.1218   0.07%
AMG::vcycle::level=2 prolong                   488    0.04026    0.09018     0.1162   0.06%
AMG::bottom_solve                              488    0.02803    0.05649     0.1148   0.06%
FabArray::LinComb()                            222    0.04508    0.06187     0.1128   0.06%
AMG::vcycle::level=3 residual                  488    0.08603    0.09506     0.1126   0.06%
AMG::vcycle::level=8 bottom_solve              408    0.02673    0.05418     0.1105   0.06%
AMG::vcycle::level=7 prolong                   488   0.001037     0.0416     0.1056   0.06%
FillPatchInterp(Fab)                          1418    0.00043    0.01504     0.1031   0.06%
CellConservativeLinear::interp()               202          0    0.01437     0.1018   0.06%
DistributionMapping::LeastUsedCPUs()             3  0.0006237    0.01212    0.09701   0.05%
FabArrayBase::TheFPinfo()                     1418  0.0009663    0.01218     0.0966   0.05%
SpMatrix::finishComm_mv::cleanup             46413    0.02909    0.04371    0.09607   0.05%
FPinfo::FPinfo()                                 1  0.0001425    0.01134    0.09585   0.05%
AMG::vcycle::level=3 restrict                  488    0.03328    0.06601    0.08994   0.05%
AMG::vcycle::level=4 residual                  488    0.07298    0.07829    0.08048   0.04%
AMG::vcycle::level=3 prolong                   488    0.02769    0.05397    0.06994   0.04%
AMG::vcycle::level=7 residual                  488  0.0007422    0.02988     0.0683   0.04%
AMG::vcycle::level=4 restrict                  488    0.01204    0.03827    0.06393   0.04%
AMG::vcycle::level=5 restrict                  488   0.002876    0.01528    0.05487   0.03%
FabArrayBase::getCPC()                        5809    0.01003    0.02047    0.04568   0.03%
FLD::cloud_field_initialization                  1    0.01751    0.02346    0.04117   0.02%
Other                                        13094    0.01922    0.04035     0.1425   0.08%
-------------------------------------------------------------------------------------------

Async Memory Usage:
---------------------------------------------------------------------------------------------------
Name                 Nalloc  AvgMem min  AvgMem avg  AvgMem max  MaxMem min  MaxMem avg  MaxMem max
---------------------------------------------------------------------------------------------------
amrex::average_down  693248       2   B      18   B     283   B    8192   B    9362   B      12 KiB
---------------------------------------------------------------------------------------------------

Pinned Memory Usage:
------------------------------------------------------------------------------------------------------------------------
Name                                      Nalloc  AvgMem min  AvgMem avg  AvgMem max  MaxMem min  MaxMem avg  MaxMem max
------------------------------------------------------------------------------------------------------------------------
FLD::composite_residual_without_assembly    2368     462 KiB    7424 KiB      47 MiB     641 KiB      10 MiB      66 MiB
FLD::composite_assembly                     8832       0   B     148 KiB    1152 KiB       0   B    7076 KiB      48 MiB
FLD::composite_topology                     3264     625   B    3545   B      21 KiB    1120 KiB    3810 KiB      18 MiB
The_Pinned_Arena::Initialize()               448       0   B       0   B       1   B    8192 KiB    8192 KiB    8192 KiB
FLD::MLABecLapAMG::assemble               350336    1161 KiB    1409 KiB    2316 KiB    3632 KiB    4410 KiB    7264 KiB
SpGEMM                                    396981    4163   B      18 KiB      87 KiB     416 KiB     964 KiB    2948 KiB
FLD::MLABecLapAMG::precondition           598400     213 KiB     283 KiB     477 KiB    1024 KiB    1243 KiB    2048 KiB
FLD::MLABecLapAMG::solve                   28288     189 KiB     230 KiB     380 KiB    1024 KiB    1243 KiB    2048 KiB
SpMatrix::finishComm_tr                   955192     151   B     914   B    4968   B     177 KiB     372 KiB     835 KiB
SpMatrix::startComm_tr                    862599    3871   B    6134   B    8399   B     170 KiB     316 KiB     571 KiB
------------------------------------------------------------------------------------------------------------------------

Cpu Memory Usage:
--------------------------------------------------------------------------------------------------------------------
Name                                  Nalloc  AvgMem min  AvgMem avg  AvgMem max  MaxMem min  MaxMem avg  MaxMem max
--------------------------------------------------------------------------------------------------------------------
GMRES::cycle()                        227392    1313 KiB    1604 KiB    2647 KiB      13 MiB      15 MiB      26 MiB
FLD::cloud_setup                       22848      10 MiB      13 MiB      21 MiB      10 MiB      13 MiB      21 MiB
FabArray::ParallelCopy_nowait()      2171737      38 KiB     124 KiB     992 KiB     528 KiB    1225 KiB    9399 KiB
SpGEMM                               1224663    8796   B      27 KiB     108 KiB    1505 KiB    2832 KiB    6059 KiB
FLD::NewtonKrylov::solve              109888    1318 KiB    1600 KiB    2637 KiB    2765 KiB    3357 KiB    5530 KiB
GMRES::solve()                        143616     933 KiB    1139 KiB    1879 KiB    2150 KiB    2611 KiB    4301 KiB
FLD::NewtonKrylov::Jacobian_action    263296      65 KiB     109 KiB     229 KiB     614 KiB     746 KiB    1229 KiB
FLD::cloud_linearized_residual        263296    8450   B      10 KiB      20 KiB     614 KiB     746 KiB    1229 KiB
FLD::cloud_newton_prepare              35904    1065   B    1455   B    2853   B     614 KiB     746 KiB    1229 KiB
FLD::cloud_predictor                   28288     115 KiB     139 KiB     230 KiB     614 KiB     746 KiB    1229 KiB
FLD::cloud_residual                    71808    2110   B    2888   B    5756   B     614 KiB     746 KiB    1229 KiB
FillBoundary_nowait()                3018496     366   B    3217   B    7858   B     176 KiB     371 KiB     546 KiB
SpMatrix::gather_pair_plan           2684374      50   B     118   B     293   B      97 KiB     191 KiB     432 KiB
SpMatrix::startComm_mv              30330338      26 KiB      49 KiB     111 KiB      97 KiB     191 KiB     432 KiB
SpMatrix::gatherRemote               3164999     160   B     403   B     565   B      81 KiB     172 KiB     317 KiB
FillPatchTwoLevels                    181504       0   B      18   B     160   B       0   B      11 KiB      82 KiB
CellConservativeLinear::interp()       90752       0   B       0   B       6   B       0   B    1755   B      12 KiB
amrex::average_down                   693248       2   B      18   B     283   B    8192   B    9362   B      12 KiB
--------------------------------------------------------------------------------------------------------------------


MPICH Slingshot Network Summary: 12 network timeouts

MPICH Slingshot CXI Counter Summary:
Counter                                Samples          Min         (/s)         Mean         (/s)          Max         (/s)
rh:sct_timeouts                              2            1          0.0            1          0.0            1          0.0
rh:spt_timeouts                              2            5          0.0            5          0.0            5          0.0
atu_cache_evictions                         32       369682       2042.4       988808       5463.0      4000664      22103.1
atu_cache_hit_base_page_size_0              32     62170222     343481.9     81122287     448189.4    130282210     719791.2
atu_cache_hit_derivative1_page_size_0       32     21118028     116674.2     32370918     178844.9     72227511     399047.0
lpe_net_match_priority_0                    32      6781349      37466.0      8299633      45854.3      9791378      54096.0
lpe_net_match_overflow_0                    32      1213098       6702.2      4679158      25851.7     17104818      94501.8
lpe_net_match_request_0                     32           19          0.1          132          0.7          671          3.7
lpe_rndzv_puts_0                            32        47933        264.8       104376        576.7       320299       1769.6
lpe_rndzv_puts_offloaded_0                  32        47933        264.8       104376        576.7       320299       1769.6
hni_rx_paused_0                             32       395312       2184.0     14710981      81276.1     79532344     439405.2
hni_rx_paused_1                             32       619644       3423.4    433507825    2395070.9   3616577105   19981089.0
hni_tx_paused_0                              2         1609          8.9         5438         30.0         9266         51.2
hni_tx_paused_1                             28        62821        347.1       469870       2596.0      1154409       6378.0
parbs_tarb_pi_posted_pkts                   32     61037807     337225.5    117841710     651059.2    385789702    2131434.8
parbs_tarb_pi_posted_blocked_cnt            32      7009452      38726.3    714070434    3945140.5   5590394060   30886155.0
parbs_tarb_pi_non_posted_pkts               32     72229465     399057.8     95427922     527226.1    154455431     853344.9
parbs_tarb_pi_non_posted_blocked_cnt        32      4783270      26426.9     34556816     190921.6    120893411     667919.4
pct_mst_hit_on_som                           1            1          0.0            1          0.0            1          0.0
rh:nack_resource_busy                        1            1          0.0            1          0.0            1          0.0
rh:nacks                                     3            1          0.0           22          0.1           63          0.3
rh:nack_sequence_error                       1           62          0.3           62          0.3           62          0.3
rh:pkts_cancelled_o                          2            1          0.0            1          0.0            1          0.0
AMReX (26.09-215-g34fcca894d99) finalized
