Initializing AMReX (26.09-214-gfe5bcbff5c13)...
MPI initialized with 56 MPI processes
MPI initialized with thread support level 0
AMReX (26.09-214-gfe5bcbff5c13) initialized
AMG setup messages level=0 phase=strength sends=0 bytes=0 collective_rank_calls=56
AMG setup messages level=0 phase=strength-transpose sends=318 bytes=15594472 collective_rank_calls=56
AMG setup messages level=0 phase=PMIS sends=5502 bytes=42188520 collective_rank_calls=448
AMG setup messages level=0 phase=numbering sends=0 bytes=0 collective_rank_calls=56
AMG setup messages level=0 phase=interpolation sends=1908 bytes=19678840 collective_rank_calls=56
AMG setup messages level=0 phase=interpolation-transpose sends=677 bytes=13548032 collective_rank_calls=56
AMG setup messages level=0 phase=A*P sends=1092 bytes=53694128 collective_rank_calls=56
AMG setup messages level=0 phase=R*(A*P) sends=2031 bytes=103190976 collective_rank_calls=56
AMG setup messages level=1 phase=strength sends=0 bytes=0 collective_rank_calls=56
AMG setup messages level=1 phase=strength-transpose sends=750 bytes=18900976 collective_rank_calls=56
AMG setup messages level=1 phase=PMIS sends=15000 bytes=31984620 collective_rank_calls=560
AMG setup messages level=1 phase=numbering sends=0 bytes=0 collective_rank_calls=56
AMG setup messages level=1 phase=interpolation sends=4494 bytes=20683924 collective_rank_calls=56
AMG setup messages level=1 phase=interpolation-transpose sends=751 bytes=11487312 collective_rank_calls=56
AMG setup messages level=1 phase=A*P sends=2478 bytes=64855856 collective_rank_calls=56
AMG setup messages level=1 phase=R*(A*P) sends=2253 bytes=211149680 collective_rank_calls=56
AMG setup messages level=2 phase=strength sends=0 bytes=0 collective_rank_calls=56
AMG setup messages level=2 phase=strength-transpose sends=807 bytes=9406456 collective_rank_calls=56
AMG setup messages level=2 phase=PMIS sends=19589 bytes=13038332 collective_rank_calls=672
AMG setup messages level=2 phase=numbering sends=0 bytes=0 collective_rank_calls=56
AMG setup messages level=2 phase=interpolation sends=4806 bytes=8652752 collective_rank_calls=56
AMG setup messages level=2 phase=interpolation-transpose sends=757 bytes=3255120 collective_rank_calls=56
AMG setup messages level=2 phase=A*P sends=2592 bytes=25065936 collective_rank_calls=56
AMG setup messages level=2 phase=R*(A*P) sends=2271 bytes=94165648 collective_rank_calls=56
AMG setup messages level=3 phase=strength sends=0 bytes=0 collective_rank_calls=56
AMG setup messages level=3 phase=strength-transpose sends=809 bytes=1943872 collective_rank_calls=56
AMG setup messages level=3 phase=PMIS sends=18074 bytes=2972928 collective_rank_calls=616
AMG setup messages level=3 phase=numbering sends=0 bytes=0 collective_rank_calls=56
AMG setup messages level=3 phase=interpolation sends=4809 bytes=2111604 collective_rank_calls=56
AMG setup messages level=3 phase=interpolation-transpose sends=698 bytes=705184 collective_rank_calls=56
AMG setup messages level=3 phase=A*P sends=2850 bytes=7954080 collective_rank_calls=56
AMG setup messages level=3 phase=R*(A*P) sends=2094 bytes=24139728 collective_rank_calls=56
AMG setup messages level=4 phase=strength sends=0 bytes=0 collective_rank_calls=56
AMG setup messages level=4 phase=strength-transpose sends=826 bytes=352352 collective_rank_calls=56
AMG setup messages level=4 phase=PMIS sends=12012 bytes=536336 collective_rank_calls=392
AMG setup messages level=4 phase=numbering sends=0 bytes=0 collective_rank_calls=56
AMG setup messages level=4 phase=interpolation sends=4812 bytes=392744 collective_rank_calls=56
AMG setup messages level=4 phase=interpolation-transpose sends=601 bytes=197072 collective_rank_calls=56
AMG setup messages level=4 phase=A*P sends=4674 bytes=3004400 collective_rank_calls=56
AMG setup messages level=4 phase=R*(A*P) sends=1803 bytes=5561264 collective_rank_calls=56
AMG setup messages level=5 phase=strength sends=0 bytes=0 collective_rank_calls=56
AMG setup messages level=5 phase=strength-transpose sends=462 bytes=68776 collective_rank_calls=56
AMG setup messages level=5 phase=PMIS sends=7210 bytes=124172 collective_rank_calls=336
AMG setup messages level=5 phase=numbering sends=0 bytes=0 collective_rank_calls=56
AMG setup messages level=5 phase=interpolation sends=2394 bytes=55748 collective_rank_calls=56
AMG setup messages level=5 phase=interpolation-transpose sends=239 bytes=46048 collective_rank_calls=56
AMG setup messages level=5 phase=A*P sends=6240 bytes=1009424 collective_rank_calls=56
AMG setup messages level=5 phase=R*(A*P) sends=717 bytes=739888 collective_rank_calls=56
AMG setup messages level=6 phase=strength sends=0 bytes=0 collective_rank_calls=56
AMG setup messages level=6 phase=strength-transpose sends=139 bytes=26240 collective_rank_calls=56
AMG setup messages level=6 phase=PMIS sends=865 bytes=22676 collective_rank_calls=112
AMG setup messages level=6 phase=numbering sends=0 bytes=0 collective_rank_calls=56
AMG setup messages level=6 phase=interpolation sends=813 bytes=10800 collective_rank_calls=56
AMG setup messages level=6 phase=interpolation-transpose sends=48 bytes=14624 collective_rank_calls=56
AMG setup messages level=6 phase=A*P sends=3084 bytes=217872 collective_rank_calls=56
AMG setup messages level=6 phase=R*(A*P) sends=144 bytes=18480 collective_rank_calls=56
AMG setup messages level=0 phase=strength sends=0 bytes=0 collective_rank_calls=56
AMG setup messages level=0 phase=strength-transpose sends=318 bytes=15584940 collective_rank_calls=56
AMG setup messages level=0 phase=PMIS sends=6184 bytes=46747200 collective_rank_calls=504
AMG setup messages level=0 phase=numbering sends=0 bytes=0 collective_rank_calls=56
AMG setup messages level=0 phase=interpolation sends=1908 bytes=19622712 collective_rank_calls=56
AMG setup messages level=0 phase=interpolation-transpose sends=677 bytes=13614560 collective_rank_calls=56
AMG setup messages level=0 phase=A*P sends=1092 bytes=53655360 collective_rank_calls=56
AMG setup messages level=0 phase=R*(A*P) sends=2031 bytes=103360352 collective_rank_calls=56
AMG setup messages level=1 phase=strength sends=0 bytes=0 collective_rank_calls=56
AMG setup messages level=1 phase=strength-transpose sends=751 bytes=18905492 collective_rank_calls=56
AMG setup messages level=1 phase=PMIS sends=15053 bytes=32009784 collective_rank_calls=560
AMG setup messages level=1 phase=numbering sends=0 bytes=0 collective_rank_calls=56
AMG setup messages level=1 phase=interpolation sends=4494 bytes=20730796 collective_rank_calls=56
AMG setup messages level=1 phase=interpolation-transpose sends=748 bytes=11479248 collective_rank_calls=56
AMG setup messages level=1 phase=A*P sends=2508 bytes=64979472 collective_rank_calls=56
AMG setup messages level=1 phase=R*(A*P) sends=2244 bytes=211060368 collective_rank_calls=56
AMG setup messages level=2 phase=strength sends=0 bytes=0 collective_rank_calls=56
AMG setup messages level=2 phase=strength-transpose sends=802 bytes=9369984 collective_rank_calls=56
AMG setup messages level=2 phase=PMIS sends=17884 bytes=12042336 collective_rank_calls=616
AMG setup messages level=2 phase=numbering sends=0 bytes=0 collective_rank_calls=56
AMG setup messages level=2 phase=interpolation sends=4788 bytes=8585792 collective_rank_calls=56
AMG setup messages level=2 phase=interpolation-transpose sends=748 bytes=3275520 collective_rank_calls=56
AMG setup messages level=2 phase=A*P sends=2592 bytes=25133552 collective_rank_calls=56
AMG setup messages level=2 phase=R*(A*P) sends=2244 bytes=94167200 collective_rank_calls=56
AMG setup messages level=3 phase=strength sends=0 bytes=0 collective_rank_calls=56
AMG setup messages level=3 phase=strength-transpose sends=800 bytes=1891732 collective_rank_calls=56
AMG setup messages level=3 phase=PMIS sends=16264 bytes=2705036 collective_rank_calls=560
AMG setup messages level=3 phase=numbering sends=0 bytes=0 collective_rank_calls=56
AMG setup messages level=3 phase=interpolation sends=4761 bytes=2064648 collective_rank_calls=56
AMG setup messages level=3 phase=interpolation-transpose sends=709 bytes=701664 collective_rank_calls=56
AMG setup messages level=3 phase=A*P sends=2850 bytes=7940480 collective_rank_calls=56
AMG setup messages level=3 phase=R*(A*P) sends=2127 bytes=23785520 collective_rank_calls=56
AMG setup messages level=4 phase=strength sends=0 bytes=0 collective_rank_calls=56
AMG setup messages level=4 phase=strength-transpose sends=770 bytes=320764 collective_rank_calls=56
AMG setup messages level=4 phase=PMIS sends=11388 bytes=512592 collective_rank_calls=392
AMG setup messages level=4 phase=numbering sends=0 bytes=0 collective_rank_calls=56
AMG setup messages level=4 phase=interpolation sends=4419 bytes=339704 collective_rank_calls=56
AMG setup messages level=4 phase=interpolation-transpose sends=558 bytes=182176 collective_rank_calls=56
AMG setup messages level=4 phase=A*P sends=4806 bytes=2942224 collective_rank_calls=56
AMG setup messages level=4 phase=R*(A*P) sends=1674 bytes=5107808 collective_rank_calls=56
AMG setup messages level=5 phase=strength sends=0 bytes=0 collective_rank_calls=56
AMG setup messages level=5 phase=strength-transpose sends=414 bytes=74500 collective_rank_calls=56
AMG setup messages level=5 phase=PMIS sends=4412 bytes=98868 collective_rank_calls=224
AMG setup messages level=5 phase=numbering sends=0 bytes=0 collective_rank_calls=56
AMG setup messages level=5 phase=interpolation sends=2256 bytes=51732 collective_rank_calls=56
AMG setup messages level=5 phase=interpolation-transpose sends=183 bytes=45440 collective_rank_calls=56
AMG setup messages level=5 phase=A*P sends=5550 bytes=1009712 collective_rank_calls=56
AMG setup messages level=5 phase=R*(A*P) sends=549 bytes=625456 collective_rank_calls=56
AMG setup messages level=6 phase=strength sends=0 bytes=0 collective_rank_calls=56
AMG setup messages level=6 phase=strength-transpose sends=94 bytes=22980 collective_rank_calls=56
AMG setup messages level=6 phase=PMIS sends=646 bytes=20412 collective_rank_calls=112
AMG setup messages level=6 phase=numbering sends=0 bytes=0 collective_rank_calls=56
AMG setup messages level=6 phase=interpolation sends=564 bytes=7652 collective_rank_calls=56
AMG setup messages level=6 phase=interpolation-transpose sends=42 bytes=7920 collective_rank_calls=56
AMG setup messages level=6 phase=A*P sends=1686 bytes=97440 collective_rank_calls=56
AMG setup messages level=6 phase=R*(A*P) sends=126 bytes=13152 collective_rank_calls=56
AMG setup messages level=0 phase=strength sends=0 bytes=0 collective_rank_calls=56
AMG setup messages level=0 phase=strength-transpose sends=318 bytes=15581036 collective_rank_calls=56
AMG setup messages level=0 phase=PMIS sends=6184 bytes=46742752 collective_rank_calls=504
AMG setup messages level=0 phase=numbering sends=0 bytes=0 collective_rank_calls=56
AMG setup messages level=0 phase=interpolation sends=1908 bytes=19619372 collective_rank_calls=56
AMG setup messages level=0 phase=interpolation-transpose sends=676 bytes=13644256 collective_rank_calls=56
AMG setup messages level=0 phase=A*P sends=1092 bytes=53629488 collective_rank_calls=56
AMG setup messages level=0 phase=R*(A*P) sends=2028 bytes=103345120 collective_rank_calls=56
AMG setup messages level=1 phase=strength sends=0 bytes=0 collective_rank_calls=56
AMG setup messages level=1 phase=strength-transpose sends=746 bytes=18924056 collective_rank_calls=56
AMG setup messages level=1 phase=PMIS sends=14920 bytes=32069580 collective_rank_calls=560
AMG setup messages level=1 phase=numbering sends=0 bytes=0 collective_rank_calls=56
AMG setup messages level=1 phase=interpolation sends=4470 bytes=20781548 collective_rank_calls=56
AMG setup messages level=1 phase=interpolation-transpose sends=754 bytes=11465040 collective_rank_calls=56
AMG setup messages level=1 phase=A*P sends=2508 bytes=64981712 collective_rank_calls=56
AMG setup messages level=1 phase=R*(A*P) sends=2262 bytes=210783216 collective_rank_calls=56
AMG setup messages level=2 phase=strength sends=0 bytes=0 collective_rank_calls=56
AMG setup messages level=2 phase=strength-transpose sends=800 bytes=9294468 collective_rank_calls=56
AMG setup messages level=2 phase=PMIS sends=19382 bytes=13031588 collective_rank_calls=672
AMG setup messages level=2 phase=numbering sends=0 bytes=0 collective_rank_calls=56
AMG setup messages level=2 phase=interpolation sends=4776 bytes=8615500 collective_rank_calls=56
AMG setup messages level=2 phase=interpolation-transpose sends=751 bytes=3254816 collective_rank_calls=56
AMG setup messages level=2 phase=A*P sends=2592 bytes=25148624 collective_rank_calls=56
AMG setup messages level=2 phase=R*(A*P) sends=2253 bytes=94016160 collective_rank_calls=56
AMG setup messages level=3 phase=strength sends=0 bytes=0 collective_rank_calls=56
AMG setup messages level=3 phase=strength-transpose sends=794 bytes=1864632 collective_rank_calls=56
AMG setup messages level=3 phase=PMIS sends=17780 bytes=2969928 collective_rank_calls=616
AMG setup messages level=3 phase=numbering sends=0 bytes=0 collective_rank_calls=56
AMG setup messages level=3 phase=interpolation sends=4728 bytes=2064232 collective_rank_calls=56
AMG setup messages level=3 phase=interpolation-transpose sends=718 bytes=701056 collective_rank_calls=56
AMG setup messages level=3 phase=A*P sends=2862 bytes=8029632 collective_rank_calls=56
AMG setup messages level=3 phase=R*(A*P) sends=2154 bytes=24765952 collective_rank_calls=56
AMG setup messages level=4 phase=strength sends=0 bytes=0 collective_rank_calls=56
AMG setup messages level=4 phase=strength-transpose sends=745 bytes=305100 collective_rank_calls=56
AMG setup messages level=4 phase=PMIS sends=12739 bytes=559792 collective_rank_calls=448
AMG setup messages level=4 phase=numbering sends=0 bytes=0 collective_rank_calls=56
AMG setup messages level=4 phase=interpolation sends=4257 bytes=314068 collective_rank_calls=56
AMG setup messages level=4 phase=interpolation-transpose sends=591 bytes=180800 collective_rank_calls=56
AMG setup messages level=4 phase=A*P sends=4794 bytes=2998496 collective_rank_calls=56
AMG setup messages level=4 phase=R*(A*P) sends=1773 bytes=5810912 collective_rank_calls=56
AMG setup messages level=5 phase=strength sends=0 bytes=0 collective_rank_calls=56
AMG setup messages level=5 phase=strength-transpose sends=501 bytes=82436 collective_rank_calls=56
AMG setup messages level=5 phase=PMIS sends=6276 bytes=139056 collective_rank_calls=280
AMG setup messages level=5 phase=numbering sends=0 bytes=0 collective_rank_calls=56
AMG setup messages level=5 phase=interpolation sends=2565 bytes=57420 collective_rank_calls=56
AMG setup messages level=5 phase=interpolation-transpose sends=330 bytes=59456 collective_rank_calls=56
AMG setup messages level=5 phase=A*P sends=5754 bytes=1243184 collective_rank_calls=56
AMG setup messages level=5 phase=R*(A*P) sends=990 bytes=1434432 collective_rank_calls=56
AMG setup messages level=6 phase=strength sends=0 bytes=0 collective_rank_calls=56
AMG setup messages level=6 phase=strength-transpose sends=165 bytes=22972 collective_rank_calls=56
AMG setup messages level=6 phase=PMIS sends=1089 bytes=33044 collective_rank_calls=112
AMG setup messages level=6 phase=numbering sends=0 bytes=0 collective_rank_calls=56
AMG setup messages level=6 phase=interpolation sends=690 bytes=6440 collective_rank_calls=56
AMG setup messages level=6 phase=interpolation-transpose sends=94 bytes=17600 collective_rank_calls=56
AMG setup messages level=6 phase=A*P sends=2868 bytes=258080 collective_rank_calls=56
AMG setup messages level=6 phase=R*(A*P) sends=282 bytes=43776 collective_rank_calls=56
AMG setup messages level=0 phase=strength sends=0 bytes=0 collective_rank_calls=56
AMG setup messages level=0 phase=strength-transpose sends=318 bytes=15577704 collective_rank_calls=56
AMG setup messages level=0 phase=PMIS sends=6184 bytes=46738944 collective_rank_calls=504
AMG setup messages level=0 phase=numbering sends=0 bytes=0 collective_rank_calls=56
AMG setup messages level=0 phase=interpolation sends=1908 bytes=19658240 collective_rank_calls=56
AMG setup messages level=0 phase=interpolation-transpose sends=675 bytes=13661520 collective_rank_calls=56
AMG setup messages level=0 phase=A*P sends=1092 bytes=53654304 collective_rank_calls=56
AMG setup messages level=0 phase=R*(A*P) sends=2025 bytes=103567376 collective_rank_calls=56
AMG setup messages level=1 phase=strength sends=0 bytes=0 collective_rank_calls=56
AMG setup messages level=1 phase=strength-transpose sends=756 bytes=18864680 collective_rank_calls=56
AMG setup messages level=1 phase=PMIS sends=13628 bytes=29094112 collective_rank_calls=504
AMG setup messages level=1 phase=numbering sends=0 bytes=0 collective_rank_calls=56
AMG setup messages level=1 phase=interpolation sends=4521 bytes=20690600 collective_rank_calls=56
AMG setup messages level=1 phase=interpolation-transpose sends=754 bytes=11437920 collective_rank_calls=56
AMG setup messages level=1 phase=A*P sends=2514 bytes=64968976 collective_rank_calls=56
AMG setup messages level=1 phase=R*(A*P) sends=2262 bytes=210523088 collective_rank_calls=56
AMG setup messages level=2 phase=strength sends=0 bytes=0 collective_rank_calls=56
AMG setup messages level=2 phase=strength-transpose sends=805 bytes=9235944 collective_rank_calls=56
AMG setup messages level=2 phase=PMIS sends=19541 bytes=13043020 collective_rank_calls=672
AMG setup messages level=2 phase=numbering sends=0 bytes=0 collective_rank_calls=56
AMG setup messages level=2 phase=interpolation sends=4791 bytes=8640372 collective_rank_calls=56
AMG setup messages level=2 phase=interpolation-transpose sends=761 bytes=3207360 collective_rank_calls=56
AMG setup messages level=2 phase=A*P sends=2586 bytes=25142752 collective_rank_calls=56
AMG setup messages level=2 phase=R*(A*P) sends=2283 bytes=93217856 collective_rank_calls=56
AMG setup messages level=3 phase=strength sends=0 bytes=0 collective_rank_calls=56
AMG setup messages level=3 phase=strength-transpose sends=801 bytes=1781340 collective_rank_calls=56
AMG setup messages level=3 phase=PMIS sends=16295 bytes=2693636 collective_rank_calls=560
AMG setup messages level=3 phase=numbering sends=0 bytes=0 collective_rank_calls=56
AMG setup messages level=3 phase=interpolation sends=4758 bytes=1950896 collective_rank_calls=56
AMG setup messages level=3 phase=interpolation-transpose sends=724 bytes=718448 collective_rank_calls=56
AMG setup messages level=3 phase=A*P sends=2820 bytes=8105232 collective_rank_calls=56
AMG setup messages level=3 phase=R*(A*P) sends=2172 bytes=24965664 collective_rank_calls=56
AMG setup messages level=4 phase=strength sends=0 bytes=0 collective_rank_calls=56
AMG setup messages level=4 phase=strength-transpose sends=740 bytes=283060 collective_rank_calls=56
AMG setup messages level=4 phase=PMIS sends=11192 bytes=466528 collective_rank_calls=392
AMG setup messages level=4 phase=numbering sends=0 bytes=0 collective_rank_calls=56
AMG setup messages level=4 phase=interpolation sends=4236 bytes=295236 collective_rank_calls=56
AMG setup messages level=4 phase=interpolation-transpose sends=555 bytes=179632 collective_rank_calls=56
AMG setup messages level=4 phase=A*P sends=4920 bytes=3065360 collective_rank_calls=56
AMG setup messages level=4 phase=R*(A*P) sends=1665 bytes=5446624 collective_rank_calls=56
AMG setup messages level=5 phase=strength sends=0 bytes=0 collective_rank_calls=56
AMG setup messages level=5 phase=strength-transpose sends=507 bytes=90764 collective_rank_calls=56
AMG setup messages level=5 phase=PMIS sends=5131 bytes=122564 collective_rank_calls=224
AMG setup messages level=5 phase=numbering sends=0 bytes=0 collective_rank_calls=56
AMG setup messages level=5 phase=interpolation sends=2730 bytes=53372 collective_rank_calls=56
AMG setup messages level=5 phase=interpolation-transpose sends=199 bytes=49728 collective_rank_calls=56
AMG setup messages level=5 phase=A*P sends=5988 bytes=1131440 collective_rank_calls=56
AMG setup messages level=5 phase=R*(A*P) sends=597 bytes=615696 collective_rank_calls=56
AMG setup messages level=6 phase=strength sends=0 bytes=0 collective_rank_calls=56
AMG setup messages level=6 phase=strength-transpose sends=90 bytes=17256 collective_rank_calls=56
AMG setup messages level=6 phase=PMIS sends=884 bytes=20664 collective_rank_calls=168
AMG setup messages level=6 phase=numbering sends=0 bytes=0 collective_rank_calls=56
AMG setup messages level=6 phase=interpolation sends=534 bytes=6552 collective_rank_calls=56
AMG setup messages level=6 phase=interpolation-transpose sends=39 bytes=6176 collective_rank_calls=56
AMG setup messages level=6 phase=A*P sends=1644 bytes=85904 collective_rank_calls=56
AMG setup messages level=6 phase=R*(A*P) sends=117 bytes=13440 collective_rank_calls=56
AMG setup messages level=7 phase=strength sends=0 bytes=0 collective_rank_calls=56
AMG setup messages level=7 phase=strength-transpose sends=7 bytes=428 collective_rank_calls=56
AMG setup messages level=7 phase=PMIS sends=49 bytes=508 collective_rank_calls=112
AMG setup messages level=7 phase=numbering sends=0 bytes=0 collective_rank_calls=56
AMG setup messages level=7 phase=interpolation sends=21 bytes=140 collective_rank_calls=56
AMG setup messages level=7 phase=interpolation-transpose sends=7 bytes=496 collective_rank_calls=56
AMG setup messages level=7 phase=A*P sends=54 bytes=960 collective_rank_calls=56
AMG setup messages level=7 phase=R*(A*P) sends=21 bytes=544 collective_rank_calls=56
AMG setup messages level=0 phase=strength sends=0 bytes=0 collective_rank_calls=56
AMG setup messages level=0 phase=strength-transpose sends=318 bytes=15575520 collective_rank_calls=56
AMG setup messages level=0 phase=PMIS sends=5502 bytes=42169592 collective_rank_calls=448
AMG setup messages level=0 phase=numbering sends=0 bytes=0 collective_rank_calls=56
AMG setup messages level=0 phase=interpolation sends=1908 bytes=19619144 collective_rank_calls=56
AMG setup messages level=0 phase=interpolation-transpose sends=676 bytes=13628832 collective_rank_calls=56
AMG setup messages level=0 phase=A*P sends=1092 bytes=53651008 collective_rank_calls=56
AMG setup messages level=0 phase=R*(A*P) sends=2028 bytes=103402112 collective_rank_calls=56
AMG setup messages level=1 phase=strength sends=0 bytes=0 collective_rank_calls=56
AMG setup messages level=1 phase=strength-transpose sends=755 bytes=18823984 collective_rank_calls=56
AMG setup messages level=1 phase=PMIS sends=15111 bytes=31962988 collective_rank_calls=560
AMG setup messages level=1 phase=numbering sends=0 bytes=0 collective_rank_calls=56
AMG setup messages level=1 phase=interpolation sends=4503 bytes=20685708 collective_rank_calls=56
AMG setup messages level=1 phase=interpolation-transpose sends=752 bytes=11408688 collective_rank_calls=56
AMG setup messages level=1 phase=A*P sends=2508 bytes=64966560 collective_rank_calls=56
AMG setup messages level=1 phase=R*(A*P) sends=2256 bytes=210201904 collective_rank_calls=56
AMG setup messages level=2 phase=strength sends=0 bytes=0 collective_rank_calls=56
AMG setup messages level=2 phase=strength-transpose sends=802 bytes=9168204 collective_rank_calls=56
AMG setup messages level=2 phase=PMIS sends=17836 bytes=12067512 collective_rank_calls=616
AMG setup messages level=2 phase=numbering sends=0 bytes=0 collective_rank_calls=56
AMG setup messages level=2 phase=interpolation sends=4764 bytes=8660456 collective_rank_calls=56
AMG setup messages level=2 phase=interpolation-transpose sends=759 bytes=3171728 collective_rank_calls=56
AMG setup messages level=2 phase=A*P sends=2592 bytes=25220096 collective_rank_calls=56
AMG setup messages level=2 phase=R*(A*P) sends=2277 bytes=93368368 collective_rank_calls=56
AMG setup messages level=3 phase=strength sends=0 bytes=0 collective_rank_calls=56
AMG setup messages level=3 phase=strength-transpose sends=785 bytes=1717068 collective_rank_calls=56
AMG setup messages level=3 phase=PMIS sends=17690 bytes=2908032 collective_rank_calls=616
AMG setup messages level=3 phase=numbering sends=0 bytes=0 collective_rank_calls=56
AMG setup messages level=3 phase=interpolation sends=4674 bytes=1890480 collective_rank_calls=56
AMG setup messages level=3 phase=interpolation-transpose sends=728 bytes=726704 collective_rank_calls=56
AMG setup messages level=3 phase=A*P sends=2808 bytes=8080704 collective_rank_calls=56
AMG setup messages level=3 phase=R*(A*P) sends=2184 bytes=25608512 collective_rank_calls=56
AMG setup messages level=4 phase=strength sends=0 bytes=0 collective_rank_calls=56
AMG setup messages level=4 phase=strength-transpose sends=714 bytes=254680 collective_rank_calls=56
AMG setup messages level=4 phase=PMIS sends=9240 bytes=380636 collective_rank_calls=336
AMG setup messages level=4 phase=numbering sends=0 bytes=0 collective_rank_calls=56
AMG setup messages level=4 phase=interpolation sends=4092 bytes=250104 collective_rank_calls=56
AMG setup messages level=4 phase=interpolation-transpose sends=579 bytes=167728 collective_rank_calls=56
AMG setup messages level=4 phase=A*P sends=4764 bytes=2968592 collective_rank_calls=56
AMG setup messages level=4 phase=R*(A*P) sends=1737 bytes=5984080 collective_rank_calls=56
AMG setup messages level=5 phase=strength sends=0 bytes=0 collective_rank_calls=56
AMG setup messages level=5 phase=strength-transpose sends=506 bytes=79504 collective_rank_calls=56
AMG setup messages level=5 phase=PMIS sends=3908 bytes=102688 collective_rank_calls=168
AMG setup messages level=5 phase=numbering sends=0 bytes=0 collective_rank_calls=56
AMG setup messages level=5 phase=interpolation sends=2601 bytes=42916 collective_rank_calls=56
AMG setup messages level=5 phase=interpolation-transpose sends=264 bytes=48512 collective_rank_calls=56
AMG setup messages level=5 phase=A*P sends=6534 bytes=1234288 collective_rank_calls=56
AMG setup messages level=5 phase=R*(A*P) sends=792 bytes=935792 collective_rank_calls=56
AMG setup messages level=6 phase=strength sends=0 bytes=0 collective_rank_calls=56
AMG setup messages level=6 phase=strength-transpose sends=113 bytes=18300 collective_rank_calls=56
AMG setup messages level=6 phase=PMIS sends=1114 bytes=26216 collective_rank_calls=168
AMG setup messages level=6 phase=numbering sends=0 bytes=0 collective_rank_calls=56
AMG setup messages level=6 phase=interpolation sends=639 bytes=6160 collective_rank_calls=56
AMG setup messages level=6 phase=interpolation-transpose sends=39 bytes=6592 collective_rank_calls=56
AMG setup messages level=6 phase=A*P sends=2496 bytes=158752 collective_rank_calls=56
AMG setup messages level=6 phase=R*(A*P) sends=117 bytes=29920 collective_rank_calls=56
AMG setup messages level=7 phase=strength sends=0 bytes=0 collective_rank_calls=56
AMG setup messages level=7 phase=strength-transpose sends=26 bytes=2260 collective_rank_calls=56
AMG setup messages level=7 phase=PMIS sends=146 bytes=2764 collective_rank_calls=112
AMG setup messages level=7 phase=numbering sends=0 bytes=0 collective_rank_calls=56
AMG setup messages level=7 phase=interpolation sends=78 bytes=520 collective_rank_calls=56
AMG setup messages level=7 phase=interpolation-transpose sends=20 bytes=2448 collective_rank_calls=56
AMG setup messages level=7 phase=A*P sends=180 bytes=5920 collective_rank_calls=56
AMG setup messages level=7 phase=R*(A*P) sends=60 bytes=3616 collective_rank_calls=56
AMG setup messages level=0 phase=strength sends=0 bytes=0 collective_rank_calls=56
AMG setup messages level=0 phase=strength-transpose sends=318 bytes=15570020 collective_rank_calls=56
AMG setup messages level=0 phase=PMIS sends=6184 bytes=46725856 collective_rank_calls=504
AMG setup messages level=0 phase=numbering sends=0 bytes=0 collective_rank_calls=56
AMG setup messages level=0 phase=interpolation sends=1908 bytes=19681336 collective_rank_calls=56
AMG setup messages level=0 phase=interpolation-transpose sends=677 bytes=13650320 collective_rank_calls=56
AMG setup messages level=0 phase=A*P sends=1092 bytes=53676864 collective_rank_calls=56
AMG setup messages level=0 phase=R*(A*P) sends=2031 bytes=103701392 collective_rank_calls=56
AMG setup messages level=1 phase=strength sends=0 bytes=0 collective_rank_calls=56
AMG setup messages level=1 phase=strength-transpose sends=756 bytes=18761728 collective_rank_calls=56
AMG setup messages level=1 phase=PMIS sends=16656 bytes=34742632 collective_rank_calls=616
AMG setup messages level=1 phase=numbering sends=0 bytes=0 collective_rank_calls=56
AMG setup messages level=1 phase=interpolation sends=4515 bytes=20619664 collective_rank_calls=56
AMG setup messages level=1 phase=interpolation-transpose sends=746 bytes=11391488 collective_rank_calls=56
AMG setup messages level=1 phase=A*P sends=2526 bytes=64953200 collective_rank_calls=56
AMG setup messages level=1 phase=R*(A*P) sends=2238 bytes=210314816 collective_rank_calls=56
AMG setup messages level=2 phase=strength sends=0 bytes=0 collective_rank_calls=56
AMG setup messages level=2 phase=strength-transpose sends=795 bytes=9080156 collective_rank_calls=56
AMG setup messages level=2 phase=PMIS sends=20880 bytes=14077088 collective_rank_calls=728
AMG setup messages level=2 phase=numbering sends=0 bytes=0 collective_rank_calls=56
AMG setup messages level=2 phase=interpolation sends=4758 bytes=8628472 collective_rank_calls=56
AMG setup messages level=2 phase=interpolation-transpose sends=749 bytes=3205056 collective_rank_calls=56
AMG setup messages level=2 phase=A*P sends=2592 bytes=25351168 collective_rank_calls=56
AMG setup messages level=2 phase=R*(A*P) sends=2247 bytes=93993456 collective_rank_calls=56
AMG setup messages level=3 phase=strength sends=0 bytes=0 collective_rank_calls=56
AMG setup messages level=3 phase=strength-transpose sends=790 bytes=1620316 collective_rank_calls=56
AMG setup messages level=3 phase=PMIS sends=16108 bytes=2610900 collective_rank_calls=560
AMG setup messages level=3 phase=numbering sends=0 bytes=0 collective_rank_calls=56
AMG setup messages level=3 phase=interpolation sends=4695 bytes=1791840 collective_rank_calls=56
AMG setup messages level=3 phase=interpolation-transpose sends=705 bytes=729488 collective_rank_calls=56
AMG setup messages level=3 phase=A*P sends=2832 bytes=8072224 collective_rank_calls=56
AMG setup messages level=3 phase=R*(A*P) sends=2115 bytes=26290480 collective_rank_calls=56
AMG setup messages level=4 phase=strength sends=0 bytes=0 collective_rank_calls=56
AMG setup messages level=4 phase=strength-transpose sends=649 bytes=234372 collective_rank_calls=56
AMG setup messages level=4 phase=PMIS sends=12692 bytes=487072 collective_rank_calls=504
AMG setup messages level=4 phase=numbering sends=0 bytes=0 collective_rank_calls=56
AMG setup messages level=4 phase=interpolation sends=3690 bytes=213964 collective_rank_calls=56
AMG setup messages level=4 phase=interpolation-transpose sends=482 bytes=147312 collective_rank_calls=56
AMG setup messages level=4 phase=A*P sends=4848 bytes=2822512 collective_rank_calls=56
AMG setup messages level=4 phase=R*(A*P) sends=1446 bytes=5844896 collective_rank_calls=56
AMG setup messages level=5 phase=strength sends=0 bytes=0 collective_rank_calls=56
AMG setup messages level=5 phase=strength-transpose sends=421 bytes=93948 collective_rank_calls=56
AMG setup messages level=5 phase=PMIS sends=4393 bytes=141368 collective_rank_calls=224
AMG setup messages level=5 phase=numbering sends=0 bytes=0 collective_rank_calls=56
AMG setup messages level=5 phase=interpolation sends=2259 bytes=35944 collective_rank_calls=56
AMG setup messages level=5 phase=interpolation-transpose sends=171 bytes=62768 collective_rank_calls=56
AMG setup messages level=5 phase=A*P sends=5868 bytes=1382144 collective_rank_calls=56
AMG setup messages level=5 phase=R*(A*P) sends=513 bytes=730288 collective_rank_calls=56
AMG setup messages level=6 phase=strength sends=0 bytes=0 collective_rank_calls=56
AMG setup messages level=6 phase=strength-transpose sends=69 bytes=15368 collective_rank_calls=56
AMG setup messages level=6 phase=PMIS sends=666 bytes=16936 collective_rank_calls=168
AMG setup messages level=6 phase=numbering sends=0 bytes=0 collective_rank_calls=56
AMG setup messages level=6 phase=interpolation sends=345 bytes=5244 collective_rank_calls=56
AMG setup messages level=6 phase=interpolation-transpose sends=60 bytes=14192 collective_rank_calls=56
AMG setup messages level=6 phase=A*P sends=1446 bytes=171216 collective_rank_calls=56
AMG setup messages level=6 phase=R*(A*P) sends=180 bytes=36816 collective_rank_calls=56
AMG setup messages level=0 phase=strength sends=0 bytes=0 collective_rank_calls=56
AMG setup messages level=0 phase=strength-transpose sends=318 bytes=15561708 collective_rank_calls=56
AMG setup messages level=0 phase=PMIS sends=5502 bytes=42142132 collective_rank_calls=448
AMG setup messages level=0 phase=numbering sends=0 bytes=0 collective_rank_calls=56
AMG setup messages level=0 phase=interpolation sends=1908 bytes=19592392 collective_rank_calls=56
AMG setup messages level=0 phase=interpolation-transpose sends=677 bytes=13582192 collective_rank_calls=56
AMG setup messages level=0 phase=A*P sends=1092 bytes=53601712 collective_rank_calls=56
AMG setup messages level=0 phase=R*(A*P) sends=2031 bytes=102985792 collective_rank_calls=56
AMG setup messages level=1 phase=strength sends=0 bytes=0 collective_rank_calls=56
AMG setup messages level=1 phase=strength-transpose sends=751 bytes=18768568 collective_rank_calls=56
AMG setup messages level=1 phase=PMIS sends=15053 bytes=31938020 collective_rank_calls=560
AMG setup messages level=1 phase=numbering sends=0 bytes=0 collective_rank_calls=56
AMG setup messages level=1 phase=interpolation sends=4494 bytes=20667064 collective_rank_calls=56
AMG setup messages level=1 phase=interpolation-transpose sends=752 bytes=11392800 collective_rank_calls=56
AMG setup messages level=1 phase=A*P sends=2484 bytes=64910928 collective_rank_calls=56
AMG setup messages level=1 phase=R*(A*P) sends=2256 bytes=210322688 collective_rank_calls=56
AMG setup messages level=2 phase=strength sends=0 bytes=0 collective_rank_calls=56
AMG setup messages level=2 phase=strength-transpose sends=800 bytes=9016120 collective_rank_calls=56
AMG setup messages level=2 phase=PMIS sends=19486 bytes=13130344 collective_rank_calls=672
AMG setup messages level=2 phase=numbering sends=0 bytes=0 collective_rank_calls=56
AMG setup messages level=2 phase=interpolation sends=4779 bytes=8631460 collective_rank_calls=56
AMG setup messages level=2 phase=interpolation-transpose sends=754 bytes=3203840 collective_rank_calls=56
AMG setup messages level=2 phase=A*P sends=2592 bytes=25496400 collective_rank_calls=56
AMG setup messages level=2 phase=R*(A*P) sends=2262 bytes=94478928 collective_rank_calls=56
AMG setup messages level=3 phase=strength sends=0 bytes=0 collective_rank_calls=56
AMG setup messages level=3 phase=strength-transpose sends=781 bytes=1571304 collective_rank_calls=56
AMG setup messages level=3 phase=PMIS sends=14388 bytes=2364496 collective_rank_calls=504
AMG setup messages level=3 phase=numbering sends=0 bytes=0 collective_rank_calls=56
AMG setup messages level=3 phase=interpolation sends=4635 bytes=1746672 collective_rank_calls=56
AMG setup messages level=3 phase=interpolation-transpose sends=729 bytes=720176 collective_rank_calls=56
AMG setup messages level=3 phase=A*P sends=2814 bytes=8035248 collective_rank_calls=56
AMG setup messages level=3 phase=R*(A*P) sends=2187 bytes=27232048 collective_rank_calls=56
AMG setup messages level=4 phase=strength sends=0 bytes=0 collective_rank_calls=56
AMG setup messages level=4 phase=strength-transpose sends=644 bytes=216944 collective_rank_calls=56
AMG setup messages level=4 phase=PMIS sends=9704 bytes=380600 collective_rank_calls=392
AMG setup messages level=4 phase=numbering sends=0 bytes=0 collective_rank_calls=56
AMG setup messages level=4 phase=interpolation sends=3633 bytes=198552 collective_rank_calls=56
AMG setup messages level=4 phase=interpolation-transpose sends=515 bytes=142416 collective_rank_calls=56
AMG setup messages level=4 phase=A*P sends=4866 bytes=2889424 collective_rank_calls=56
AMG setup messages level=4 phase=R*(A*P) sends=1545 bytes=6745328 collective_rank_calls=56
AMG setup messages level=5 phase=strength sends=0 bytes=0 collective_rank_calls=56
AMG setup messages level=5 phase=strength-transpose sends=465 bytes=91668 collective_rank_calls=56
AMG setup messages level=5 phase=PMIS sends=6036 bytes=167264 collective_rank_calls=280
AMG setup messages level=5 phase=numbering sends=0 bytes=0 collective_rank_calls=56
AMG setup messages level=5 phase=interpolation sends=2430 bytes=40336 collective_rank_calls=56
AMG setup messages level=5 phase=interpolation-transpose sends=285 bytes=60128 collective_rank_calls=56
AMG setup messages level=5 phase=A*P sends=6528 bytes=1592304 collective_rank_calls=56
AMG setup messages level=5 phase=R*(A*P) sends=855 bytes=1750576 collective_rank_calls=56
AMG setup messages level=6 phase=strength sends=0 bytes=0 collective_rank_calls=56
AMG setup messages level=6 phase=strength-transpose sends=141 bytes=29676 collective_rank_calls=56
AMG setup messages level=6 phase=PMIS sends=1282 bytes=43608 collective_rank_calls=168
AMG setup messages level=6 phase=numbering sends=0 bytes=0 collective_rank_calls=56
AMG setup messages level=6 phase=interpolation sends=612 bytes=17560 collective_rank_calls=56
AMG setup messages level=6 phase=interpolation-transpose sends=129 bytes=20944 collective_rank_calls=56
AMG setup messages level=6 phase=A*P sends=3060 bytes=515696 collective_rank_calls=56
AMG setup messages level=6 phase=R*(A*P) sends=387 bytes=444864 collective_rank_calls=56
AMG setup messages level=7 phase=strength sends=0 bytes=0 collective_rank_calls=56
AMG setup messages level=7 phase=strength-transpose sends=127 bytes=29092 collective_rank_calls=56
AMG setup messages level=7 phase=PMIS sends=763 bytes=35800 collective_rank_calls=112
AMG setup messages level=7 phase=numbering sends=0 bytes=0 collective_rank_calls=56
AMG setup messages level=7 phase=interpolation sends=474 bytes=5520 collective_rank_calls=56
AMG setup messages level=7 phase=interpolation-transpose sends=82 bytes=28560 collective_rank_calls=56
AMG setup messages level=7 phase=A*P sends=846 bytes=229248 collective_rank_calls=56
AMG setup messages level=7 phase=R*(A*P) sends=246 bytes=122016 collective_rank_calls=56
AMG setup messages level=0 phase=strength sends=0 bytes=0 collective_rank_calls=56
AMG setup messages level=0 phase=strength-transpose sends=318 bytes=15553352 collective_rank_calls=56
AMG setup messages level=0 phase=PMIS sends=6184 bytes=46685728 collective_rank_calls=504
AMG setup messages level=0 phase=numbering sends=0 bytes=0 collective_rank_calls=56
AMG setup messages level=0 phase=interpolation sends=1908 bytes=19626016 collective_rank_calls=56
AMG setup messages level=0 phase=interpolation-transpose sends=677 bytes=13618976 collective_rank_calls=56
AMG setup messages level=0 phase=A*P sends=1092 bytes=53625328 collective_rank_calls=56
AMG setup messages level=0 phase=R*(A*P) sends=2031 bytes=103423888 collective_rank_calls=56
AMG setup messages level=1 phase=strength sends=0 bytes=0 collective_rank_calls=56
AMG setup messages level=1 phase=strength-transpose sends=759 bytes=18664952 collective_rank_calls=56
AMG setup messages level=1 phase=PMIS sends=16734 bytes=34670000 collective_rank_calls=616
AMG setup messages level=1 phase=numbering sends=0 bytes=0 collective_rank_calls=56
AMG setup messages level=1 phase=interpolation sends=4548 bytes=20561024 collective_rank_calls=56
AMG setup messages level=1 phase=interpolation-transpose sends=755 bytes=11325152 collective_rank_calls=56
AMG setup messages level=1 phase=A*P sends=2526 bytes=64893488 collective_rank_calls=56
AMG setup messages level=1 phase=R*(A*P) sends=2265 bytes=209723088 collective_rank_calls=56
AMG setup messages level=2 phase=strength sends=0 bytes=0 collective_rank_calls=56
AMG setup messages level=2 phase=strength-transpose sends=802 bytes=8922360 collective_rank_calls=56
AMG setup messages level=2 phase=PMIS sends=21076 bytes=14122928 collective_rank_calls=728
AMG setup messages level=2 phase=numbering sends=0 bytes=0 collective_rank_calls=56
AMG setup messages level=2 phase=interpolation sends=4788 bytes=8673124 collective_rank_calls=56
AMG setup messages level=2 phase=interpolation-transpose sends=743 bytes=3192864 collective_rank_calls=56
AMG setup messages level=2 phase=A*P sends=2592 bytes=25512560 collective_rank_calls=56
AMG setup messages level=2 phase=R*(A*P) sends=2229 bytes=94949744 collective_rank_calls=56
AMG setup messages level=3 phase=strength sends=0 bytes=0 collective_rank_calls=56
AMG setup messages level=3 phase=strength-transpose sends=771 bytes=1561748 collective_rank_calls=56
AMG setup messages level=3 phase=PMIS sends=15761 bytes=2578916 collective_rank_calls=560
AMG setup messages level=3 phase=numbering sends=0 bytes=0 collective_rank_calls=56
AMG setup messages level=3 phase=interpolation sends=4569 bytes=1755460 collective_rank_calls=56
AMG setup messages level=3 phase=interpolation-transpose sends=696 bytes=719680 collective_rank_calls=56
AMG setup messages level=3 phase=A*P sends=2874 bytes=8162464 collective_rank_calls=56
AMG setup messages level=3 phase=R*(A*P) sends=2088 bytes=27605248 collective_rank_calls=56
AMG setup messages level=4 phase=strength sends=0 bytes=0 collective_rank_calls=56
AMG setup messages level=4 phase=strength-transpose sends=601 bytes=228312 collective_rank_calls=56
AMG setup messages level=4 phase=PMIS sends=8998 bytes=393992 collective_rank_calls=392
AMG setup messages level=4 phase=numbering sends=0 bytes=0 collective_rank_calls=56
AMG setup messages level=4 phase=interpolation sends=3375 bytes=196612 collective_rank_calls=56
AMG setup messages level=4 phase=interpolation-transpose sends=516 bytes=139248 collective_rank_calls=56
AMG setup messages level=4 phase=A*P sends=4776 bytes=2931792 collective_rank_calls=56
AMG setup messages level=4 phase=R*(A*P) sends=1548 bytes=7871552 collective_rank_calls=56
AMG setup messages level=5 phase=strength sends=0 bytes=0 collective_rank_calls=56
AMG setup messages level=5 phase=strength-transpose sends=456 bytes=100636 collective_rank_calls=56
AMG setup messages level=5 phase=PMIS sends=3640 bytes=153848 collective_rank_calls=168
AMG setup messages level=5 phase=numbering sends=0 bytes=0 collective_rank_calls=56
AMG setup messages level=5 phase=interpolation sends=2388 bytes=31308 collective_rank_calls=56
AMG setup messages level=5 phase=interpolation-transpose sends=190 bytes=54192 collective_rank_calls=56
AMG setup messages level=5 phase=A*P sends=6810 bytes=1652768 collective_rank_calls=56
AMG setup messages level=5 phase=R*(A*P) sends=570 bytes=964432 collective_rank_calls=56
AMG setup messages level=6 phase=strength sends=0 bytes=0 collective_rank_calls=56
AMG setup messages level=6 phase=strength-transpose sends=72 bytes=18520 collective_rank_calls=56
AMG setup messages level=6 phase=PMIS sends=712 bytes=22640 collective_rank_calls=168
AMG setup messages level=6 phase=numbering sends=0 bytes=0 collective_rank_calls=56
AMG setup messages level=6 phase=interpolation sends=348 bytes=3656 collective_rank_calls=56
AMG setup messages level=6 phase=interpolation-transpose sends=55 bytes=20176 collective_rank_calls=56
AMG setup messages level=6 phase=A*P sends=1470 bytes=236560 collective_rank_calls=56
AMG setup messages level=6 phase=R*(A*P) sends=165 bytes=55248 collective_rank_calls=56
AMG setup messages level=0 phase=strength sends=0 bytes=0 collective_rank_calls=56
AMG setup messages level=0 phase=strength-transpose sends=318 bytes=15545036 collective_rank_calls=56
AMG setup messages level=0 phase=PMIS sends=6184 bytes=46663936 collective_rank_calls=504
AMG setup messages level=0 phase=numbering sends=0 bytes=0 collective_rank_calls=56
AMG setup messages level=0 phase=interpolation sends=1908 bytes=19608220 collective_rank_calls=56
AMG setup messages level=0 phase=interpolation-transpose sends=676 bytes=13605472 collective_rank_calls=56
AMG setup messages level=0 phase=A*P sends=1092 bytes=53609808 collective_rank_calls=56
AMG setup messages level=0 phase=R*(A*P) sends=2028 bytes=103295040 collective_rank_calls=56
AMG setup messages level=1 phase=strength sends=0 bytes=0 collective_rank_calls=56
AMG setup messages level=1 phase=strength-transpose sends=751 bytes=18630976 collective_rank_calls=56
AMG setup messages level=1 phase=PMIS sends=15031 bytes=31829148 collective_rank_calls=560
AMG setup messages level=1 phase=numbering sends=0 bytes=0 collective_rank_calls=56
AMG setup messages level=1 phase=interpolation sends=4485 bytes=20529868 collective_rank_calls=56
AMG setup messages level=1 phase=interpolation-transpose sends=751 bytes=11311040 collective_rank_calls=56
AMG setup messages level=1 phase=A*P sends=2454 bytes=64836208 collective_rank_calls=56
AMG setup messages level=1 phase=R*(A*P) sends=2253 bytes=209971696 collective_rank_calls=56
AMG setup messages level=2 phase=strength sends=0 bytes=0 collective_rank_calls=56
AMG setup messages level=2 phase=strength-transpose sends=796 bytes=8862432 collective_rank_calls=56
AMG setup messages level=2 phase=PMIS sends=19364 bytes=13141876 collective_rank_calls=672
AMG setup messages level=2 phase=numbering sends=0 bytes=0 collective_rank_calls=56
AMG setup messages level=2 phase=interpolation sends=4746 bytes=8660368 collective_rank_calls=56
AMG setup messages level=2 phase=interpolation-transpose sends=754 bytes=3212960 collective_rank_calls=56
AMG setup messages level=2 phase=A*P sends=2592 bytes=25626624 collective_rank_calls=56
AMG setup messages level=2 phase=R*(A*P) sends=2262 bytes=95210928 collective_rank_calls=56
AMG setup messages level=3 phase=strength sends=0 bytes=0 collective_rank_calls=56
AMG setup messages level=3 phase=strength-transpose sends=767 bytes=1562672 collective_rank_calls=56
AMG setup messages level=3 phase=PMIS sends=14076 bytes=2356368 collective_rank_calls=504
AMG setup messages level=3 phase=numbering sends=0 bytes=0 collective_rank_calls=56
AMG setup messages level=3 phase=interpolation sends=4575 bytes=1757332 collective_rank_calls=56
AMG setup messages level=3 phase=interpolation-transpose sends=700 bytes=714512 collective_rank_calls=56
AMG setup messages level=3 phase=A*P sends=2844 bytes=8258048 collective_rank_calls=56
AMG setup messages level=3 phase=R*(A*P) sends=2100 bytes=28398144 collective_rank_calls=56
AMG setup messages level=4 phase=strength sends=0 bytes=0 collective_rank_calls=56
AMG setup messages level=4 phase=strength-transpose sends=619 bytes=249696 collective_rank_calls=56
AMG setup messages level=4 phase=PMIS sends=9266 bytes=423832 collective_rank_calls=392
AMG setup messages level=4 phase=numbering sends=0 bytes=0 collective_rank_calls=56
AMG setup messages level=4 phase=interpolation sends=3612 bytes=214044 collective_rank_calls=56
AMG setup messages level=4 phase=interpolation-transpose sends=437 bytes=156544 collective_rank_calls=56
AMG setup messages level=4 phase=A*P sends=4830 bytes=3099456 collective_rank_calls=56
AMG setup messages level=4 phase=R*(A*P) sends=1311 bytes=6745168 collective_rank_calls=56
AMG setup messages level=5 phase=strength sends=0 bytes=0 collective_rank_calls=56
AMG setup messages level=5 phase=strength-transpose sends=342 bytes=113668 collective_rank_calls=56
AMG setup messages level=5 phase=PMIS sends=3686 bytes=151612 collective_rank_calls=224
AMG setup messages level=5 phase=numbering sends=0 bytes=0 collective_rank_calls=56
AMG setup messages level=5 phase=interpolation sends=1821 bytes=32996 collective_rank_calls=56
AMG setup messages level=5 phase=interpolation-transpose sends=139 bytes=51920 collective_rank_calls=56
AMG setup messages level=5 phase=A*P sends=5544 bytes=1439808 collective_rank_calls=56
AMG setup messages level=5 phase=R*(A*P) sends=417 bytes=995232 collective_rank_calls=56
AMG setup messages level=6 phase=strength sends=0 bytes=0 collective_rank_calls=56
AMG setup messages level=6 phase=strength-transpose sends=61 bytes=25664 collective_rank_calls=56
AMG setup messages level=6 phase=PMIS sends=578 bytes=26456 collective_rank_calls=168
AMG setup messages level=6 phase=numbering sends=0 bytes=0 collective_rank_calls=56
AMG setup messages level=6 phase=interpolation sends=312 bytes=5832 collective_rank_calls=56
AMG setup messages level=6 phase=interpolation-transpose sends=90 bytes=13040 collective_rank_calls=56
AMG setup messages level=6 phase=A*P sends=2064 bytes=289760 collective_rank_calls=56
AMG setup messages level=6 phase=R*(A*P) sends=270 bytes=222832 collective_rank_calls=56
AMG setup messages level=7 phase=strength sends=0 bytes=0 collective_rank_calls=56
AMG setup messages level=7 phase=strength-transpose sends=100 bytes=24860 collective_rank_calls=56
AMG setup messages level=7 phase=PMIS sends=544 bytes=27440 collective_rank_calls=112
AMG setup messages level=7 phase=numbering sends=0 bytes=0 collective_rank_calls=56
AMG setup messages level=7 phase=interpolation sends=414 bytes=5556 collective_rank_calls=56
AMG setup messages level=7 phase=interpolation-transpose sends=44 bytes=22736 collective_rank_calls=56
AMG setup messages level=7 phase=A*P sends=852 bytes=192160 collective_rank_calls=56
AMG setup messages level=7 phase=R*(A*P) sends=132 bytes=55936 collective_rank_calls=56
AMG setup messages level=0 phase=strength sends=0 bytes=0 collective_rank_calls=56
AMG setup messages level=0 phase=strength-transpose sends=318 bytes=15536776 collective_rank_calls=56
AMG setup messages level=0 phase=PMIS sends=6184 bytes=46642592 collective_rank_calls=504
AMG setup messages level=0 phase=numbering sends=0 bytes=0 collective_rank_calls=56
AMG setup messages level=0 phase=interpolation sends=1908 bytes=19578896 collective_rank_calls=56
AMG setup messages level=0 phase=interpolation-transpose sends=676 bytes=13569216 collective_rank_calls=56
AMG setup messages level=0 phase=A*P sends=1092 bytes=53586544 collective_rank_calls=56
AMG setup messages level=0 phase=R*(A*P) sends=2028 bytes=103157440 collective_rank_calls=56
AMG setup messages level=1 phase=strength sends=0 bytes=0 collective_rank_calls=56
AMG setup messages level=1 phase=strength-transpose sends=753 bytes=18579088 collective_rank_calls=56
AMG setup messages level=1 phase=PMIS sends=16602 bytes=34645720 collective_rank_calls=616
AMG setup messages level=1 phase=numbering sends=0 bytes=0 collective_rank_calls=56
AMG setup messages level=1 phase=interpolation sends=4503 bytes=20503508 collective_rank_calls=56
AMG setup messages level=1 phase=interpolation-transpose sends=748 bytes=11267952 collective_rank_calls=56
AMG setup messages level=1 phase=A*P sends=2490 bytes=64808176 collective_rank_calls=56
AMG setup messages level=1 phase=R*(A*P) sends=2244 bytes=209336400 collective_rank_calls=56
AMG setup messages level=2 phase=strength sends=0 bytes=0 collective_rank_calls=56
AMG setup messages level=2 phase=strength-transpose sends=793 bytes=8805496 collective_rank_calls=56
AMG setup messages level=2 phase=PMIS sends=22429 bytes=15129456 collective_rank_calls=784
AMG setup messages level=2 phase=numbering sends=0 bytes=0 collective_rank_calls=56
AMG setup messages level=2 phase=interpolation sends=4731 bytes=8640060 collective_rank_calls=56
AMG setup messages level=2 phase=interpolation-transpose sends=743 bytes=3193904 collective_rank_calls=56
AMG setup messages level=2 phase=A*P sends=2592 bytes=25685408 collective_rank_calls=56
AMG setup messages level=2 phase=R*(A*P) sends=2229 bytes=94771808 collective_rank_calls=56
AMG setup messages level=3 phase=strength sends=0 bytes=0 collective_rank_calls=56
AMG setup messages level=3 phase=strength-transpose sends=756 bytes=1579964 collective_rank_calls=56
AMG setup messages level=3 phase=PMIS sends=15450 bytes=2575256 collective_rank_calls=560
AMG setup messages level=3 phase=numbering sends=0 bytes=0 collective_rank_calls=56
AMG setup messages level=3 phase=interpolation sends=4500 bytes=1779628 collective_rank_calls=56
AMG setup messages level=3 phase=interpolation-transpose sends=682 bytes=717136 collective_rank_calls=56
AMG setup messages level=3 phase=A*P sends=2856 bytes=8426144 collective_rank_calls=56
AMG setup messages level=3 phase=R*(A*P) sends=2046 bytes=28371280 collective_rank_calls=56
AMG setup messages level=4 phase=strength sends=0 bytes=0 collective_rank_calls=56
AMG setup messages level=4 phase=strength-transpose sends=606 bytes=274248 collective_rank_calls=56
AMG setup messages level=4 phase=PMIS sends=10272 bytes=505964 collective_rank_calls=448
AMG setup messages level=4 phase=numbering sends=0 bytes=0 collective_rank_calls=56
AMG setup messages level=4 phase=interpolation sends=3438 bytes=241028 collective_rank_calls=56
AMG setup messages level=4 phase=interpolation-transpose sends=496 bytes=186224 collective_rank_calls=56
AMG setup messages level=4 phase=A*P sends=4824 bytes=3484192 collective_rank_calls=56
AMG setup messages level=4 phase=R*(A*P) sends=1488 bytes=7867840 collective_rank_calls=56
AMG setup messages level=5 phase=strength sends=0 bytes=0 collective_rank_calls=56
AMG setup messages level=5 phase=strength-transpose sends=464 bytes=111188 collective_rank_calls=56
AMG setup messages level=5 phase=PMIS sends=4552 bytes=163604 collective_rank_calls=224
AMG setup messages level=5 phase=numbering sends=0 bytes=0 collective_rank_calls=56
AMG setup messages level=5 phase=interpolation sends=2373 bytes=45696 collective_rank_calls=56
AMG setup messages level=5 phase=interpolation-transpose sends=267 bytes=74800 collective_rank_calls=56
AMG setup messages level=5 phase=A*P sends=5910 bytes=1774640 collective_rank_calls=56
AMG setup messages level=5 phase=R*(A*P) sends=801 bytes=1805280 collective_rank_calls=56
AMG setup messages level=6 phase=strength sends=0 bytes=0 collective_rank_calls=56
AMG setup messages level=6 phase=strength-transpose sends=114 bytes=26620 collective_rank_calls=56
AMG setup messages level=6 phase=PMIS sends=972 bytes=34520 collective_rank_calls=168
AMG setup messages level=6 phase=numbering sends=0 bytes=0 collective_rank_calls=56
AMG setup messages level=6 phase=interpolation sends=477 bytes=5736 collective_rank_calls=56
AMG setup messages level=6 phase=interpolation-transpose sends=55 bytes=22432 collective_rank_calls=56
AMG setup messages level=6 phase=A*P sends=3054 bytes=448656 collective_rank_calls=56
AMG setup messages level=6 phase=R*(A*P) sends=165 bytes=52400 collective_rank_calls=56
AMG setup messages level=0 phase=strength sends=0 bytes=0 collective_rank_calls=56
AMG setup messages level=0 phase=strength-transpose sends=318 bytes=15531192 collective_rank_calls=56
AMG setup messages level=0 phase=PMIS sends=6184 bytes=46629072 collective_rank_calls=504
AMG setup messages level=0 phase=numbering sends=0 bytes=0 collective_rank_calls=56
AMG setup messages level=0 phase=interpolation sends=1908 bytes=19544356 collective_rank_calls=56
AMG setup messages level=0 phase=interpolation-transpose sends=676 bytes=13552240 collective_rank_calls=56
AMG setup messages level=0 phase=A*P sends=1092 bytes=53565520 collective_rank_calls=56
AMG setup messages level=0 phase=R*(A*P) sends=2028 bytes=102914352 collective_rank_calls=56
AMG setup messages level=1 phase=strength sends=0 bytes=0 collective_rank_calls=56
AMG setup messages level=1 phase=strength-transpose sends=764 bytes=18552728 collective_rank_calls=56
AMG setup messages level=1 phase=PMIS sends=15324 bytes=31775180 collective_rank_calls=560
AMG setup messages level=1 phase=numbering sends=0 bytes=0 collective_rank_calls=56
AMG setup messages level=1 phase=interpolation sends=4560 bytes=20477996 collective_rank_calls=56
AMG setup messages level=1 phase=interpolation-transpose sends=748 bytes=11285456 collective_rank_calls=56
AMG setup messages level=1 phase=A*P sends=2490 bytes=64855312 collective_rank_calls=56
AMG setup messages level=1 phase=R*(A*P) sends=2244 bytes=209861200 collective_rank_calls=56
AMG setup messages level=2 phase=strength sends=0 bytes=0 collective_rank_calls=56
AMG setup messages level=2 phase=strength-transpose sends=799 bytes=8788436 collective_rank_calls=56
AMG setup messages level=2 phase=PMIS sends=21012 bytes=14172336 collective_rank_calls=728
AMG setup messages level=2 phase=numbering sends=0 bytes=0 collective_rank_calls=56
AMG setup messages level=2 phase=interpolation sends=4752 bytes=8696564 collective_rank_calls=56
AMG setup messages level=2 phase=interpolation-transpose sends=744 bytes=3159440 collective_rank_calls=56
AMG setup messages level=2 phase=A*P sends=2592 bytes=25735872 collective_rank_calls=56
AMG setup messages level=2 phase=R*(A*P) sends=2232 bytes=95812640 collective_rank_calls=56
AMG setup messages level=3 phase=strength sends=0 bytes=0 collective_rank_calls=56
AMG setup messages level=3 phase=strength-transpose sends=759 bytes=1590512 collective_rank_calls=56
AMG setup messages level=3 phase=PMIS sends=17022 bytes=2830864 collective_rank_calls=616
AMG setup messages level=3 phase=numbering sends=0 bytes=0 collective_rank_calls=56
AMG setup messages level=3 phase=interpolation sends=4524 bytes=1821772 collective_rank_calls=56
AMG setup messages level=3 phase=interpolation-transpose sends=695 bytes=723936 collective_rank_calls=56
AMG setup messages level=3 phase=A*P sends=2862 bytes=8641296 collective_rank_calls=56
AMG setup messages level=3 phase=R*(A*P) sends=2085 bytes=29183488 collective_rank_calls=56
AMG setup messages level=4 phase=strength sends=0 bytes=0 collective_rank_calls=56
AMG setup messages level=4 phase=strength-transpose sends=624 bytes=298176 collective_rank_calls=56
AMG setup messages level=4 phase=PMIS sends=9200 bytes=493224 collective_rank_calls=392
AMG setup messages level=4 phase=numbering sends=0 bytes=0 collective_rank_calls=56
AMG setup messages level=4 phase=interpolation sends=3555 bytes=263868 collective_rank_calls=56
AMG setup messages level=4 phase=interpolation-transpose sends=496 bytes=203136 collective_rank_calls=56
AMG setup messages level=4 phase=A*P sends=4878 bytes=3718352 collective_rank_calls=56
AMG setup messages level=4 phase=R*(A*P) sends=1488 bytes=8560000 collective_rank_calls=56
AMG setup messages level=5 phase=strength sends=0 bytes=0 collective_rank_calls=56
AMG setup messages level=5 phase=strength-transpose sends=452 bytes=115764 collective_rank_calls=56
AMG setup messages level=5 phase=PMIS sends=4366 bytes=176076 collective_rank_calls=224
AMG setup messages level=5 phase=numbering sends=0 bytes=0 collective_rank_calls=56
AMG setup messages level=5 phase=interpolation sends=2415 bytes=46504 collective_rank_calls=56
AMG setup messages level=5 phase=interpolation-transpose sends=247 bytes=78368 collective_rank_calls=56
AMG setup messages level=5 phase=A*P sends=6078 bytes=1751888 collective_rank_calls=56
AMG setup messages level=5 phase=R*(A*P) sends=741 bytes=1543136 collective_rank_calls=56
AMG setup messages level=6 phase=strength sends=0 bytes=0 collective_rank_calls=56
AMG setup messages level=6 phase=strength-transpose sends=82 bytes=18696 collective_rank_calls=56
AMG setup messages level=6 phase=PMIS sends=550 bytes=20576 collective_rank_calls=112
AMG setup messages level=6 phase=numbering sends=0 bytes=0 collective_rank_calls=56
AMG setup messages level=6 phase=interpolation sends=417 bytes=3936 collective_rank_calls=56
AMG setup messages level=6 phase=interpolation-transpose sends=47 bytes=11088 collective_rank_calls=56
AMG setup messages level=6 phase=A*P sends=1818 bytes=182848 collective_rank_calls=56
AMG setup messages level=6 phase=R*(A*P) sends=141 bytes=28704 collective_rank_calls=56
AMG setup messages level=0 phase=strength sends=0 bytes=0 collective_rank_calls=56
AMG setup messages level=0 phase=strength-transpose sends=318 bytes=15526396 collective_rank_calls=56
AMG setup messages level=0 phase=PMIS sends=6184 bytes=46617152 collective_rank_calls=504
AMG setup messages level=0 phase=numbering sends=0 bytes=0 collective_rank_calls=56
AMG setup messages level=0 phase=interpolation sends=1908 bytes=19561628 collective_rank_calls=56
AMG setup messages level=0 phase=interpolation-transpose sends=677 bytes=13562656 collective_rank_calls=56
AMG setup messages level=0 phase=A*P sends=1092 bytes=53582640 collective_rank_calls=56
AMG setup messages level=0 phase=R*(A*P) sends=2031 bytes=103057952 collective_rank_calls=56
AMG setup messages level=1 phase=strength sends=0 bytes=0 collective_rank_calls=56
AMG setup messages level=1 phase=strength-transpose sends=760 bytes=18513824 collective_rank_calls=56
AMG setup messages level=1 phase=PMIS sends=15222 bytes=31753760 collective_rank_calls=560
AMG setup messages level=1 phase=numbering sends=0 bytes=0 collective_rank_calls=56
AMG setup messages level=1 phase=interpolation sends=4542 bytes=20466144 collective_rank_calls=56
AMG setup messages level=1 phase=interpolation-transpose sends=746 bytes=11281648 collective_rank_calls=56
AMG setup messages level=1 phase=A*P sends=2484 bytes=64820448 collective_rank_calls=56
AMG setup messages level=1 phase=R*(A*P) sends=2238 bytes=209405072 collective_rank_calls=56
AMG setup messages level=2 phase=strength sends=0 bytes=0 collective_rank_calls=56
AMG setup messages level=2 phase=strength-transpose sends=793 bytes=8753208 collective_rank_calls=56
AMG setup messages level=2 phase=PMIS sends=20912 bytes=14145376 collective_rank_calls=728
AMG setup messages level=2 phase=numbering sends=0 bytes=0 collective_rank_calls=56
AMG setup messages level=2 phase=interpolation sends=4740 bytes=8676024 collective_rank_calls=56
AMG setup messages level=2 phase=interpolation-transpose sends=747 bytes=3169360 collective_rank_calls=56
AMG setup messages level=2 phase=A*P sends=2592 bytes=25743648 collective_rank_calls=56
AMG setup messages level=2 phase=R*(A*P) sends=2241 bytes=95603744 collective_rank_calls=56
AMG setup messages level=3 phase=strength sends=0 bytes=0 collective_rank_calls=56
AMG setup messages level=3 phase=strength-transpose sends=759 bytes=1578968 collective_rank_calls=56
AMG setup messages level=3 phase=PMIS sends=13952 bytes=2333584 collective_rank_calls=504
AMG setup messages level=3 phase=numbering sends=0 bytes=0 collective_rank_calls=56
AMG setup messages level=3 phase=interpolation sends=4512 bytes=1809444 collective_rank_calls=56
AMG setup messages level=3 phase=interpolation-transpose sends=693 bytes=716272 collective_rank_calls=56
AMG setup messages level=3 phase=A*P sends=2850 bytes=8652256 collective_rank_calls=56
AMG setup messages level=3 phase=R*(A*P) sends=2079 bytes=28965312 collective_rank_calls=56
AMG setup messages level=4 phase=strength sends=0 bytes=0 collective_rank_calls=56
AMG setup messages level=4 phase=strength-transpose sends=628 bytes=312608 collective_rank_calls=56
AMG setup messages level=4 phase=PMIS sends=9336 bytes=516608 collective_rank_calls=392
AMG setup messages level=4 phase=numbering sends=0 bytes=0 collective_rank_calls=56
AMG setup messages level=4 phase=interpolation sends=3627 bytes=265940 collective_rank_calls=56
AMG setup messages level=4 phase=interpolation-transpose sends=507 bytes=207456 collective_rank_calls=56
AMG setup messages level=4 phase=A*P sends=4866 bytes=3809728 collective_rank_calls=56
AMG setup messages level=4 phase=R*(A*P) sends=1521 bytes=8670816 collective_rank_calls=56
AMG setup messages level=5 phase=strength sends=0 bytes=0 collective_rank_calls=56
AMG setup messages level=5 phase=strength-transpose sends=377 bytes=111576 collective_rank_calls=56
AMG setup messages level=5 phase=PMIS sends=3082 bytes=142376 collective_rank_calls=168
AMG setup messages level=5 phase=numbering sends=0 bytes=0 collective_rank_calls=56
AMG setup messages level=5 phase=interpolation sends=1995 bytes=34420 collective_rank_calls=56
AMG setup messages level=5 phase=interpolation-transpose sends=155 bytes=52336 collective_rank_calls=56
AMG setup messages level=5 phase=A*P sends=5766 bytes=1419040 collective_rank_calls=56
AMG setup messages level=5 phase=R*(A*P) sends=465 bytes=720896 collective_rank_calls=56
AMG setup messages level=6 phase=strength sends=0 bytes=0 collective_rank_calls=56
AMG setup messages level=6 phase=strength-transpose sends=93 bytes=18840 collective_rank_calls=56
AMG setup messages level=6 phase=PMIS sends=627 bytes=28592 collective_rank_calls=112
AMG setup messages level=6 phase=numbering sends=0 bytes=0 collective_rank_calls=56
AMG setup messages level=6 phase=interpolation sends=411 bytes=3268 collective_rank_calls=56
AMG setup messages level=6 phase=interpolation-transpose sends=49 bytes=12176 collective_rank_calls=56
AMG setup messages level=6 phase=A*P sends=1110 bytes=119424 collective_rank_calls=56
AMG setup messages level=6 phase=R*(A*P) sends=147 bytes=31776 collective_rank_calls=56
AMG setup messages level=0 phase=strength sends=0 bytes=0 collective_rank_calls=56
AMG setup messages level=0 phase=strength-transpose sends=318 bytes=15521468 collective_rank_calls=56
AMG setup messages level=0 phase=PMIS sends=6184 bytes=46606048 collective_rank_calls=504
AMG setup messages level=0 phase=numbering sends=0 bytes=0 collective_rank_calls=56
AMG setup messages level=0 phase=interpolation sends=1908 bytes=19552092 collective_rank_calls=56
AMG setup messages level=0 phase=interpolation-transpose sends=676 bytes=13572000 collective_rank_calls=56
AMG setup messages level=0 phase=A*P sends=1092 bytes=53581968 collective_rank_calls=56
AMG setup messages level=0 phase=R*(A*P) sends=2028 bytes=103019648 collective_rank_calls=56
AMG setup messages level=1 phase=strength sends=0 bytes=0 collective_rank_calls=56
AMG setup messages level=1 phase=strength-transpose sends=748 bytes=18512720 collective_rank_calls=56
AMG setup messages level=1 phase=PMIS sends=14982 bytes=31731848 collective_rank_calls=560
AMG setup messages level=1 phase=numbering sends=0 bytes=0 collective_rank_calls=56
AMG setup messages level=1 phase=interpolation sends=4479 bytes=20447180 collective_rank_calls=56
AMG setup messages level=1 phase=interpolation-transpose sends=743 bytes=11259824 collective_rank_calls=56
AMG setup messages level=1 phase=A*P sends=2472 bytes=64872736 collective_rank_calls=56
AMG setup messages level=1 phase=R*(A*P) sends=2229 bytes=209313552 collective_rank_calls=56
AMG setup messages level=2 phase=strength sends=0 bytes=0 collective_rank_calls=56
AMG setup messages level=2 phase=strength-transpose sends=782 bytes=8721404 collective_rank_calls=56
AMG setup messages level=2 phase=PMIS sends=22136 bytes=15091316 collective_rank_calls=784
AMG setup messages level=2 phase=numbering sends=0 bytes=0 collective_rank_calls=56
AMG setup messages level=2 phase=interpolation sends=4671 bytes=8660048 collective_rank_calls=56
AMG setup messages level=2 phase=interpolation-transpose sends=737 bytes=3141200 collective_rank_calls=56
AMG setup messages level=2 phase=A*P sends=2592 bytes=25665568 collective_rank_calls=56
AMG setup messages level=2 phase=R*(A*P) sends=2211 bytes=94886752 collective_rank_calls=56
AMG setup messages level=3 phase=strength sends=0 bytes=0 collective_rank_calls=56
AMG setup messages level=3 phase=strength-transpose sends=768 bytes=1600144 collective_rank_calls=56
AMG setup messages level=3 phase=PMIS sends=14124 bytes=2347760 collective_rank_calls=504
AMG setup messages level=3 phase=numbering sends=0 bytes=0 collective_rank_calls=56
AMG setup messages level=3 phase=interpolation sends=4581 bytes=1814452 collective_rank_calls=56
AMG setup messages level=3 phase=interpolation-transpose sends=697 bytes=728800 collective_rank_calls=56
AMG setup messages level=3 phase=A*P sends=2838 bytes=8735168 collective_rank_calls=56
AMG setup messages level=3 phase=R*(A*P) sends=2091 bytes=28722496 collective_rank_calls=56
AMG setup messages level=4 phase=strength sends=0 bytes=0 collective_rank_calls=56
AMG setup messages level=4 phase=strength-transpose sends=604 bytes=313404 collective_rank_calls=56
AMG setup messages level=4 phase=PMIS sends=10150 bytes=581668 collective_rank_calls=448
AMG setup messages level=4 phase=numbering sends=0 bytes=0 collective_rank_calls=56
AMG setup messages level=4 phase=interpolation sends=3501 bytes=267384 collective_rank_calls=56
AMG setup messages level=4 phase=interpolation-transpose sends=533 bytes=224912 collective_rank_calls=56
AMG setup messages level=4 phase=A*P sends=4830 bytes=3951728 collective_rank_calls=56
AMG setup messages level=4 phase=R*(A*P) sends=1599 bytes=8835056 collective_rank_calls=56
AMG setup messages level=5 phase=strength sends=0 bytes=0 collective_rank_calls=56
AMG setup messages level=5 phase=strength-transpose sends=453 bytes=103924 collective_rank_calls=56
AMG setup messages level=5 phase=PMIS sends=4499 bytes=144552 collective_rank_calls=224
AMG setup messages level=5 phase=numbering sends=0 bytes=0 collective_rank_calls=56
AMG setup messages level=5 phase=interpolation sends=2442 bytes=45236 collective_rank_calls=56
AMG setup messages level=5 phase=interpolation-transpose sends=232 bytes=68592 collective_rank_calls=56
AMG setup messages level=5 phase=A*P sends=6468 bytes=1729280 collective_rank_calls=56
AMG setup messages level=5 phase=R*(A*P) sends=696 bytes=1371760 collective_rank_calls=56
AMG setup messages level=6 phase=strength sends=0 bytes=0 collective_rank_calls=56
AMG setup messages level=6 phase=strength-transpose sends=70 bytes=21228 collective_rank_calls=56
AMG setup messages level=6 phase=PMIS sends=472 bytes=24636 collective_rank_calls=112
AMG setup messages level=6 phase=numbering sends=0 bytes=0 collective_rank_calls=56
AMG setup messages level=6 phase=interpolation sends=333 bytes=3904 collective_rank_calls=56
AMG setup messages level=6 phase=interpolation-transpose sends=45 bytes=12016 collective_rank_calls=56
AMG setup messages level=6 phase=A*P sends=1812 bytes=245280 collective_rank_calls=56
AMG setup messages level=6 phase=R*(A*P) sends=135 bytes=31648 collective_rank_calls=56
AMG setup messages level=0 phase=strength sends=0 bytes=0 collective_rank_calls=56
AMG setup messages level=0 phase=strength-transpose sends=318 bytes=15517240 collective_rank_calls=56
AMG setup messages level=0 phase=PMIS sends=6184 bytes=46596224 collective_rank_calls=504
AMG setup messages level=0 phase=numbering sends=0 bytes=0 collective_rank_calls=56
AMG setup messages level=0 phase=interpolation sends=1908 bytes=19522752 collective_rank_calls=56
AMG setup messages level=0 phase=interpolation-transpose sends=677 bytes=13583840 collective_rank_calls=56
AMG setup messages level=0 phase=A*P sends=1092 bytes=53528928 collective_rank_calls=56
AMG setup messages level=0 phase=R*(A*P) sends=2031 bytes=102924272 collective_rank_calls=56
AMG setup messages level=1 phase=strength sends=0 bytes=0 collective_rank_calls=56
AMG setup messages level=1 phase=strength-transpose sends=757 bytes=18528116 collective_rank_calls=56
AMG setup messages level=1 phase=PMIS sends=15151 bytes=31795008 collective_rank_calls=560
AMG setup messages level=1 phase=numbering sends=0 bytes=0 collective_rank_calls=56
AMG setup messages level=1 phase=interpolation sends=4530 bytes=20569960 collective_rank_calls=56
AMG setup messages level=1 phase=interpolation-transpose sends=746 bytes=11240832 collective_rank_calls=56
AMG setup messages level=1 phase=A*P sends=2448 bytes=64920464 collective_rank_calls=56
AMG setup messages level=1 phase=R*(A*P) sends=2238 bytes=209080368 collective_rank_calls=56
AMG setup messages level=2 phase=strength sends=0 bytes=0 collective_rank_calls=56
AMG setup messages level=2 phase=strength-transpose sends=790 bytes=8730760 collective_rank_calls=56
AMG setup messages level=2 phase=PMIS sends=19194 bytes=13154340 collective_rank_calls=672
AMG setup messages level=2 phase=numbering sends=0 bytes=0 collective_rank_calls=56
AMG setup messages level=2 phase=interpolation sends=4713 bytes=8692804 collective_rank_calls=56
AMG setup messages level=2 phase=interpolation-transpose sends=738 bytes=3137312 collective_rank_calls=56
AMG setup messages level=2 phase=A*P sends=2592 bytes=25780800 collective_rank_calls=56
AMG setup messages level=2 phase=R*(A*P) sends=2214 bytes=94934480 collective_rank_calls=56
AMG setup messages level=3 phase=strength sends=0 bytes=0 collective_rank_calls=56
AMG setup messages level=3 phase=strength-transpose sends=754 bytes=1618064 collective_rank_calls=56
AMG setup messages level=3 phase=PMIS sends=15454 bytes=2576160 collective_rank_calls=560
AMG setup messages level=3 phase=numbering sends=0 bytes=0 collective_rank_calls=56
AMG setup messages level=3 phase=interpolation sends=4494 bytes=1837212 collective_rank_calls=56
AMG setup messages level=3 phase=interpolation-transpose sends=671 bytes=732416 collective_rank_calls=56
AMG setup messages level=3 phase=A*P sends=2820 bytes=8840544 collective_rank_calls=56
AMG setup messages level=3 phase=R*(A*P) sends=2013 bytes=28393296 collective_rank_calls=56
AMG setup messages level=4 phase=strength sends=0 bytes=0 collective_rank_calls=56
AMG setup messages level=4 phase=strength-transpose sends=625 bytes=329116 collective_rank_calls=56
AMG setup messages level=4 phase=PMIS sends=11960 bytes=655056 collective_rank_calls=504
AMG setup messages level=4 phase=numbering sends=0 bytes=0 collective_rank_calls=56
AMG setup messages level=4 phase=interpolation sends=3609 bytes=283244 collective_rank_calls=56
AMG setup messages level=4 phase=interpolation-transpose sends=538 bytes=226528 collective_rank_calls=56
AMG setup messages level=4 phase=A*P sends=4638 bytes=3891520 collective_rank_calls=56
AMG setup messages level=4 phase=R*(A*P) sends=1614 bytes=9397248 collective_rank_calls=56
AMG setup messages level=5 phase=strength sends=0 bytes=0 collective_rank_calls=56
AMG setup messages level=5 phase=strength-transpose sends=435 bytes=102240 collective_rank_calls=56
AMG setup messages level=5 phase=PMIS sends=3302 bytes=138312 collective_rank_calls=168
AMG setup messages level=5 phase=numbering sends=0 bytes=0 collective_rank_calls=56
AMG setup messages level=5 phase=interpolation sends=2190 bytes=39152 collective_rank_calls=56
AMG setup messages level=5 phase=interpolation-transpose sends=165 bytes=60848 collective_rank_calls=56
AMG setup messages level=5 phase=A*P sends=5952 bytes=1562032 collective_rank_calls=56
AMG setup messages level=5 phase=R*(A*P) sends=495 bytes=989952 collective_rank_calls=56
AMG setup messages level=6 phase=strength sends=0 bytes=0 collective_rank_calls=56
AMG setup messages level=6 phase=strength-transpose sends=90 bytes=24796 collective_rank_calls=56
AMG setup messages level=6 phase=PMIS sends=618 bytes=30076 collective_rank_calls=112
AMG setup messages level=6 phase=numbering sends=0 bytes=0 collective_rank_calls=56
AMG setup messages level=6 phase=interpolation sends=450 bytes=4100 collective_rank_calls=56
AMG setup messages level=6 phase=interpolation-transpose sends=49 bytes=12864 collective_rank_calls=56
AMG setup messages level=6 phase=A*P sends=1560 bytes=178208 collective_rank_calls=56
AMG setup messages level=6 phase=R*(A*P) sends=147 bytes=33888 collective_rank_calls=56
AMG setup messages level=0 phase=strength sends=0 bytes=0 collective_rank_calls=56
AMG setup messages level=0 phase=strength-transpose sends=318 bytes=15514328 collective_rank_calls=56
AMG setup messages level=0 phase=PMIS sends=6184 bytes=46589824 collective_rank_calls=504
AMG setup messages level=0 phase=numbering sends=0 bytes=0 collective_rank_calls=56
AMG setup messages level=0 phase=interpolation sends=1908 bytes=19530064 collective_rank_calls=56
AMG setup messages level=0 phase=interpolation-transpose sends=676 bytes=13552832 collective_rank_calls=56
AMG setup messages level=0 phase=A*P sends=1092 bytes=53535904 collective_rank_calls=56
AMG setup messages level=0 phase=R*(A*P) sends=2028 bytes=102810480 collective_rank_calls=56
AMG setup messages level=1 phase=strength sends=0 bytes=0 collective_rank_calls=56
AMG setup messages level=1 phase=strength-transpose sends=751 bytes=18504900 collective_rank_calls=56
AMG setup messages level=1 phase=PMIS sends=16534 bytes=34619496 collective_rank_calls=616
AMG setup messages level=1 phase=numbering sends=0 bytes=0 collective_rank_calls=56
AMG setup messages level=1 phase=interpolation sends=4485 bytes=20492684 collective_rank_calls=56
AMG setup messages level=1 phase=interpolation-transpose sends=747 bytes=11222800 collective_rank_calls=56
AMG setup messages level=1 phase=A*P sends=2484 bytes=64821376 collective_rank_calls=56
AMG setup messages level=1 phase=R*(A*P) sends=2241 bytes=209090224 collective_rank_calls=56
AMG setup messages level=2 phase=strength sends=0 bytes=0 collective_rank_calls=56
AMG setup messages level=2 phase=strength-transpose sends=788 bytes=8718244 collective_rank_calls=56
AMG setup messages level=2 phase=PMIS sends=22334 bytes=15130084 collective_rank_calls=784
AMG setup messages level=2 phase=numbering sends=0 bytes=0 collective_rank_calls=56
AMG setup messages level=2 phase=interpolation sends=4704 bytes=8704304 collective_rank_calls=56
AMG setup messages level=2 phase=interpolation-transpose sends=749 bytes=3148544 collective_rank_calls=56
AMG setup messages level=2 phase=A*P sends=2592 bytes=25728992 collective_rank_calls=56
AMG setup messages level=2 phase=R*(A*P) sends=2247 bytes=95182880 collective_rank_calls=56
AMG setup messages level=3 phase=strength sends=0 bytes=0 collective_rank_calls=56
AMG setup messages level=3 phase=strength-transpose sends=755 bytes=1625452 collective_rank_calls=56
AMG setup messages level=3 phase=PMIS sends=15375 bytes=2565904 collective_rank_calls=560
AMG setup messages level=3 phase=numbering sends=0 bytes=0 collective_rank_calls=56
AMG setup messages level=3 phase=interpolation sends=4503 bytes=1825756 collective_rank_calls=56
AMG setup messages level=3 phase=interpolation-transpose sends=690 bytes=738064 collective_rank_calls=56
AMG setup messages level=3 phase=A*P sends=2880 bytes=8983792 collective_rank_calls=56
AMG setup messages level=3 phase=R*(A*P) sends=2070 bytes=28925920 collective_rank_calls=56
AMG setup messages level=4 phase=strength sends=0 bytes=0 collective_rank_calls=56
AMG setup messages level=4 phase=strength-transpose sends=615 bytes=333120 collective_rank_calls=56
AMG setup messages level=4 phase=PMIS sends=10551 bytes=613812 collective_rank_calls=448
AMG setup messages level=4 phase=numbering sends=0 bytes=0 collective_rank_calls=56
AMG setup messages level=4 phase=interpolation sends=3513 bytes=287988 collective_rank_calls=56
AMG setup messages level=4 phase=interpolation-transpose sends=529 bytes=238224 collective_rank_calls=56
AMG setup messages level=4 phase=A*P sends=4752 bytes=4033360 collective_rank_calls=56
AMG setup messages level=4 phase=R*(A*P) sends=1587 bytes=9001648 collective_rank_calls=56
AMG setup messages level=5 phase=strength sends=0 bytes=0 collective_rank_calls=56
AMG setup messages level=5 phase=strength-transpose sends=442 bytes=100336 collective_rank_calls=56
AMG setup messages level=5 phase=PMIS sends=3220 bytes=120096 collective_rank_calls=168
AMG setup messages level=5 phase=numbering sends=0 bytes=0 collective_rank_calls=56
AMG setup messages level=5 phase=interpolation sends=2277 bytes=46704 collective_rank_calls=56
AMG setup messages level=5 phase=interpolation-transpose sends=171 bytes=64368 collective_rank_calls=56
AMG setup messages level=5 phase=A*P sends=6360 bytes=1673856 collective_rank_calls=56
AMG setup messages level=5 phase=R*(A*P) sends=513 bytes=1223072 collective_rank_calls=56
AMG setup messages level=6 phase=strength sends=0 bytes=0 collective_rank_calls=56
AMG setup messages level=6 phase=strength-transpose sends=80 bytes=27392 collective_rank_calls=56
AMG setup messages level=6 phase=PMIS sends=536 bytes=27412 collective_rank_calls=112
AMG setup messages level=6 phase=numbering sends=0 bytes=0 collective_rank_calls=56
AMG setup messages level=6 phase=interpolation sends=468 bytes=4892 collective_rank_calls=56
AMG setup messages level=6 phase=interpolation-transpose sends=47 bytes=14048 collective_rank_calls=56
AMG setup messages level=6 phase=A*P sends=1926 bytes=216208 collective_rank_calls=56
AMG setup messages level=6 phase=R*(A*P) sends=141 bytes=37504 collective_rank_calls=56
AMG setup messages level=0 phase=strength sends=0 bytes=0 collective_rank_calls=56
AMG setup messages level=0 phase=strength-transpose sends=318 bytes=15511204 collective_rank_calls=56
AMG setup messages level=0 phase=PMIS sends=5502 bytes=42032320 collective_rank_calls=448
AMG setup messages level=0 phase=numbering sends=0 bytes=0 collective_rank_calls=56
AMG setup messages level=0 phase=interpolation sends=1908 bytes=19526272 collective_rank_calls=56
AMG setup messages level=0 phase=interpolation-transpose sends=677 bytes=13564800 collective_rank_calls=56
AMG setup messages level=0 phase=A*P sends=1092 bytes=53528064 collective_rank_calls=56
AMG setup messages level=0 phase=R*(A*P) sends=2031 bytes=102886512 collective_rank_calls=56
AMG setup messages level=1 phase=strength sends=0 bytes=0 collective_rank_calls=56
AMG setup messages level=1 phase=strength-transpose sends=752 bytes=18462652 collective_rank_calls=56
AMG setup messages level=1 phase=PMIS sends=16616 bytes=34558088 collective_rank_calls=616
AMG setup messages level=1 phase=numbering sends=0 bytes=0 collective_rank_calls=56
AMG setup messages level=1 phase=interpolation sends=4491 bytes=20478544 collective_rank_calls=56
AMG setup messages level=1 phase=interpolation-transpose sends=746 bytes=11200448 collective_rank_calls=56
AMG setup messages level=1 phase=A*P sends=2526 bytes=64871296 collective_rank_calls=56
AMG setup messages level=1 phase=R*(A*P) sends=2238 bytes=208654160 collective_rank_calls=56
AMG setup messages level=2 phase=strength sends=0 bytes=0 collective_rank_calls=56
AMG setup messages level=2 phase=strength-transpose sends=796 bytes=8706476 collective_rank_calls=56
AMG setup messages level=2 phase=PMIS sends=20948 bytes=14114784 collective_rank_calls=728
AMG setup messages level=2 phase=numbering sends=0 bytes=0 collective_rank_calls=56
AMG setup messages level=2 phase=interpolation sends=4758 bytes=8666232 collective_rank_calls=56
AMG setup messages level=2 phase=interpolation-transpose sends=741 bytes=3133072 collective_rank_calls=56
AMG setup messages level=2 phase=A*P sends=2592 bytes=25696096 collective_rank_calls=56
AMG setup messages level=2 phase=R*(A*P) sends=2223 bytes=95021136 collective_rank_calls=56
AMG setup messages level=3 phase=strength sends=0 bytes=0 collective_rank_calls=56
AMG setup messages level=3 phase=strength-transpose sends=758 bytes=1607464 collective_rank_calls=56
AMG setup messages level=3 phase=PMIS sends=17084 bytes=2762088 collective_rank_calls=616
AMG setup messages level=3 phase=numbering sends=0 bytes=0 collective_rank_calls=56
AMG setup messages level=3 phase=interpolation sends=4521 bytes=1802312 collective_rank_calls=56
AMG setup messages level=3 phase=interpolation-transpose sends=680 bytes=741472 collective_rank_calls=56
AMG setup messages level=3 phase=A*P sends=2814 bytes=8954112 collective_rank_calls=56
AMG setup messages level=3 phase=R*(A*P) sends=2040 bytes=29369360 collective_rank_calls=56
AMG setup messages level=4 phase=strength sends=0 bytes=0 collective_rank_calls=56
AMG setup messages level=4 phase=strength-transpose sends=645 bytes=332740 collective_rank_calls=56
AMG setup messages level=4 phase=PMIS sends=9678 bytes=554904 collective_rank_calls=392
AMG setup messages level=4 phase=numbering sends=0 bytes=0 collective_rank_calls=56
AMG setup messages level=4 phase=interpolation sends=3717 bytes=280664 collective_rank_calls=56
AMG setup messages level=4 phase=interpolation-transpose sends=540 bytes=244896 collective_rank_calls=56
AMG setup messages level=4 phase=A*P sends=4836 bytes=4141744 collective_rank_calls=56
AMG setup messages level=4 phase=R*(A*P) sends=1620 bytes=9378080 collective_rank_calls=56
AMG setup messages level=5 phase=strength sends=0 bytes=0 collective_rank_calls=56
AMG setup messages level=5 phase=strength-transpose sends=449 bytes=96052 collective_rank_calls=56
AMG setup messages level=5 phase=PMIS sends=4437 bytes=144560 collective_rank_calls=224
AMG setup messages level=5 phase=numbering sends=0 bytes=0 collective_rank_calls=56
AMG setup messages level=5 phase=interpolation sends=2301 bytes=44908 collective_rank_calls=56
AMG setup messages level=5 phase=interpolation-transpose sends=222 bytes=56128 collective_rank_calls=56
AMG setup messages level=5 phase=A*P sends=5916 bytes=1414880 collective_rank_calls=56
AMG setup messages level=5 phase=R*(A*P) sends=666 bytes=1433712 collective_rank_calls=56
AMG setup messages level=6 phase=strength sends=0 bytes=0 collective_rank_calls=56
AMG setup messages level=6 phase=strength-transpose sends=97 bytes=22224 collective_rank_calls=56
AMG setup messages level=6 phase=PMIS sends=661 bytes=24408 collective_rank_calls=112
AMG setup messages level=6 phase=numbering sends=0 bytes=0 collective_rank_calls=56
AMG setup messages level=6 phase=interpolation sends=483 bytes=4520 collective_rank_calls=56
AMG setup messages level=6 phase=interpolation-transpose sends=56 bytes=13616 collective_rank_calls=56
AMG setup messages level=6 phase=A*P sends=2268 bytes=234448 collective_rank_calls=56
AMG setup messages level=6 phase=R*(A*P) sends=168 bytes=35328 collective_rank_calls=56
AMG setup messages level=0 phase=strength sends=0 bytes=0 collective_rank_calls=56
AMG setup messages level=0 phase=strength-transpose sends=318 bytes=15508852 collective_rank_calls=56
AMG setup messages level=0 phase=PMIS sends=6184 bytes=46579424 collective_rank_calls=504
AMG setup messages level=0 phase=numbering sends=0 bytes=0 collective_rank_calls=56
AMG setup messages level=0 phase=interpolation sends=1908 bytes=19515408 collective_rank_calls=56
AMG setup messages level=0 phase=interpolation-transpose sends=676 bytes=13567232 collective_rank_calls=56
AMG setup messages level=0 phase=A*P sends=1092 bytes=53520976 collective_rank_calls=56
AMG setup messages level=0 phase=R*(A*P) sends=2028 bytes=102922352 collective_rank_calls=56
AMG setup messages level=1 phase=strength sends=0 bytes=0 collective_rank_calls=56
AMG setup messages level=1 phase=strength-transpose sends=754 bytes=18441392 collective_rank_calls=56
AMG setup messages level=1 phase=PMIS sends=16612 bytes=34550360 collective_rank_calls=616
AMG setup messages level=1 phase=numbering sends=0 bytes=0 collective_rank_calls=56
AMG setup messages level=1 phase=interpolation sends=4500 bytes=20502168 collective_rank_calls=56
AMG setup messages level=1 phase=interpolation-transpose sends=743 bytes=11163792 collective_rank_calls=56
AMG setup messages level=1 phase=A*P sends=2508 bytes=64819200 collective_rank_calls=56
AMG setup messages level=1 phase=R*(A*P) sends=2229 bytes=208412368 collective_rank_calls=56
AMG setup messages level=2 phase=strength sends=0 bytes=0 collective_rank_calls=56
AMG setup messages level=2 phase=strength-transpose sends=788 bytes=8722040 collective_rank_calls=56
AMG setup messages level=2 phase=PMIS sends=22334 bytes=15117144 collective_rank_calls=784
AMG setup messages level=2 phase=numbering sends=0 bytes=0 collective_rank_calls=56
AMG setup messages level=2 phase=interpolation sends=4710 bytes=8700688 collective_rank_calls=56
AMG setup messages level=2 phase=interpolation-transpose sends=744 bytes=3141264 collective_rank_calls=56
AMG setup messages level=2 phase=A*P sends=2592 bytes=25705680 collective_rank_calls=56
AMG setup messages level=2 phase=R*(A*P) sends=2232 bytes=94869824 collective_rank_calls=56
AMG setup messages level=3 phase=strength sends=0 bytes=0 collective_rank_calls=56
AMG setup messages level=3 phase=strength-transpose sends=753 bytes=1628888 collective_rank_calls=56
AMG setup messages level=3 phase=PMIS sends=13844 bytes=2325280 collective_rank_calls=504
AMG setup messages level=3 phase=numbering sends=0 bytes=0 collective_rank_calls=56
AMG setup messages level=3 phase=interpolation sends=4491 bytes=1816624 collective_rank_calls=56
AMG setup messages level=3 phase=interpolation-transpose sends=687 bytes=745936 collective_rank_calls=56
AMG setup messages level=3 phase=A*P sends=2868 bytes=9080592 collective_rank_calls=56
AMG setup messages level=3 phase=R*(A*P) sends=2061 bytes=28977600 collective_rank_calls=56
AMG setup messages level=4 phase=strength sends=0 bytes=0 collective_rank_calls=56
AMG setup messages level=4 phase=strength-transpose sends=631 bytes=338084 collective_rank_calls=56
AMG setup messages level=4 phase=PMIS sends=9530 bytes=565064 collective_rank_calls=392
AMG setup messages level=4 phase=numbering sends=0 bytes=0 collective_rank_calls=56
AMG setup messages level=4 phase=interpolation sends=3660 bytes=290844 collective_rank_calls=56
AMG setup messages level=4 phase=interpolation-transpose sends=520 bytes=246400 collective_rank_calls=56
AMG setup messages level=4 phase=A*P sends=4788 bytes=4103088 collective_rank_calls=56
AMG setup messages level=4 phase=R*(A*P) sends=1560 bytes=8546832 collective_rank_calls=56
AMG setup messages level=5 phase=strength sends=0 bytes=0 collective_rank_calls=56
AMG setup messages level=5 phase=strength-transpose sends=399 bytes=102512 collective_rank_calls=56
AMG setup messages level=5 phase=PMIS sends=4884 bytes=159216 collective_rank_calls=280
AMG setup messages level=5 phase=numbering sends=0 bytes=0 collective_rank_calls=56
AMG setup messages level=5 phase=interpolation sends=2034 bytes=42132 collective_rank_calls=56
AMG setup messages level=5 phase=interpolation-transpose sends=175 bytes=52544 collective_rank_calls=56
AMG setup messages level=5 phase=A*P sends=5988 bytes=1404784 collective_rank_calls=56
AMG setup messages level=5 phase=R*(A*P) sends=525 bytes=1154896 collective_rank_calls=56
AMG setup messages level=6 phase=strength sends=0 bytes=0 collective_rank_calls=56
AMG setup messages level=6 phase=strength-transpose sends=68 bytes=25228 collective_rank_calls=56
AMG setup messages level=6 phase=PMIS sends=464 bytes=24016 collective_rank_calls=112
AMG setup messages level=6 phase=numbering sends=0 bytes=0 collective_rank_calls=56
AMG setup messages level=6 phase=interpolation sends=393 bytes=4460 collective_rank_calls=56
AMG setup messages level=6 phase=interpolation-transpose sends=54 bytes=14480 collective_rank_calls=56
AMG setup messages level=6 phase=A*P sends=2190 bytes=258368 collective_rank_calls=56
AMG setup messages level=6 phase=R*(A*P) sends=162 bytes=38176 collective_rank_calls=56
AMG setup messages level=0 phase=strength sends=0 bytes=0 collective_rank_calls=56
AMG setup messages level=0 phase=strength-transpose sends=318 bytes=15506460 collective_rank_calls=56
AMG setup messages level=0 phase=PMIS sends=6184 bytes=46574496 collective_rank_calls=504
AMG setup messages level=0 phase=numbering sends=0 bytes=0 collective_rank_calls=56
AMG setup messages level=0 phase=interpolation sends=1908 bytes=19517100 collective_rank_calls=56
AMG setup messages level=0 phase=interpolation-transpose sends=676 bytes=13555968 collective_rank_calls=56
AMG setup messages level=0 phase=A*P sends=1092 bytes=53528928 collective_rank_calls=56
AMG setup messages level=0 phase=R*(A*P) sends=2028 bytes=102819024 collective_rank_calls=56
AMG setup messages level=1 phase=strength sends=0 bytes=0 collective_rank_calls=56
AMG setup messages level=1 phase=strength-transpose sends=749 bytes=18447512 collective_rank_calls=56
AMG setup messages level=1 phase=PMIS sends=14991 bytes=31723148 collective_rank_calls=560
AMG setup messages level=1 phase=numbering sends=0 bytes=0 collective_rank_calls=56
AMG setup messages level=1 phase=interpolation sends=4485 bytes=20498660 collective_rank_calls=56
AMG setup messages level=1 phase=interpolation-transpose sends=746 bytes=11210032 collective_rank_calls=56
AMG setup messages level=1 phase=A*P sends=2484 bytes=64768624 collective_rank_calls=56
AMG setup messages level=1 phase=R*(A*P) sends=2238 bytes=208963680 collective_rank_calls=56
AMG setup messages level=2 phase=strength sends=0 bytes=0 collective_rank_calls=56
AMG setup messages level=2 phase=strength-transpose sends=786 bytes=8716340 collective_rank_calls=56
AMG setup messages level=2 phase=PMIS sends=19046 bytes=13103116 collective_rank_calls=672
AMG setup messages level=2 phase=numbering sends=0 bytes=0 collective_rank_calls=56
AMG setup messages level=2 phase=interpolation sends=4698 bytes=8653904 collective_rank_calls=56
AMG setup messages level=2 phase=interpolation-transpose sends=745 bytes=3136624 collective_rank_calls=56
AMG setup messages level=2 phase=A*P sends=2592 bytes=25738912 collective_rank_calls=56
AMG setup messages level=2 phase=R*(A*P) sends=2235 bytes=94855440 collective_rank_calls=56
AMG setup messages level=3 phase=strength sends=0 bytes=0 collective_rank_calls=56
AMG setup messages level=3 phase=strength-transpose sends=757 bytes=1630620 collective_rank_calls=56
AMG setup messages level=3 phase=PMIS sends=15503 bytes=2546664 collective_rank_calls=560
AMG setup messages level=3 phase=numbering sends=0 bytes=0 collective_rank_calls=56
AMG setup messages level=3 phase=interpolation sends=4506 bytes=1828956 collective_rank_calls=56
AMG setup messages level=3 phase=interpolation-transpose sends=675 bytes=722832 collective_rank_calls=56
AMG setup messages level=3 phase=A*P sends=2886 bytes=9007712 collective_rank_calls=56
AMG setup messages level=3 phase=R*(A*P) sends=2025 bytes=28483408 collective_rank_calls=56
AMG setup messages level=4 phase=strength sends=0 bytes=0 collective_rank_calls=56
AMG setup messages level=4 phase=strength-transpose sends=611 bytes=350572 collective_rank_calls=56
AMG setup messages level=4 phase=PMIS sends=11628 bytes=698512 collective_rank_calls=504
AMG setup messages level=4 phase=numbering sends=0 bytes=0 collective_rank_calls=56
AMG setup messages level=4 phase=interpolation sends=3540 bytes=289504 collective_rank_calls=56
AMG setup messages level=4 phase=interpolation-transpose sends=527 bytes=243856 collective_rank_calls=56
AMG setup messages level=4 phase=A*P sends=4788 bytes=4203280 collective_rank_calls=56
AMG setup messages level=4 phase=R*(A*P) sends=1581 bytes=9013936 collective_rank_calls=56
AMG setup messages level=5 phase=strength sends=0 bytes=0 collective_rank_calls=56
AMG setup messages level=5 phase=strength-transpose sends=353 bytes=104120 collective_rank_calls=56
AMG setup messages level=5 phase=PMIS sends=3639 bytes=137584 collective_rank_calls=224
AMG setup messages level=5 phase=numbering sends=0 bytes=0 collective_rank_calls=56
AMG setup messages level=5 phase=interpolation sends=1878 bytes=37908 collective_rank_calls=56
AMG setup messages level=5 phase=interpolation-transpose sends=208 bytes=60176 collective_rank_calls=56
AMG setup messages level=5 phase=A*P sends=5664 bytes=1557568 collective_rank_calls=56
AMG setup messages level=5 phase=R*(A*P) sends=624 bytes=1592592 collective_rank_calls=56
AMG setup messages level=6 phase=strength sends=0 bytes=0 collective_rank_calls=56
AMG setup messages level=6 phase=strength-transpose sends=98 bytes=31604 collective_rank_calls=56
AMG setup messages level=6 phase=PMIS sends=650 bytes=37124 collective_rank_calls=112
AMG setup messages level=6 phase=numbering sends=0 bytes=0 collective_rank_calls=56
AMG setup messages level=6 phase=interpolation sends=501 bytes=4792 collective_rank_calls=56
AMG setup messages level=6 phase=interpolation-transpose sends=55 bytes=18448 collective_rank_calls=56
AMG setup messages level=6 phase=A*P sends=2076 bytes=313520 collective_rank_calls=56
AMG setup messages level=6 phase=R*(A*P) sends=165 bytes=49984 collective_rank_calls=56
AMG setup messages level=0 phase=strength sends=0 bytes=0 collective_rank_calls=56
AMG setup messages level=0 phase=strength-transpose sends=318 bytes=15504652 collective_rank_calls=56
AMG setup messages level=0 phase=PMIS sends=6184 bytes=46571168 collective_rank_calls=504
AMG setup messages level=0 phase=numbering sends=0 bytes=0 collective_rank_calls=56
AMG setup messages level=0 phase=interpolation sends=1908 bytes=19525624 collective_rank_calls=56
AMG setup messages level=0 phase=interpolation-transpose sends=675 bytes=13561280 collective_rank_calls=56
AMG setup messages level=0 phase=A*P sends=1092 bytes=53518432 collective_rank_calls=56
AMG setup messages level=0 phase=R*(A*P) sends=2025 bytes=102822672 collective_rank_calls=56
AMG setup messages level=1 phase=strength sends=0 bytes=0 collective_rank_calls=56
AMG setup messages level=1 phase=strength-transpose sends=750 bytes=18449216 collective_rank_calls=56
AMG setup messages level=1 phase=PMIS sends=16572 bytes=34596560 collective_rank_calls=616
AMG setup messages level=1 phase=numbering sends=0 bytes=0 collective_rank_calls=56
AMG setup messages level=1 phase=interpolation sends=4488 bytes=20519476 collective_rank_calls=56
AMG setup messages level=1 phase=interpolation-transpose sends=751 bytes=11190736 collective_rank_calls=56
AMG setup messages level=1 phase=A*P sends=2514 bytes=64760688 collective_rank_calls=56
AMG setup messages level=1 phase=R*(A*P) sends=2253 bytes=208642432 collective_rank_calls=56
AMG setup messages level=2 phase=strength sends=0 bytes=0 collective_rank_calls=56
AMG setup messages level=2 phase=strength-transpose sends=788 bytes=8715956 collective_rank_calls=56
AMG setup messages level=2 phase=PMIS sends=19146 bytes=13100340 collective_rank_calls=672
AMG setup messages level=2 phase=numbering sends=0 bytes=0 collective_rank_calls=56
AMG setup messages level=2 phase=interpolation sends=4701 bytes=8649252 collective_rank_calls=56
AMG setup messages level=2 phase=interpolation-transpose sends=739 bytes=3114432 collective_rank_calls=56
AMG setup messages level=2 phase=A*P sends=2592 bytes=25725264 collective_rank_calls=56
AMG setup messages level=2 phase=R*(A*P) sends=2217 bytes=94622672 collective_rank_calls=56
AMG setup messages level=3 phase=strength sends=0 bytes=0 collective_rank_calls=56
AMG setup messages level=3 phase=strength-transpose sends=759 bytes=1627580 collective_rank_calls=56
AMG setup messages level=3 phase=PMIS sends=18723 bytes=2981896 collective_rank_calls=672
AMG setup messages level=3 phase=numbering sends=0 bytes=0 collective_rank_calls=56
AMG setup messages level=3 phase=interpolation sends=4524 bytes=1794248 collective_rank_calls=56
AMG setup messages level=3 phase=interpolation-transpose sends=678 bytes=736464 collective_rank_calls=56
AMG setup messages level=3 phase=A*P sends=2826 bytes=9066704 collective_rank_calls=56
AMG setup messages level=3 phase=R*(A*P) sends=2034 bytes=29212784 collective_rank_calls=56
AMG setup messages level=4 phase=strength sends=0 bytes=0 collective_rank_calls=56
AMG setup messages level=4 phase=strength-transpose sends=643 bytes=360232 collective_rank_calls=56
AMG setup messages level=4 phase=PMIS sends=9682 bytes=598952 collective_rank_calls=392
AMG setup messages level=4 phase=numbering sends=0 bytes=0 collective_rank_calls=56
AMG setup messages level=4 phase=interpolation sends=3717 bytes=289992 collective_rank_calls=56
AMG setup messages level=4 phase=interpolation-transpose sends=493 bytes=262720 collective_rank_calls=56
AMG setup messages level=4 phase=A*P sends=4716 bytes=4302096 collective_rank_calls=56
AMG setup messages level=4 phase=R*(A*P) sends=1479 bytes=9111120 collective_rank_calls=56
AMG setup messages level=5 phase=strength sends=0 bytes=0 collective_rank_calls=56
AMG setup messages level=5 phase=strength-transpose sends=366 bytes=102116 collective_rank_calls=56
AMG setup messages level=5 phase=PMIS sends=3668 bytes=140504 collective_rank_calls=224
AMG setup messages level=5 phase=numbering sends=0 bytes=0 collective_rank_calls=56
AMG setup messages level=5 phase=interpolation sends=1944 bytes=36024 collective_rank_calls=56
AMG setup messages level=5 phase=interpolation-transpose sends=164 bytes=57840 collective_rank_calls=56
AMG setup messages level=5 phase=A*P sends=5616 bytes=1442768 collective_rank_calls=56
AMG setup messages level=5 phase=R*(A*P) sends=492 bytes=1249440 collective_rank_calls=56
AMG setup messages level=6 phase=strength sends=0 bytes=0 collective_rank_calls=56
AMG setup messages level=6 phase=strength-transpose sends=103 bytes=28328 collective_rank_calls=56
AMG setup messages level=6 phase=PMIS sends=709 bytes=33384 collective_rank_calls=112
AMG setup messages level=6 phase=numbering sends=0 bytes=0 collective_rank_calls=56
AMG setup messages level=6 phase=interpolation sends=504 bytes=4864 collective_rank_calls=56
AMG setup messages level=6 phase=interpolation-transpose sends=69 bytes=18592 collective_rank_calls=56
AMG setup messages level=6 phase=A*P sends=2424 bytes=292960 collective_rank_calls=56
AMG setup messages level=6 phase=R*(A*P) sends=207 bytes=49136 collective_rank_calls=56
AMG setup messages level=0 phase=strength sends=0 bytes=0 collective_rank_calls=56
AMG setup messages level=0 phase=strength-transpose sends=318 bytes=15502764 collective_rank_calls=56
AMG setup messages level=0 phase=PMIS sends=6184 bytes=46567968 collective_rank_calls=504
AMG setup messages level=0 phase=numbering sends=0 bytes=0 collective_rank_calls=56
AMG setup messages level=0 phase=interpolation sends=1908 bytes=19518924 collective_rank_calls=56
AMG setup messages level=0 phase=interpolation-transpose sends=676 bytes=13557568 collective_rank_calls=56
AMG setup messages level=0 phase=A*P sends=1092 bytes=53539424 collective_rank_calls=56
AMG setup messages level=0 phase=R*(A*P) sends=2028 bytes=102764720 collective_rank_calls=56
AMG setup messages level=1 phase=strength sends=0 bytes=0 collective_rank_calls=56
AMG setup messages level=1 phase=strength-transpose sends=762 bytes=18443412 collective_rank_calls=56
AMG setup messages level=1 phase=PMIS sends=16788 bytes=34575768 collective_rank_calls=616
AMG setup messages level=1 phase=numbering sends=0 bytes=0 collective_rank_calls=56
AMG setup messages level=1 phase=interpolation sends=4536 bytes=20471132 collective_rank_calls=56
AMG setup messages level=1 phase=interpolation-transpose sends=755 bytes=11217776 collective_rank_calls=56
AMG setup messages level=1 phase=A*P sends=2472 bytes=64823584 collective_rank_calls=56
AMG setup messages level=1 phase=R*(A*P) sends=2265 bytes=208989456 collective_rank_calls=56
AMG setup messages level=2 phase=strength sends=0 bytes=0 collective_rank_calls=56
AMG setup messages level=2 phase=strength-transpose sends=786 bytes=8682156 collective_rank_calls=56
AMG setup messages level=2 phase=PMIS sends=17556 bytes=12075848 collective_rank_calls=616
AMG setup messages level=2 phase=numbering sends=0 bytes=0 collective_rank_calls=56
AMG setup messages level=2 phase=interpolation sends=4677 bytes=8610980 collective_rank_calls=56
AMG setup messages level=2 phase=interpolation-transpose sends=740 bytes=3122160 collective_rank_calls=56
AMG setup messages level=2 phase=A*P sends=2592 bytes=25628720 collective_rank_calls=56
AMG setup messages level=2 phase=R*(A*P) sends=2220 bytes=94709824 collective_rank_calls=56
AMG setup messages level=3 phase=strength sends=0 bytes=0 collective_rank_calls=56
AMG setup messages level=3 phase=strength-transpose sends=751 bytes=1622736 collective_rank_calls=56
AMG setup messages level=3 phase=PMIS sends=15339 bytes=2518840 collective_rank_calls=560
AMG setup messages level=3 phase=numbering sends=0 bytes=0 collective_rank_calls=56
AMG setup messages level=3 phase=interpolation sends=4482 bytes=1833800 collective_rank_calls=56
AMG setup messages level=3 phase=interpolation-transpose sends=675 bytes=726704 collective_rank_calls=56
AMG setup messages level=3 phase=A*P sends=2832 bytes=9094288 collective_rank_calls=56
AMG setup messages level=3 phase=R*(A*P) sends=2025 bytes=28457008 collective_rank_calls=56
AMG setup messages level=4 phase=strength sends=0 bytes=0 collective_rank_calls=56
AMG setup messages level=4 phase=strength-transpose sends=642 bytes=355712 collective_rank_calls=56
AMG setup messages level=4 phase=PMIS sends=9548 bytes=585552 collective_rank_calls=392
AMG setup messages level=4 phase=numbering sends=0 bytes=0 collective_rank_calls=56
AMG setup messages level=4 phase=interpolation sends=3690 bytes=292500 collective_rank_calls=56
AMG setup messages level=4 phase=interpolation-transpose sends=512 bytes=252304 collective_rank_calls=56
AMG setup messages level=4 phase=A*P sends=4758 bytes=4207776 collective_rank_calls=56
AMG setup messages level=4 phase=R*(A*P) sends=1536 bytes=8911504 collective_rank_calls=56
AMG setup messages level=5 phase=strength sends=0 bytes=0 collective_rank_calls=56
AMG setup messages level=5 phase=strength-transpose sends=362 bytes=100436 collective_rank_calls=56
AMG setup messages level=5 phase=PMIS sends=3796 bytes=137732 collective_rank_calls=224
AMG setup messages level=5 phase=numbering sends=0 bytes=0 collective_rank_calls=56
AMG setup messages level=5 phase=interpolation sends=1863 bytes=37252 collective_rank_calls=56
AMG setup messages level=5 phase=interpolation-transpose sends=233 bytes=58000 collective_rank_calls=56
AMG setup messages level=5 phase=A*P sends=5640 bytes=1487120 collective_rank_calls=56
AMG setup messages level=5 phase=R*(A*P) sends=699 bytes=1963856 collective_rank_calls=56
AMG setup messages level=6 phase=strength sends=0 bytes=0 collective_rank_calls=56
AMG setup messages level=6 phase=strength-transpose sends=126 bytes=33292 collective_rank_calls=56
AMG setup messages level=6 phase=PMIS sends=810 bytes=43436 collective_rank_calls=112
AMG setup messages level=6 phase=numbering sends=0 bytes=0 collective_rank_calls=56
AMG setup messages level=6 phase=interpolation sends=612 bytes=5576 collective_rank_calls=56
AMG setup messages level=6 phase=interpolation-transpose sends=66 bytes=20784 collective_rank_calls=56
AMG setup messages level=6 phase=A*P sends=2934 bytes=406496 collective_rank_calls=56
AMG setup messages level=6 phase=R*(A*P) sends=198 bytes=55920 collective_rank_calls=56
AMG setup messages level=0 phase=strength sends=0 bytes=0 collective_rank_calls=56
AMG setup messages level=0 phase=strength-transpose sends=318 bytes=15501660 collective_rank_calls=56
AMG setup messages level=0 phase=PMIS sends=6184 bytes=46566720 collective_rank_calls=504
AMG setup messages level=0 phase=numbering sends=0 bytes=0 collective_rank_calls=56
AMG setup messages level=0 phase=interpolation sends=1908 bytes=19530784 collective_rank_calls=56
AMG setup messages level=0 phase=interpolation-transpose sends=675 bytes=13573424 collective_rank_calls=56
AMG setup messages level=0 phase=A*P sends=1092 bytes=53543104 collective_rank_calls=56
AMG setup messages level=0 phase=R*(A*P) sends=2025 bytes=102914384 collective_rank_calls=56
AMG setup messages level=1 phase=strength sends=0 bytes=0 collective_rank_calls=56
AMG setup messages level=1 phase=strength-transpose sends=757 bytes=18400112 collective_rank_calls=56
AMG setup messages level=1 phase=PMIS sends=16666 bytes=34510760 collective_rank_calls=616
AMG setup messages level=1 phase=numbering sends=0 bytes=0 collective_rank_calls=56
AMG setup messages level=1 phase=interpolation sends=4518 bytes=20449932 collective_rank_calls=56
AMG setup messages level=1 phase=interpolation-transpose sends=747 bytes=11166112 collective_rank_calls=56
AMG setup messages level=1 phase=A*P sends=2436 bytes=64771744 collective_rank_calls=56
AMG setup messages level=1 phase=R*(A*P) sends=2241 bytes=208706336 collective_rank_calls=56
AMG setup messages level=2 phase=strength sends=0 bytes=0 collective_rank_calls=56
AMG setup messages level=2 phase=strength-transpose sends=788 bytes=8697356 collective_rank_calls=56
AMG setup messages level=2 phase=PMIS sends=19146 bytes=13054836 collective_rank_calls=672
AMG setup messages level=2 phase=numbering sends=0 bytes=0 collective_rank_calls=56
AMG setup messages level=2 phase=interpolation sends=4716 bytes=8634608 collective_rank_calls=56
AMG setup messages level=2 phase=interpolation-transpose sends=743 bytes=3112144 collective_rank_calls=56
AMG setup messages level=2 phase=A*P sends=2592 bytes=25633456 collective_rank_calls=56
AMG setup messages level=2 phase=R*(A*P) sends=2229 bytes=93659824 collective_rank_calls=56
AMG setup messages level=3 phase=strength sends=0 bytes=0 collective_rank_calls=56
AMG setup messages level=3 phase=strength-transpose sends=751 bytes=1632960 collective_rank_calls=56
AMG setup messages level=3 phase=PMIS sends=15383 bytes=2510448 collective_rank_calls=560
AMG setup messages level=3 phase=numbering sends=0 bytes=0 collective_rank_calls=56
AMG setup messages level=3 phase=interpolation sends=4479 bytes=1796176 collective_rank_calls=56
AMG setup messages level=3 phase=interpolation-transpose sends=674 bytes=726448 collective_rank_calls=56
AMG setup messages level=3 phase=A*P sends=2826 bytes=9063216 collective_rank_calls=56
AMG setup messages level=3 phase=R*(A*P) sends=2022 bytes=28765792 collective_rank_calls=56
AMG setup messages level=4 phase=strength sends=0 bytes=0 collective_rank_calls=56
AMG setup messages level=4 phase=strength-transpose sends=627 bytes=370192 collective_rank_calls=56
AMG setup messages level=4 phase=PMIS sends=9394 bytes=610616 collective_rank_calls=392
AMG setup messages level=4 phase=numbering sends=0 bytes=0 collective_rank_calls=56
AMG setup messages level=4 phase=interpolation sends=3675 bytes=307832 collective_rank_calls=56
AMG setup messages level=4 phase=interpolation-transpose sends=521 bytes=272112 collective_rank_calls=56
AMG setup messages level=4 phase=A*P sends=4710 bytes=4450272 collective_rank_calls=56
AMG setup messages level=4 phase=R*(A*P) sends=1563 bytes=9732080 collective_rank_calls=56
AMG setup messages level=5 phase=strength sends=0 bytes=0 collective_rank_calls=56
AMG setup messages level=5 phase=strength-transpose sends=414 bytes=108828 collective_rank_calls=56
AMG setup messages level=5 phase=PMIS sends=4122 bytes=146540 collective_rank_calls=224
AMG setup messages level=5 phase=numbering sends=0 bytes=0 collective_rank_calls=56
AMG setup messages level=5 phase=interpolation sends=2193 bytes=46656 collective_rank_calls=56
AMG setup messages level=5 phase=interpolation-transpose sends=196 bytes=65952 collective_rank_calls=56
AMG setup messages level=5 phase=A*P sends=5898 bytes=1644080 collective_rank_calls=56
AMG setup messages level=5 phase=R*(A*P) sends=588 bytes=1436416 collective_rank_calls=56
AMG setup messages level=6 phase=strength sends=0 bytes=0 collective_rank_calls=56
AMG setup messages level=6 phase=strength-transpose sends=87 bytes=30228 collective_rank_calls=56
AMG setup messages level=6 phase=PMIS sends=591 bytes=27808 collective_rank_calls=112
AMG setup messages level=6 phase=numbering sends=0 bytes=0 collective_rank_calls=56
AMG setup messages level=6 phase=interpolation sends=429 bytes=5216 collective_rank_calls=56
AMG setup messages level=6 phase=interpolation-transpose sends=55 bytes=15488 collective_rank_calls=56
AMG setup messages level=6 phase=A*P sends=1962 bytes=249680 collective_rank_calls=56
AMG setup messages level=6 phase=R*(A*P) sends=165 bytes=41120 collective_rank_calls=56
GMRES: iter = 0, residual = 2.797161893, 1 (rel.)
GMRES: iter = 1, residual = 2.624701356, 0.9383444565 (rel.)
GMRES: iter = 2, residual = 2.141040761, 0.7654332651 (rel.)
GMRES: iter = 3, residual = 1.744343418, 0.6236118912 (rel.)
GMRES: iter = 4, residual = 1.464994489, 0.5237431886 (rel.)
GMRES: iter = 5, residual = 1.186240134, 0.4240870496 (rel.)
GMRES: iter = 6, residual = 0.9332301853, 0.3336346701 (rel.)
GMRES: iter = 7, residual = 0.7702215451, 0.275358229 (rel.)
GMRES: iter = 8, residual = 0.666428357, 0.2382516216 (rel.)
GMRES: iter = 9, residual = 0.6166405911, 0.220452235 (rel.)
GMRES: iter = 10, residual = 0.601891216, 0.2151792563 (rel.)
GMRES: iter = 11, residual = 0.5954970135, 0.2128932955 (rel.)
GMRES: iter = 12, residual = 0.5852854071, 0.2092425928 (rel.)
GMRES: iter = 13, residual = 0.5713775792, 0.2042704717 (rel.)
GMRES: iter = 14, residual = 0.5551756463, 0.1984781959 (rel.)
GMRES: iter = 15, residual = 0.5357502229, 0.1915335055 (rel.)
GMRES: iter = 16, residual = 0.5095751815, 0.1821757914 (rel.)
GMRES: iter = 17, residual = 0.4730633509, 0.1691226211 (rel.)
GMRES: iter = 18, residual = 0.4189554763, 0.149778773 (rel.)
GMRES: iter = 19, residual = 0.342526732, 0.1224550974 (rel.)
GMRES: iter = 20, residual = 0.260922107, 0.09328101731 (rel.)
GMRES: iter = 21, residual = 0.2013798759, 0.07199435841 (rel.)
GMRES: iter = 22, residual = 0.1589750205, 0.05683440093 (rel.)
GMRES: iter = 23, residual = 0.1247356897, 0.04459366118 (rel.)
GMRES: iter = 24, residual = 0.09892944848, 0.03536779502 (rel.)
GMRES: iter = 25, residual = 0.07619051207, 0.02723850638 (rel.)
GMRES: iter = 26, residual = 0.05822339125, 0.02081516676 (rel.)
GMRES: iter = 27, residual = 0.04602706659, 0.01645491693 (rel.)
GMRES: iter = 28, residual = 0.03352780674, 0.01198636619 (rel.)
GMRES: iter = 29, residual = 0.02441578589, 0.008728771098 (rel.)
GMRES: iter = 30, residual = 0.01929867496, 0.006899377189 (rel.)
GMRES: iter = 31, residual = 0.01559540358, 0.005575438311 (rel.)
GMRES: iter = 32, residual = 0.01223426719, 0.004373814478 (rel.)
GMRES: iter = 33, residual = 0.009376030359, 0.00335197987 (rel.)
GMRES: iter = 34, residual = 0.007448684913, 0.002662943797 (rel.)
GMRES: iter = 35, residual = 0.005754524093, 0.002057272447 (rel.)
GMRES: iter = 36, residual = 0.004469781454, 0.001597970237 (rel.)
GMRES: iter = 37, residual = 0.003527656397, 0.001261155604 (rel.)
GMRES: iter = 38, residual = 0.002837803366, 0.001014529539 (rel.)
GMRES: iter = 39, residual = 0.002277286303, 0.0008141417587 (rel.)
GMRES: iter = 40, residual = 0.001788350237, 0.0006393445588 (rel.)
GMRES: iter = 41, residual = 0.001425609147, 0.0005096627229 (rel.)
GMRES: iter = 42, residual = 0.001151383998, 0.0004116257987 (rel.)
GMRES: iter = 43, residual = 0.0009447601287, 0.0003377566851 (rel.)
GMRES: iter = 44, residual = 0.0007591661701, 0.0002714058747 (rel.)
GMRES: iter = 45, residual = 0.0005712564712, 0.0002042271749 (rel.)
GMRES: iter = 46, residual = 0.0004384330535, 0.0001567421087 (rel.)
GMRES: iter = 47, residual = 0.0003269814673, 0.000116897584 (rel.)
GMRES: iter = 48, residual = 0.0002468486263, 8.824967439e-05 (rel.)
GMRES: Solve Time = 11.27686838
AMG setup messages level=0 phase=strength sends=0 bytes=0 collective_rank_calls=56
AMG setup messages level=0 phase=strength-transpose sends=318 bytes=15505580 collective_rank_calls=56
AMG setup messages level=0 phase=PMIS sends=6184 bytes=46578016 collective_rank_calls=504
AMG setup messages level=0 phase=numbering sends=0 bytes=0 collective_rank_calls=56
AMG setup messages level=0 phase=interpolation sends=1908 bytes=19526976 collective_rank_calls=56
AMG setup messages level=0 phase=interpolation-transpose sends=677 bytes=13571648 collective_rank_calls=56
AMG setup messages level=0 phase=A*P sends=1092 bytes=53513376 collective_rank_calls=56
AMG setup messages level=0 phase=R*(A*P) sends=2031 bytes=102766832 collective_rank_calls=56
AMG setup messages level=1 phase=strength sends=0 bytes=0 collective_rank_calls=56
AMG setup messages level=1 phase=strength-transpose sends=748 bytes=18419880 collective_rank_calls=56
AMG setup messages level=1 phase=PMIS sends=16456 bytes=34565952 collective_rank_calls=616
AMG setup messages level=1 phase=numbering sends=0 bytes=0 collective_rank_calls=56
AMG setup messages level=1 phase=interpolation sends=4482 bytes=20504256 collective_rank_calls=56
AMG setup messages level=1 phase=interpolation-transpose sends=752 bytes=11145472 collective_rank_calls=56
AMG setup messages level=1 phase=A*P sends=2472 bytes=64784160 collective_rank_calls=56
AMG setup messages level=1 phase=R*(A*P) sends=2256 bytes=207479840 collective_rank_calls=56
AMG setup messages level=2 phase=strength sends=0 bytes=0 collective_rank_calls=56
AMG setup messages level=2 phase=strength-transpose sends=786 bytes=8650204 collective_rank_calls=56
AMG setup messages level=2 phase=PMIS sends=22218 bytes=14987084 collective_rank_calls=784
AMG setup messages level=2 phase=numbering sends=0 bytes=0 collective_rank_calls=56
AMG setup messages level=2 phase=interpolation sends=4683 bytes=8536340 collective_rank_calls=56
AMG setup messages level=2 phase=interpolation-transpose sends=744 bytes=3104096 collective_rank_calls=56
AMG setup messages level=2 phase=A*P sends=2592 bytes=25612304 collective_rank_calls=56
AMG setup messages level=2 phase=R*(A*P) sends=2232 bytes=93877648 collective_rank_calls=56
AMG setup messages level=3 phase=strength sends=0 bytes=0 collective_rank_calls=56
AMG setup messages level=3 phase=strength-transpose sends=755 bytes=1642932 collective_rank_calls=56
AMG setup messages level=3 phase=PMIS sends=16910 bytes=2776384 collective_rank_calls=616
AMG setup messages level=3 phase=numbering sends=0 bytes=0 collective_rank_calls=56
AMG setup messages level=3 phase=interpolation sends=4491 bytes=1817188 collective_rank_calls=56
AMG setup messages level=3 phase=interpolation-transpose sends=679 bytes=736688 collective_rank_calls=56
AMG setup messages level=3 phase=A*P sends=2844 bytes=9090160 collective_rank_calls=56
AMG setup messages level=3 phase=R*(A*P) sends=2037 bytes=28579504 collective_rank_calls=56
AMG setup messages level=4 phase=strength sends=0 bytes=0 collective_rank_calls=56
AMG setup messages level=4 phase=strength-transpose sends=644 bytes=356264 collective_rank_calls=56
AMG setup messages level=4 phase=PMIS sends=9720 bytes=602960 collective_rank_calls=392
AMG setup messages level=4 phase=numbering sends=0 bytes=0 collective_rank_calls=56
AMG setup messages level=4 phase=interpolation sends=3723 bytes=293144 collective_rank_calls=56
AMG setup messages level=4 phase=interpolation-transpose sends=533 bytes=264560 collective_rank_calls=56
AMG setup messages level=4 phase=A*P sends=4776 bytes=4340128 collective_rank_calls=56
AMG setup messages level=4 phase=R*(A*P) sends=1599 bytes=9096640 collective_rank_calls=56
AMG setup messages level=5 phase=strength sends=0 bytes=0 collective_rank_calls=56
AMG setup messages level=5 phase=strength-transpose sends=374 bytes=91644 collective_rank_calls=56
AMG setup messages level=5 phase=PMIS sends=4760 bytes=147152 collective_rank_calls=280
AMG setup messages level=5 phase=numbering sends=0 bytes=0 collective_rank_calls=56
AMG setup messages level=5 phase=interpolation sends=1848 bytes=38860 collective_rank_calls=56
AMG setup messages level=5 phase=interpolation-transpose sends=207 bytes=52240 collective_rank_calls=56
AMG setup messages level=5 phase=A*P sends=5880 bytes=1455152 collective_rank_calls=56
AMG setup messages level=5 phase=R*(A*P) sends=621 bytes=1847680 collective_rank_calls=56
AMG setup messages level=6 phase=strength sends=0 bytes=0 collective_rank_calls=56
AMG setup messages level=6 phase=strength-transpose sends=86 bytes=29924 collective_rank_calls=56
AMG setup messages level=6 phase=PMIS sends=524 bytes=24908 collective_rank_calls=112
AMG setup messages level=6 phase=numbering sends=0 bytes=0 collective_rank_calls=56
AMG setup messages level=6 phase=interpolation sends=375 bytes=4712 collective_rank_calls=56
AMG setup messages level=6 phase=interpolation-transpose sends=65 bytes=27424 collective_rank_calls=56
AMG setup messages level=6 phase=A*P sends=3252 bytes=547888 collective_rank_calls=56
AMG setup messages level=6 phase=R*(A*P) sends=195 bytes=66208 collective_rank_calls=56
GMRES: iter = 0, residual = 2.419175094, 1 (rel.)
GMRES: iter = 1, residual = 2.206951494, 0.9122743944 (rel.)
GMRES: iter = 2, residual = 1.822796337, 0.7534784653 (rel.)
GMRES: iter = 3, residual = 1.450028178, 0.5993895116 (rel.)
GMRES: iter = 4, residual = 1.218634857, 0.5037398327 (rel.)
GMRES: iter = 5, residual = 0.9860509856, 0.407598023 (rel.)
GMRES: iter = 6, residual = 0.7584421043, 0.3135126954 (rel.)
GMRES: iter = 7, residual = 0.6011372912, 0.2484885417 (rel.)
GMRES: iter = 8, residual = 0.4901871286, 0.2026257338 (rel.)
GMRES: iter = 9, residual = 0.4265782258, 0.1763321005 (rel.)
GMRES: iter = 10, residual = 0.4046415935, 0.1672642855 (rel.)
GMRES: iter = 11, residual = 0.3973759384, 0.1642609249 (rel.)
GMRES: iter = 12, residual = 0.3904398521, 0.1613937962 (rel.)
GMRES: iter = 13, residual = 0.3819599314, 0.1578885019 (rel.)
GMRES: iter = 14, residual = 0.3734976362, 0.1543904933 (rel.)
GMRES: iter = 15, residual = 0.3662151914, 0.1513801925 (rel.)
GMRES: iter = 16, residual = 0.3562126869, 0.1472455168 (rel.)
GMRES: iter = 17, residual = 0.3368598047, 0.1392457311 (rel.)
GMRES: iter = 18, residual = 0.3066347272, 0.1267517709 (rel.)
GMRES: iter = 19, residual = 0.2731891282, 0.1129265628 (rel.)
GMRES: iter = 20, residual = 0.233519976, 0.09652876165 (rel.)
GMRES: iter = 21, residual = 0.187821706, 0.07763873997 (rel.)
GMRES: iter = 22, residual = 0.1473774366, 0.06092053321 (rel.)
GMRES: iter = 23, residual = 0.1145709776, 0.04735952263 (rel.)
GMRES: iter = 24, residual = 0.09185012963, 0.03796754103 (rel.)
GMRES: iter = 25, residual = 0.07198013941, 0.02975400152 (rel.)
GMRES: iter = 26, residual = 0.05397205392, 0.02231010648 (rel.)
GMRES: iter = 27, residual = 0.03921416332, 0.01620972513 (rel.)
GMRES: iter = 28, residual = 0.0286093856, 0.01182609133 (rel.)
GMRES: iter = 29, residual = 0.02229450006, 0.009215744703 (rel.)
GMRES: iter = 30, residual = 0.01754053568, 0.007250626764 (rel.)
GMRES: iter = 31, residual = 0.01397269219, 0.005775808549 (rel.)
GMRES: iter = 32, residual = 0.01112593841, 0.004599062895 (rel.)
GMRES: iter = 33, residual = 0.008869528661, 0.003666344236 (rel.)
GMRES: iter = 34, residual = 0.006845686845, 0.002829760799 (rel.)
GMRES: iter = 35, residual = 0.00533277166, 0.002204376059 (rel.)
GMRES: iter = 36, residual = 0.004145482447, 0.001713593389 (rel.)
GMRES: iter = 37, residual = 0.003203238212, 0.001324103501 (rel.)
GMRES: iter = 38, residual = 0.0025346538, 0.001047734745 (rel.)
GMRES: iter = 39, residual = 0.002014756794, 0.0008328280162 (rel.)
GMRES: iter = 40, residual = 0.001569617267, 0.0006488233412 (rel.)
GMRES: iter = 41, residual = 0.001253219661, 0.000518035947 (rel.)
GMRES: iter = 42, residual = 0.0009968764583, 0.0004120728842 (rel.)
GMRES: iter = 43, residual = 0.0007890429316, 0.0003261619771 (rel.)
GMRES: iter = 44, residual = 0.0006234208107, 0.0002576997475 (rel.)
GMRES: iter = 45, residual = 0.0004678573266, 0.0001933953966 (rel.)
GMRES: iter = 46, residual = 0.0003440301186, 0.0001422096811 (rel.)
GMRES: iter = 47, residual = 0.0002570673646, 0.0001062624054 (rel.)
GMRES: iter = 48, residual = 0.0001958300325, 8.094909417e-05 (rel.)
GMRES: Solve Time = 11.24895583
AMG setup messages level=0 phase=strength sends=0 bytes=0 collective_rank_calls=56
AMG setup messages level=0 phase=strength-transpose sends=318 bytes=15513324 collective_rank_calls=56
AMG setup messages level=0 phase=PMIS sends=6866 bytes=51154332 collective_rank_calls=560
AMG setup messages level=0 phase=numbering sends=0 bytes=0 collective_rank_calls=56
AMG setup messages level=0 phase=interpolation sends=1908 bytes=19512724 collective_rank_calls=56
AMG setup messages level=0 phase=interpolation-transpose sends=674 bytes=13548224 collective_rank_calls=56
AMG setup messages level=0 phase=A*P sends=1092 bytes=53524768 collective_rank_calls=56
AMG setup messages level=0 phase=R*(A*P) sends=2022 bytes=102755952 collective_rank_calls=56
AMG setup messages level=1 phase=strength sends=0 bytes=0 collective_rank_calls=56
AMG setup messages level=1 phase=strength-transpose sends=747 bytes=18352800 collective_rank_calls=56
AMG setup messages level=1 phase=PMIS sends=16446 bytes=34608832 collective_rank_calls=616
AMG setup messages level=1 phase=numbering sends=0 bytes=0 collective_rank_calls=56
AMG setup messages level=1 phase=interpolation sends=4479 bytes=20574544 collective_rank_calls=56
AMG setup messages level=1 phase=interpolation-transpose sends=746 bytes=11056304 collective_rank_calls=56
AMG setup messages level=1 phase=A*P sends=2526 bytes=64669024 collective_rank_calls=56
AMG setup messages level=1 phase=R*(A*P) sends=2238 bytes=206415712 collective_rank_calls=56
AMG setup messages level=2 phase=strength sends=0 bytes=0 collective_rank_calls=56
AMG setup messages level=2 phase=strength-transpose sends=777 bytes=8608292 collective_rank_calls=56
AMG setup messages level=2 phase=PMIS sends=21981 bytes=14881628 collective_rank_calls=784
AMG setup messages level=2 phase=numbering sends=0 bytes=0 collective_rank_calls=56
AMG setup messages level=2 phase=interpolation sends=4632 bytes=8427088 collective_rank_calls=56
AMG setup messages level=2 phase=interpolation-transpose sends=736 bytes=3083552 collective_rank_calls=56
AMG setup messages level=2 phase=A*P sends=2586 bytes=25512944 collective_rank_calls=56
AMG setup messages level=2 phase=R*(A*P) sends=2208 bytes=92315440 collective_rank_calls=56
AMG setup messages level=3 phase=strength sends=0 bytes=0 collective_rank_calls=56
AMG setup messages level=3 phase=strength-transpose sends=762 bytes=1652928 collective_rank_calls=56
AMG setup messages level=3 phase=PMIS sends=13996 bytes=2314560 collective_rank_calls=504
AMG setup messages level=3 phase=numbering sends=0 bytes=0 collective_rank_calls=56
AMG setup messages level=3 phase=interpolation sends=4530 bytes=1828076 collective_rank_calls=56
AMG setup messages level=3 phase=interpolation-transpose sends=675 bytes=743456 collective_rank_calls=56
AMG setup messages level=3 phase=A*P sends=2832 bytes=8999808 collective_rank_calls=56
AMG setup messages level=3 phase=R*(A*P) sends=2025 bytes=27651456 collective_rank_calls=56
AMG setup messages level=4 phase=strength sends=0 bytes=0 collective_rank_calls=56
AMG setup messages level=4 phase=strength-transpose sends=639 bytes=343248 collective_rank_calls=56
AMG setup messages level=4 phase=PMIS sends=9642 bytes=567808 collective_rank_calls=392
AMG setup messages level=4 phase=numbering sends=0 bytes=0 collective_rank_calls=56
AMG setup messages level=4 phase=interpolation sends=3702 bytes=292924 collective_rank_calls=56
AMG setup messages level=4 phase=interpolation-transpose sends=541 bytes=242912 collective_rank_calls=56
AMG setup messages level=4 phase=A*P sends=4650 bytes=4104416 collective_rank_calls=56
AMG setup messages level=4 phase=R*(A*P) sends=1623 bytes=8715712 collective_rank_calls=56
AMG setup messages level=5 phase=strength sends=0 bytes=0 collective_rank_calls=56
AMG setup messages level=5 phase=strength-transpose sends=424 bytes=99224 collective_rank_calls=56
AMG setup messages level=5 phase=PMIS sends=4152 bytes=141008 collective_rank_calls=224
AMG setup messages level=5 phase=numbering sends=0 bytes=0 collective_rank_calls=56
AMG setup messages level=5 phase=interpolation sends=2121 bytes=42368 collective_rank_calls=56
AMG setup messages level=5 phase=interpolation-transpose sends=143 bytes=68176 collective_rank_calls=56
AMG setup messages level=5 phase=A*P sends=5988 bytes=1648496 collective_rank_calls=56
AMG setup messages level=5 phase=R*(A*P) sends=429 bytes=937952 collective_rank_calls=56
AMG setup messages level=6 phase=strength sends=0 bytes=0 collective_rank_calls=56
AMG setup messages level=6 phase=strength-transpose sends=51 bytes=21308 collective_rank_calls=56
AMG setup messages level=6 phase=PMIS sends=351 bytes=16540 collective_rank_calls=112
AMG setup messages level=6 phase=numbering sends=0 bytes=0 collective_rank_calls=56
AMG setup messages level=6 phase=interpolation sends=300 bytes=4280 collective_rank_calls=56
AMG setup messages level=6 phase=interpolation-transpose sends=45 bytes=12208 collective_rank_calls=56
AMG setup messages level=6 phase=A*P sends=1266 bytes=148480 collective_rank_calls=56
AMG setup messages level=6 phase=R*(A*P) sends=135 bytes=32272 collective_rank_calls=56
GMRES: iter = 0, residual = 1.937794217, 1 (rel.)
GMRES: iter = 1, residual = 1.514473209, 0.781544911 (rel.)
GMRES: iter = 2, residual = 1.29667586, 0.6691504439 (rel.)
GMRES: iter = 3, residual = 1.047145954, 0.5403803692 (rel.)
GMRES: iter = 4, residual = 0.8284395056, 0.4275167603 (rel.)
GMRES: iter = 5, residual = 0.6991655654, 0.3608048571 (rel.)
GMRES: iter = 6, residual = 0.5759247253, 0.2972063392 (rel.)
GMRES: iter = 7, residual = 0.4519881727, 0.2332487985 (rel.)
GMRES: iter = 8, residual = 0.3542073937, 0.1827889621 (rel.)
GMRES: iter = 9, residual = 0.2883862526, 0.1488219183 (rel.)
GMRES: iter = 10, residual = 0.2465215011, 0.1272175853 (rel.)
GMRES: iter = 11, residual = 0.2249001163, 0.1160598553 (rel.)
GMRES: iter = 12, residual = 0.2134825092, 0.1101677915 (rel.)
GMRES: iter = 13, residual = 0.2045152504, 0.1055402316 (rel.)
GMRES: iter = 14, residual = 0.1965904993, 0.1014506585 (rel.)
GMRES: iter = 15, residual = 0.1910350175, 0.09858374842 (rel.)
GMRES: iter = 16, residual = 0.1862059278, 0.09609169345 (rel.)
GMRES: iter = 17, residual = 0.1793462601, 0.09255175731 (rel.)
GMRES: iter = 18, residual = 0.1672794296, 0.08632466138 (rel.)
GMRES: iter = 19, residual = 0.1484981716, 0.07663258065 (rel.)
GMRES: iter = 20, residual = 0.1267361762, 0.06540228839 (rel.)
GMRES: iter = 21, residual = 0.1066227082, 0.05502271977 (rel.)
GMRES: iter = 22, residual = 0.08995263048, 0.04642011505 (rel.)
GMRES: iter = 23, residual = 0.07497743174, 0.03869215374 (rel.)
GMRES: iter = 24, residual = 0.05978329884, 0.0308512113 (rel.)
GMRES: iter = 25, residual = 0.04569699278, 0.02358196365 (rel.)
GMRES: iter = 26, residual = 0.03246829685, 0.01675528628 (rel.)
GMRES: iter = 27, residual = 0.02335653701, 0.01205315653 (rel.)
GMRES: iter = 28, residual = 0.01779736453, 0.009184341857 (rel.)
GMRES: iter = 29, residual = 0.01368461416, 0.007061954277 (rel.)
GMRES: iter = 30, residual = 0.01049949267, 0.005418270205 (rel.)
GMRES: iter = 31, residual = 0.007964565109, 0.004110119145 (rel.)
GMRES: iter = 32, residual = 0.006287613551, 0.003244727174 (rel.)
GMRES: iter = 33, residual = 0.005028759343, 0.002595094618 (rel.)
GMRES: iter = 34, residual = 0.003969525849, 0.002048476466 (rel.)
GMRES: iter = 35, residual = 0.002914286441, 0.001503919465 (rel.)
GMRES: iter = 36, residual = 0.002157297179, 0.00111327465 (rel.)
GMRES: iter = 37, residual = 0.001687474919, 0.0008708225593 (rel.)
GMRES: iter = 38, residual = 0.001316415455, 0.000679337075 (rel.)
GMRES: iter = 39, residual = 0.001009650512, 0.0005210308213 (rel.)
GMRES: iter = 40, residual = 0.0007862066621, 0.0004057224732 (rel.)
GMRES: iter = 41, residual = 0.0006264888222, 0.0003232999752 (rel.)
GMRES: iter = 42, residual = 0.0005062970225, 0.0002612749167 (rel.)
GMRES: iter = 43, residual = 0.0003966851351, 0.000204709629 (rel.)
GMRES: iter = 44, residual = 0.0002938120394, 0.0001516218992 (rel.)
GMRES: iter = 45, residual = 0.000212740013, 0.0001097846258 (rel.)
GMRES: iter = 46, residual = 0.0001553259828, 8.01560772e-05 (rel.)
GMRES: Solve Time = 10.71176025
AMG setup messages level=0 phase=strength sends=0 bytes=0 collective_rank_calls=56
AMG setup messages level=0 phase=strength-transpose sends=318 bytes=15527040 collective_rank_calls=56
AMG setup messages level=0 phase=PMIS sends=6866 bytes=51201056 collective_rank_calls=560
AMG setup messages level=0 phase=numbering sends=0 bytes=0 collective_rank_calls=56
AMG setup messages level=0 phase=interpolation sends=1908 bytes=19538648 collective_rank_calls=56
AMG setup messages level=0 phase=interpolation-transpose sends=677 bytes=13614256 collective_rank_calls=56
AMG setup messages level=0 phase=A*P sends=1092 bytes=53521936 collective_rank_calls=56
AMG setup messages level=0 phase=R*(A*P) sends=2031 bytes=103048560 collective_rank_calls=56
AMG setup messages level=1 phase=strength sends=0 bytes=0 collective_rank_calls=56
AMG setup messages level=1 phase=strength-transpose sends=753 bytes=18237844 collective_rank_calls=56
AMG setup messages level=1 phase=PMIS sends=18085 bytes=37361600 collective_rank_calls=672
AMG setup messages level=1 phase=numbering sends=0 bytes=0 collective_rank_calls=56
AMG setup messages level=1 phase=interpolation sends=4512 bytes=20467472 collective_rank_calls=56
AMG setup messages level=1 phase=interpolation-transpose sends=754 bytes=11015520 collective_rank_calls=56
AMG setup messages level=1 phase=A*P sends=2460 bytes=64537696 collective_rank_calls=56
AMG setup messages level=1 phase=R*(A*P) sends=2262 bytes=204595232 collective_rank_calls=56
AMG setup messages level=2 phase=strength sends=0 bytes=0 collective_rank_calls=56
AMG setup messages level=2 phase=strength-transpose sends=784 bytes=8591580 collective_rank_calls=56
AMG setup messages level=2 phase=PMIS sends=17416 bytes=11807320 collective_rank_calls=616
AMG setup messages level=2 phase=numbering sends=0 bytes=0 collective_rank_calls=56
AMG setup messages level=2 phase=interpolation sends=4695 bytes=8310936 collective_rank_calls=56
AMG setup messages level=2 phase=interpolation-transpose sends=737 bytes=3077008 collective_rank_calls=56
AMG setup messages level=2 phase=A*P sends=2592 bytes=25339952 collective_rank_calls=56
AMG setup messages level=2 phase=R*(A*P) sends=2211 bytes=90975552 collective_rank_calls=56
AMG setup messages level=3 phase=strength sends=0 bytes=0 collective_rank_calls=56
AMG setup messages level=3 phase=strength-transpose sends=759 bytes=1660592 collective_rank_calls=56
AMG setup messages level=3 phase=PMIS sends=15521 bytes=2555416 collective_rank_calls=560
AMG setup messages level=3 phase=numbering sends=0 bytes=0 collective_rank_calls=56
AMG setup messages level=3 phase=interpolation sends=4515 bytes=1843744 collective_rank_calls=56
AMG setup messages level=3 phase=interpolation-transpose sends=680 bytes=717392 collective_rank_calls=56
AMG setup messages level=3 phase=A*P sends=2802 bytes=8866848 collective_rank_calls=56
AMG setup messages level=3 phase=R*(A*P) sends=2040 bytes=27135168 collective_rank_calls=56
AMG setup messages level=4 phase=strength sends=0 bytes=0 collective_rank_calls=56
AMG setup messages level=4 phase=strength-transpose sends=661 bytes=355416 collective_rank_calls=56
AMG setup messages level=4 phase=PMIS sends=9886 bytes=587040 collective_rank_calls=392
AMG setup messages level=4 phase=numbering sends=0 bytes=0 collective_rank_calls=56
AMG setup messages level=4 phase=interpolation sends=3831 bytes=314228 collective_rank_calls=56
AMG setup messages level=4 phase=interpolation-transpose sends=572 bytes=244688 collective_rank_calls=56
AMG setup messages level=4 phase=A*P sends=4764 bytes=4171648 collective_rank_calls=56
AMG setup messages level=4 phase=R*(A*P) sends=1716 bytes=8500240 collective_rank_calls=56
AMG setup messages level=5 phase=strength sends=0 bytes=0 collective_rank_calls=56
AMG setup messages level=5 phase=strength-transpose sends=401 bytes=84848 collective_rank_calls=56
AMG setup messages level=5 phase=PMIS sends=3983 bytes=116448 collective_rank_calls=224
AMG setup messages level=5 phase=numbering sends=0 bytes=0 collective_rank_calls=56
AMG setup messages level=5 phase=interpolation sends=2118 bytes=39544 collective_rank_calls=56
AMG setup messages level=5 phase=interpolation-transpose sends=121 bytes=58592 collective_rank_calls=56
AMG setup messages level=5 phase=A*P sends=6366 bytes=1469088 collective_rank_calls=56
AMG setup messages level=5 phase=R*(A*P) sends=363 bytes=657680 collective_rank_calls=56
AMG setup messages level=6 phase=strength sends=0 bytes=0 collective_rank_calls=56
AMG setup messages level=6 phase=strength-transpose sends=77 bytes=26160 collective_rank_calls=56
AMG setup messages level=6 phase=PMIS sends=533 bytes=23128 collective_rank_calls=112
AMG setup messages level=6 phase=numbering sends=0 bytes=0 collective_rank_calls=56
AMG setup messages level=6 phase=interpolation sends=450 bytes=5752 collective_rank_calls=56
AMG setup messages level=6 phase=interpolation-transpose sends=51 bytes=11936 collective_rank_calls=56
AMG setup messages level=6 phase=A*P sends=1320 bytes=123664 collective_rank_calls=56
AMG setup messages level=6 phase=R*(A*P) sends=153 bytes=30864 collective_rank_calls=56
GMRES: iter = 0, residual = 1.175120212, 1 (rel.)
GMRES: iter = 1, residual = 0.6878555822, 0.5853491204 (rel.)
GMRES: iter = 2, residual = 0.5012546798, 0.4265560875 (rel.)
GMRES: iter = 3, residual = 0.388491085, 0.330596888 (rel.)
GMRES: iter = 4, residual = 0.3044405801, 0.259071861 (rel.)
GMRES: iter = 5, residual = 0.2646683989, 0.2252266588 (rel.)
GMRES: iter = 6, residual = 0.2446633941, 0.2082028644 (rel.)
GMRES: iter = 7, residual = 0.2289153429, 0.1948016387 (rel.)
GMRES: iter = 8, residual = 0.2139752701, 0.1820879839 (rel.)
GMRES: iter = 9, residual = 0.1972835367, 0.1678837065 (rel.)
GMRES: iter = 10, residual = 0.1757081406, 0.1495235457 (rel.)
GMRES: iter = 11, residual = 0.1488580953, 0.1266747809 (rel.)
GMRES: iter = 12, residual = 0.1213645926, 0.1032784488 (rel.)
GMRES: iter = 13, residual = 0.09756672601, 0.08302701719 (rel.)
GMRES: iter = 14, residual = 0.07673069062, 0.06529603513 (rel.)
GMRES: iter = 15, residual = 0.05848506364, 0.04976943045 (rel.)
GMRES: iter = 16, residual = 0.04429005601, 0.03768980873 (rel.)
GMRES: iter = 17, residual = 0.03494085885, 0.02973385914 (rel.)
GMRES: iter = 18, residual = 0.02932539013, 0.02495522572 (rel.)
GMRES: iter = 19, residual = 0.02544057932, 0.02164934197 (rel.)
GMRES: iter = 20, residual = 0.02210240939, 0.01880863691 (rel.)
GMRES: iter = 21, residual = 0.01919635879, 0.01633565537 (rel.)
GMRES: iter = 22, residual = 0.01684453867, 0.01433431108 (rel.)
GMRES: iter = 23, residual = 0.01496127434, 0.01273169688 (rel.)
GMRES: iter = 24, residual = 0.01325987552, 0.01128384602 (rel.)
GMRES: iter = 25, residual = 0.01136521835, 0.00967153678 (rel.)
GMRES: iter = 26, residual = 0.009201310403, 0.007830101391 (rel.)
GMRES: iter = 27, residual = 0.007013258881, 0.005968120377 (rel.)
GMRES: iter = 28, residual = 0.005208250253, 0.004432099969 (rel.)
GMRES: iter = 29, residual = 0.003825995539, 0.003255833319 (rel.)
GMRES: iter = 30, residual = 0.00270725033, 0.002303807137 (rel.)
GMRES: iter = 31, residual = 0.001946136039, 0.001656116557 (rel.)
GMRES: iter = 32, residual = 0.001460262141, 0.001242649157 (rel.)
GMRES: iter = 33, residual = 0.001109266326, 0.0009439598732 (rel.)
GMRES: iter = 34, residual = 0.0008111366284, 0.0006902584267 (rel.)
GMRES: iter = 35, residual = 0.0005965055063, 0.000507612328 (rel.)
GMRES: iter = 36, residual = 0.0004479397784, 0.000381186345 (rel.)
GMRES: iter = 37, residual = 0.0003375622912, 0.0002872576676 (rel.)
GMRES: iter = 38, residual = 0.0002542227967, 0.0002163376939 (rel.)
GMRES: iter = 39, residual = 0.0001959250365, 0.0001667276544 (rel.)
GMRES: iter = 40, residual = 0.000150704844, 0.0001282463211 (rel.)
GMRES: iter = 41, residual = 0.0001166134401, 9.923532837e-05 (rel.)
GMRES: Solve Time = 9.437961678
AMG setup messages level=0 phase=strength sends=0 bytes=0 collective_rank_calls=56
AMG setup messages level=0 phase=strength-transpose sends=318 bytes=15545324 collective_rank_calls=56
AMG setup messages level=0 phase=PMIS sends=6184 bytes=46694464 collective_rank_calls=504
AMG setup messages level=0 phase=numbering sends=0 bytes=0 collective_rank_calls=56
AMG setup messages level=0 phase=interpolation sends=1908 bytes=19547452 collective_rank_calls=56
AMG setup messages level=0 phase=interpolation-transpose sends=676 bytes=13608832 collective_rank_calls=56
AMG setup messages level=0 phase=A*P sends=1092 bytes=53522544 collective_rank_calls=56
AMG setup messages level=0 phase=R*(A*P) sends=2028 bytes=102943264 collective_rank_calls=56
AMG setup messages level=1 phase=strength sends=0 bytes=0 collective_rank_calls=56
AMG setup messages level=1 phase=strength-transpose sends=749 bytes=18406516 collective_rank_calls=56
AMG setup messages level=1 phase=PMIS sends=14991 bytes=31823036 collective_rank_calls=560
AMG setup messages level=1 phase=numbering sends=0 bytes=0 collective_rank_calls=56
AMG setup messages level=1 phase=interpolation sends=4494 bytes=20572704 collective_rank_calls=56
AMG setup messages level=1 phase=interpolation-transpose sends=750 bytes=11135488 collective_rank_calls=56
AMG setup messages level=1 phase=A*P sends=2496 bytes=64699488 collective_rank_calls=56
AMG setup messages level=1 phase=R*(A*P) sends=2250 bytes=206136608 collective_rank_calls=56
AMG setup messages level=2 phase=strength sends=0 bytes=0 collective_rank_calls=56
AMG setup messages level=2 phase=strength-transpose sends=783 bytes=8663664 collective_rank_calls=56
AMG setup messages level=2 phase=PMIS sends=20596 bytes=13814944 collective_rank_calls=728
AMG setup messages level=2 phase=numbering sends=0 bytes=0 collective_rank_calls=56
AMG setup messages level=2 phase=interpolation sends=4662 bytes=8352088 collective_rank_calls=56
AMG setup messages level=2 phase=interpolation-transpose sends=736 bytes=3072176 collective_rank_calls=56
AMG setup messages level=2 phase=A*P sends=2592 bytes=25289792 collective_rank_calls=56
AMG setup messages level=2 phase=R*(A*P) sends=2208 bytes=89926192 collective_rank_calls=56
AMG setup messages level=3 phase=strength sends=0 bytes=0 collective_rank_calls=56
AMG setup messages level=3 phase=strength-transpose sends=763 bytes=1680704 collective_rank_calls=56
AMG setup messages level=3 phase=PMIS sends=15601 bytes=2559684 collective_rank_calls=560
AMG setup messages level=3 phase=numbering sends=0 bytes=0 collective_rank_calls=56
AMG setup messages level=3 phase=interpolation sends=4545 bytes=1862340 collective_rank_calls=56
AMG setup messages level=3 phase=interpolation-transpose sends=678 bytes=705584 collective_rank_calls=56
AMG setup messages level=3 phase=A*P sends=2802 bytes=8641728 collective_rank_calls=56
AMG setup messages level=3 phase=R*(A*P) sends=2034 bytes=25991440 collective_rank_calls=56
AMG setup messages level=4 phase=strength sends=0 bytes=0 collective_rank_calls=56
AMG setup messages level=4 phase=strength-transpose sends=678 bytes=345480 collective_rank_calls=56
AMG setup messages level=4 phase=PMIS sends=13124 bytes=687312 collective_rank_calls=504
AMG setup messages level=4 phase=numbering sends=0 bytes=0 collective_rank_calls=56
AMG setup messages level=4 phase=interpolation sends=3888 bytes=326580 collective_rank_calls=56
AMG setup messages level=4 phase=interpolation-transpose sends=599 bytes=244080 collective_rank_calls=56
AMG setup messages level=4 phase=A*P sends=4812 bytes=3958432 collective_rank_calls=56
AMG setup messages level=4 phase=R*(A*P) sends=1797 bytes=8070192 collective_rank_calls=56
AMG setup messages level=5 phase=strength sends=0 bytes=0 collective_rank_calls=56
AMG setup messages level=5 phase=strength-transpose sends=431 bytes=92052 collective_rank_calls=56
AMG setup messages level=5 phase=PMIS sends=3302 bytes=103112 collective_rank_calls=168
AMG setup messages level=5 phase=numbering sends=0 bytes=0 collective_rank_calls=56
AMG setup messages level=5 phase=interpolation sends=2223 bytes=40424 collective_rank_calls=56
AMG setup messages level=5 phase=interpolation-transpose sends=179 bytes=50944 collective_rank_calls=56
AMG setup messages level=5 phase=A*P sends=6282 bytes=1324416 collective_rank_calls=56
AMG setup messages level=5 phase=R*(A*P) sends=537 bytes=792208 collective_rank_calls=56
AMG setup messages level=6 phase=strength sends=0 bytes=0 collective_rank_calls=56
AMG setup messages level=6 phase=strength-transpose sends=75 bytes=18064 collective_rank_calls=56
AMG setup messages level=6 phase=PMIS sends=513 bytes=19720 collective_rank_calls=112
AMG setup messages level=6 phase=numbering sends=0 bytes=0 collective_rank_calls=56
AMG setup messages level=6 phase=interpolation sends=381 bytes=3664 collective_rank_calls=56
AMG setup messages level=6 phase=interpolation-transpose sends=47 bytes=11360 collective_rank_calls=56
AMG setup messages level=6 phase=A*P sends=1494 bytes=147328 collective_rank_calls=56
AMG setup messages level=6 phase=R*(A*P) sends=141 bytes=29568 collective_rank_calls=56
GMRES: iter = 0, residual = 0.5645985689, 1 (rel.)
GMRES: iter = 1, residual = 0.2688754832, 0.476224167 (rel.)
GMRES: iter = 2, residual = 0.1707744911, 0.3024706412 (rel.)
GMRES: iter = 3, residual = 0.1281907756, 0.2270476453 (rel.)
GMRES: iter = 4, residual = 0.1114058658, 0.197318718 (rel.)
GMRES: iter = 5, residual = 0.1047545446, 0.1855380979 (rel.)
GMRES: iter = 6, residual = 0.100862512, 0.178644647 (rel.)
GMRES: iter = 7, residual = 0.09401462716, 0.1665158793 (rel.)
GMRES: iter = 8, residual = 0.08319237365, 0.1473478295 (rel.)
GMRES: iter = 9, residual = 0.07057504724, 0.1250004005 (rel.)
GMRES: iter = 10, residual = 0.05764242507, 0.1020945292 (rel.)
GMRES: iter = 11, residual = 0.04663074022, 0.08259096425 (rel.)
GMRES: iter = 12, residual = 0.03705518121, 0.0656310222 (rel.)
GMRES: iter = 13, residual = 0.02726930923, 0.04829858014 (rel.)
GMRES: iter = 14, residual = 0.01846819385, 0.03271030935 (rel.)
GMRES: iter = 15, residual = 0.01258930015, 0.02229778968 (rel.)
GMRES: iter = 16, residual = 0.009446314837, 0.01673102866 (rel.)
GMRES: iter = 17, residual = 0.007765050294, 0.01375322348 (rel.)
GMRES: iter = 18, residual = 0.006635643308, 0.0117528518 (rel.)
GMRES: iter = 19, residual = 0.005579082857, 0.009881503716 (rel.)
GMRES: iter = 20, residual = 0.004579968313, 0.008111902093 (rel.)
GMRES: iter = 21, residual = 0.003817784341, 0.006761944771 (rel.)
GMRES: iter = 22, residual = 0.003212718286, 0.005690269977 (rel.)
GMRES: iter = 23, residual = 0.002700794571, 0.004783566094 (rel.)
GMRES: iter = 24, residual = 0.002110493571, 0.003738042721 (rel.)
GMRES: iter = 25, residual = 0.00161938477, 0.002868205588 (rel.)
GMRES: iter = 26, residual = 0.001236750899, 0.002190495986 (rel.)
GMRES: iter = 27, residual = 0.0009069590299, 0.001606378549 (rel.)
GMRES: iter = 28, residual = 0.0006060648025, 0.001073443745 (rel.)
GMRES: iter = 29, residual = 0.0003882396564, 0.0006876383996 (rel.)
GMRES: iter = 30, residual = 0.0002787086634, 0.0004936403999 (rel.)
GMRES: iter = 31, residual = 0.0002088175414, 0.0003698513473 (rel.)
GMRES: iter = 32, residual = 0.000151253265, 0.0002678952326 (rel.)
GMRES: iter = 33, residual = 0.0001042994706, 0.0001847320846 (rel.)
GMRES: iter = 34, residual = 7.405297434e-05, 0.0001311604004 (rel.)
GMRES: iter = 35, residual = 5.428148071e-05, 9.614172563e-05 (rel.)
GMRES: Solve Time = 7.94953573
AMG setup messages level=0 phase=strength sends=0 bytes=0 collective_rank_calls=56
AMG setup messages level=0 phase=strength-transpose sends=318 bytes=15541912 collective_rank_calls=56
AMG setup messages level=0 phase=PMIS sends=6184 bytes=46685264 collective_rank_calls=504
AMG setup messages level=0 phase=numbering sends=0 bytes=0 collective_rank_calls=56
AMG setup messages level=0 phase=interpolation sends=1908 bytes=19535784 collective_rank_calls=56
AMG setup messages level=0 phase=interpolation-transpose sends=676 bytes=13578464 collective_rank_calls=56
AMG setup messages level=0 phase=A*P sends=1092 bytes=53528352 collective_rank_calls=56
AMG setup messages level=0 phase=R*(A*P) sends=2028 bytes=102932256 collective_rank_calls=56
AMG setup messages level=1 phase=strength sends=0 bytes=0 collective_rank_calls=56
AMG setup messages level=1 phase=strength-transpose sends=749 bytes=18342992 collective_rank_calls=56
AMG setup messages level=1 phase=PMIS sends=15013 bytes=31780680 collective_rank_calls=560
AMG setup messages level=1 phase=numbering sends=0 bytes=0 collective_rank_calls=56
AMG setup messages level=1 phase=interpolation sends=4491 bytes=20539276 collective_rank_calls=56
AMG setup messages level=1 phase=interpolation-transpose sends=755 bytes=11089616 collective_rank_calls=56
AMG setup messages level=1 phase=A*P sends=2496 bytes=64620064 collective_rank_calls=56
AMG setup messages level=1 phase=R*(A*P) sends=2265 bytes=205986000 collective_rank_calls=56
AMG setup messages level=2 phase=strength sends=0 bytes=0 collective_rank_calls=56
AMG setup messages level=2 phase=strength-transpose sends=778 bytes=8642968 collective_rank_calls=56
AMG setup messages level=2 phase=PMIS sends=18906 bytes=12822288 collective_rank_calls=672
AMG setup messages level=2 phase=numbering sends=0 bytes=0 collective_rank_calls=56
AMG setup messages level=2 phase=interpolation sends=4632 bytes=8346096 collective_rank_calls=56
AMG setup messages level=2 phase=interpolation-transpose sends=745 bytes=3083552 collective_rank_calls=56
AMG setup messages level=2 phase=A*P sends=2592 bytes=25277216 collective_rank_calls=56
AMG setup messages level=2 phase=R*(A*P) sends=2235 bytes=90453104 collective_rank_calls=56
AMG setup messages level=3 phase=strength sends=0 bytes=0 collective_rank_calls=56
AMG setup messages level=3 phase=strength-transpose sends=766 bytes=1679772 collective_rank_calls=56
AMG setup messages level=3 phase=PMIS sends=14128 bytes=2340832 collective_rank_calls=504
AMG setup messages level=3 phase=numbering sends=0 bytes=0 collective_rank_calls=56
AMG setup messages level=3 phase=interpolation sends=4560 bytes=1874736 collective_rank_calls=56
AMG setup messages level=3 phase=interpolation-transpose sends=696 bytes=702016 collective_rank_calls=56
AMG setup messages level=3 phase=A*P sends=2880 bytes=8671040 collective_rank_calls=56
AMG setup messages level=3 phase=R*(A*P) sends=2088 bytes=26669696 collective_rank_calls=56
AMG setup messages level=4 phase=strength sends=0 bytes=0 collective_rank_calls=56
AMG setup messages level=4 phase=strength-transpose sends=653 bytes=354588 collective_rank_calls=56
AMG setup messages level=4 phase=PMIS sends=11123 bytes=645440 collective_rank_calls=448
AMG setup messages level=4 phase=numbering sends=0 bytes=0 collective_rank_calls=56
AMG setup messages level=4 phase=interpolation sends=3756 bytes=320104 collective_rank_calls=56
AMG setup messages level=4 phase=interpolation-transpose sends=552 bytes=258704 collective_rank_calls=56
AMG setup messages level=4 phase=A*P sends=4752 bytes=4193824 collective_rank_calls=56
AMG setup messages level=4 phase=R*(A*P) sends=1656 bytes=8588496 collective_rank_calls=56
AMG setup messages level=5 phase=strength sends=0 bytes=0 collective_rank_calls=56
AMG setup messages level=5 phase=strength-transpose sends=420 bytes=91740 collective_rank_calls=56
AMG setup messages level=5 phase=PMIS sends=4210 bytes=129708 collective_rank_calls=224
AMG setup messages level=5 phase=numbering sends=0 bytes=0 collective_rank_calls=56
AMG setup messages level=5 phase=interpolation sends=2271 bytes=48804 collective_rank_calls=56
AMG setup messages level=5 phase=interpolation-transpose sends=289 bytes=64368 collective_rank_calls=56
AMG setup messages level=5 phase=A*P sends=6006 bytes=1505824 collective_rank_calls=56
AMG setup messages level=5 phase=R*(A*P) sends=867 bytes=1812432 collective_rank_calls=56
AMG setup messages level=6 phase=strength sends=0 bytes=0 collective_rank_calls=56
AMG setup messages level=6 phase=strength-transpose sends=103 bytes=23152 collective_rank_calls=56
AMG setup messages level=6 phase=PMIS sends=709 bytes=28644 collective_rank_calls=112
AMG setup messages level=6 phase=numbering sends=0 bytes=0 collective_rank_calls=56
AMG setup messages level=6 phase=interpolation sends=516 bytes=4728 collective_rank_calls=56
AMG setup messages level=6 phase=interpolation-transpose sends=56 bytes=13104 collective_rank_calls=56
AMG setup messages level=6 phase=A*P sends=2448 bytes=286000 collective_rank_calls=56
AMG setup messages level=6 phase=R*(A*P) sends=168 bytes=33872 collective_rank_calls=56
GMRES: iter = 0, residual = 0.07612722021, 1 (rel.)
GMRES: iter = 1, residual = 0.03465672488, 0.4552474763 (rel.)
GMRES: iter = 2, residual = 0.02045448192, 0.2686881494 (rel.)
GMRES: iter = 3, residual = 0.01576261708, 0.2070562545 (rel.)
GMRES: iter = 4, residual = 0.01419592422, 0.1864763245 (rel.)
GMRES: iter = 5, residual = 0.01261379061, 0.1656935663 (rel.)
GMRES: iter = 6, residual = 0.01047826504, 0.1376415035 (rel.)
GMRES: iter = 7, residual = 0.00806793175, 0.1059795922 (rel.)
GMRES: iter = 8, residual = 0.005926987386, 0.07785634849 (rel.)
GMRES: iter = 9, residual = 0.004309979312, 0.05661548262 (rel.)
GMRES: iter = 10, residual = 0.003247182118, 0.04265467869 (rel.)
GMRES: iter = 11, residual = 0.002554216267, 0.0335519445 (rel.)
GMRES: iter = 12, residual = 0.002040278898, 0.02680091158 (rel.)
GMRES: iter = 13, residual = 0.001591218599, 0.02090209776 (rel.)
GMRES: iter = 14, residual = 0.001168829276, 0.01535363136 (rel.)
GMRES: iter = 15, residual = 0.0008459959365, 0.011112923 (rel.)
GMRES: iter = 16, residual = 0.0006607193102, 0.008679146676 (rel.)
GMRES: iter = 17, residual = 0.000564593783, 0.007416450797 (rel.)
GMRES: iter = 18, residual = 0.0004945614085, 0.006496512117 (rel.)
GMRES: iter = 19, residual = 0.0004112485751, 0.005402122579 (rel.)
GMRES: iter = 20, residual = 0.0003269810671, 0.004295192525 (rel.)
GMRES: iter = 21, residual = 0.0002504194794, 0.003289486714 (rel.)
GMRES: iter = 22, residual = 0.0001877472941, 0.002466230786 (rel.)
GMRES: iter = 23, residual = 0.0001404057925, 0.001844357276 (rel.)
GMRES: iter = 24, residual = 0.0001026058876, 0.001347821282 (rel.)
GMRES: iter = 25, residual = 7.560737848e-05, 0.000993171408 (rel.)
GMRES: iter = 26, residual = 5.500669361e-05, 0.0007225627504 (rel.)
GMRES: iter = 27, residual = 3.961305755e-05, 0.0005203533959 (rel.)
GMRES: iter = 28, residual = 2.652766128e-05, 0.000348464862 (rel.)
GMRES: iter = 29, residual = 1.860432968e-05, 0.0002443847238 (rel.)
GMRES: iter = 30, residual = 1.404411643e-05, 0.0001844821916 (rel.)
GMRES: iter = 31, residual = 1.082676169e-05, 0.0001422193226 (rel.)
GMRES: iter = 32, residual = 8.165782989e-06, 0.0001072649568 (rel.)
GMRES: iter = 33, residual = 5.90839916e-06, 7.761217531e-05 (rel.)
GMRES: Solve Time = 7.481805702
AMG setup messages level=0 phase=strength sends=0 bytes=0 collective_rank_calls=56
AMG setup messages level=0 phase=strength-transpose sends=318 bytes=15541480 collective_rank_calls=56
AMG setup messages level=0 phase=PMIS sends=5502 bytes=42123496 collective_rank_calls=448
AMG setup messages level=0 phase=numbering sends=0 bytes=0 collective_rank_calls=56
AMG setup messages level=0 phase=interpolation sends=1908 bytes=19513388 collective_rank_calls=56
AMG setup messages level=0 phase=interpolation-transpose sends=677 bytes=13563360 collective_rank_calls=56
AMG setup messages level=0 phase=A*P sends=1092 bytes=53500256 collective_rank_calls=56
AMG setup messages level=0 phase=R*(A*P) sends=2031 bytes=102698720 collective_rank_calls=56
AMG setup messages level=1 phase=strength sends=0 bytes=0 collective_rank_calls=56
AMG setup messages level=1 phase=strength-transpose sends=750 bytes=18383352 collective_rank_calls=56
AMG setup messages level=1 phase=PMIS sends=15044 bytes=31811536 collective_rank_calls=560
AMG setup messages level=1 phase=numbering sends=0 bytes=0 collective_rank_calls=56
AMG setup messages level=1 phase=interpolation sends=4488 bytes=20570728 collective_rank_calls=56
AMG setup messages level=1 phase=interpolation-transpose sends=754 bytes=11095328 collective_rank_calls=56
AMG setup messages level=1 phase=A*P sends=2526 bytes=64630768 collective_rank_calls=56
AMG setup messages level=1 phase=R*(A*P) sends=2262 bytes=205462336 collective_rank_calls=56
AMG setup messages level=2 phase=strength sends=0 bytes=0 collective_rank_calls=56
AMG setup messages level=2 phase=strength-transpose sends=786 bytes=8650864 collective_rank_calls=56
AMG setup messages level=2 phase=PMIS sends=17532 bytes=11838920 collective_rank_calls=616
AMG setup messages level=2 phase=numbering sends=0 bytes=0 collective_rank_calls=56
AMG setup messages level=2 phase=interpolation sends=4671 bytes=8351652 collective_rank_calls=56
AMG setup messages level=2 phase=interpolation-transpose sends=749 bytes=3086640 collective_rank_calls=56
AMG setup messages level=2 phase=A*P sends=2592 bytes=25258080 collective_rank_calls=56
AMG setup messages level=2 phase=R*(A*P) sends=2247 bytes=90527936 collective_rank_calls=56
AMG setup messages level=3 phase=strength sends=0 bytes=0 collective_rank_calls=56
AMG setup messages level=3 phase=strength-transpose sends=758 bytes=1671380 collective_rank_calls=56
AMG setup messages level=3 phase=PMIS sends=15534 bytes=2557844 collective_rank_calls=560
AMG setup messages level=3 phase=numbering sends=0 bytes=0 collective_rank_calls=56
AMG setup messages level=3 phase=interpolation sends=4509 bytes=1857740 collective_rank_calls=56
AMG setup messages level=3 phase=interpolation-transpose sends=701 bytes=712480 collective_rank_calls=56
AMG setup messages level=3 phase=A*P sends=2856 bytes=8769776 collective_rank_calls=56
AMG setup messages level=3 phase=R*(A*P) sends=2103 bytes=26296000 collective_rank_calls=56
AMG setup messages level=4 phase=strength sends=0 bytes=0 collective_rank_calls=56
AMG setup messages level=4 phase=strength-transpose sends=654 bytes=352324 collective_rank_calls=56
AMG setup messages level=4 phase=PMIS sends=9828 bytes=567448 collective_rank_calls=392
AMG setup messages level=4 phase=numbering sends=0 bytes=0 collective_rank_calls=56
AMG setup messages level=4 phase=interpolation sends=3816 bytes=321688 collective_rank_calls=56
AMG setup messages level=4 phase=interpolation-transpose sends=569 bytes=236512 collective_rank_calls=56
AMG setup messages level=4 phase=A*P sends=4746 bytes=3937040 collective_rank_calls=56
AMG setup messages level=4 phase=R*(A*P) sends=1707 bytes=7799424 collective_rank_calls=56
AMG setup messages level=5 phase=strength sends=0 bytes=0 collective_rank_calls=56
AMG setup messages level=5 phase=strength-transpose sends=378 bytes=94264 collective_rank_calls=56
AMG setup messages level=5 phase=PMIS sends=3824 bytes=122588 collective_rank_calls=224
AMG setup messages level=5 phase=numbering sends=0 bytes=0 collective_rank_calls=56
AMG setup messages level=5 phase=interpolation sends=2025 bytes=47732 collective_rank_calls=56
AMG setup messages level=5 phase=interpolation-transpose sends=222 bytes=65472 collective_rank_calls=56
AMG setup messages level=5 phase=A*P sends=6030 bytes=1542144 collective_rank_calls=56
AMG setup messages level=5 phase=R*(A*P) sends=666 bytes=1204256 collective_rank_calls=56
AMG setup messages level=6 phase=strength sends=0 bytes=0 collective_rank_calls=56
AMG setup messages level=6 phase=strength-transpose sends=68 bytes=26832 collective_rank_calls=56
AMG setup messages level=6 phase=PMIS sends=458 bytes=23028 collective_rank_calls=112
AMG setup messages level=6 phase=numbering sends=0 bytes=0 collective_rank_calls=56
AMG setup messages level=6 phase=interpolation sends=393 bytes=5036 collective_rank_calls=56
AMG setup messages level=6 phase=interpolation-transpose sends=48 bytes=12896 collective_rank_calls=56
AMG setup messages level=6 phase=A*P sends=2028 bytes=228064 collective_rank_calls=56
AMG setup messages level=6 phase=R*(A*P) sends=144 bytes=34016 collective_rank_calls=56
GMRES: iter = 0, residual = 0.002260364139, 1 (rel.)
GMRES: iter = 1, residual = 0.0008768055575, 0.3879045604 (rel.)
GMRES: iter = 2, residual = 0.0004838708388, 0.2140676498 (rel.)
GMRES: iter = 3, residual = 0.0003200041581, 0.1415719497 (rel.)
GMRES: iter = 4, residual = 0.0002543978439, 0.1125472836 (rel.)
GMRES: iter = 5, residual = 0.0001987117236, 0.08791137685 (rel.)
GMRES: iter = 6, residual = 0.0001219237875, 0.05393988758 (rel.)
GMRES: iter = 7, residual = 6.844554413e-05, 0.03028076006 (rel.)
GMRES: iter = 8, residual = 4.554650267e-05, 0.02015007312 (rel.)
GMRES: iter = 9, residual = 3.353082261e-05, 0.01483425703 (rel.)
GMRES: iter = 10, residual = 2.551223903e-05, 0.01128678278 (rel.)
GMRES: iter = 11, residual = 1.984573399e-05, 0.008779883584 (rel.)
GMRES: iter = 12, residual = 1.558311064e-05, 0.006894070902 (rel.)
GMRES: iter = 13, residual = 1.223623122e-05, 0.005413389377 (rel.)
GMRES: iter = 14, residual = 9.501722055e-06, 0.004203624492 (rel.)
GMRES: iter = 15, residual = 7.371967868e-06, 0.003261407196 (rel.)
GMRES: iter = 16, residual = 5.859533966e-06, 0.002592296465 (rel.)
GMRES: iter = 17, residual = 4.841313247e-06, 0.002141828905 (rel.)
GMRES: iter = 18, residual = 4.169188578e-06, 0.001844476519 (rel.)
GMRES: iter = 19, residual = 3.68656437e-06, 0.001630960387 (rel.)
GMRES: iter = 20, residual = 3.265923135e-06, 0.001444865931 (rel.)
GMRES: iter = 21, residual = 2.847314969e-06, 0.001259670918 (rel.)
GMRES: iter = 22, residual = 2.380862895e-06, 0.001053309444 (rel.)
GMRES: iter = 23, residual = 1.89442397e-06, 0.0008381056565 (rel.)
GMRES: iter = 24, residual = 1.458087217e-06, 0.0006450673997 (rel.)
GMRES: iter = 25, residual = 1.109678502e-06, 0.0004909290864 (rel.)
GMRES: iter = 26, residual = 8.409652773e-07, 0.0003720485841 (rel.)
GMRES: iter = 27, residual = 6.315585181e-07, 0.000279405653 (rel.)
GMRES: iter = 28, residual = 4.740677708e-07, 0.0002097307078 (rel.)
GMRES: iter = 29, residual = 3.610528775e-07, 0.0001597321738 (rel.)
GMRES: iter = 30, residual = 2.727628228e-07, 0.0001206720714 (rel.)
GMRES: iter = 31, residual = 1.969332433e-07, 8.712456545e-05 (rel.)
GMRES: Solve Time = 7.004545924
AMG setup messages level=0 phase=strength sends=0 bytes=0 collective_rank_calls=56
AMG setup messages level=0 phase=strength-transpose sends=318 bytes=15541480 collective_rank_calls=56
AMG setup messages level=0 phase=PMIS sends=6184 bytes=46684400 collective_rank_calls=504
AMG setup messages level=0 phase=numbering sends=0 bytes=0 collective_rank_calls=56
AMG setup messages level=0 phase=interpolation sends=1908 bytes=19551036 collective_rank_calls=56
AMG setup messages level=0 phase=interpolation-transpose sends=676 bytes=13561216 collective_rank_calls=56
AMG setup messages level=0 phase=A*P sends=1092 bytes=53532880 collective_rank_calls=56
AMG setup messages level=0 phase=R*(A*P) sends=2028 bytes=102897232 collective_rank_calls=56
AMG setup messages level=1 phase=strength sends=0 bytes=0 collective_rank_calls=56
AMG setup messages level=1 phase=strength-transpose sends=759 bytes=18354088 collective_rank_calls=56
AMG setup messages level=1 phase=PMIS sends=16710 bytes=34626984 collective_rank_calls=616
AMG setup messages level=1 phase=numbering sends=0 bytes=0 collective_rank_calls=56
AMG setup messages level=1 phase=interpolation sends=4533 bytes=20488292 collective_rank_calls=56
AMG setup messages level=1 phase=interpolation-transpose sends=750 bytes=11127712 collective_rank_calls=56
AMG setup messages level=1 phase=A*P sends=2514 bytes=64679968 collective_rank_calls=56
AMG setup messages level=1 phase=R*(A*P) sends=2250 bytes=205993184 collective_rank_calls=56
AMG setup messages level=2 phase=strength sends=0 bytes=0 collective_rank_calls=56
AMG setup messages level=2 phase=strength-transpose sends=778 bytes=8615476 collective_rank_calls=56
AMG setup messages level=2 phase=PMIS sends=17332 bytes=11812600 collective_rank_calls=616
AMG setup messages level=2 phase=numbering sends=0 bytes=0 collective_rank_calls=56
AMG setup messages level=2 phase=interpolation sends=4635 bytes=8331368 collective_rank_calls=56
AMG setup messages level=2 phase=interpolation-transpose sends=744 bytes=3061952 collective_rank_calls=56
AMG setup messages level=2 phase=A*P sends=2592 bytes=25270304 collective_rank_calls=56
AMG setup messages level=2 phase=R*(A*P) sends=2232 bytes=90029696 collective_rank_calls=56
AMG setup messages level=3 phase=strength sends=0 bytes=0 collective_rank_calls=56
AMG setup messages level=3 phase=strength-transpose sends=763 bytes=1666592 collective_rank_calls=56
AMG setup messages level=3 phase=PMIS sends=14024 bytes=2316944 collective_rank_calls=504
AMG setup messages level=3 phase=numbering sends=0 bytes=0 collective_rank_calls=56
AMG setup messages level=3 phase=interpolation sends=4530 bytes=1867668 collective_rank_calls=56
AMG setup messages level=3 phase=interpolation-transpose sends=681 bytes=702576 collective_rank_calls=56
AMG setup messages level=3 phase=A*P sends=2832 bytes=8697056 collective_rank_calls=56
AMG setup messages level=3 phase=R*(A*P) sends=2043 bytes=26273712 collective_rank_calls=56
AMG setup messages level=4 phase=strength sends=0 bytes=0 collective_rank_calls=56
AMG setup messages level=4 phase=strength-transpose sends=648 bytes=337960 collective_rank_calls=56
AMG setup messages level=4 phase=PMIS sends=9712 bytes=553104 collective_rank_calls=392
AMG setup messages level=4 phase=numbering sends=0 bytes=0 collective_rank_calls=56
AMG setup messages level=4 phase=interpolation sends=3714 bytes=303140 collective_rank_calls=56
AMG setup messages level=4 phase=interpolation-transpose sends=553 bytes=241760 collective_rank_calls=56
AMG setup messages level=4 phase=A*P sends=4734 bytes=3958128 collective_rank_calls=56
AMG setup messages level=4 phase=R*(A*P) sends=1659 bytes=7742000 collective_rank_calls=56
AMG setup messages level=5 phase=strength sends=0 bytes=0 collective_rank_calls=56
AMG setup messages level=5 phase=strength-transpose sends=403 bytes=95336 collective_rank_calls=56
AMG setup messages level=5 phase=PMIS sends=4069 bytes=127400 collective_rank_calls=224
AMG setup messages level=5 phase=numbering sends=0 bytes=0 collective_rank_calls=56
AMG setup messages level=5 phase=interpolation sends=2187 bytes=43472 collective_rank_calls=56
AMG setup messages level=5 phase=interpolation-transpose sends=262 bytes=59712 collective_rank_calls=56
AMG setup messages level=5 phase=A*P sends=5886 bytes=1404336 collective_rank_calls=56
AMG setup messages level=5 phase=R*(A*P) sends=786 bytes=1478816 collective_rank_calls=56
AMG setup messages level=6 phase=strength sends=0 bytes=0 collective_rank_calls=56
AMG setup messages level=6 phase=strength-transpose sends=117 bytes=20688 collective_rank_calls=56
AMG setup messages level=6 phase=PMIS sends=795 bytes=30928 collective_rank_calls=112
AMG setup messages level=6 phase=numbering sends=0 bytes=0 collective_rank_calls=56
AMG setup messages level=6 phase=interpolation sends=534 bytes=4292 collective_rank_calls=56
AMG setup messages level=6 phase=interpolation-transpose sends=55 bytes=11568 collective_rank_calls=56
AMG setup messages level=6 phase=A*P sends=2148 bytes=226496 collective_rank_calls=56
AMG setup messages level=6 phase=R*(A*P) sends=165 bytes=29376 collective_rank_calls=56
GMRES: iter = 0, residual = 1.16920126e-05, 1 (rel.)
GMRES: iter = 1, residual = 5.814593659e-06, 0.4973133247 (rel.)
GMRES: iter = 2, residual = 3.321426692e-06, 0.2840765577 (rel.)
GMRES: iter = 3, residual = 1.333137711e-06, 0.1140212346 (rel.)
GMRES: iter = 4, residual = 3.677421671e-07, 0.03145242651 (rel.)
GMRES: iter = 5, residual = 1.504946742e-07, 0.01287157988 (rel.)
GMRES: iter = 6, residual = 9.801282506e-08, 0.008382887397 (rel.)
GMRES: iter = 7, residual = 7.776167153e-08, 0.006650837131 (rel.)
GMRES: iter = 8, residual = 6.324306644e-08, 0.005409082988 (rel.)
GMRES: iter = 9, residual = 4.901026056e-08, 0.004191772815 (rel.)
GMRES: iter = 10, residual = 3.653448427e-08, 0.003124738702 (rel.)
GMRES: iter = 11, residual = 2.636792035e-08, 0.002255208 (rel.)
GMRES: iter = 12, residual = 1.910339544e-08, 0.001633884267 (rel.)
GMRES: iter = 13, residual = 1.452019436e-08, 0.001241890071 (rel.)
GMRES: iter = 14, residual = 1.132555308e-08, 0.0009686572761 (rel.)
GMRES: iter = 15, residual = 8.696281018e-09, 0.0007437796482 (rel.)
GMRES: iter = 16, residual = 6.573932063e-09, 0.00056225838 (rel.)
GMRES: iter = 17, residual = 4.902625496e-09, 0.0004193140791 (rel.)
GMRES: iter = 18, residual = 3.602145012e-09, 0.0003080859673 (rel.)
GMRES: iter = 19, residual = 2.579345707e-09, 0.0002206075032 (rel.)
GMRES: iter = 20, residual = 1.831822883e-09, 0.0001566730165 (rel.)
GMRES: iter = 21, residual = 1.320380673e-09, 0.0001129301446 (rel.)
GMRES: iter = 22, residual = 9.649155308e-10, 8.252775325e-05 (rel.)
GMRES: Solve Time = 4.886648115
FLD cloud AMR Newton-Krylov iterations=8/304, change=1.573221659e-07, residual=1.677629232e-06, transmission=0.792297016
FLD 3-D Penrose cloud: case=amr, fine_n=256, opacity contrast=100000, cells=4390912, limiter=on, mixed cells=260568, cloudy volume relative error=1.4638438e-16, transmission=0.792297016, balance error=3.405089121e-12, Newton/Krylov iterations=8/304, nonlinear residual=1.677629232e-06, E range=[1.980725597,2.031579751], whole-case wall=127.16031 s, preconditioner=amg, AMG backend=native, linear iterations=505, max true relative residual=2.451173638e-10, aggregate setup=32.99655118 s, aggregate solve=21.46475048 s


TinyProfiler total time across processes [min...avg...max]: 127.2 ... 127.2 ... 127.2

-------------------------------------------------------------------------------------------
Name                                        NCalls  Excl. Min  Excl. Avg  Excl. Max   Max %
-------------------------------------------------------------------------------------------
SpMV                                         46285      21.22      25.88      35.18  27.66%
SpMatrix::finishComm_mv                      46285      7.457      18.36      23.89  18.78%
SpGEMM                                         600      8.431      11.69      19.01  14.95%
FLD::composite_assembly                        347      8.789      9.914      12.19   9.59%
SpMatrix::prepare_comm_mv                    48186     0.5813      6.577      9.518   7.49%
AMG::setup                                      28     0.4204      5.379      7.643   6.01%
SpMatrix::split_csr                          50284      4.943      5.606      6.983   5.49%
FabArray::ParallelCopy_finish()              13570      2.518      5.515      6.584   5.18%
FLD::MLABecLapAMG::assemble                    347      0.803      4.233      5.946   4.68%
GMRES::GramSchmidt                             505      4.365      4.981      5.249   4.13%
FabArray::setVal()                           13212      1.365      1.976      4.938   3.88%
SpMatrix::define_split                        1400       1.96      3.174      4.329   3.40%
ChebyshevSmoother                             8083      2.692      3.257      4.253   3.34%
FabArray::Saxpy()                            26776      1.997      2.264      3.005   2.36%
amrex::Copy()                                12778      1.569      1.938      3.005   2.36%
SpMatrix::startComm_mv                       46285       0.97      1.655      2.746   2.16%
SpMatrix::startComm_tr                         400      0.291      1.791      2.479   1.95%
FLD::MLABecLapAMG::apply                       319        1.2      1.452      2.018   1.59%
FLD::MLABecLapAMG::precondition                312      1.079      1.334      1.891   1.49%
AMG::build_interp_mm                           200     0.8698      1.048      1.619   1.27%
AMG::create_soc                                200     0.7437     0.9164      1.367   1.07%
FillBoundary_finish()                         4838     0.2128     0.8108      1.288   1.01%
FLD::cloud_linearized_residual                 304     0.6068     0.7504      1.259   0.99%
FabArray::ParallelCopy_nowait()              13570      0.186      0.472      1.016   0.80%
FLD::compute_diffusion                         348     0.4682     0.5755     0.9499   0.75%
AMG::truncate_interp                           200     0.4827     0.5932     0.9301   0.73%
SpMatrix::finishComm_tr                        400     0.1626     0.3407     0.8651   0.68%
SpMatrix::preparePairHalo                      200     0.1794     0.5703     0.7063   0.56%
GMRES::cycle()                                  28     0.1591      0.505     0.6237   0.49%
AMG::pmis                                      200     0.4088     0.4546     0.5601   0.44%
SpMatrix::transpose                            400     0.3488     0.4051     0.5194   0.41%
AMG::vcycle                                    533     0.2393     0.3355     0.5054   0.40%
FLD::MLABecLapAMG::residual                    319     0.3159     0.3682     0.4866   0.38%
FillBoundary_nowait()                         4838     0.1497     0.2621     0.4152   0.33%
SpMatrix::gatherRemote                        1961    0.09272     0.2895     0.3671   0.29%
FLD::composite_topology                          2     0.2676     0.2846     0.3256   0.26%
FLD::NewtonKrylov::Jacobian_action             304     0.1864     0.2268     0.3001   0.24%
SpMatrix::trim_remote_rows                    1632     0.1713     0.1899     0.2428   0.19%
FLD::MLABecLapAMG::solve                        20     0.1349     0.1584     0.1791   0.14%
amrex::average_down                           1007     0.1024      0.126     0.1546   0.12%
SpMatrix::gather_pair_plan                    1561    0.06428    0.07966      0.103   0.08%
FLD::cloud_predictor                            20    0.04759     0.0592    0.09142   0.07%
GMRES:build_solution()                          28    0.03187    0.04849    0.09139   0.07%
FLD::cloud_residual                             15    0.02962    0.03679    0.06219   0.05%
CellConservativeLinear::interp()               794          0    0.02945    0.05202   0.04%
FabArray::mult()                              1232     0.0243    0.02932    0.04549   0.04%
FabArrayBase::CPC::define()                   3825    0.01392    0.02401    0.03909   0.03%
FLD::cloud_newton_prepare                        8    0.01803    0.02182    0.03835   0.03%
FLD::cloud_field_initialization                  1    0.01559    0.02145    0.03827   0.03%
FabArray::ParallelCopy()                     13570    0.01367    0.01541    0.01817   0.01%
FLD::run_cloud                                   1   0.004232   0.008905    0.01807   0.01%
FLD::NewtonKrylov::line_search                   8   0.008679    0.01373    0.01754   0.01%
FLD::NewtonKrylov::solve                         1   0.007914    0.01164    0.01498   0.01%
SpMatrix::gatherRemotePair                    1561   0.003683   0.006875    0.01424   0.01%
FillPatchTwoLevels                            1390   0.007324    0.01029    0.01246   0.01%
FLD::cloud_setup                                 1   0.007648   0.009836    0.01202   0.01%
FabArrayBase::getCPC()                        4832   0.004914   0.007416   0.009299   0.01%
GMRES::solve()                                  28   0.004321   0.006884   0.008119   0.01%
FLD::MLABecLapAMG::preconditioner_cycle        533   0.002849   0.003492   0.004742   0.00%
FabArray::FillBoundary()                      5476   0.002705   0.003032    0.00354   0.00%
FLD::cloud_precondition                        312   0.001464    0.00198    0.00312   0.00%
amrex::average_down_w_geom                    1007  0.0006372    0.00126   0.002139   0.00%
FillPatchSingleLevel                          2780  0.0009838   0.001111   0.001415   0.00%
FillPatchInterp(Fab)                          1390  0.0004983  0.0009616   0.001338   0.00%
FLD::NewtonKrylov::prepare                       8  1.146e-05  1.841e-05  2.602e-05   0.00%
FLD::cloud_predictors                            1  1.415e-05   1.71e-05  2.313e-05   0.00%
FLD::NewtonKrylov::linear_solve                  8  9.357e-06  1.627e-05  2.266e-05   0.00%
Other                                         9016    0.01688    0.02758    0.04765   0.04%
-------------------------------------------------------------------------------------------

-------------------------------------------------------------------------------------------
Name                                        NCalls  Incl. Min  Incl. Avg  Incl. Max   Max %
-------------------------------------------------------------------------------------------
FLD::run_cloud                                   1      127.1      127.2      127.2 100.00%
GMRES::solve()                                  28      91.44      91.46      91.48  71.94%
GMRES::cycle()                                  28      91.43      91.45      91.47  71.93%
FLD::NewtonKrylov::solve                         1      81.09      81.09      81.09  63.77%
FLD::NewtonKrylov::linear_solve                  8      69.99         70         70  55.05%
SpMV                                         46285      51.36      53.57      54.83  43.12%
FLD::MLABecLapAMG::assemble                    347      51.29      52.08      52.33  41.15%
FLD::MLABecLapAMG::preconditioner_cycle        533       46.8      47.69      48.21  37.91%
AMG::vcycle                                    533       46.8      47.68       48.2  37.91%
FLD::cloud_predictors                            1      45.64      45.68      45.69  35.93%
FLD::cloud_predictor                            20      45.64      45.68      45.69  35.93%
ChebyshevSmoother                             8083      37.02      38.06      39.38  30.97%
FLD::NewtonKrylov::Jacobian_action             304      32.85      32.96      33.05  25.99%
FLD::cloud_linearized_residual                 304      32.41       32.5      32.56  25.61%
AMG::setup                                      28      30.96      31.45      31.65  24.89%
FLD::cloud_precondition                        312      30.52      30.62      30.67  24.12%
FLD::MLABecLapAMG::precondition                312      30.41      30.54      30.61  24.08%
SpMatrix::finishComm_mv                      46285      7.457      18.36      23.89  18.78%
SpGEMM                                         600      15.86      18.13      22.76  17.90%
FLD::MLABecLapAMG::solve                        20      21.73      21.74      21.75  17.10%
FLD::composite_assembly                        347      13.21      14.59       16.6  13.06%
FLD::MLABecLapAMG::residual                    319      12.11      12.18      12.27   9.65%
FLD::MLABecLapAMG::apply                       319       11.2      11.26      11.37   8.94%
SpMatrix::prepare_comm_mv                    48186     0.5822      6.578      9.519   7.49%
FLD::NewtonKrylov::prepare                       8      9.435      9.436      9.441   7.42%
FLD::cloud_newton_prepare                        8      9.435      9.436      9.441   7.42%
FabArray::ParallelCopy()                     13570      6.013      7.551      8.287   6.52%
GMRES::GramSchmidt                             505       6.93      7.099       7.37   5.80%
SpMatrix::split_csr                          50284      5.052      5.722      7.124   5.60%
FabArray::ParallelCopy_finish()              13570      2.518      5.515      6.584   5.18%
FabArray::setVal()                           13212      1.365      1.976      4.938   3.88%
SpMatrix::startComm_mv                       46285      2.535       3.97      4.595   3.61%
SpMatrix::define_split                        1400      2.022      3.248      4.429   3.48%
AMG::build_interp_mm                           200      3.138      3.601      4.386   3.45%
FabArray::ParallelCopy_nowait()              13570      1.598      2.021      3.498   2.75%
SpMatrix::transpose                            400      1.637      2.537      3.027   2.38%
FabArray::Saxpy()                            26776      1.997      2.264      3.005   2.36%
amrex::Copy()                                12778      1.569      1.938      3.005   2.36%
GMRES:build_solution()                          28      2.664      2.679      2.706   2.13%
SpMatrix::startComm_tr                         400     0.2911      1.792      2.479   1.95%
amrex::average_down_w_geom                    1007     0.3332      1.344      1.931   1.52%
amrex::average_down                           1007     0.3325      1.343      1.929   1.52%
AMG::create_soc                                200      1.222      1.403      1.833   1.44%
FLD::cloud_residual                             15      1.597        1.6      1.604   1.26%
FabArray::FillBoundary()                      5476     0.4434      1.078      1.566   1.23%
FLD::NewtonKrylov::line_search                   8      1.515      1.518       1.52   1.20%
AMG::pmis                                      200       0.89       1.27      1.403   1.10%
FLD::compute_diffusion                         348      1.175       1.23      1.375   1.08%
FillBoundary_finish()                         4838     0.2128     0.8108      1.288   1.01%
AMG::truncate_interp                           200     0.6302       0.76      1.117   0.88%
FillPatchTwoLevels                            1390     0.4227     0.6051     0.9283   0.73%
SpMatrix::finishComm_tr                        400     0.1626     0.3407     0.8651   0.68%
FillPatchSingleLevel                          2780     0.1731     0.3214     0.7595   0.60%
SpMatrix::preparePairHalo                      200     0.1794     0.5703     0.7063   0.56%
FillBoundary_nowait()                         4838     0.1517      0.264      0.417   0.33%
FLD::cloud_setup                                 1     0.3564     0.3739     0.4089   0.32%
SpMatrix::gatherRemote                        1961    0.09305     0.2899     0.3677   0.29%
FLD::composite_topology                          2     0.3056     0.3232     0.3598   0.28%
SpMatrix::trim_remote_rows                    1632     0.1713     0.1899     0.2428   0.19%
SpMatrix::gatherRemotePair                    1561    0.06904    0.08653     0.1169   0.09%
SpMatrix::gather_pair_plan                    1561    0.06428    0.07966      0.103   0.08%
FillPatchInterp(Fab)                          1390  0.0004983    0.03041    0.05325   0.04%
CellConservativeLinear::interp()               794          0    0.02945    0.05202   0.04%
FabArray::mult()                              1232     0.0243    0.02932    0.04549   0.04%
FabArrayBase::getCPC()                        4832    0.02082    0.03142    0.04522   0.04%
FLD::cloud_field_initialization                  1    0.03898    0.03939    0.03978   0.03%
FabArrayBase::CPC::define()                   3825    0.01392    0.02401    0.03909   0.03%
Other                                         9016    0.03166    0.05389     0.1008   0.08%
-------------------------------------------------------------------------------------------

Async Memory Usage:
---------------------------------------------------------------------------------------------------
Name                 Nalloc  AvgMem min  AvgMem avg  AvgMem max  MaxMem min  MaxMem avg  MaxMem max
---------------------------------------------------------------------------------------------------
amrex::average_down  128896      31   B      91   B     122   B    8192   B    9362   B      12 KiB
---------------------------------------------------------------------------------------------------

Pinned Memory Usage:
---------------------------------------------------------------------------------------------------------------
Name                             Nalloc  AvgMem min  AvgMem avg  AvgMem max  MaxMem min  MaxMem avg  MaxMem max
---------------------------------------------------------------------------------------------------------------
FLD::composite_assembly            8328       0   B     764 KiB    5439 KiB       0   B    7076 KiB      48 MiB
FLD::composite_topology             816    1462   B    7329   B      39 KiB    1120 KiB    3810 KiB      18 MiB
The_Pinned_Arena::Initialize()       56       0   B       0   B       0   B    8192 KiB    8192 KiB    8192 KiB
FLD::MLABecLapAMG::assemble      330344    1472 KiB    1771 KiB    2858 KiB    3632 KiB    4410 KiB    7264 KiB
SpGEMM                            29036    8041   B      37 KiB     147 KiB     824 KiB    1828 KiB    4973 KiB
FLD::MLABecLapAMG::apply          86768      89 KiB     108 KiB     178 KiB    1024 KiB    1243 KiB    2048 KiB
FLD::MLABecLapAMG::precondition   84864     245 KiB     297 KiB     487 KiB    1024 KiB    1243 KiB    2048 KiB
FLD::MLABecLapAMG::residual       86768    6953   B    8605   B      13 KiB    1024 KiB    1243 KiB    2048 KiB
FLD::MLABecLapAMG::solve           5440     175 KiB     212 KiB     349 KiB    1024 KiB    1243 KiB    2048 KiB
SpMatrix::finishComm_tr           69308     155   B     828   B    3680   B     175 KiB     332 KiB     708 KiB
SpMatrix::startComm_tr            63168    2799   B    3865   B    4750   B     167 KiB     284 KiB     493 KiB
---------------------------------------------------------------------------------------------------------------

Cpu Memory Usage:
-------------------------------------------------------------------------------------------------------------------
Name                                 Nalloc  AvgMem min  AvgMem avg  AvgMem max  MaxMem min  MaxMem avg  MaxMem max
-------------------------------------------------------------------------------------------------------------------
GMRES::cycle()                        40256    5748 KiB    6980 KiB      11 MiB      23 MiB      28 MiB      47 MiB
FLD::cloud_setup                       2856      10 MiB      13 MiB      21 MiB      10 MiB      13 MiB      21 MiB
SpGEMM                                89362      16 KiB      56 KiB     191 KiB    3063 KiB    5409 KiB      10 MiB
FLD::NewtonKrylov::solve               3536    1294 KiB    1571 KiB    2588 KiB    2765 KiB    3357 KiB    5530 KiB
FabArray::ParallelCopy_nowait()      307894      18 KiB      36 KiB     148 KiB     544 KiB    1215 KiB    5168 KiB
GMRES::solve()                         4352    1183 KiB    1437 KiB    2367 KiB    2150 KiB    2611 KiB    4301 KiB
FLD::NewtonKrylov::Jacobian_action    41344     157 KiB     192 KiB     316 KiB     614 KiB     746 KiB    1229 KiB
FLD::cloud_linearized_residual        41344     100 KiB     122 KiB     200 KiB     614 KiB     746 KiB    1229 KiB
FLD::cloud_newton_prepare              1088      45 KiB      55 KiB      91 KiB     614 KiB     746 KiB    1229 KiB
FLD::cloud_predictor                   5440     220 KiB     267 KiB     441 KiB     614 KiB     746 KiB    1229 KiB
FLD::cloud_residual                    2040    5071   B    6157   B       9 KiB     614 KiB     746 KiB    1229 KiB
FillBoundary_nowait()                376352     399   B    1151   B    2000   B     176 KiB     303 KiB     427 KiB
SpMatrix::startComm_mv              4005832      29 KiB      54 KiB     115 KiB      97 KiB     180 KiB     382 KiB
SpMatrix::gather_pair_plan           172194      19   B      40   B     102   B      97 KiB     177 KiB     376 KiB
SpMatrix::gatherRemote               208299      53   B     132   B     200   B      80 KiB     141 KiB     223 KiB
FillPatchTwoLevels                    88960       0   B      37   B      95   B       0   B      23 KiB      41 KiB
amrex::average_down                  128896      31   B      91   B     123   B    8192   B    9362   B      12 KiB
CellConservativeLinear::interp()      44480       0   B       1   B       2   B       0   B    3510   B    6144   B
-------------------------------------------------------------------------------------------------------------------

AMReX (26.09-214-gfe5bcbff5c13) finalized
