Initializing AMReX (26.09-214-gfe5bcbff5c13)...
MPI initialized with 56 MPI processes
MPI initialized with thread support level 0
AMReX (26.09-214-gfe5bcbff5c13) initialized
AMG setup messages level=0 phase=strength sends=0 bytes=0 collective_rank_calls=56
AMG setup messages level=0 phase=strength-transpose sends=318 bytes=15594472 collective_rank_calls=56
AMG setup messages level=0 phase=PMIS sends=5502 bytes=42188520 collective_rank_calls=448
AMG setup messages level=0 phase=numbering sends=0 bytes=0 collective_rank_calls=56
AMG setup messages level=0 phase=interpolation sends=1908 bytes=19678840 collective_rank_calls=56
AMG setup messages level=0 phase=interpolation-transpose sends=670 bytes=7736848 collective_rank_calls=56
AMG setup messages level=0 phase=A*P sends=1092 bytes=41671408 collective_rank_calls=56
AMG setup messages level=0 phase=R*(A*P) sends=2010 bytes=56719216 collective_rank_calls=56
AMG setup messages level=1 phase=strength sends=0 bytes=0 collective_rank_calls=56
AMG setup messages level=1 phase=strength-transpose sends=757 bytes=18242844 collective_rank_calls=56
AMG setup messages level=1 phase=PMIS sends=16690 bytes=34945928 collective_rank_calls=616
AMG setup messages level=1 phase=numbering sends=0 bytes=0 collective_rank_calls=56
AMG setup messages level=1 phase=interpolation sends=4512 bytes=20492260 collective_rank_calls=56
AMG setup messages level=1 phase=interpolation-transpose sends=728 bytes=7133184 collective_rank_calls=56
AMG setup messages level=1 phase=A*P sends=2400 bytes=39599680 collective_rank_calls=56
AMG setup messages level=1 phase=R*(A*P) sends=2184 bytes=105118096 collective_rank_calls=56
AMG setup messages level=2 phase=strength sends=0 bytes=0 collective_rank_calls=56
AMG setup messages level=2 phase=strength-transpose sends=783 bytes=7891620 collective_rank_calls=56
AMG setup messages level=2 phase=PMIS sends=15759 bytes=10883112 collective_rank_calls=560
AMG setup messages level=2 phase=numbering sends=0 bytes=0 collective_rank_calls=56
AMG setup messages level=2 phase=interpolation sends=4668 bytes=8145092 collective_rank_calls=56
AMG setup messages level=2 phase=interpolation-transpose sends=721 bytes=2144640 collective_rank_calls=56
AMG setup messages level=2 phase=A*P sends=2580 bytes=15888208 collective_rank_calls=56
AMG setup messages level=2 phase=R*(A*P) sends=2163 bytes=47753088 collective_rank_calls=56
AMG setup messages level=3 phase=strength sends=0 bytes=0 collective_rank_calls=56
AMG setup messages level=3 phase=strength-transpose sends=783 bytes=1865312 collective_rank_calls=56
AMG setup messages level=3 phase=PMIS sends=14224 bytes=2573152 collective_rank_calls=504
AMG setup messages level=3 phase=numbering sends=0 bytes=0 collective_rank_calls=56
AMG setup messages level=3 phase=interpolation sends=4656 bytes=2101444 collective_rank_calls=56
AMG setup messages level=3 phase=interpolation-transpose sends=659 bytes=521040 collective_rank_calls=56
AMG setup messages level=3 phase=A*P sends=2676 bytes=5169104 collective_rank_calls=56
AMG setup messages level=3 phase=R*(A*P) sends=1977 bytes=13307024 collective_rank_calls=56
AMG setup messages level=4 phase=strength sends=0 bytes=0 collective_rank_calls=56
AMG setup messages level=4 phase=strength-transpose sends=763 bytes=343216 collective_rank_calls=56
AMG setup messages level=4 phase=PMIS sends=11138 bytes=509096 collective_rank_calls=392
AMG setup messages level=4 phase=numbering sends=0 bytes=0 collective_rank_calls=56
AMG setup messages level=4 phase=interpolation sends=4416 bytes=419788 collective_rank_calls=56
AMG setup messages level=4 phase=interpolation-transpose sends=532 bytes=130896 collective_rank_calls=56
AMG setup messages level=4 phase=A*P sends=3864 bytes=1774848 collective_rank_calls=56
AMG setup messages level=4 phase=R*(A*P) sends=1596 bytes=2772368 collective_rank_calls=56
AMG setup messages level=5 phase=strength sends=0 bytes=0 collective_rank_calls=56
AMG setup messages level=5 phase=strength-transpose sends=519 bytes=64312 collective_rank_calls=56
AMG setup messages level=5 phase=PMIS sends=7215 bytes=109208 collective_rank_calls=336
AMG setup messages level=5 phase=numbering sends=0 bytes=0 collective_rank_calls=56
AMG setup messages level=5 phase=interpolation sends=2751 bytes=76132 collective_rank_calls=56
AMG setup messages level=5 phase=interpolation-transpose sends=246 bytes=31264 collective_rank_calls=56
AMG setup messages level=5 phase=A*P sends=4908 bytes=547136 collective_rank_calls=56
AMG setup messages level=5 phase=R*(A*P) sends=738 bytes=380416 collective_rank_calls=56
AMG setup messages level=6 phase=strength sends=0 bytes=0 collective_rank_calls=56
AMG setup messages level=6 phase=strength-transpose sends=183 bytes=19960 collective_rank_calls=56
AMG setup messages level=6 phase=PMIS sends=1686 bytes=24848 collective_rank_calls=168
AMG setup messages level=6 phase=numbering sends=0 bytes=0 collective_rank_calls=56
AMG setup messages level=6 phase=interpolation sends=819 bytes=13944 collective_rank_calls=56
AMG setup messages level=6 phase=interpolation-transpose sends=89 bytes=14464 collective_rank_calls=56
AMG setup messages level=6 phase=A*P sends=2166 bytes=134752 collective_rank_calls=56
AMG setup messages level=6 phase=R*(A*P) sends=267 bytes=30912 collective_rank_calls=56
AMG setup messages level=0 phase=strength sends=0 bytes=0 collective_rank_calls=56
AMG setup messages level=0 phase=strength-transpose sends=318 bytes=15584940 collective_rank_calls=56
AMG setup messages level=0 phase=PMIS sends=5502 bytes=42179000 collective_rank_calls=448
AMG setup messages level=0 phase=numbering sends=0 bytes=0 collective_rank_calls=56
AMG setup messages level=0 phase=interpolation sends=1908 bytes=19653144 collective_rank_calls=56
AMG setup messages level=0 phase=interpolation-transpose sends=663 bytes=8255456 collective_rank_calls=56
AMG setup messages level=0 phase=A*P sends=1092 bytes=41651776 collective_rank_calls=56
AMG setup messages level=0 phase=R*(A*P) sends=1989 bytes=59338144 collective_rank_calls=56
AMG setup messages level=1 phase=strength sends=0 bytes=0 collective_rank_calls=56
AMG setup messages level=1 phase=strength-transpose sends=750 bytes=18130096 collective_rank_calls=56
AMG setup messages level=1 phase=PMIS sends=16548 bytes=35039248 collective_rank_calls=616
AMG setup messages level=1 phase=numbering sends=0 bytes=0 collective_rank_calls=56
AMG setup messages level=1 phase=interpolation sends=4476 bytes=20532892 collective_rank_calls=56
AMG setup messages level=1 phase=interpolation-transpose sends=723 bytes=7038320 collective_rank_calls=56
AMG setup messages level=1 phase=A*P sends=2388 bytes=40039824 collective_rank_calls=56
AMG setup messages level=1 phase=R*(A*P) sends=2169 bytes=104691728 collective_rank_calls=56
AMG setup messages level=2 phase=strength sends=0 bytes=0 collective_rank_calls=56
AMG setup messages level=2 phase=strength-transpose sends=790 bytes=7850904 collective_rank_calls=56
AMG setup messages level=2 phase=PMIS sends=17620 bytes=11852000 collective_rank_calls=616
AMG setup messages level=2 phase=numbering sends=0 bytes=0 collective_rank_calls=56
AMG setup messages level=2 phase=interpolation sends=4704 bytes=8176112 collective_rank_calls=56
AMG setup messages level=2 phase=interpolation-transpose sends=726 bytes=2139760 collective_rank_calls=56
AMG setup messages level=2 phase=A*P sends=2580 bytes=15946688 collective_rank_calls=56
AMG setup messages level=2 phase=R*(A*P) sends=2178 bytes=47982208 collective_rank_calls=56
AMG setup messages level=3 phase=strength sends=0 bytes=0 collective_rank_calls=56
AMG setup messages level=3 phase=strength-transpose sends=790 bytes=1864464 collective_rank_calls=56
AMG setup messages level=3 phase=PMIS sends=16086 bytes=2850272 collective_rank_calls=560
AMG setup messages level=3 phase=numbering sends=0 bytes=0 collective_rank_calls=56
AMG setup messages level=3 phase=interpolation sends=4689 bytes=2104484 collective_rank_calls=56
AMG setup messages level=3 phase=interpolation-transpose sends=659 bytes=516128 collective_rank_calls=56
AMG setup messages level=3 phase=A*P sends=2652 bytes=5250752 collective_rank_calls=56
AMG setup messages level=3 phase=R*(A*P) sends=1977 bytes=13247648 collective_rank_calls=56
AMG setup messages level=4 phase=strength sends=0 bytes=0 collective_rank_calls=56
AMG setup messages level=4 phase=strength-transpose sends=709 bytes=320436 collective_rank_calls=56
AMG setup messages level=4 phase=PMIS sends=11929 bytes=548768 collective_rank_calls=448
AMG setup messages level=4 phase=numbering sends=0 bytes=0 collective_rank_calls=56
AMG setup messages level=4 phase=interpolation sends=4098 bytes=387300 collective_rank_calls=56
AMG setup messages level=4 phase=interpolation-transpose sends=527 bytes=133296 collective_rank_calls=56
AMG setup messages level=4 phase=A*P sends=3990 bytes=1836048 collective_rank_calls=56
AMG setup messages level=4 phase=R*(A*P) sends=1581 bytes=2908272 collective_rank_calls=56
AMG setup messages level=5 phase=strength sends=0 bytes=0 collective_rank_calls=56
AMG setup messages level=5 phase=strength-transpose sends=504 bytes=65648 collective_rank_calls=56
AMG setup messages level=5 phase=PMIS sends=6108 bytes=99744 collective_rank_calls=280
AMG setup messages level=5 phase=numbering sends=0 bytes=0 collective_rank_calls=56
AMG setup messages level=5 phase=interpolation sends=2733 bytes=66888 collective_rank_calls=56
AMG setup messages level=5 phase=interpolation-transpose sends=239 bytes=34432 collective_rank_calls=56
AMG setup messages level=5 phase=A*P sends=5238 bytes=618336 collective_rank_calls=56
AMG setup messages level=5 phase=R*(A*P) sends=717 bytes=445760 collective_rank_calls=56
AMG setup messages level=6 phase=strength sends=0 bytes=0 collective_rank_calls=56
AMG setup messages level=6 phase=strength-transpose sends=178 bytes=20620 collective_rank_calls=56
AMG setup messages level=6 phase=PMIS sends=1684 bytes=27312 collective_rank_calls=168
AMG setup messages level=6 phase=numbering sends=0 bytes=0 collective_rank_calls=56
AMG setup messages level=6 phase=interpolation sends=978 bytes=11304 collective_rank_calls=56
AMG setup messages level=6 phase=interpolation-transpose sends=80 bytes=8992 collective_rank_calls=56
AMG setup messages level=6 phase=A*P sends=2070 bytes=108064 collective_rank_calls=56
AMG setup messages level=6 phase=R*(A*P) sends=240 bytes=38032 collective_rank_calls=56
AMG setup messages level=7 phase=strength sends=0 bytes=0 collective_rank_calls=56
AMG setup messages level=7 phase=strength-transpose sends=19 bytes=1460 collective_rank_calls=56
AMG setup messages level=7 phase=PMIS sends=121 bytes=1796 collective_rank_calls=112
AMG setup messages level=7 phase=numbering sends=0 bytes=0 collective_rank_calls=56
AMG setup messages level=7 phase=interpolation sends=60 bytes=412 collective_rank_calls=56
AMG setup messages level=7 phase=interpolation-transpose sends=16 bytes=1584 collective_rank_calls=56
AMG setup messages level=7 phase=A*P sends=222 bytes=6048 collective_rank_calls=56
AMG setup messages level=7 phase=R*(A*P) sends=48 bytes=2144 collective_rank_calls=56
AMG setup messages level=0 phase=strength sends=0 bytes=0 collective_rank_calls=56
AMG setup messages level=0 phase=strength-transpose sends=318 bytes=15581036 collective_rank_calls=56
AMG setup messages level=0 phase=PMIS sends=5502 bytes=42175108 collective_rank_calls=448
AMG setup messages level=0 phase=numbering sends=0 bytes=0 collective_rank_calls=56
AMG setup messages level=0 phase=interpolation sends=1908 bytes=19646860 collective_rank_calls=56
AMG setup messages level=0 phase=interpolation-transpose sends=664 bytes=8238784 collective_rank_calls=56
AMG setup messages level=0 phase=A*P sends=1092 bytes=41652688 collective_rank_calls=56
AMG setup messages level=0 phase=R*(A*P) sends=1992 bytes=59249680 collective_rank_calls=56
AMG setup messages level=1 phase=strength sends=0 bytes=0 collective_rank_calls=56
AMG setup messages level=1 phase=strength-transpose sends=754 bytes=18099996 collective_rank_calls=56
AMG setup messages level=1 phase=PMIS sends=15124 bytes=32134340 collective_rank_calls=560
AMG setup messages level=1 phase=numbering sends=0 bytes=0 collective_rank_calls=56
AMG setup messages level=1 phase=interpolation sends=4500 bytes=20493440 collective_rank_calls=56
AMG setup messages level=1 phase=interpolation-transpose sends=731 bytes=7021056 collective_rank_calls=56
AMG setup messages level=1 phase=A*P sends=2406 bytes=40058432 collective_rank_calls=56
AMG setup messages level=1 phase=R*(A*P) sends=2193 bytes=104510160 collective_rank_calls=56
AMG setup messages level=2 phase=strength sends=0 bytes=0 collective_rank_calls=56
AMG setup messages level=2 phase=strength-transpose sends=796 bytes=7801508 collective_rank_calls=56
AMG setup messages level=2 phase=PMIS sends=16074 bytes=10870260 collective_rank_calls=560
AMG setup messages level=2 phase=numbering sends=0 bytes=0 collective_rank_calls=56
AMG setup messages level=2 phase=interpolation sends=4761 bytes=8141704 collective_rank_calls=56
AMG setup messages level=2 phase=interpolation-transpose sends=732 bytes=2128608 collective_rank_calls=56
AMG setup messages level=2 phase=A*P sends=2592 bytes=15984704 collective_rank_calls=56
AMG setup messages level=2 phase=R*(A*P) sends=2196 bytes=47990368 collective_rank_calls=56
AMG setup messages level=3 phase=strength sends=0 bytes=0 collective_rank_calls=56
AMG setup messages level=3 phase=strength-transpose sends=784 bytes=1816320 collective_rank_calls=56
AMG setup messages level=3 phase=PMIS sends=14372 bytes=2599360 collective_rank_calls=504
AMG setup messages level=3 phase=numbering sends=0 bytes=0 collective_rank_calls=56
AMG setup messages level=3 phase=interpolation sends=4677 bytes=2079088 collective_rank_calls=56
AMG setup messages level=3 phase=interpolation-transpose sends=663 bytes=521840 collective_rank_calls=56
AMG setup messages level=3 phase=A*P sends=2646 bytes=5276624 collective_rank_calls=56
AMG setup messages level=3 phase=R*(A*P) sends=1989 bytes=13387312 collective_rank_calls=56
AMG setup messages level=4 phase=strength sends=0 bytes=0 collective_rank_calls=56
AMG setup messages level=4 phase=strength-transpose sends=698 bytes=298880 collective_rank_calls=56
AMG setup messages level=4 phase=PMIS sends=11762 bytes=521564 collective_rank_calls=448
AMG setup messages level=4 phase=numbering sends=0 bytes=0 collective_rank_calls=56
AMG setup messages level=4 phase=interpolation sends=4032 bytes=351680 collective_rank_calls=56
AMG setup messages level=4 phase=interpolation-transpose sends=502 bytes=130128 collective_rank_calls=56
AMG setup messages level=4 phase=A*P sends=4014 bytes=1851440 collective_rank_calls=56
AMG setup messages level=4 phase=R*(A*P) sends=1506 bytes=2918240 collective_rank_calls=56
AMG setup messages level=5 phase=strength sends=0 bytes=0 collective_rank_calls=56
AMG setup messages level=5 phase=strength-transpose sends=431 bytes=59760 collective_rank_calls=56
AMG setup messages level=5 phase=PMIS sends=5192 bytes=88544 collective_rank_calls=280
AMG setup messages level=5 phase=numbering sends=0 bytes=0 collective_rank_calls=56
AMG setup messages level=5 phase=interpolation sends=2301 bytes=56384 collective_rank_calls=56
AMG setup messages level=5 phase=interpolation-transpose sends=279 bytes=35984 collective_rank_calls=56
AMG setup messages level=5 phase=A*P sends=4878 bytes=608832 collective_rank_calls=56
AMG setup messages level=5 phase=R*(A*P) sends=837 bytes=562288 collective_rank_calls=56
AMG setup messages level=6 phase=strength sends=0 bytes=0 collective_rank_calls=56
AMG setup messages level=6 phase=strength-transpose sends=189 bytes=18912 collective_rank_calls=56
AMG setup messages level=6 phase=PMIS sends=1722 bytes=26808 collective_rank_calls=168
AMG setup messages level=6 phase=numbering sends=0 bytes=0 collective_rank_calls=56
AMG setup messages level=6 phase=interpolation sends=885 bytes=12640 collective_rank_calls=56
AMG setup messages level=6 phase=interpolation-transpose sends=134 bytes=15072 collective_rank_calls=56
AMG setup messages level=6 phase=A*P sends=3156 bytes=223360 collective_rank_calls=56
AMG setup messages level=6 phase=R*(A*P) sends=402 bytes=119120 collective_rank_calls=56
AMG setup messages level=7 phase=strength sends=0 bytes=0 collective_rank_calls=56
AMG setup messages level=7 phase=strength-transpose sends=46 bytes=3764 collective_rank_calls=56
AMG setup messages level=7 phase=PMIS sends=268 bytes=4308 collective_rank_calls=112
AMG setup messages level=7 phase=numbering sends=0 bytes=0 collective_rank_calls=56
AMG setup messages level=7 phase=interpolation sends=204 bytes=1776 collective_rank_calls=56
AMG setup messages level=7 phase=interpolation-transpose sends=19 bytes=1936 collective_rank_calls=56
AMG setup messages level=7 phase=A*P sends=552 bytes=18848 collective_rank_calls=56
AMG setup messages level=7 phase=R*(A*P) sends=57 bytes=2656 collective_rank_calls=56
AMG setup messages level=0 phase=strength sends=0 bytes=0 collective_rank_calls=56
AMG setup messages level=0 phase=strength-transpose sends=318 bytes=15577704 collective_rank_calls=56
AMG setup messages level=0 phase=PMIS sends=5502 bytes=42171776 collective_rank_calls=448
AMG setup messages level=0 phase=numbering sends=0 bytes=0 collective_rank_calls=56
AMG setup messages level=0 phase=interpolation sends=1908 bytes=19655472 collective_rank_calls=56
AMG setup messages level=0 phase=interpolation-transpose sends=663 bytes=8250224 collective_rank_calls=56
AMG setup messages level=0 phase=A*P sends=1092 bytes=41656224 collective_rank_calls=56
AMG setup messages level=0 phase=R*(A*P) sends=1989 bytes=59335456 collective_rank_calls=56
AMG setup messages level=1 phase=strength sends=0 bytes=0 collective_rank_calls=56
AMG setup messages level=1 phase=strength-transpose sends=752 bytes=18073524 collective_rank_calls=56
AMG setup messages level=1 phase=PMIS sends=18126 bytes=37849376 collective_rank_calls=672
AMG setup messages level=1 phase=numbering sends=0 bytes=0 collective_rank_calls=56
AMG setup messages level=1 phase=interpolation sends=4482 bytes=20458392 collective_rank_calls=56
AMG setup messages level=1 phase=interpolation-transpose sends=736 bytes=6995088 collective_rank_calls=56
AMG setup messages level=1 phase=A*P sends=2394 bytes=39996448 collective_rank_calls=56
AMG setup messages level=1 phase=R*(A*P) sends=2208 bytes=104340560 collective_rank_calls=56
AMG setup messages level=2 phase=strength sends=0 bytes=0 collective_rank_calls=56
AMG setup messages level=2 phase=strength-transpose sends=788 bytes=7743424 collective_rank_calls=56
AMG setup messages level=2 phase=PMIS sends=15870 bytes=10864968 collective_rank_calls=560
AMG setup messages level=2 phase=numbering sends=0 bytes=0 collective_rank_calls=56
AMG setup messages level=2 phase=interpolation sends=4698 bytes=8157928 collective_rank_calls=56
AMG setup messages level=2 phase=interpolation-transpose sends=720 bytes=2113440 collective_rank_calls=56
AMG setup messages level=2 phase=A*P sends=2592 bytes=15983616 collective_rank_calls=56
AMG setup messages level=2 phase=R*(A*P) sends=2160 bytes=48042528 collective_rank_calls=56
AMG setup messages level=3 phase=strength sends=0 bytes=0 collective_rank_calls=56
AMG setup messages level=3 phase=strength-transpose sends=787 bytes=1786776 collective_rank_calls=56
AMG setup messages level=3 phase=PMIS sends=16059 bytes=2863304 collective_rank_calls=560
AMG setup messages level=3 phase=numbering sends=0 bytes=0 collective_rank_calls=56
AMG setup messages level=3 phase=interpolation sends=4695 bytes=2058708 collective_rank_calls=56
AMG setup messages level=3 phase=interpolation-transpose sends=658 bytes=538624 collective_rank_calls=56
AMG setup messages level=3 phase=A*P sends=2670 bytes=5365600 collective_rank_calls=56
AMG setup messages level=3 phase=R*(A*P) sends=1974 bytes=13825152 collective_rank_calls=56
AMG setup messages level=4 phase=strength sends=0 bytes=0 collective_rank_calls=56
AMG setup messages level=4 phase=strength-transpose sends=662 bytes=272296 collective_rank_calls=56
AMG setup messages level=4 phase=PMIS sends=9812 bytes=436936 collective_rank_calls=392
AMG setup messages level=4 phase=numbering sends=0 bytes=0 collective_rank_calls=56
AMG setup messages level=4 phase=interpolation sends=3819 bytes=306128 collective_rank_calls=56
AMG setup messages level=4 phase=interpolation-transpose sends=516 bytes=132000 collective_rank_calls=56
AMG setup messages level=4 phase=A*P sends=3978 bytes=1896176 collective_rank_calls=56
AMG setup messages level=4 phase=R*(A*P) sends=1548 bytes=3120416 collective_rank_calls=56
AMG setup messages level=5 phase=strength sends=0 bytes=0 collective_rank_calls=56
AMG setup messages level=5 phase=strength-transpose sends=547 bytes=68888 collective_rank_calls=56
AMG setup messages level=5 phase=PMIS sends=7635 bytes=124700 collective_rank_calls=336
AMG setup messages level=5 phase=numbering sends=0 bytes=0 collective_rank_calls=56
AMG setup messages level=5 phase=interpolation sends=2991 bytes=68628 collective_rank_calls=56
AMG setup messages level=5 phase=interpolation-transpose sends=253 bytes=40272 collective_rank_calls=56
AMG setup messages level=5 phase=A*P sends=5292 bytes=710176 collective_rank_calls=56
AMG setup messages level=5 phase=R*(A*P) sends=759 bytes=543328 collective_rank_calls=56
AMG setup messages level=6 phase=strength sends=0 bytes=0 collective_rank_calls=56
AMG setup messages level=6 phase=strength-transpose sends=199 bytes=20968 collective_rank_calls=56
AMG setup messages level=6 phase=PMIS sends=1710 bytes=26256 collective_rank_calls=168
AMG setup messages level=6 phase=numbering sends=0 bytes=0 collective_rank_calls=56
AMG setup messages level=6 phase=interpolation sends=975 bytes=13112 collective_rank_calls=56
AMG setup messages level=6 phase=interpolation-transpose sends=44 bytes=7680 collective_rank_calls=56
AMG setup messages level=6 phase=A*P sends=2592 bytes=147776 collective_rank_calls=56
AMG setup messages level=6 phase=R*(A*P) sends=132 bytes=43024 collective_rank_calls=56
AMG setup messages level=7 phase=strength sends=0 bytes=0 collective_rank_calls=56
AMG setup messages level=7 phase=strength-transpose sends=20 bytes=3912 collective_rank_calls=56
AMG setup messages level=7 phase=PMIS sends=140 bytes=3420 collective_rank_calls=112
AMG setup messages level=7 phase=numbering sends=0 bytes=0 collective_rank_calls=56
AMG setup messages level=7 phase=interpolation sends=120 bytes=1440 collective_rank_calls=56
AMG setup messages level=7 phase=interpolation-transpose sends=20 bytes=2608 collective_rank_calls=56
AMG setup messages level=7 phase=A*P sends=390 bytes=15808 collective_rank_calls=56
AMG setup messages level=7 phase=R*(A*P) sends=60 bytes=3936 collective_rank_calls=56
AMG setup messages level=0 phase=strength sends=0 bytes=0 collective_rank_calls=56
AMG setup messages level=0 phase=strength-transpose sends=318 bytes=15575520 collective_rank_calls=56
AMG setup messages level=0 phase=PMIS sends=5502 bytes=42169592 collective_rank_calls=448
AMG setup messages level=0 phase=numbering sends=0 bytes=0 collective_rank_calls=56
AMG setup messages level=0 phase=interpolation sends=1908 bytes=19654280 collective_rank_calls=56
AMG setup messages level=0 phase=interpolation-transpose sends=661 bytes=8242592 collective_rank_calls=56
AMG setup messages level=0 phase=A*P sends=1092 bytes=41659168 collective_rank_calls=56
AMG setup messages level=0 phase=R*(A*P) sends=1983 bytes=59287680 collective_rank_calls=56
AMG setup messages level=1 phase=strength sends=0 bytes=0 collective_rank_calls=56
AMG setup messages level=1 phase=strength-transpose sends=759 bytes=18011644 collective_rank_calls=56
AMG setup messages level=1 phase=PMIS sends=15235 bytes=32035484 collective_rank_calls=560
AMG setup messages level=1 phase=numbering sends=0 bytes=0 collective_rank_calls=56
AMG setup messages level=1 phase=interpolation sends=4527 bytes=20366092 collective_rank_calls=56
AMG setup messages level=1 phase=interpolation-transpose sends=726 bytes=6992912 collective_rank_calls=56
AMG setup messages level=1 phase=A*P sends=2418 bytes=39988128 collective_rank_calls=56
AMG setup messages level=1 phase=R*(A*P) sends=2178 bytes=104190128 collective_rank_calls=56
AMG setup messages level=2 phase=strength sends=0 bytes=0 collective_rank_calls=56
AMG setup messages level=2 phase=strength-transpose sends=778 bytes=7669532 collective_rank_calls=56
AMG setup messages level=2 phase=PMIS sends=15692 bytes=10829016 collective_rank_calls=560
AMG setup messages level=2 phase=numbering sends=0 bytes=0 collective_rank_calls=56
AMG setup messages level=2 phase=interpolation sends=4650 bytes=8099404 collective_rank_calls=56
AMG setup messages level=2 phase=interpolation-transpose sends=728 bytes=2114144 collective_rank_calls=56
AMG setup messages level=2 phase=A*P sends=2568 bytes=16005152 collective_rank_calls=56
AMG setup messages level=2 phase=R*(A*P) sends=2184 bytes=48112688 collective_rank_calls=56
AMG setup messages level=3 phase=strength sends=0 bytes=0 collective_rank_calls=56
AMG setup messages level=3 phase=strength-transpose sends=779 bytes=1724096 collective_rank_calls=56
AMG setup messages level=3 phase=PMIS sends=15877 bytes=2823556 collective_rank_calls=560
AMG setup messages level=3 phase=numbering sends=0 bytes=0 collective_rank_calls=56
AMG setup messages level=3 phase=interpolation sends=4644 bytes=2009636 collective_rank_calls=56
AMG setup messages level=3 phase=interpolation-transpose sends=665 bytes=527824 collective_rank_calls=56
AMG setup messages level=3 phase=A*P sends=2676 bytes=5384928 collective_rank_calls=56
AMG setup messages level=3 phase=R*(A*P) sends=1995 bytes=13914896 collective_rank_calls=56
AMG setup messages level=4 phase=strength sends=0 bytes=0 collective_rank_calls=56
AMG setup messages level=4 phase=strength-transpose sends=644 bytes=255704 collective_rank_calls=56
AMG setup messages level=4 phase=PMIS sends=10898 bytes=464420 collective_rank_calls=448
AMG setup messages level=4 phase=numbering sends=0 bytes=0 collective_rank_calls=56
AMG setup messages level=4 phase=interpolation sends=3687 bytes=282792 collective_rank_calls=56
AMG setup messages level=4 phase=interpolation-transpose sends=479 bytes=127824 collective_rank_calls=56
AMG setup messages level=4 phase=A*P sends=4026 bytes=1935568 collective_rank_calls=56
AMG setup messages level=4 phase=R*(A*P) sends=1437 bytes=3019904 collective_rank_calls=56
AMG setup messages level=5 phase=strength sends=0 bytes=0 collective_rank_calls=56
AMG setup messages level=5 phase=strength-transpose sends=488 bytes=68620 collective_rank_calls=56
AMG setup messages level=5 phase=PMIS sends=4754 bytes=90244 collective_rank_calls=224
AMG setup messages level=5 phase=numbering sends=0 bytes=0 collective_rank_calls=56
AMG setup messages level=5 phase=interpolation sends=2688 bytes=56688 collective_rank_calls=56
AMG setup messages level=5 phase=interpolation-transpose sends=236 bytes=46544 collective_rank_calls=56
AMG setup messages level=5 phase=A*P sends=5130 bytes=769200 collective_rank_calls=56
AMG setup messages level=5 phase=R*(A*P) sends=708 bytes=618752 collective_rank_calls=56
AMG setup messages level=6 phase=strength sends=0 bytes=0 collective_rank_calls=56
AMG setup messages level=6 phase=strength-transpose sends=168 bytes=22772 collective_rank_calls=56
AMG setup messages level=6 phase=PMIS sends=1560 bytes=31192 collective_rank_calls=168
AMG setup messages level=6 phase=numbering sends=0 bytes=0 collective_rank_calls=56
AMG setup messages level=6 phase=interpolation sends=882 bytes=11168 collective_rank_calls=56
AMG setup messages level=6 phase=interpolation-transpose sends=85 bytes=14704 collective_rank_calls=56
AMG setup messages level=6 phase=A*P sends=2142 bytes=166672 collective_rank_calls=56
AMG setup messages level=6 phase=R*(A*P) sends=255 bytes=35952 collective_rank_calls=56
AMG setup messages level=0 phase=strength sends=0 bytes=0 collective_rank_calls=56
AMG setup messages level=0 phase=strength-transpose sends=318 bytes=15570020 collective_rank_calls=56
AMG setup messages level=0 phase=PMIS sends=5502 bytes=42160144 collective_rank_calls=448
AMG setup messages level=0 phase=numbering sends=0 bytes=0 collective_rank_calls=56
AMG setup messages level=0 phase=interpolation sends=1908 bytes=19624888 collective_rank_calls=56
AMG setup messages level=0 phase=interpolation-transpose sends=663 bytes=8236080 collective_rank_calls=56
AMG setup messages level=0 phase=A*P sends=1092 bytes=41643008 collective_rank_calls=56
AMG setup messages level=0 phase=R*(A*P) sends=1989 bytes=59232960 collective_rank_calls=56
AMG setup messages level=1 phase=strength sends=0 bytes=0 collective_rank_calls=56
AMG setup messages level=1 phase=strength-transpose sends=753 bytes=17995488 collective_rank_calls=56
AMG setup messages level=1 phase=PMIS sends=16626 bytes=34918288 collective_rank_calls=616
AMG setup messages level=1 phase=numbering sends=0 bytes=0 collective_rank_calls=56
AMG setup messages level=1 phase=interpolation sends=4497 bytes=20432380 collective_rank_calls=56
AMG setup messages level=1 phase=interpolation-transpose sends=732 bytes=6985040 collective_rank_calls=56
AMG setup messages level=1 phase=A*P sends=2424 bytes=40026128 collective_rank_calls=56
AMG setup messages level=1 phase=R*(A*P) sends=2196 bytes=104235552 collective_rank_calls=56
AMG setup messages level=2 phase=strength sends=0 bytes=0 collective_rank_calls=56
AMG setup messages level=2 phase=strength-transpose sends=781 bytes=7628288 collective_rank_calls=56
AMG setup messages level=2 phase=PMIS sends=17362 bytes=11847768 collective_rank_calls=616
AMG setup messages level=2 phase=numbering sends=0 bytes=0 collective_rank_calls=56
AMG setup messages level=2 phase=interpolation sends=4653 bytes=8114580 collective_rank_calls=56
AMG setup messages level=2 phase=interpolation-transpose sends=726 bytes=2102944 collective_rank_calls=56
AMG setup messages level=2 phase=A*P sends=2580 bytes=16071840 collective_rank_calls=56
AMG setup messages level=2 phase=R*(A*P) sends=2178 bytes=48302816 collective_rank_calls=56
AMG setup messages level=3 phase=strength sends=0 bytes=0 collective_rank_calls=56
AMG setup messages level=3 phase=strength-transpose sends=772 bytes=1691280 collective_rank_calls=56
AMG setup messages level=3 phase=PMIS sends=14156 bytes=2586112 collective_rank_calls=504
AMG setup messages level=3 phase=numbering sends=0 bytes=0 collective_rank_calls=56
AMG setup messages level=3 phase=interpolation sends=4578 bytes=1980872 collective_rank_calls=56
AMG setup messages level=3 phase=interpolation-transpose sends=660 bytes=545408 collective_rank_calls=56
AMG setup messages level=3 phase=A*P sends=2664 bytes=5454144 collective_rank_calls=56
AMG setup messages level=3 phase=R*(A*P) sends=1980 bytes=14626976 collective_rank_calls=56
AMG setup messages level=4 phase=strength sends=0 bytes=0 collective_rank_calls=56
AMG setup messages level=4 phase=strength-transpose sends=658 bytes=247700 collective_rank_calls=56
AMG setup messages level=4 phase=PMIS sends=9708 bytes=414656 collective_rank_calls=392
AMG setup messages level=4 phase=numbering sends=0 bytes=0 collective_rank_calls=56
AMG setup messages level=4 phase=interpolation sends=3783 bytes=263580 collective_rank_calls=56
AMG setup messages level=4 phase=interpolation-transpose sends=525 bytes=126096 collective_rank_calls=56
AMG setup messages level=4 phase=A*P sends=4056 bytes=1978144 collective_rank_calls=56
AMG setup messages level=4 phase=R*(A*P) sends=1575 bytes=3467248 collective_rank_calls=56
AMG setup messages level=5 phase=strength sends=0 bytes=0 collective_rank_calls=56
AMG setup messages level=5 phase=strength-transpose sends=527 bytes=69516 collective_rank_calls=56
AMG setup messages level=5 phase=PMIS sends=6140 bytes=117760 collective_rank_calls=280
AMG setup messages level=5 phase=numbering sends=0 bytes=0 collective_rank_calls=56
AMG setup messages level=5 phase=interpolation sends=2886 bytes=54200 collective_rank_calls=56
AMG setup messages level=5 phase=interpolation-transpose sends=263 bytes=44672 collective_rank_calls=56
AMG setup messages level=5 phase=A*P sends=5610 bytes=838304 collective_rank_calls=56
AMG setup messages level=5 phase=R*(A*P) sends=789 bytes=816560 collective_rank_calls=56
AMG setup messages level=6 phase=strength sends=0 bytes=0 collective_rank_calls=56
AMG setup messages level=6 phase=strength-transpose sends=159 bytes=18960 collective_rank_calls=56
AMG setup messages level=6 phase=PMIS sends=1857 bytes=33668 collective_rank_calls=224
AMG setup messages level=6 phase=numbering sends=0 bytes=0 collective_rank_calls=56
AMG setup messages level=6 phase=interpolation sends=738 bytes=8204 collective_rank_calls=56
AMG setup messages level=6 phase=interpolation-transpose sends=79 bytes=8160 collective_rank_calls=56
AMG setup messages level=6 phase=A*P sends=3240 bytes=188160 collective_rank_calls=56
AMG setup messages level=6 phase=R*(A*P) sends=237 bytes=104896 collective_rank_calls=56
AMG setup messages level=7 phase=strength sends=0 bytes=0 collective_rank_calls=56
AMG setup messages level=7 phase=strength-transpose sends=60 bytes=5088 collective_rank_calls=56
AMG setup messages level=7 phase=PMIS sends=330 bytes=5540 collective_rank_calls=112
AMG setup messages level=7 phase=numbering sends=0 bytes=0 collective_rank_calls=56
AMG setup messages level=7 phase=interpolation sends=210 bytes=1884 collective_rank_calls=56
AMG setup messages level=7 phase=interpolation-transpose sends=32 bytes=4240 collective_rank_calls=56
AMG setup messages level=7 phase=A*P sends=702 bytes=35776 collective_rank_calls=56
AMG setup messages level=7 phase=R*(A*P) sends=96 bytes=9648 collective_rank_calls=56
AMG setup messages level=0 phase=strength sends=0 bytes=0 collective_rank_calls=56
AMG setup messages level=0 phase=strength-transpose sends=318 bytes=15561708 collective_rank_calls=56
AMG setup messages level=0 phase=PMIS sends=6184 bytes=46705776 collective_rank_calls=504
AMG setup messages level=0 phase=numbering sends=0 bytes=0 collective_rank_calls=56
AMG setup messages level=0 phase=interpolation sends=1908 bytes=19581256 collective_rank_calls=56
AMG setup messages level=0 phase=interpolation-transpose sends=667 bytes=8215744 collective_rank_calls=56
AMG setup messages level=0 phase=A*P sends=1092 bytes=41612112 collective_rank_calls=56
AMG setup messages level=0 phase=R*(A*P) sends=2001 bytes=59026096 collective_rank_calls=56
AMG setup messages level=1 phase=strength sends=0 bytes=0 collective_rank_calls=56
AMG setup messages level=1 phase=strength-transpose sends=756 bytes=17993928 collective_rank_calls=56
AMG setup messages level=1 phase=PMIS sends=16704 bytes=34963488 collective_rank_calls=616
AMG setup messages level=1 phase=numbering sends=0 bytes=0 collective_rank_calls=56
AMG setup messages level=1 phase=interpolation sends=4512 bytes=20382568 collective_rank_calls=56
AMG setup messages level=1 phase=interpolation-transpose sends=731 bytes=6986304 collective_rank_calls=56
AMG setup messages level=1 phase=A*P sends=2430 bytes=40026320 collective_rank_calls=56
AMG setup messages level=1 phase=R*(A*P) sends=2193 bytes=104067488 collective_rank_calls=56
AMG setup messages level=2 phase=strength sends=0 bytes=0 collective_rank_calls=56
AMG setup messages level=2 phase=strength-transpose sends=791 bytes=7548136 collective_rank_calls=56
AMG setup messages level=2 phase=PMIS sends=17534 bytes=11816984 collective_rank_calls=616
AMG setup messages level=2 phase=numbering sends=0 bytes=0 collective_rank_calls=56
AMG setup messages level=2 phase=interpolation sends=4713 bytes=8050232 collective_rank_calls=56
AMG setup messages level=2 phase=interpolation-transpose sends=720 bytes=2107824 collective_rank_calls=56
AMG setup messages level=2 phase=A*P sends=2592 bytes=16087920 collective_rank_calls=56
AMG setup messages level=2 phase=R*(A*P) sends=2160 bytes=48543216 collective_rank_calls=56
AMG setup messages level=3 phase=strength sends=0 bytes=0 collective_rank_calls=56
AMG setup messages level=3 phase=strength-transpose sends=777 bytes=1644480 collective_rank_calls=56
AMG setup messages level=3 phase=PMIS sends=15815 bytes=2810692 collective_rank_calls=560
AMG setup messages level=3 phase=numbering sends=0 bytes=0 collective_rank_calls=56
AMG setup messages level=3 phase=interpolation sends=4608 bytes=1930592 collective_rank_calls=56
AMG setup messages level=3 phase=interpolation-transpose sends=668 bytes=537104 collective_rank_calls=56
AMG setup messages level=3 phase=A*P sends=2670 bytes=5529712 collective_rank_calls=56
AMG setup messages level=3 phase=R*(A*P) sends=2004 bytes=14519664 collective_rank_calls=56
AMG setup messages level=4 phase=strength sends=0 bytes=0 collective_rank_calls=56
AMG setup messages level=4 phase=strength-transpose sends=609 bytes=233900 collective_rank_calls=56
AMG setup messages level=4 phase=PMIS sends=11572 bytes=486928 collective_rank_calls=504
AMG setup messages level=4 phase=numbering sends=0 bytes=0 collective_rank_calls=56
AMG setup messages level=4 phase=interpolation sends=3501 bytes=245988 collective_rank_calls=56
AMG setup messages level=4 phase=interpolation-transpose sends=470 bytes=125744 collective_rank_calls=56
AMG setup messages level=4 phase=A*P sends=4128 bytes=2067888 collective_rank_calls=56
AMG setup messages level=4 phase=R*(A*P) sends=1410 bytes=3703504 collective_rank_calls=56
AMG setup messages level=5 phase=strength sends=0 bytes=0 collective_rank_calls=56
AMG setup messages level=5 phase=strength-transpose sends=510 bytes=74240 collective_rank_calls=56
AMG setup messages level=5 phase=PMIS sends=7030 bytes=142396 collective_rank_calls=336
AMG setup messages level=5 phase=numbering sends=0 bytes=0 collective_rank_calls=56
AMG setup messages level=5 phase=interpolation sends=2730 bytes=54304 collective_rank_calls=56
AMG setup messages level=5 phase=interpolation-transpose sends=250 bytes=45296 collective_rank_calls=56
AMG setup messages level=5 phase=A*P sends=5478 bytes=876992 collective_rank_calls=56
AMG setup messages level=5 phase=R*(A*P) sends=750 bytes=831664 collective_rank_calls=56
AMG setup messages level=6 phase=strength sends=0 bytes=0 collective_rank_calls=56
AMG setup messages level=6 phase=strength-transpose sends=182 bytes=25648 collective_rank_calls=56
AMG setup messages level=6 phase=PMIS sends=1636 bytes=38176 collective_rank_calls=168
AMG setup messages level=6 phase=numbering sends=0 bytes=0 collective_rank_calls=56
AMG setup messages level=6 phase=interpolation sends=915 bytes=10228 collective_rank_calls=56
AMG setup messages level=6 phase=interpolation-transpose sends=95 bytes=17856 collective_rank_calls=56
AMG setup messages level=6 phase=A*P sends=2958 bytes=261280 collective_rank_calls=56
AMG setup messages level=6 phase=R*(A*P) sends=285 bytes=59232 collective_rank_calls=56
AMG setup messages level=0 phase=strength sends=0 bytes=0 collective_rank_calls=56
AMG setup messages level=0 phase=strength-transpose sends=318 bytes=15553352 collective_rank_calls=56
AMG setup messages level=0 phase=PMIS sends=6184 bytes=46685728 collective_rank_calls=504
AMG setup messages level=0 phase=numbering sends=0 bytes=0 collective_rank_calls=56
AMG setup messages level=0 phase=interpolation sends=1908 bytes=19587184 collective_rank_calls=56
AMG setup messages level=0 phase=interpolation-transpose sends=663 bytes=8210928 collective_rank_calls=56
AMG setup messages level=0 phase=A*P sends=1092 bytes=41621104 collective_rank_calls=56
AMG setup messages level=0 phase=R*(A*P) sends=1989 bytes=59051600 collective_rank_calls=56
AMG setup messages level=1 phase=strength sends=0 bytes=0 collective_rank_calls=56
AMG setup messages level=1 phase=strength-transpose sends=753 bytes=17911804 collective_rank_calls=56
AMG setup messages level=1 phase=PMIS sends=16650 bytes=34883456 collective_rank_calls=616
AMG setup messages level=1 phase=numbering sends=0 bytes=0 collective_rank_calls=56
AMG setup messages level=1 phase=interpolation sends=4494 bytes=20338316 collective_rank_calls=56
AMG setup messages level=1 phase=interpolation-transpose sends=731 bytes=6966864 collective_rank_calls=56
AMG setup messages level=1 phase=A*P sends=2406 bytes=39973584 collective_rank_calls=56
AMG setup messages level=1 phase=R*(A*P) sends=2193 bytes=104159248 collective_rank_calls=56
AMG setup messages level=2 phase=strength sends=0 bytes=0 collective_rank_calls=56
AMG setup messages level=2 phase=strength-transpose sends=782 bytes=7506640 collective_rank_calls=56
AMG setup messages level=2 phase=PMIS sends=17396 bytes=11821208 collective_rank_calls=616
AMG setup messages level=2 phase=numbering sends=0 bytes=0 collective_rank_calls=56
AMG setup messages level=2 phase=interpolation sends=4656 bytes=8071104 collective_rank_calls=56
AMG setup messages level=2 phase=interpolation-transpose sends=724 bytes=2110896 collective_rank_calls=56
AMG setup messages level=2 phase=A*P sends=2562 bytes=16114720 collective_rank_calls=56
AMG setup messages level=2 phase=R*(A*P) sends=2172 bytes=48720368 collective_rank_calls=56
AMG setup messages level=3 phase=strength sends=0 bytes=0 collective_rank_calls=56
AMG setup messages level=3 phase=strength-transpose sends=773 bytes=1630288 collective_rank_calls=56
AMG setup messages level=3 phase=PMIS sends=15779 bytes=2795712 collective_rank_calls=560
AMG setup messages level=3 phase=numbering sends=0 bytes=0 collective_rank_calls=56
AMG setup messages level=3 phase=interpolation sends=4587 bytes=1935924 collective_rank_calls=56
AMG setup messages level=3 phase=interpolation-transpose sends=646 bytes=539072 collective_rank_calls=56
AMG setup messages level=3 phase=A*P sends=2664 bytes=5549520 collective_rank_calls=56
AMG setup messages level=3 phase=R*(A*P) sends=1938 bytes=14550176 collective_rank_calls=56
AMG setup messages level=4 phase=strength sends=0 bytes=0 collective_rank_calls=56
AMG setup messages level=4 phase=strength-transpose sends=606 bytes=235476 collective_rank_calls=56
AMG setup messages level=4 phase=PMIS sends=9060 bytes=395392 collective_rank_calls=392
AMG setup messages level=4 phase=numbering sends=0 bytes=0 collective_rank_calls=56
AMG setup messages level=4 phase=interpolation sends=3459 bytes=253640 collective_rank_calls=56
AMG setup messages level=4 phase=interpolation-transpose sends=465 bytes=131120 collective_rank_calls=56
AMG setup messages level=4 phase=A*P sends=3912 bytes=2093040 collective_rank_calls=56
AMG setup messages level=4 phase=R*(A*P) sends=1395 bytes=3756736 collective_rank_calls=56
AMG setup messages level=5 phase=strength sends=0 bytes=0 collective_rank_calls=56
AMG setup messages level=5 phase=strength-transpose sends=496 bytes=75792 collective_rank_calls=56
AMG setup messages level=5 phase=PMIS sends=4588 bytes=108996 collective_rank_calls=224
AMG setup messages level=5 phase=numbering sends=0 bytes=0 collective_rank_calls=56
AMG setup messages level=5 phase=interpolation sends=2634 bytes=62064 collective_rank_calls=56
AMG setup messages level=5 phase=interpolation-transpose sends=257 bytes=48736 collective_rank_calls=56
AMG setup messages level=5 phase=A*P sends=5250 bytes=897440 collective_rank_calls=56
AMG setup messages level=5 phase=R*(A*P) sends=771 bytes=824704 collective_rank_calls=56
AMG setup messages level=6 phase=strength sends=0 bytes=0 collective_rank_calls=56
AMG setup messages level=6 phase=strength-transpose sends=184 bytes=22944 collective_rank_calls=56
AMG setup messages level=6 phase=PMIS sends=1696 bytes=34840 collective_rank_calls=168
AMG setup messages level=6 phase=numbering sends=0 bytes=0 collective_rank_calls=56
AMG setup messages level=6 phase=interpolation sends=1005 bytes=9512 collective_rank_calls=56
AMG setup messages level=6 phase=interpolation-transpose sends=64 bytes=8848 collective_rank_calls=56
AMG setup messages level=6 phase=A*P sends=2898 bytes=155168 collective_rank_calls=56
AMG setup messages level=6 phase=R*(A*P) sends=192 bytes=20528 collective_rank_calls=56
AMG setup messages level=0 phase=strength sends=0 bytes=0 collective_rank_calls=56
AMG setup messages level=0 phase=strength-transpose sends=318 bytes=15545036 collective_rank_calls=56
AMG setup messages level=0 phase=PMIS sends=6184 bytes=46663936 collective_rank_calls=504
AMG setup messages level=0 phase=numbering sends=0 bytes=0 collective_rank_calls=56
AMG setup messages level=0 phase=interpolation sends=1908 bytes=19579948 collective_rank_calls=56
AMG setup messages level=0 phase=interpolation-transpose sends=659 bytes=8183280 collective_rank_calls=56
AMG setup messages level=0 phase=A*P sends=1092 bytes=41617840 collective_rank_calls=56
AMG setup messages level=0 phase=R*(A*P) sends=1977 bytes=58874384 collective_rank_calls=56
AMG setup messages level=1 phase=strength sends=0 bytes=0 collective_rank_calls=56
AMG setup messages level=1 phase=strength-transpose sends=754 bytes=17868540 collective_rank_calls=56
AMG setup messages level=1 phase=PMIS sends=16684 bytes=34808168 collective_rank_calls=616
AMG setup messages level=1 phase=numbering sends=0 bytes=0 collective_rank_calls=56
AMG setup messages level=1 phase=interpolation sends=4494 bytes=20265436 collective_rank_calls=56
AMG setup messages level=1 phase=interpolation-transpose sends=734 bytes=6977072 collective_rank_calls=56
AMG setup messages level=1 phase=A*P sends=2418 bytes=39920032 collective_rank_calls=56
AMG setup messages level=1 phase=R*(A*P) sends=2202 bytes=104064032 collective_rank_calls=56
AMG setup messages level=2 phase=strength sends=0 bytes=0 collective_rank_calls=56
AMG setup messages level=2 phase=strength-transpose sends=788 bytes=7456240 collective_rank_calls=56
AMG setup messages level=2 phase=PMIS sends=17552 bytes=11834232 collective_rank_calls=616
AMG setup messages level=2 phase=numbering sends=0 bytes=0 collective_rank_calls=56
AMG setup messages level=2 phase=interpolation sends=4695 bytes=8043564 collective_rank_calls=56
AMG setup messages level=2 phase=interpolation-transpose sends=716 bytes=2104912 collective_rank_calls=56
AMG setup messages level=2 phase=A*P sends=2592 bytes=16209776 collective_rank_calls=56
AMG setup messages level=2 phase=R*(A*P) sends=2148 bytes=48968864 collective_rank_calls=56
AMG setup messages level=3 phase=strength sends=0 bytes=0 collective_rank_calls=56
AMG setup messages level=3 phase=strength-transpose sends=777 bytes=1605052 collective_rank_calls=56
AMG setup messages level=3 phase=PMIS sends=15859 bytes=2773344 collective_rank_calls=560
AMG setup messages level=3 phase=numbering sends=0 bytes=0 collective_rank_calls=56
AMG setup messages level=3 phase=interpolation sends=4602 bytes=1910648 collective_rank_calls=56
AMG setup messages level=3 phase=interpolation-transpose sends=650 bytes=528512 collective_rank_calls=56
AMG setup messages level=3 phase=A*P sends=2676 bytes=5605744 collective_rank_calls=56
AMG setup messages level=3 phase=R*(A*P) sends=1950 bytes=14735696 collective_rank_calls=56
AMG setup messages level=4 phase=strength sends=0 bytes=0 collective_rank_calls=56
AMG setup messages level=4 phase=strength-transpose sends=597 bytes=250448 collective_rank_calls=56
AMG setup messages level=4 phase=PMIS sends=8846 bytes=419912 collective_rank_calls=392
AMG setup messages level=4 phase=numbering sends=0 bytes=0 collective_rank_calls=56
AMG setup messages level=4 phase=interpolation sends=3420 bytes=259524 collective_rank_calls=56
AMG setup messages level=4 phase=interpolation-transpose sends=469 bytes=140352 collective_rank_calls=56
AMG setup messages level=4 phase=A*P sends=3870 bytes=2230368 collective_rank_calls=56
AMG setup messages level=4 phase=R*(A*P) sends=1407 bytes=4266224 collective_rank_calls=56
AMG setup messages level=5 phase=strength sends=0 bytes=0 collective_rank_calls=56
AMG setup messages level=5 phase=strength-transpose sends=470 bytes=82772 collective_rank_calls=56
AMG setup messages level=5 phase=PMIS sends=4660 bytes=122672 collective_rank_calls=224
AMG setup messages level=5 phase=numbering sends=0 bytes=0 collective_rank_calls=56
AMG setup messages level=5 phase=interpolation sends=2445 bytes=48976 collective_rank_calls=56
AMG setup messages level=5 phase=interpolation-transpose sends=298 bytes=53120 collective_rank_calls=56
AMG setup messages level=5 phase=A*P sends=5130 bytes=995776 collective_rank_calls=56
AMG setup messages level=5 phase=R*(A*P) sends=894 bytes=1220496 collective_rank_calls=56
AMG setup messages level=6 phase=strength sends=0 bytes=0 collective_rank_calls=56
AMG setup messages level=6 phase=strength-transpose sends=167 bytes=24244 collective_rank_calls=56
AMG setup messages level=6 phase=PMIS sends=1091 bytes=34852 collective_rank_calls=112
AMG setup messages level=6 phase=numbering sends=0 bytes=0 collective_rank_calls=56
AMG setup messages level=6 phase=interpolation sends=813 bytes=6884 collective_rank_calls=56
AMG setup messages level=6 phase=interpolation-transpose sends=65 bytes=12496 collective_rank_calls=56
AMG setup messages level=6 phase=A*P sends=3576 bytes=262928 collective_rank_calls=56
AMG setup messages level=6 phase=R*(A*P) sends=195 bytes=31152 collective_rank_calls=56
AMG setup messages level=0 phase=strength sends=0 bytes=0 collective_rank_calls=56
AMG setup messages level=0 phase=strength-transpose sends=318 bytes=15536776 collective_rank_calls=56
AMG setup messages level=0 phase=PMIS sends=6184 bytes=46642592 collective_rank_calls=504
AMG setup messages level=0 phase=numbering sends=0 bytes=0 collective_rank_calls=56
AMG setup messages level=0 phase=interpolation sends=1908 bytes=19603888 collective_rank_calls=56
AMG setup messages level=0 phase=interpolation-transpose sends=665 bytes=8199120 collective_rank_calls=56
AMG setup messages level=0 phase=A*P sends=1092 bytes=41624304 collective_rank_calls=56
AMG setup messages level=0 phase=R*(A*P) sends=1995 bytes=59129328 collective_rank_calls=56
AMG setup messages level=1 phase=strength sends=0 bytes=0 collective_rank_calls=56
AMG setup messages level=1 phase=strength-transpose sends=750 bytes=17823116 collective_rank_calls=56
AMG setup messages level=1 phase=PMIS sends=15044 bytes=31965932 collective_rank_calls=560
AMG setup messages level=1 phase=numbering sends=0 bytes=0 collective_rank_calls=56
AMG setup messages level=1 phase=interpolation sends=4473 bytes=20293828 collective_rank_calls=56
AMG setup messages level=1 phase=interpolation-transpose sends=726 bytes=6898224 collective_rank_calls=56
AMG setup messages level=1 phase=A*P sends=2388 bytes=39961744 collective_rank_calls=56
AMG setup messages level=1 phase=R*(A*P) sends=2178 bytes=103454592 collective_rank_calls=56
AMG setup messages level=2 phase=strength sends=0 bytes=0 collective_rank_calls=56
AMG setup messages level=2 phase=strength-transpose sends=786 bytes=7431620 collective_rank_calls=56
AMG setup messages level=2 phase=PMIS sends=17436 bytes=11862400 collective_rank_calls=616
AMG setup messages level=2 phase=numbering sends=0 bytes=0 collective_rank_calls=56
AMG setup messages level=2 phase=interpolation sends=4680 bytes=8037628 collective_rank_calls=56
AMG setup messages level=2 phase=interpolation-transpose sends=717 bytes=2110768 collective_rank_calls=56
AMG setup messages level=2 phase=A*P sends=2574 bytes=16235232 collective_rank_calls=56
AMG setup messages level=2 phase=R*(A*P) sends=2151 bytes=49009568 collective_rank_calls=56
AMG setup messages level=3 phase=strength sends=0 bytes=0 collective_rank_calls=56
AMG setup messages level=3 phase=strength-transpose sends=768 bytes=1605480 collective_rank_calls=56
AMG setup messages level=3 phase=PMIS sends=17208 bytes=3018920 collective_rank_calls=616
AMG setup messages level=3 phase=numbering sends=0 bytes=0 collective_rank_calls=56
AMG setup messages level=3 phase=interpolation sends=4566 bytes=1913304 collective_rank_calls=56
AMG setup messages level=3 phase=interpolation-transpose sends=630 bytes=528992 collective_rank_calls=56
AMG setup messages level=3 phase=A*P sends=2670 bytes=5666864 collective_rank_calls=56
AMG setup messages level=3 phase=R*(A*P) sends=1890 bytes=14702304 collective_rank_calls=56
AMG setup messages level=4 phase=strength sends=0 bytes=0 collective_rank_calls=56
AMG setup messages level=4 phase=strength-transpose sends=604 bytes=268552 collective_rank_calls=56
AMG setup messages level=4 phase=PMIS sends=8984 bytes=443312 collective_rank_calls=392
AMG setup messages level=4 phase=numbering sends=0 bytes=0 collective_rank_calls=56
AMG setup messages level=4 phase=interpolation sends=3492 bytes=269488 collective_rank_calls=56
AMG setup messages level=4 phase=interpolation-transpose sends=472 bytes=146080 collective_rank_calls=56
AMG setup messages level=4 phase=A*P sends=3918 bytes=2306800 collective_rank_calls=56
AMG setup messages level=4 phase=R*(A*P) sends=1416 bytes=4028640 collective_rank_calls=56
AMG setup messages level=5 phase=strength sends=0 bytes=0 collective_rank_calls=56
AMG setup messages level=5 phase=strength-transpose sends=465 bytes=82676 collective_rank_calls=56
AMG setup messages level=5 phase=PMIS sends=5412 bytes=132304 collective_rank_calls=280
AMG setup messages level=5 phase=numbering sends=0 bytes=0 collective_rank_calls=56
AMG setup messages level=5 phase=interpolation sends=2454 bytes=54308 collective_rank_calls=56
AMG setup messages level=5 phase=interpolation-transpose sends=188 bytes=49872 collective_rank_calls=56
AMG setup messages level=5 phase=A*P sends=5124 bytes=961248 collective_rank_calls=56
AMG setup messages level=5 phase=R*(A*P) sends=564 bytes=740960 collective_rank_calls=56
AMG setup messages level=6 phase=strength sends=0 bytes=0 collective_rank_calls=56
AMG setup messages level=6 phase=strength-transpose sends=125 bytes=37308 collective_rank_calls=56
AMG setup messages level=6 phase=PMIS sends=815 bytes=30368 collective_rank_calls=112
AMG setup messages level=6 phase=numbering sends=0 bytes=0 collective_rank_calls=56
AMG setup messages level=6 phase=interpolation sends=696 bytes=9920 collective_rank_calls=56
AMG setup messages level=6 phase=interpolation-transpose sends=69 bytes=15376 collective_rank_calls=56
AMG setup messages level=6 phase=A*P sends=2832 bytes=238768 collective_rank_calls=56
AMG setup messages level=6 phase=R*(A*P) sends=207 bytes=39104 collective_rank_calls=56
AMG setup messages level=0 phase=strength sends=0 bytes=0 collective_rank_calls=56
AMG setup messages level=0 phase=strength-transpose sends=318 bytes=15531192 collective_rank_calls=56
AMG setup messages level=0 phase=PMIS sends=5502 bytes=42073272 collective_rank_calls=448
AMG setup messages level=0 phase=numbering sends=0 bytes=0 collective_rank_calls=56
AMG setup messages level=0 phase=interpolation sends=1908 bytes=19577956 collective_rank_calls=56
AMG setup messages level=0 phase=interpolation-transpose sends=663 bytes=8180464 collective_rank_calls=56
AMG setup messages level=0 phase=A*P sends=1092 bytes=41605376 collective_rank_calls=56
AMG setup messages level=0 phase=R*(A*P) sends=1989 bytes=58905136 collective_rank_calls=56
AMG setup messages level=1 phase=strength sends=0 bytes=0 collective_rank_calls=56
AMG setup messages level=1 phase=strength-transpose sends=755 bytes=17776424 collective_rank_calls=56
AMG setup messages level=1 phase=PMIS sends=19728 bytes=40501680 collective_rank_calls=728
AMG setup messages level=1 phase=numbering sends=0 bytes=0 collective_rank_calls=56
AMG setup messages level=1 phase=interpolation sends=4500 bytes=20249156 collective_rank_calls=56
AMG setup messages level=1 phase=interpolation-transpose sends=725 bytes=6933072 collective_rank_calls=56
AMG setup messages level=1 phase=A*P sends=2430 bytes=39926944 collective_rank_calls=56
AMG setup messages level=1 phase=R*(A*P) sends=2175 bytes=103710544 collective_rank_calls=56
AMG setup messages level=2 phase=strength sends=0 bytes=0 collective_rank_calls=56
AMG setup messages level=2 phase=strength-transpose sends=780 bytes=7405568 collective_rank_calls=56
AMG setup messages level=2 phase=PMIS sends=17280 bytes=11862312 collective_rank_calls=616
AMG setup messages level=2 phase=numbering sends=0 bytes=0 collective_rank_calls=56
AMG setup messages level=2 phase=interpolation sends=4668 bytes=8064712 collective_rank_calls=56
AMG setup messages level=2 phase=interpolation-transpose sends=721 bytes=2093408 collective_rank_calls=56
AMG setup messages level=2 phase=A*P sends=2586 bytes=16329280 collective_rank_calls=56
AMG setup messages level=2 phase=R*(A*P) sends=2163 bytes=48631536 collective_rank_calls=56
AMG setup messages level=3 phase=strength sends=0 bytes=0 collective_rank_calls=56
AMG setup messages level=3 phase=strength-transpose sends=757 bytes=1615436 collective_rank_calls=56
AMG setup messages level=3 phase=PMIS sends=15415 bytes=2767260 collective_rank_calls=560
AMG setup messages level=3 phase=numbering sends=0 bytes=0 collective_rank_calls=56
AMG setup messages level=3 phase=interpolation sends=4503 bytes=1911640 collective_rank_calls=56
AMG setup messages level=3 phase=interpolation-transpose sends=629 bytes=532848 collective_rank_calls=56
AMG setup messages level=3 phase=A*P sends=2646 bytes=5693184 collective_rank_calls=56
AMG setup messages level=3 phase=R*(A*P) sends=1887 bytes=14677232 collective_rank_calls=56
AMG setup messages level=4 phase=strength sends=0 bytes=0 collective_rank_calls=56
AMG setup messages level=4 phase=strength-transpose sends=601 bytes=267632 collective_rank_calls=56
AMG setup messages level=4 phase=PMIS sends=10273 bytes=495064 collective_rank_calls=448
AMG setup messages level=4 phase=numbering sends=0 bytes=0 collective_rank_calls=56
AMG setup messages level=4 phase=interpolation sends=3471 bytes=274336 collective_rank_calls=56
AMG setup messages level=4 phase=interpolation-transpose sends=426 bytes=145024 collective_rank_calls=56
AMG setup messages level=4 phase=A*P sends=3924 bytes=2283248 collective_rank_calls=56
AMG setup messages level=4 phase=R*(A*P) sends=1278 bytes=3981216 collective_rank_calls=56
AMG setup messages level=5 phase=strength sends=0 bytes=0 collective_rank_calls=56
AMG setup messages level=5 phase=strength-transpose sends=373 bytes=80508 collective_rank_calls=56
AMG setup messages level=5 phase=PMIS sends=4528 bytes=126000 collective_rank_calls=280
AMG setup messages level=5 phase=numbering sends=0 bytes=0 collective_rank_calls=56
AMG setup messages level=5 phase=interpolation sends=2079 bytes=48468 collective_rank_calls=56
AMG setup messages level=5 phase=interpolation-transpose sends=259 bytes=57376 collective_rank_calls=56
AMG setup messages level=5 phase=A*P sends=4656 bytes=966304 collective_rank_calls=56
AMG setup messages level=5 phase=R*(A*P) sends=777 bytes=1077360 collective_rank_calls=56
AMG setup messages level=6 phase=strength sends=0 bytes=0 collective_rank_calls=56
AMG setup messages level=6 phase=strength-transpose sends=186 bytes=28476 collective_rank_calls=56
AMG setup messages level=6 phase=PMIS sends=1668 bytes=44256 collective_rank_calls=168
AMG setup messages level=6 phase=numbering sends=0 bytes=0 collective_rank_calls=56
AMG setup messages level=6 phase=interpolation sends=972 bytes=9368 collective_rank_calls=56
AMG setup messages level=6 phase=interpolation-transpose sends=60 bytes=10848 collective_rank_calls=56
AMG setup messages level=6 phase=A*P sends=2838 bytes=199344 collective_rank_calls=56
AMG setup messages level=6 phase=R*(A*P) sends=180 bytes=31056 collective_rank_calls=56
AMG setup messages level=7 phase=strength sends=0 bytes=0 collective_rank_calls=56
AMG setup messages level=7 phase=strength-transpose sends=10 bytes=756 collective_rank_calls=56
AMG setup messages level=7 phase=PMIS sends=52 bytes=804 collective_rank_calls=112
AMG setup messages level=7 phase=numbering sends=0 bytes=0 collective_rank_calls=56
AMG setup messages level=7 phase=interpolation sends=30 bytes=220 collective_rank_calls=56
AMG setup messages level=7 phase=interpolation-transpose sends=7 bytes=720 collective_rank_calls=56
AMG setup messages level=7 phase=A*P sends=90 bytes=2624 collective_rank_calls=56
AMG setup messages level=7 phase=R*(A*P) sends=21 bytes=992 collective_rank_calls=56
AMG setup messages level=0 phase=strength sends=0 bytes=0 collective_rank_calls=56
AMG setup messages level=0 phase=strength-transpose sends=318 bytes=15526396 collective_rank_calls=56
AMG setup messages level=0 phase=PMIS sends=6184 bytes=46617152 collective_rank_calls=504
AMG setup messages level=0 phase=numbering sends=0 bytes=0 collective_rank_calls=56
AMG setup messages level=0 phase=interpolation sends=1908 bytes=19622012 collective_rank_calls=56
AMG setup messages level=0 phase=interpolation-transpose sends=661 bytes=8204144 collective_rank_calls=56
AMG setup messages level=0 phase=A*P sends=1092 bytes=41618000 collective_rank_calls=56
AMG setup messages level=0 phase=R*(A*P) sends=1983 bytes=59112944 collective_rank_calls=56
AMG setup messages level=1 phase=strength sends=0 bytes=0 collective_rank_calls=56
AMG setup messages level=1 phase=strength-transpose sends=751 bytes=17776976 collective_rank_calls=56
AMG setup messages level=1 phase=PMIS sends=16630 bytes=34810024 collective_rank_calls=616
AMG setup messages level=1 phase=numbering sends=0 bytes=0 collective_rank_calls=56
AMG setup messages level=1 phase=interpolation sends=4485 bytes=20287248 collective_rank_calls=56
AMG setup messages level=1 phase=interpolation-transpose sends=732 bytes=6898880 collective_rank_calls=56
AMG setup messages level=1 phase=A*P sends=2382 bytes=39914080 collective_rank_calls=56
AMG setup messages level=1 phase=R*(A*P) sends=2196 bytes=103366512 collective_rank_calls=56
AMG setup messages level=2 phase=strength sends=0 bytes=0 collective_rank_calls=56
AMG setup messages level=2 phase=strength-transpose sends=788 bytes=7388384 collective_rank_calls=56
AMG setup messages level=2 phase=PMIS sends=20796 bytes=13806768 collective_rank_calls=728
AMG setup messages level=2 phase=numbering sends=0 bytes=0 collective_rank_calls=56
AMG setup messages level=2 phase=interpolation sends=4704 bytes=8049700 collective_rank_calls=56
AMG setup messages level=2 phase=interpolation-transpose sends=713 bytes=2091952 collective_rank_calls=56
AMG setup messages level=2 phase=A*P sends=2580 bytes=16359648 collective_rank_calls=56
AMG setup messages level=2 phase=R*(A*P) sends=2139 bytes=48867824 collective_rank_calls=56
AMG setup messages level=3 phase=strength sends=0 bytes=0 collective_rank_calls=56
AMG setup messages level=3 phase=strength-transpose sends=761 bytes=1615016 collective_rank_calls=56
AMG setup messages level=3 phase=PMIS sends=17018 bytes=3029224 collective_rank_calls=616
AMG setup messages level=3 phase=numbering sends=0 bytes=0 collective_rank_calls=56
AMG setup messages level=3 phase=interpolation sends=4524 bytes=1912364 collective_rank_calls=56
AMG setup messages level=3 phase=interpolation-transpose sends=617 bytes=521360 collective_rank_calls=56
AMG setup messages level=3 phase=A*P sends=2658 bytes=5729840 collective_rank_calls=56
AMG setup messages level=3 phase=R*(A*P) sends=1851 bytes=14441104 collective_rank_calls=56
AMG setup messages level=4 phase=strength sends=0 bytes=0 collective_rank_calls=56
AMG setup messages level=4 phase=strength-transpose sends=615 bytes=278300 collective_rank_calls=56
AMG setup messages level=4 phase=PMIS sends=9194 bytes=459120 collective_rank_calls=392
AMG setup messages level=4 phase=numbering sends=0 bytes=0 collective_rank_calls=56
AMG setup messages level=4 phase=interpolation sends=3552 bytes=289808 collective_rank_calls=56
AMG setup messages level=4 phase=interpolation-transpose sends=449 bytes=152832 collective_rank_calls=56
AMG setup messages level=4 phase=A*P sends=3828 bytes=2353696 collective_rank_calls=56
AMG setup messages level=4 phase=R*(A*P) sends=1347 bytes=4152816 collective_rank_calls=56
AMG setup messages level=5 phase=strength sends=0 bytes=0 collective_rank_calls=56
AMG setup messages level=5 phase=strength-transpose sends=399 bytes=79828 collective_rank_calls=56
AMG setup messages level=5 phase=PMIS sends=4740 bytes=124176 collective_rank_calls=280
AMG setup messages level=5 phase=numbering sends=0 bytes=0 collective_rank_calls=56
AMG setup messages level=5 phase=interpolation sends=2199 bytes=48468 collective_rank_calls=56
AMG setup messages level=5 phase=interpolation-transpose sends=226 bytes=50848 collective_rank_calls=56
AMG setup messages level=5 phase=A*P sends=4962 bytes=947296 collective_rank_calls=56
AMG setup messages level=5 phase=R*(A*P) sends=678 bytes=1024352 collective_rank_calls=56
AMG setup messages level=6 phase=strength sends=0 bytes=0 collective_rank_calls=56
AMG setup messages level=6 phase=strength-transpose sends=148 bytes=30284 collective_rank_calls=56
AMG setup messages level=6 phase=PMIS sends=928 bytes=36280 collective_rank_calls=112
AMG setup messages level=6 phase=numbering sends=0 bytes=0 collective_rank_calls=56
AMG setup messages level=6 phase=interpolation sends=762 bytes=7896 collective_rank_calls=56
AMG setup messages level=6 phase=interpolation-transpose sends=61 bytes=13360 collective_rank_calls=56
AMG setup messages level=6 phase=A*P sends=2544 bytes=250752 collective_rank_calls=56
AMG setup messages level=6 phase=R*(A*P) sends=183 bytes=34112 collective_rank_calls=56
AMG setup messages level=0 phase=strength sends=0 bytes=0 collective_rank_calls=56
AMG setup messages level=0 phase=strength-transpose sends=318 bytes=15521468 collective_rank_calls=56
AMG setup messages level=0 phase=PMIS sends=5502 bytes=42052628 collective_rank_calls=448
AMG setup messages level=0 phase=numbering sends=0 bytes=0 collective_rank_calls=56
AMG setup messages level=0 phase=interpolation sends=1908 bytes=19557196 collective_rank_calls=56
AMG setup messages level=0 phase=interpolation-transpose sends=658 bytes=8172256 collective_rank_calls=56
AMG setup messages level=0 phase=A*P sends=1092 bytes=41592352 collective_rank_calls=56
AMG setup messages level=0 phase=R*(A*P) sends=1974 bytes=58778928 collective_rank_calls=56
AMG setup messages level=1 phase=strength sends=0 bytes=0 collective_rank_calls=56
AMG setup messages level=1 phase=strength-transpose sends=755 bytes=17741988 collective_rank_calls=56
AMG setup messages level=1 phase=PMIS sends=16694 bytes=34741264 collective_rank_calls=616
AMG setup messages level=1 phase=numbering sends=0 bytes=0 collective_rank_calls=56
AMG setup messages level=1 phase=interpolation sends=4500 bytes=20217756 collective_rank_calls=56
AMG setup messages level=1 phase=interpolation-transpose sends=727 bytes=6913984 collective_rank_calls=56
AMG setup messages level=1 phase=A*P sends=2400 bytes=39940304 collective_rank_calls=56
AMG setup messages level=1 phase=R*(A*P) sends=2181 bytes=103442224 collective_rank_calls=56
AMG setup messages level=2 phase=strength sends=0 bytes=0 collective_rank_calls=56
AMG setup messages level=2 phase=strength-transpose sends=781 bytes=7393648 collective_rank_calls=56
AMG setup messages level=2 phase=PMIS sends=17338 bytes=11873176 collective_rank_calls=616
AMG setup messages level=2 phase=numbering sends=0 bytes=0 collective_rank_calls=56
AMG setup messages level=2 phase=interpolation sends=4671 bytes=8080232 collective_rank_calls=56
AMG setup messages level=2 phase=interpolation-transpose sends=711 bytes=2105568 collective_rank_calls=56
AMG setup messages level=2 phase=A*P sends=2592 bytes=16372784 collective_rank_calls=56
AMG setup messages level=2 phase=R*(A*P) sends=2133 bytes=48786432 collective_rank_calls=56
AMG setup messages level=3 phase=strength sends=0 bytes=0 collective_rank_calls=56
AMG setup messages level=3 phase=strength-transpose sends=764 bytes=1627504 collective_rank_calls=56
AMG setup messages level=3 phase=PMIS sends=17072 bytes=3017136 collective_rank_calls=616
AMG setup messages level=3 phase=numbering sends=0 bytes=0 collective_rank_calls=56
AMG setup messages level=3 phase=interpolation sends=4539 bytes=1912840 collective_rank_calls=56
AMG setup messages level=3 phase=interpolation-transpose sends=628 bytes=525680 collective_rank_calls=56
AMG setup messages level=3 phase=A*P sends=2640 bytes=5760512 collective_rank_calls=56
AMG setup messages level=3 phase=R*(A*P) sends=1884 bytes=14610496 collective_rank_calls=56
AMG setup messages level=4 phase=strength sends=0 bytes=0 collective_rank_calls=56
AMG setup messages level=4 phase=strength-transpose sends=624 bytes=290520 collective_rank_calls=56
AMG setup messages level=4 phase=PMIS sends=9392 bytes=483528 collective_rank_calls=392
AMG setup messages level=4 phase=numbering sends=0 bytes=0 collective_rank_calls=56
AMG setup messages level=4 phase=interpolation sends=3642 bytes=302384 collective_rank_calls=56
AMG setup messages level=4 phase=interpolation-transpose sends=471 bytes=159120 collective_rank_calls=56
AMG setup messages level=4 phase=A*P sends=3828 bytes=2368464 collective_rank_calls=56
AMG setup messages level=4 phase=R*(A*P) sends=1413 bytes=4283104 collective_rank_calls=56
AMG setup messages level=5 phase=strength sends=0 bytes=0 collective_rank_calls=56
AMG setup messages level=5 phase=strength-transpose sends=406 bytes=78356 collective_rank_calls=56
AMG setup messages level=5 phase=PMIS sends=4948 bytes=124336 collective_rank_calls=280
AMG setup messages level=5 phase=numbering sends=0 bytes=0 collective_rank_calls=56
AMG setup messages level=5 phase=interpolation sends=2115 bytes=46700 collective_rank_calls=56
AMG setup messages level=5 phase=interpolation-transpose sends=275 bytes=50896 collective_rank_calls=56
AMG setup messages level=5 phase=A*P sends=4752 bytes=936304 collective_rank_calls=56
AMG setup messages level=5 phase=R*(A*P) sends=825 bytes=1132864 collective_rank_calls=56
AMG setup messages level=6 phase=strength sends=0 bytes=0 collective_rank_calls=56
AMG setup messages level=6 phase=strength-transpose sends=138 bytes=23472 collective_rank_calls=56
AMG setup messages level=6 phase=PMIS sends=924 bytes=32072 collective_rank_calls=112
AMG setup messages level=6 phase=numbering sends=0 bytes=0 collective_rank_calls=56
AMG setup messages level=6 phase=interpolation sends=684 bytes=6068 collective_rank_calls=56
AMG setup messages level=6 phase=interpolation-transpose sends=59 bytes=12560 collective_rank_calls=56
AMG setup messages level=6 phase=A*P sends=3192 bytes=252176 collective_rank_calls=56
AMG setup messages level=6 phase=R*(A*P) sends=177 bytes=31744 collective_rank_calls=56
AMG setup messages level=0 phase=strength sends=0 bytes=0 collective_rank_calls=56
AMG setup messages level=0 phase=strength-transpose sends=318 bytes=15517240 collective_rank_calls=56
AMG setup messages level=0 phase=PMIS sends=6184 bytes=46596224 collective_rank_calls=504
AMG setup messages level=0 phase=numbering sends=0 bytes=0 collective_rank_calls=56
AMG setup messages level=0 phase=interpolation sends=1908 bytes=19572464 collective_rank_calls=56
AMG setup messages level=0 phase=interpolation-transpose sends=658 bytes=8181696 collective_rank_calls=56
AMG setup messages level=0 phase=A*P sends=1092 bytes=41599584 collective_rank_calls=56
AMG setup messages level=0 phase=R*(A*P) sends=1974 bytes=58917184 collective_rank_calls=56
AMG setup messages level=1 phase=strength sends=0 bytes=0 collective_rank_calls=56
AMG setup messages level=1 phase=strength-transpose sends=759 bytes=17726432 collective_rank_calls=56
AMG setup messages level=1 phase=PMIS sends=15257 bytes=31913808 collective_rank_calls=560
AMG setup messages level=1 phase=numbering sends=0 bytes=0 collective_rank_calls=56
AMG setup messages level=1 phase=interpolation sends=4515 bytes=20269236 collective_rank_calls=56
AMG setup messages level=1 phase=interpolation-transpose sends=733 bytes=6878576 collective_rank_calls=56
AMG setup messages level=1 phase=A*P sends=2430 bytes=39936688 collective_rank_calls=56
AMG setup messages level=1 phase=R*(A*P) sends=2199 bytes=103456480 collective_rank_calls=56
AMG setup messages level=2 phase=strength sends=0 bytes=0 collective_rank_calls=56
AMG setup messages level=2 phase=strength-transpose sends=783 bytes=7366380 collective_rank_calls=56
AMG setup messages level=2 phase=PMIS sends=18987 bytes=12841092 collective_rank_calls=672
AMG setup messages level=2 phase=numbering sends=0 bytes=0 collective_rank_calls=56
AMG setup messages level=2 phase=interpolation sends=4677 bytes=8047320 collective_rank_calls=56
AMG setup messages level=2 phase=interpolation-transpose sends=703 bytes=2083344 collective_rank_calls=56
AMG setup messages level=2 phase=A*P sends=2586 bytes=16445296 collective_rank_calls=56
AMG setup messages level=2 phase=R*(A*P) sends=2109 bytes=48661456 collective_rank_calls=56
AMG setup messages level=3 phase=strength sends=0 bytes=0 collective_rank_calls=56
AMG setup messages level=3 phase=strength-transpose sends=759 bytes=1624448 collective_rank_calls=56
AMG setup messages level=3 phase=PMIS sends=15433 bytes=2760012 collective_rank_calls=560
AMG setup messages level=3 phase=numbering sends=0 bytes=0 collective_rank_calls=56
AMG setup messages level=3 phase=interpolation sends=4527 bytes=1906696 collective_rank_calls=56
AMG setup messages level=3 phase=interpolation-transpose sends=636 bytes=533184 collective_rank_calls=56
AMG setup messages level=3 phase=A*P sends=2676 bytes=5818064 collective_rank_calls=56
AMG setup messages level=3 phase=R*(A*P) sends=1908 bytes=14689664 collective_rank_calls=56
AMG setup messages level=4 phase=strength sends=0 bytes=0 collective_rank_calls=56
AMG setup messages level=4 phase=strength-transpose sends=609 bytes=290116 collective_rank_calls=56
AMG setup messages level=4 phase=PMIS sends=7819 bytes=426296 collective_rank_calls=336
AMG setup messages level=4 phase=numbering sends=0 bytes=0 collective_rank_calls=56
AMG setup messages level=4 phase=interpolation sends=3510 bytes=297632 collective_rank_calls=56
AMG setup messages level=4 phase=interpolation-transpose sends=435 bytes=157952 collective_rank_calls=56
AMG setup messages level=4 phase=A*P sends=3834 bytes=2353264 collective_rank_calls=56
AMG setup messages level=4 phase=R*(A*P) sends=1305 bytes=3841616 collective_rank_calls=56
AMG setup messages level=5 phase=strength sends=0 bytes=0 collective_rank_calls=56
AMG setup messages level=5 phase=strength-transpose sends=397 bytes=78404 collective_rank_calls=56
AMG setup messages level=5 phase=PMIS sends=5695 bytes=134792 collective_rank_calls=336
AMG setup messages level=5 phase=numbering sends=0 bytes=0 collective_rank_calls=56
AMG setup messages level=5 phase=interpolation sends=2169 bytes=50392 collective_rank_calls=56
AMG setup messages level=5 phase=interpolation-transpose sends=300 bytes=57360 collective_rank_calls=56
AMG setup messages level=5 phase=A*P sends=4668 bytes=923552 collective_rank_calls=56
AMG setup messages level=5 phase=R*(A*P) sends=900 bytes=1203360 collective_rank_calls=56
AMG setup messages level=6 phase=strength sends=0 bytes=0 collective_rank_calls=56
AMG setup messages level=6 phase=strength-transpose sends=204 bytes=32380 collective_rank_calls=56
AMG setup messages level=6 phase=PMIS sends=1290 bytes=44364 collective_rank_calls=112
AMG setup messages level=6 phase=numbering sends=0 bytes=0 collective_rank_calls=56
AMG setup messages level=6 phase=interpolation sends=1038 bytes=9736 collective_rank_calls=56
AMG setup messages level=6 phase=interpolation-transpose sends=66 bytes=12960 collective_rank_calls=56
AMG setup messages level=6 phase=A*P sends=3198 bytes=252352 collective_rank_calls=56
AMG setup messages level=6 phase=R*(A*P) sends=198 bytes=32176 collective_rank_calls=56
AMG setup messages level=0 phase=strength sends=0 bytes=0 collective_rank_calls=56
AMG setup messages level=0 phase=strength-transpose sends=318 bytes=15514328 collective_rank_calls=56
AMG setup messages level=0 phase=PMIS sends=6184 bytes=46589824 collective_rank_calls=504
AMG setup messages level=0 phase=numbering sends=0 bytes=0 collective_rank_calls=56
AMG setup messages level=0 phase=interpolation sends=1908 bytes=19561856 collective_rank_calls=56
AMG setup messages level=0 phase=interpolation-transpose sends=666 bytes=8170160 collective_rank_calls=56
AMG setup messages level=0 phase=A*P sends=1092 bytes=41589488 collective_rank_calls=56
AMG setup messages level=0 phase=R*(A*P) sends=1998 bytes=58761552 collective_rank_calls=56
AMG setup messages level=1 phase=strength sends=0 bytes=0 collective_rank_calls=56
AMG setup messages level=1 phase=strength-transpose sends=752 bytes=17680884 collective_rank_calls=56
AMG setup messages level=1 phase=PMIS sends=16568 bytes=34705488 collective_rank_calls=616
AMG setup messages level=1 phase=numbering sends=0 bytes=0 collective_rank_calls=56
AMG setup messages level=1 phase=interpolation sends=4476 bytes=20252636 collective_rank_calls=56
AMG setup messages level=1 phase=interpolation-transpose sends=726 bytes=6879616 collective_rank_calls=56
AMG setup messages level=1 phase=A*P sends=2370 bytes=39901664 collective_rank_calls=56
AMG setup messages level=1 phase=R*(A*P) sends=2178 bytes=103342016 collective_rank_calls=56
AMG setup messages level=2 phase=strength sends=0 bytes=0 collective_rank_calls=56
AMG setup messages level=2 phase=strength-transpose sends=774 bytes=7382540 collective_rank_calls=56
AMG setup messages level=2 phase=PMIS sends=18784 bytes=12856564 collective_rank_calls=672
AMG setup messages level=2 phase=numbering sends=0 bytes=0 collective_rank_calls=56
AMG setup messages level=2 phase=interpolation sends=4629 bytes=8080356 collective_rank_calls=56
AMG setup messages level=2 phase=interpolation-transpose sends=722 bytes=2087664 collective_rank_calls=56
AMG setup messages level=2 phase=A*P sends=2586 bytes=16487456 collective_rank_calls=56
AMG setup messages level=2 phase=R*(A*P) sends=2166 bytes=48639216 collective_rank_calls=56
AMG setup messages level=3 phase=strength sends=0 bytes=0 collective_rank_calls=56
AMG setup messages level=3 phase=strength-transpose sends=762 bytes=1636160 collective_rank_calls=56
AMG setup messages level=3 phase=PMIS sends=15526 bytes=2765364 collective_rank_calls=560
AMG setup messages level=3 phase=numbering sends=0 bytes=0 collective_rank_calls=56
AMG setup messages level=3 phase=interpolation sends=4524 bytes=1924056 collective_rank_calls=56
AMG setup messages level=3 phase=interpolation-transpose sends=640 bytes=526128 collective_rank_calls=56
AMG setup messages level=3 phase=A*P sends=2676 bytes=5814544 collective_rank_calls=56
AMG setup messages level=3 phase=R*(A*P) sends=1920 bytes=14619472 collective_rank_calls=56
AMG setup messages level=4 phase=strength sends=0 bytes=0 collective_rank_calls=56
AMG setup messages level=4 phase=strength-transpose sends=606 bytes=300476 collective_rank_calls=56
AMG setup messages level=4 phase=PMIS sends=9092 bytes=493160 collective_rank_calls=392
AMG setup messages level=4 phase=numbering sends=0 bytes=0 collective_rank_calls=56
AMG setup messages level=4 phase=interpolation sends=3504 bytes=305268 collective_rank_calls=56
AMG setup messages level=4 phase=interpolation-transpose sends=464 bytes=163712 collective_rank_calls=56
AMG setup messages level=4 phase=A*P sends=3906 bytes=2424512 collective_rank_calls=56
AMG setup messages level=4 phase=R*(A*P) sends=1392 bytes=4284288 collective_rank_calls=56
AMG setup messages level=5 phase=strength sends=0 bytes=0 collective_rank_calls=56
AMG setup messages level=5 phase=strength-transpose sends=412 bytes=80312 collective_rank_calls=56
AMG setup messages level=5 phase=PMIS sends=4876 bytes=125216 collective_rank_calls=280
AMG setup messages level=5 phase=numbering sends=0 bytes=0 collective_rank_calls=56
AMG setup messages level=5 phase=interpolation sends=2184 bytes=52728 collective_rank_calls=56
AMG setup messages level=5 phase=interpolation-transpose sends=270 bytes=58256 collective_rank_calls=56
AMG setup messages level=5 phase=A*P sends=4980 bytes=1010720 collective_rank_calls=56
AMG setup messages level=5 phase=R*(A*P) sends=810 bytes=1151344 collective_rank_calls=56
AMG setup messages level=6 phase=strength sends=0 bytes=0 collective_rank_calls=56
AMG setup messages level=6 phase=strength-transpose sends=179 bytes=32624 collective_rank_calls=56
AMG setup messages level=6 phase=PMIS sends=1115 bytes=40264 collective_rank_calls=112
AMG setup messages level=6 phase=numbering sends=0 bytes=0 collective_rank_calls=56
AMG setup messages level=6 phase=interpolation sends=981 bytes=9408 collective_rank_calls=56
AMG setup messages level=6 phase=interpolation-transpose sends=62 bytes=13712 collective_rank_calls=56
AMG setup messages level=6 phase=A*P sends=2970 bytes=271968 collective_rank_calls=56
AMG setup messages level=6 phase=R*(A*P) sends=186 bytes=34912 collective_rank_calls=56
AMG setup messages level=0 phase=strength sends=0 bytes=0 collective_rank_calls=56
AMG setup messages level=0 phase=strength-transpose sends=318 bytes=15511204 collective_rank_calls=56
AMG setup messages level=0 phase=PMIS sends=6184 bytes=46583360 collective_rank_calls=504
AMG setup messages level=0 phase=numbering sends=0 bytes=0 collective_rank_calls=56
AMG setup messages level=0 phase=interpolation sends=1908 bytes=19540928 collective_rank_calls=56
AMG setup messages level=0 phase=interpolation-transpose sends=669 bytes=8160800 collective_rank_calls=56
AMG setup messages level=0 phase=A*P sends=1092 bytes=41569520 collective_rank_calls=56
AMG setup messages level=0 phase=R*(A*P) sends=2007 bytes=58666640 collective_rank_calls=56
AMG setup messages level=1 phase=strength sends=0 bytes=0 collective_rank_calls=56
AMG setup messages level=1 phase=strength-transpose sends=754 bytes=17706576 collective_rank_calls=56
AMG setup messages level=1 phase=PMIS sends=16636 bytes=34790072 collective_rank_calls=616
AMG setup messages level=1 phase=numbering sends=0 bytes=0 collective_rank_calls=56
AMG setup messages level=1 phase=interpolation sends=4506 bytes=20290804 collective_rank_calls=56
AMG setup messages level=1 phase=interpolation-transpose sends=731 bytes=6895024 collective_rank_calls=56
AMG setup messages level=1 phase=A*P sends=2418 bytes=39938064 collective_rank_calls=56
AMG setup messages level=1 phase=R*(A*P) sends=2193 bytes=103461088 collective_rank_calls=56
AMG setup messages level=2 phase=strength sends=0 bytes=0 collective_rank_calls=56
AMG setup messages level=2 phase=strength-transpose sends=784 bytes=7371812 collective_rank_calls=56
AMG setup messages level=2 phase=PMIS sends=19024 bytes=12857588 collective_rank_calls=672
AMG setup messages level=2 phase=numbering sends=0 bytes=0 collective_rank_calls=56
AMG setup messages level=2 phase=interpolation sends=4662 bytes=8073852 collective_rank_calls=56
AMG setup messages level=2 phase=interpolation-transpose sends=719 bytes=2081024 collective_rank_calls=56
AMG setup messages level=2 phase=A*P sends=2580 bytes=16493600 collective_rank_calls=56
AMG setup messages level=2 phase=R*(A*P) sends=2157 bytes=48522640 collective_rank_calls=56
AMG setup messages level=3 phase=strength sends=0 bytes=0 collective_rank_calls=56
AMG setup messages level=3 phase=strength-transpose sends=761 bytes=1643988 collective_rank_calls=56
AMG setup messages level=3 phase=PMIS sends=17066 bytes=3004544 collective_rank_calls=616
AMG setup messages level=3 phase=numbering sends=0 bytes=0 collective_rank_calls=56
AMG setup messages level=3 phase=interpolation sends=4512 bytes=1901516 collective_rank_calls=56
AMG setup messages level=3 phase=interpolation-transpose sends=623 bytes=529264 collective_rank_calls=56
AMG setup messages level=3 phase=A*P sends=2670 bytes=5860112 collective_rank_calls=56
AMG setup messages level=3 phase=R*(A*P) sends=1869 bytes=14694064 collective_rank_calls=56
AMG setup messages level=4 phase=strength sends=0 bytes=0 collective_rank_calls=56
AMG setup messages level=4 phase=strength-transpose sends=611 bytes=302696 collective_rank_calls=56
AMG setup messages level=4 phase=PMIS sends=10487 bytes=555272 collective_rank_calls=448
AMG setup messages level=4 phase=numbering sends=0 bytes=0 collective_rank_calls=56
AMG setup messages level=4 phase=interpolation sends=3522 bytes=312256 collective_rank_calls=56
AMG setup messages level=4 phase=interpolation-transpose sends=479 bytes=167504 collective_rank_calls=56
AMG setup messages level=4 phase=A*P sends=3906 bytes=2450976 collective_rank_calls=56
AMG setup messages level=4 phase=R*(A*P) sends=1437 bytes=4438544 collective_rank_calls=56
AMG setup messages level=5 phase=strength sends=0 bytes=0 collective_rank_calls=56
AMG setup messages level=5 phase=strength-transpose sends=394 bytes=75860 collective_rank_calls=56
AMG setup messages level=5 phase=PMIS sends=5638 bytes=135716 collective_rank_calls=336
AMG setup messages level=5 phase=numbering sends=0 bytes=0 collective_rank_calls=56
AMG setup messages level=5 phase=interpolation sends=2106 bytes=52780 collective_rank_calls=56
AMG setup messages level=5 phase=interpolation-transpose sends=232 bytes=51200 collective_rank_calls=56
AMG setup messages level=5 phase=A*P sends=5112 bytes=984912 collective_rank_calls=56
AMG setup messages level=5 phase=R*(A*P) sends=696 bytes=926816 collective_rank_calls=56
AMG setup messages level=6 phase=strength sends=0 bytes=0 collective_rank_calls=56
AMG setup messages level=6 phase=strength-transpose sends=144 bytes=30684 collective_rank_calls=56
AMG setup messages level=6 phase=PMIS sends=876 bytes=31116 collective_rank_calls=112
AMG setup messages level=6 phase=numbering sends=0 bytes=0 collective_rank_calls=56
AMG setup messages level=6 phase=interpolation sends=834 bytes=9372 collective_rank_calls=56
AMG setup messages level=6 phase=interpolation-transpose sends=61 bytes=13328 collective_rank_calls=56
AMG setup messages level=6 phase=A*P sends=3030 bytes=242416 collective_rank_calls=56
AMG setup messages level=6 phase=R*(A*P) sends=183 bytes=33760 collective_rank_calls=56
AMG setup messages level=0 phase=strength sends=0 bytes=0 collective_rank_calls=56
AMG setup messages level=0 phase=strength-transpose sends=318 bytes=15508852 collective_rank_calls=56
AMG setup messages level=0 phase=PMIS sends=6184 bytes=46579424 collective_rank_calls=504
AMG setup messages level=0 phase=numbering sends=0 bytes=0 collective_rank_calls=56
AMG setup messages level=0 phase=interpolation sends=1908 bytes=19573072 collective_rank_calls=56
AMG setup messages level=0 phase=interpolation-transpose sends=660 bytes=8183456 collective_rank_calls=56
AMG setup messages level=0 phase=A*P sends=1092 bytes=41598704 collective_rank_calls=56
AMG setup messages level=0 phase=R*(A*P) sends=1980 bytes=58844224 collective_rank_calls=56
AMG setup messages level=1 phase=strength sends=0 bytes=0 collective_rank_calls=56
AMG setup messages level=1 phase=strength-transpose sends=757 bytes=17662688 collective_rank_calls=56
AMG setup messages level=1 phase=PMIS sends=16690 bytes=34692408 collective_rank_calls=616
AMG setup messages level=1 phase=numbering sends=0 bytes=0 collective_rank_calls=56
AMG setup messages level=1 phase=interpolation sends=4530 bytes=20230296 collective_rank_calls=56
AMG setup messages level=1 phase=interpolation-transpose sends=726 bytes=6856208 collective_rank_calls=56
AMG setup messages level=1 phase=A*P sends=2376 bytes=39883728 collective_rank_calls=56
AMG setup messages level=1 phase=R*(A*P) sends=2178 bytes=103120704 collective_rank_calls=56
AMG setup messages level=2 phase=strength sends=0 bytes=0 collective_rank_calls=56
AMG setup messages level=2 phase=strength-transpose sends=790 bytes=7368348 collective_rank_calls=56
AMG setup messages level=2 phase=PMIS sends=19194 bytes=12854944 collective_rank_calls=672
AMG setup messages level=2 phase=numbering sends=0 bytes=0 collective_rank_calls=56
AMG setup messages level=2 phase=interpolation sends=4704 bytes=8071800 collective_rank_calls=56
AMG setup messages level=2 phase=interpolation-transpose sends=714 bytes=2072800 collective_rank_calls=56
AMG setup messages level=2 phase=A*P sends=2586 bytes=16508512 collective_rank_calls=56
AMG setup messages level=2 phase=R*(A*P) sends=2142 bytes=48440304 collective_rank_calls=56
AMG setup messages level=3 phase=strength sends=0 bytes=0 collective_rank_calls=56
AMG setup messages level=3 phase=strength-transpose sends=759 bytes=1637956 collective_rank_calls=56
AMG setup messages level=3 phase=PMIS sends=13912 bytes=2499056 collective_rank_calls=504
AMG setup messages level=3 phase=numbering sends=0 bytes=0 collective_rank_calls=56
AMG setup messages level=3 phase=interpolation sends=4500 bytes=1904996 collective_rank_calls=56
AMG setup messages level=3 phase=interpolation-transpose sends=624 bytes=524976 collective_rank_calls=56
AMG setup messages level=3 phase=A*P sends=2670 bytes=5840816 collective_rank_calls=56
AMG setup messages level=3 phase=R*(A*P) sends=1872 bytes=14439600 collective_rank_calls=56
AMG setup messages level=4 phase=strength sends=0 bytes=0 collective_rank_calls=56
AMG setup messages level=4 phase=strength-transpose sends=641 bytes=315340 collective_rank_calls=56
AMG setup messages level=4 phase=PMIS sends=11003 bytes=570512 collective_rank_calls=448
AMG setup messages level=4 phase=numbering sends=0 bytes=0 collective_rank_calls=56
AMG setup messages level=4 phase=interpolation sends=3714 bytes=342052 collective_rank_calls=56
AMG setup messages level=4 phase=interpolation-transpose sends=485 bytes=170128 collective_rank_calls=56
AMG setup messages level=4 phase=A*P sends=3924 bytes=2529296 collective_rank_calls=56
AMG setup messages level=4 phase=R*(A*P) sends=1455 bytes=4228672 collective_rank_calls=56
AMG setup messages level=5 phase=strength sends=0 bytes=0 collective_rank_calls=56
AMG setup messages level=5 phase=strength-transpose sends=420 bytes=76240 collective_rank_calls=56
AMG setup messages level=5 phase=PMIS sends=4896 bytes=115632 collective_rank_calls=280
AMG setup messages level=5 phase=numbering sends=0 bytes=0 collective_rank_calls=56
AMG setup messages level=5 phase=interpolation sends=2280 bytes=60052 collective_rank_calls=56
AMG setup messages level=5 phase=interpolation-transpose sends=281 bytes=56096 collective_rank_calls=56
AMG setup messages level=5 phase=A*P sends=5130 bytes=953536 collective_rank_calls=56
AMG setup messages level=5 phase=R*(A*P) sends=843 bytes=1094528 collective_rank_calls=56
AMG setup messages level=6 phase=strength sends=0 bytes=0 collective_rank_calls=56
AMG setup messages level=6 phase=strength-transpose sends=187 bytes=24632 collective_rank_calls=56
AMG setup messages level=6 phase=PMIS sends=1590 bytes=38096 collective_rank_calls=168
AMG setup messages level=6 phase=numbering sends=0 bytes=0 collective_rank_calls=56
AMG setup messages level=6 phase=interpolation sends=972 bytes=9196 collective_rank_calls=56
AMG setup messages level=6 phase=interpolation-transpose sends=56 bytes=10752 collective_rank_calls=56
AMG setup messages level=6 phase=A*P sends=2946 bytes=227760 collective_rank_calls=56
AMG setup messages level=6 phase=R*(A*P) sends=168 bytes=31168 collective_rank_calls=56
AMG setup messages level=0 phase=strength sends=0 bytes=0 collective_rank_calls=56
AMG setup messages level=0 phase=strength-transpose sends=318 bytes=15506460 collective_rank_calls=56
AMG setup messages level=0 phase=PMIS sends=6184 bytes=46574496 collective_rank_calls=504
AMG setup messages level=0 phase=numbering sends=0 bytes=0 collective_rank_calls=56
AMG setup messages level=0 phase=interpolation sends=1908 bytes=19566396 collective_rank_calls=56
AMG setup messages level=0 phase=interpolation-transpose sends=669 bytes=8183264 collective_rank_calls=56
AMG setup messages level=0 phase=A*P sends=1092 bytes=41586336 collective_rank_calls=56
AMG setup messages level=0 phase=R*(A*P) sends=2007 bytes=58750432 collective_rank_calls=56
AMG setup messages level=1 phase=strength sends=0 bytes=0 collective_rank_calls=56
AMG setup messages level=1 phase=strength-transpose sends=750 bytes=17656712 collective_rank_calls=56
AMG setup messages level=1 phase=PMIS sends=18026 bytes=37555744 collective_rank_calls=672
AMG setup messages level=1 phase=numbering sends=0 bytes=0 collective_rank_calls=56
AMG setup messages level=1 phase=interpolation sends=4473 bytes=20233048 collective_rank_calls=56
AMG setup messages level=1 phase=interpolation-transpose sends=727 bytes=6841808 collective_rank_calls=56
AMG setup messages level=1 phase=A*P sends=2424 bytes=39905872 collective_rank_calls=56
AMG setup messages level=1 phase=R*(A*P) sends=2181 bytes=103039488 collective_rank_calls=56
AMG setup messages level=2 phase=strength sends=0 bytes=0 collective_rank_calls=56
AMG setup messages level=2 phase=strength-transpose sends=778 bytes=7365952 collective_rank_calls=56
AMG setup messages level=2 phase=PMIS sends=18932 bytes=12870648 collective_rank_calls=672
AMG setup messages level=2 phase=numbering sends=0 bytes=0 collective_rank_calls=56
AMG setup messages level=2 phase=interpolation sends=4641 bytes=8091216 collective_rank_calls=56
AMG setup messages level=2 phase=interpolation-transpose sends=715 bytes=2082704 collective_rank_calls=56
AMG setup messages level=2 phase=A*P sends=2592 bytes=16576032 collective_rank_calls=56
AMG setup messages level=2 phase=R*(A*P) sends=2145 bytes=48335120 collective_rank_calls=56
AMG setup messages level=3 phase=strength sends=0 bytes=0 collective_rank_calls=56
AMG setup messages level=3 phase=strength-transpose sends=748 bytes=1647408 collective_rank_calls=56
AMG setup messages level=3 phase=PMIS sends=13744 bytes=2496592 collective_rank_calls=504
AMG setup messages level=3 phase=numbering sends=0 bytes=0 collective_rank_calls=56
AMG setup messages level=3 phase=interpolation sends=4440 bytes=1907352 collective_rank_calls=56
AMG setup messages level=3 phase=interpolation-transpose sends=635 bytes=533936 collective_rank_calls=56
AMG setup messages level=3 phase=A*P sends=2682 bytes=5900688 collective_rank_calls=56
AMG setup messages level=3 phase=R*(A*P) sends=1905 bytes=14775296 collective_rank_calls=56
AMG setup messages level=4 phase=strength sends=0 bytes=0 collective_rank_calls=56
AMG setup messages level=4 phase=strength-transpose sends=625 bytes=313452 collective_rank_calls=56
AMG setup messages level=4 phase=PMIS sends=10693 bytes=568848 collective_rank_calls=448
AMG setup messages level=4 phase=numbering sends=0 bytes=0 collective_rank_calls=56
AMG setup messages level=4 phase=interpolation sends=3639 bytes=313600 collective_rank_calls=56
AMG setup messages level=4 phase=interpolation-transpose sends=471 bytes=168208 collective_rank_calls=56
AMG setup messages level=4 phase=A*P sends=3810 bytes=2498848 collective_rank_calls=56
AMG setup messages level=4 phase=R*(A*P) sends=1413 bytes=4569680 collective_rank_calls=56
AMG setup messages level=5 phase=strength sends=0 bytes=0 collective_rank_calls=56
AMG setup messages level=5 phase=strength-transpose sends=412 bytes=82872 collective_rank_calls=56
AMG setup messages level=5 phase=PMIS sends=4026 bytes=119564 collective_rank_calls=224
AMG setup messages level=5 phase=numbering sends=0 bytes=0 collective_rank_calls=56
AMG setup messages level=5 phase=interpolation sends=2175 bytes=54424 collective_rank_calls=56
AMG setup messages level=5 phase=interpolation-transpose sends=259 bytes=52048 collective_rank_calls=56
AMG setup messages level=5 phase=A*P sends=4932 bytes=983056 collective_rank_calls=56
AMG setup messages level=5 phase=R*(A*P) sends=777 bytes=1132416 collective_rank_calls=56
AMG setup messages level=6 phase=strength sends=0 bytes=0 collective_rank_calls=56
AMG setup messages level=6 phase=strength-transpose sends=210 bytes=42552 collective_rank_calls=56
AMG setup messages level=6 phase=PMIS sends=1884 bytes=61800 collective_rank_calls=168
AMG setup messages level=6 phase=numbering sends=0 bytes=0 collective_rank_calls=56
AMG setup messages level=6 phase=interpolation sends=1035 bytes=12108 collective_rank_calls=56
AMG setup messages level=6 phase=interpolation-transpose sends=74 bytes=23184 collective_rank_calls=56
AMG setup messages level=6 phase=A*P sends=3030 bytes=362384 collective_rank_calls=56
AMG setup messages level=6 phase=R*(A*P) sends=222 bytes=75664 collective_rank_calls=56
AMG setup messages level=7 phase=strength sends=0 bytes=0 collective_rank_calls=56
AMG setup messages level=7 phase=strength-transpose sends=8 bytes=1124 collective_rank_calls=56
AMG setup messages level=7 phase=PMIS sends=56 bytes=1000 collective_rank_calls=112
AMG setup messages level=7 phase=numbering sends=0 bytes=0 collective_rank_calls=56
AMG setup messages level=7 phase=interpolation sends=48 bytes=556 collective_rank_calls=56
AMG setup messages level=7 phase=interpolation-transpose sends=7 bytes=720 collective_rank_calls=56
AMG setup messages level=7 phase=A*P sends=120 bytes=4000 collective_rank_calls=56
AMG setup messages level=7 phase=R*(A*P) sends=21 bytes=992 collective_rank_calls=56
AMG setup messages level=0 phase=strength sends=0 bytes=0 collective_rank_calls=56
AMG setup messages level=0 phase=strength-transpose sends=318 bytes=15504652 collective_rank_calls=56
AMG setup messages level=0 phase=PMIS sends=6184 bytes=46571168 collective_rank_calls=504
AMG setup messages level=0 phase=numbering sends=0 bytes=0 collective_rank_calls=56
AMG setup messages level=0 phase=interpolation sends=1908 bytes=19539960 collective_rank_calls=56
AMG setup messages level=0 phase=interpolation-transpose sends=665 bytes=8176832 collective_rank_calls=56
AMG setup messages level=0 phase=A*P sends=1092 bytes=41577072 collective_rank_calls=56
AMG setup messages level=0 phase=R*(A*P) sends=1995 bytes=58703120 collective_rank_calls=56
AMG setup messages level=1 phase=strength sends=0 bytes=0 collective_rank_calls=56
AMG setup messages level=1 phase=strength-transpose sends=753 bytes=17659868 collective_rank_calls=56
AMG setup messages level=1 phase=PMIS sends=18111 bytes=37590568 collective_rank_calls=672
AMG setup messages level=1 phase=numbering sends=0 bytes=0 collective_rank_calls=56
AMG setup messages level=1 phase=interpolation sends=4488 bytes=20277748 collective_rank_calls=56
AMG setup messages level=1 phase=interpolation-transpose sends=722 bytes=6861408 collective_rank_calls=56
AMG setup messages level=1 phase=A*P sends=2406 bytes=39934992 collective_rank_calls=56
AMG setup messages level=1 phase=R*(A*P) sends=2166 bytes=103149104 collective_rank_calls=56
AMG setup messages level=2 phase=strength sends=0 bytes=0 collective_rank_calls=56
AMG setup messages level=2 phase=strength-transpose sends=781 bytes=7370696 collective_rank_calls=56
AMG setup messages level=2 phase=PMIS sends=18913 bytes=12854816 collective_rank_calls=672
AMG setup messages level=2 phase=numbering sends=0 bytes=0 collective_rank_calls=56
AMG setup messages level=2 phase=interpolation sends=4641 bytes=8062352 collective_rank_calls=56
AMG setup messages level=2 phase=interpolation-transpose sends=705 bytes=2081280 collective_rank_calls=56
AMG setup messages level=2 phase=A*P sends=2586 bytes=16585088 collective_rank_calls=56
AMG setup messages level=2 phase=R*(A*P) sends=2115 bytes=48439952 collective_rank_calls=56
AMG setup messages level=3 phase=strength sends=0 bytes=0 collective_rank_calls=56
AMG setup messages level=3 phase=strength-transpose sends=756 bytes=1646612 collective_rank_calls=56
AMG setup messages level=3 phase=PMIS sends=13828 bytes=2498656 collective_rank_calls=504
AMG setup messages level=3 phase=numbering sends=0 bytes=0 collective_rank_calls=56
AMG setup messages level=3 phase=interpolation sends=4506 bytes=1912720 collective_rank_calls=56
AMG setup messages level=3 phase=interpolation-transpose sends=632 bytes=531552 collective_rank_calls=56
AMG setup messages level=3 phase=A*P sends=2664 bytes=5930416 collective_rank_calls=56
AMG setup messages level=3 phase=R*(A*P) sends=1896 bytes=14462816 collective_rank_calls=56
AMG setup messages level=4 phase=strength sends=0 bytes=0 collective_rank_calls=56
AMG setup messages level=4 phase=strength-transpose sends=627 bytes=310636 collective_rank_calls=56
AMG setup messages level=4 phase=PMIS sends=10725 bytes=559060 collective_rank_calls=448
AMG setup messages level=4 phase=numbering sends=0 bytes=0 collective_rank_calls=56
AMG setup messages level=4 phase=interpolation sends=3627 bytes=335644 collective_rank_calls=56
AMG setup messages level=4 phase=interpolation-transpose sends=483 bytes=161248 collective_rank_calls=56
AMG setup messages level=4 phase=A*P sends=3864 bytes=2460096 collective_rank_calls=56
AMG setup messages level=4 phase=R*(A*P) sends=1449 bytes=4107040 collective_rank_calls=56
AMG setup messages level=5 phase=strength sends=0 bytes=0 collective_rank_calls=56
AMG setup messages level=5 phase=strength-transpose sends=430 bytes=79852 collective_rank_calls=56
AMG setup messages level=5 phase=PMIS sends=4960 bytes=117568 collective_rank_calls=280
AMG setup messages level=5 phase=numbering sends=0 bytes=0 collective_rank_calls=56
AMG setup messages level=5 phase=interpolation sends=2298 bytes=59632 collective_rank_calls=56
AMG setup messages level=5 phase=interpolation-transpose sends=240 bytes=50080 collective_rank_calls=56
AMG setup messages level=5 phase=A*P sends=5070 bytes=952224 collective_rank_calls=56
AMG setup messages level=5 phase=R*(A*P) sends=720 bytes=905696 collective_rank_calls=56
AMG setup messages level=6 phase=strength sends=0 bytes=0 collective_rank_calls=56
AMG setup messages level=6 phase=strength-transpose sends=187 bytes=30872 collective_rank_calls=56
AMG setup messages level=6 phase=PMIS sends=1590 bytes=39152 collective_rank_calls=168
AMG setup messages level=6 phase=numbering sends=0 bytes=0 collective_rank_calls=56
AMG setup messages level=6 phase=interpolation sends=1080 bytes=10824 collective_rank_calls=56
AMG setup messages level=6 phase=interpolation-transpose sends=67 bytes=12848 collective_rank_calls=56
AMG setup messages level=6 phase=A*P sends=3486 bytes=251984 collective_rank_calls=56
AMG setup messages level=6 phase=R*(A*P) sends=201 bytes=33232 collective_rank_calls=56
AMG setup messages level=0 phase=strength sends=0 bytes=0 collective_rank_calls=56
AMG setup messages level=0 phase=strength-transpose sends=318 bytes=15502764 collective_rank_calls=56
AMG setup messages level=0 phase=PMIS sends=6184 bytes=46567968 collective_rank_calls=504
AMG setup messages level=0 phase=numbering sends=0 bytes=0 collective_rank_calls=56
AMG setup messages level=0 phase=interpolation sends=1908 bytes=19520828 collective_rank_calls=56
AMG setup messages level=0 phase=interpolation-transpose sends=668 bytes=8174080 collective_rank_calls=56
AMG setup messages level=0 phase=A*P sends=1092 bytes=41557504 collective_rank_calls=56
AMG setup messages level=0 phase=R*(A*P) sends=2004 bytes=58581360 collective_rank_calls=56
AMG setup messages level=1 phase=strength sends=0 bytes=0 collective_rank_calls=56
AMG setup messages level=1 phase=strength-transpose sends=744 bytes=17638976 collective_rank_calls=56
AMG setup messages level=1 phase=PMIS sends=16392 bytes=34726888 collective_rank_calls=616
AMG setup messages level=1 phase=numbering sends=0 bytes=0 collective_rank_calls=56
AMG setup messages level=1 phase=interpolation sends=4440 bytes=20231560 collective_rank_calls=56
AMG setup messages level=1 phase=interpolation-transpose sends=731 bytes=6871824 collective_rank_calls=56
AMG setup messages level=1 phase=A*P sends=2370 bytes=39942912 collective_rank_calls=56
AMG setup messages level=1 phase=R*(A*P) sends=2193 bytes=103165264 collective_rank_calls=56
AMG setup messages level=2 phase=strength sends=0 bytes=0 collective_rank_calls=56
AMG setup messages level=2 phase=strength-transpose sends=774 bytes=7382220 collective_rank_calls=56
AMG setup messages level=2 phase=PMIS sends=17172 bytes=11906216 collective_rank_calls=616
AMG setup messages level=2 phase=numbering sends=0 bytes=0 collective_rank_calls=56
AMG setup messages level=2 phase=interpolation sends=4605 bytes=8073344 collective_rank_calls=56
AMG setup messages level=2 phase=interpolation-transpose sends=720 bytes=2080544 collective_rank_calls=56
AMG setup messages level=2 phase=A*P sends=2586 bytes=16605648 collective_rank_calls=56
AMG setup messages level=2 phase=R*(A*P) sends=2160 bytes=48363456 collective_rank_calls=56
AMG setup messages level=3 phase=strength sends=0 bytes=0 collective_rank_calls=56
AMG setup messages level=3 phase=strength-transpose sends=762 bytes=1662372 collective_rank_calls=56
AMG setup messages level=3 phase=PMIS sends=13996 bytes=2503008 collective_rank_calls=504
AMG setup messages level=3 phase=numbering sends=0 bytes=0 collective_rank_calls=56
AMG setup messages level=3 phase=interpolation sends=4524 bytes=1914084 collective_rank_calls=56
AMG setup messages level=3 phase=interpolation-transpose sends=622 bytes=526320 collective_rank_calls=56
AMG setup messages level=3 phase=A*P sends=2688 bytes=5979328 collective_rank_calls=56
AMG setup messages level=3 phase=R*(A*P) sends=1866 bytes=14422032 collective_rank_calls=56
AMG setup messages level=4 phase=strength sends=0 bytes=0 collective_rank_calls=56
AMG setup messages level=4 phase=strength-transpose sends=621 bytes=315296 collective_rank_calls=56
AMG setup messages level=4 phase=PMIS sends=10539 bytes=568828 collective_rank_calls=448
AMG setup messages level=4 phase=numbering sends=0 bytes=0 collective_rank_calls=56
AMG setup messages level=4 phase=interpolation sends=3546 bytes=328896 collective_rank_calls=56
AMG setup messages level=4 phase=interpolation-transpose sends=463 bytes=174144 collective_rank_calls=56
AMG setup messages level=4 phase=A*P sends=3864 bytes=2575728 collective_rank_calls=56
AMG setup messages level=4 phase=R*(A*P) sends=1389 bytes=4191728 collective_rank_calls=56
AMG setup messages level=5 phase=strength sends=0 bytes=0 collective_rank_calls=56
AMG setup messages level=5 phase=strength-transpose sends=406 bytes=75488 collective_rank_calls=56
AMG setup messages level=5 phase=PMIS sends=4816 bytes=114160 collective_rank_calls=280
AMG setup messages level=5 phase=numbering sends=0 bytes=0 collective_rank_calls=56
AMG setup messages level=5 phase=interpolation sends=2181 bytes=52572 collective_rank_calls=56
AMG setup messages level=5 phase=interpolation-transpose sends=221 bytes=55232 collective_rank_calls=56
AMG setup messages level=5 phase=A*P sends=4890 bytes=948608 collective_rank_calls=56
AMG setup messages level=5 phase=R*(A*P) sends=663 bytes=850992 collective_rank_calls=56
AMG setup messages level=6 phase=strength sends=0 bytes=0 collective_rank_calls=56
AMG setup messages level=6 phase=strength-transpose sends=192 bytes=34932 collective_rank_calls=56
AMG setup messages level=6 phase=PMIS sends=1664 bytes=45264 collective_rank_calls=168
AMG setup messages level=6 phase=numbering sends=0 bytes=0 collective_rank_calls=56
AMG setup messages level=6 phase=interpolation sends=1011 bytes=11944 collective_rank_calls=56
AMG setup messages level=6 phase=interpolation-transpose sends=66 bytes=17952 collective_rank_calls=56
AMG setup messages level=6 phase=A*P sends=2580 bytes=231152 collective_rank_calls=56
AMG setup messages level=6 phase=R*(A*P) sends=198 bytes=40880 collective_rank_calls=56
AMG setup messages level=0 phase=strength sends=0 bytes=0 collective_rank_calls=56
AMG setup messages level=0 phase=strength-transpose sends=318 bytes=15501660 collective_rank_calls=56
AMG setup messages level=0 phase=PMIS sends=6866 bytes=51115920 collective_rank_calls=560
AMG setup messages level=0 phase=numbering sends=0 bytes=0 collective_rank_calls=56
AMG setup messages level=0 phase=interpolation sends=1908 bytes=19502096 collective_rank_calls=56
AMG setup messages level=0 phase=interpolation-transpose sends=665 bytes=8172416 collective_rank_calls=56
AMG setup messages level=0 phase=A*P sends=1092 bytes=41556016 collective_rank_calls=56
AMG setup messages level=0 phase=R*(A*P) sends=1995 bytes=58602400 collective_rank_calls=56
AMG setup messages level=1 phase=strength sends=0 bytes=0 collective_rank_calls=56
AMG setup messages level=1 phase=strength-transpose sends=759 bytes=17649896 collective_rank_calls=56
AMG setup messages level=1 phase=PMIS sends=18281 bytes=37597372 collective_rank_calls=672
AMG setup messages level=1 phase=numbering sends=0 bytes=0 collective_rank_calls=56
AMG setup messages level=1 phase=interpolation sends=4524 bytes=20268728 collective_rank_calls=56
AMG setup messages level=1 phase=interpolation-transpose sends=723 bytes=6869024 collective_rank_calls=56
AMG setup messages level=1 phase=A*P sends=2400 bytes=39930640 collective_rank_calls=56
AMG setup messages level=1 phase=R*(A*P) sends=2169 bytes=103164784 collective_rank_calls=56
AMG setup messages level=2 phase=strength sends=0 bytes=0 collective_rank_calls=56
AMG setup messages level=2 phase=strength-transpose sends=776 bytes=7393932 collective_rank_calls=56
AMG setup messages level=2 phase=PMIS sends=17264 bytes=11910576 collective_rank_calls=616
AMG setup messages level=2 phase=numbering sends=0 bytes=0 collective_rank_calls=56
AMG setup messages level=2 phase=interpolation sends=4623 bytes=8083164 collective_rank_calls=56
AMG setup messages level=2 phase=interpolation-transpose sends=701 bytes=2085024 collective_rank_calls=56
AMG setup messages level=2 phase=A*P sends=2574 bytes=16641184 collective_rank_calls=56
AMG setup messages level=2 phase=R*(A*P) sends=2103 bytes=48411376 collective_rank_calls=56
AMG setup messages level=3 phase=strength sends=0 bytes=0 collective_rank_calls=56
AMG setup messages level=3 phase=strength-transpose sends=763 bytes=1658940 collective_rank_calls=56
AMG setup messages level=3 phase=PMIS sends=14044 bytes=2509792 collective_rank_calls=504
AMG setup messages level=3 phase=numbering sends=0 bytes=0 collective_rank_calls=56
AMG setup messages level=3 phase=interpolation sends=4533 bytes=1941744 collective_rank_calls=56
AMG setup messages level=3 phase=interpolation-transpose sends=652 bytes=527888 collective_rank_calls=56
AMG setup messages level=3 phase=A*P sends=2682 bytes=5954608 collective_rank_calls=56
AMG setup messages level=3 phase=R*(A*P) sends=1956 bytes=14717936 collective_rank_calls=56
AMG setup messages level=4 phase=strength sends=0 bytes=0 collective_rank_calls=56
AMG setup messages level=4 phase=strength-transpose sends=619 bytes=323932 collective_rank_calls=56
AMG setup messages level=4 phase=PMIS sends=10453 bytes=581184 collective_rank_calls=448
AMG setup messages level=4 phase=numbering sends=0 bytes=0 collective_rank_calls=56
AMG setup messages level=4 phase=interpolation sends=3582 bytes=344216 collective_rank_calls=56
AMG setup messages level=4 phase=interpolation-transpose sends=475 bytes=175840 collective_rank_calls=56
AMG setup messages level=4 phase=A*P sends=3900 bytes=2572752 collective_rank_calls=56
AMG setup messages level=4 phase=R*(A*P) sends=1425 bytes=4666448 collective_rank_calls=56
AMG setup messages level=5 phase=strength sends=0 bytes=0 collective_rank_calls=56
AMG setup messages level=5 phase=strength-transpose sends=452 bytes=82464 collective_rank_calls=56
AMG setup messages level=5 phase=PMIS sends=6376 bytes=149792 collective_rank_calls=336
AMG setup messages level=5 phase=numbering sends=0 bytes=0 collective_rank_calls=56
AMG setup messages level=5 phase=interpolation sends=2400 bytes=56492 collective_rank_calls=56
AMG setup messages level=5 phase=interpolation-transpose sends=275 bytes=51472 collective_rank_calls=56
AMG setup messages level=5 phase=A*P sends=4944 bytes=984416 collective_rank_calls=56
AMG setup messages level=5 phase=R*(A*P) sends=825 bytes=1147600 collective_rank_calls=56
AMG setup messages level=6 phase=strength sends=0 bytes=0 collective_rank_calls=56
AMG setup messages level=6 phase=strength-transpose sends=198 bytes=35184 collective_rank_calls=56
AMG setup messages level=6 phase=PMIS sends=1732 bytes=52872 collective_rank_calls=168
AMG setup messages level=6 phase=numbering sends=0 bytes=0 collective_rank_calls=56
AMG setup messages level=6 phase=interpolation sends=1041 bytes=10704 collective_rank_calls=56
AMG setup messages level=6 phase=interpolation-transpose sends=67 bytes=14096 collective_rank_calls=56
AMG setup messages level=6 phase=A*P sends=3600 bytes=290368 collective_rank_calls=56
AMG setup messages level=6 phase=R*(A*P) sends=201 bytes=40512 collective_rank_calls=56
AMG setup messages level=7 phase=strength sends=0 bytes=0 collective_rank_calls=56
AMG setup messages level=7 phase=strength-transpose sends=6 bytes=552 collective_rank_calls=56
AMG setup messages level=7 phase=PMIS sends=36 bytes=704 collective_rank_calls=112
AMG setup messages level=7 phase=numbering sends=0 bytes=0 collective_rank_calls=56
AMG setup messages level=7 phase=interpolation sends=18 bytes=120 collective_rank_calls=56
AMG setup messages level=7 phase=interpolation-transpose sends=5 bytes=624 collective_rank_calls=56
AMG setup messages level=7 phase=A*P sends=78 bytes=2880 collective_rank_calls=56
AMG setup messages level=7 phase=R*(A*P) sends=15 bytes=928 collective_rank_calls=56
GMRES: iter = 0, residual = 2.797161894, 1 (rel.)
GMRES: iter = 1, residual = 2.570100279, 0.9188242856 (rel.)
GMRES: iter = 2, residual = 2.111190236, 0.7547615461 (rel.)
GMRES: iter = 3, residual = 1.718124292, 0.6142384165 (rel.)
GMRES: iter = 4, residual = 1.427356491, 0.5102874075 (rel.)
GMRES: iter = 5, residual = 1.146900658, 0.4100229808 (rel.)
GMRES: iter = 6, residual = 0.9068148946, 0.3241910654 (rel.)
GMRES: iter = 7, residual = 0.7402883616, 0.2646569593 (rel.)
GMRES: iter = 8, residual = 0.6281868119, 0.2245800693 (rel.)
GMRES: iter = 9, residual = 0.5761289301, 0.2059691044 (rel.)
GMRES: iter = 10, residual = 0.5584190444, 0.1996377277 (rel.)
GMRES: iter = 11, residual = 0.5512755764, 0.1970839005 (rel.)
GMRES: iter = 12, residual = 0.5430558539, 0.1941453067 (rel.)
GMRES: iter = 13, residual = 0.5315258823, 0.1900232816 (rel.)
GMRES: iter = 14, residual = 0.5185273725, 0.1853762464 (rel.)
GMRES: iter = 15, residual = 0.5043713953, 0.1803154106 (rel.)
GMRES: iter = 16, residual = 0.4851577001, 0.1734464141 (rel.)
GMRES: iter = 17, residual = 0.4583772101, 0.1638722489 (rel.)
GMRES: iter = 18, residual = 0.4183621394, 0.1495666519 (rel.)
GMRES: iter = 19, residual = 0.3550449547, 0.1269304274 (rel.)
GMRES: iter = 20, residual = 0.2761444298, 0.09872307727 (rel.)
GMRES: iter = 21, residual = 0.2133791825, 0.07628417325 (rel.)
GMRES: iter = 22, residual = 0.1688833891, 0.06037669448 (rel.)
GMRES: iter = 23, residual = 0.1318342602, 0.04713143721 (rel.)
GMRES: iter = 24, residual = 0.1052936064, 0.03764301473 (rel.)
GMRES: iter = 25, residual = 0.08360588701, 0.02988954168 (rel.)
GMRES: iter = 26, residual = 0.06586479977, 0.02354701024 (rel.)
GMRES: iter = 27, residual = 0.05336412158, 0.01907795244 (rel.)
GMRES: iter = 28, residual = 0.04053094862, 0.01449002602 (rel.)
GMRES: iter = 29, residual = 0.03009548439, 0.010759293 (rel.)
GMRES: iter = 30, residual = 0.02433296949, 0.0086991638 (rel.)
GMRES: iter = 31, residual = 0.02009886549, 0.007185449485 (rel.)
GMRES: iter = 32, residual = 0.01639125763, 0.005859960293 (rel.)
GMRES: iter = 33, residual = 0.0128619443, 0.004598212325 (rel.)
GMRES: iter = 34, residual = 0.01056088292, 0.003775570855 (rel.)
GMRES: iter = 35, residual = 0.008598215555, 0.00307390701 (rel.)
GMRES: iter = 36, residual = 0.006907399446, 0.002469431412 (rel.)
GMRES: iter = 37, residual = 0.00551263377, 0.001970795392 (rel.)
GMRES: iter = 38, residual = 0.004527415501, 0.00161857471 (rel.)
GMRES: iter = 39, residual = 0.003676544213, 0.001314383776 (rel.)
GMRES: iter = 40, residual = 0.002942930079, 0.001052112888 (rel.)
GMRES: iter = 41, residual = 0.002314470352, 0.0008274352504 (rel.)
GMRES: iter = 42, residual = 0.001890665707, 0.0006759228741 (rel.)
GMRES: iter = 43, residual = 0.001561335825, 0.0005581857199 (rel.)
GMRES: iter = 44, residual = 0.00128814603, 0.00046051894 (rel.)
GMRES: iter = 45, residual = 0.00100307847, 0.000358605797 (rel.)
GMRES: iter = 46, residual = 0.0007669294833, 0.0002741812996 (rel.)
GMRES: iter = 47, residual = 0.0005881465387, 0.0002102654623 (rel.)
GMRES: iter = 48, residual = 0.0004398098885, 0.0001572343344 (rel.)
GMRES: iter = 49, residual = 0.0003515660802, 0.0001256867116 (rel.)
GMRES: iter = 50, residual = 0.0002898955455, 0.000103639173 (rel.)
GMRES: iter = 51, residual = 0.0002415139778, 8.634250963e-05 (rel.)
GMRES: Solve Time = 11.22155311
AMG setup messages level=0 phase=strength sends=0 bytes=0 collective_rank_calls=56
AMG setup messages level=0 phase=strength-transpose sends=318 bytes=15505580 collective_rank_calls=56
AMG setup messages level=0 phase=PMIS sends=6184 bytes=46578016 collective_rank_calls=504
AMG setup messages level=0 phase=numbering sends=0 bytes=0 collective_rank_calls=56
AMG setup messages level=0 phase=interpolation sends=1908 bytes=19517920 collective_rank_calls=56
AMG setup messages level=0 phase=interpolation-transpose sends=659 bytes=8163392 collective_rank_calls=56
AMG setup messages level=0 phase=A*P sends=1092 bytes=41571520 collective_rank_calls=56
AMG setup messages level=0 phase=R*(A*P) sends=1977 bytes=58625152 collective_rank_calls=56
AMG setup messages level=1 phase=strength sends=0 bytes=0 collective_rank_calls=56
AMG setup messages level=1 phase=strength-transpose sends=752 bytes=17597632 collective_rank_calls=56
AMG setup messages level=1 phase=PMIS sends=19664 bytes=40407280 collective_rank_calls=728
AMG setup messages level=1 phase=numbering sends=0 bytes=0 collective_rank_calls=56
AMG setup messages level=1 phase=interpolation sends=4485 bytes=20259172 collective_rank_calls=56
AMG setup messages level=1 phase=interpolation-transpose sends=728 bytes=6822704 collective_rank_calls=56
AMG setup messages level=1 phase=A*P sends=2430 bytes=39953600 collective_rank_calls=56
AMG setup messages level=1 phase=R*(A*P) sends=2184 bytes=102579504 collective_rank_calls=56
AMG setup messages level=2 phase=strength sends=0 bytes=0 collective_rank_calls=56
AMG setup messages level=2 phase=strength-transpose sends=786 bytes=7350840 collective_rank_calls=56
AMG setup messages level=2 phase=PMIS sends=19072 bytes=12850860 collective_rank_calls=672
AMG setup messages level=2 phase=numbering sends=0 bytes=0 collective_rank_calls=56
AMG setup messages level=2 phase=interpolation sends=4677 bytes=8028752 collective_rank_calls=56
AMG setup messages level=2 phase=interpolation-transpose sends=714 bytes=2067936 collective_rank_calls=56
AMG setup messages level=2 phase=A*P sends=2586 bytes=16583552 collective_rank_calls=56
AMG setup messages level=2 phase=R*(A*P) sends=2142 bytes=47905168 collective_rank_calls=56
AMG setup messages level=3 phase=strength sends=0 bytes=0 collective_rank_calls=56
AMG setup messages level=3 phase=strength-transpose sends=752 bytes=1651760 collective_rank_calls=56
AMG setup messages level=3 phase=PMIS sends=15260 bytes=2730488 collective_rank_calls=560
AMG setup messages level=3 phase=numbering sends=0 bytes=0 collective_rank_calls=56
AMG setup messages level=3 phase=interpolation sends=4479 bytes=1893272 collective_rank_calls=56
AMG setup messages level=3 phase=interpolation-transpose sends=630 bytes=530144 collective_rank_calls=56
AMG setup messages level=3 phase=A*P sends=2670 bytes=5926688 collective_rank_calls=56
AMG setup messages level=3 phase=R*(A*P) sends=1890 bytes=14247632 collective_rank_calls=56
AMG setup messages level=4 phase=strength sends=0 bytes=0 collective_rank_calls=56
AMG setup messages level=4 phase=strength-transpose sends=617 bytes=317848 collective_rank_calls=56
AMG setup messages level=4 phase=PMIS sends=9190 bytes=507224 collective_rank_calls=392
AMG setup messages level=4 phase=numbering sends=0 bytes=0 collective_rank_calls=56
AMG setup messages level=4 phase=interpolation sends=3606 bytes=326432 collective_rank_calls=56
AMG setup messages level=4 phase=interpolation-transpose sends=467 bytes=169360 collective_rank_calls=56
AMG setup messages level=4 phase=A*P sends=3804 bytes=2460400 collective_rank_calls=56
AMG setup messages level=4 phase=R*(A*P) sends=1401 bytes=4231968 collective_rank_calls=56
AMG setup messages level=5 phase=strength sends=0 bytes=0 collective_rank_calls=56
AMG setup messages level=5 phase=strength-transpose sends=361 bytes=74888 collective_rank_calls=56
AMG setup messages level=5 phase=PMIS sends=3453 bytes=97580 collective_rank_calls=224
AMG setup messages level=5 phase=numbering sends=0 bytes=0 collective_rank_calls=56
AMG setup messages level=5 phase=interpolation sends=1923 bytes=51332 collective_rank_calls=56
AMG setup messages level=5 phase=interpolation-transpose sends=224 bytes=48608 collective_rank_calls=56
AMG setup messages level=5 phase=A*P sends=4836 bytes=946384 collective_rank_calls=56
AMG setup messages level=5 phase=R*(A*P) sends=672 bytes=1054336 collective_rank_calls=56
AMG setup messages level=6 phase=strength sends=0 bytes=0 collective_rank_calls=56
AMG setup messages level=6 phase=strength-transpose sends=167 bytes=33840 collective_rank_calls=56
AMG setup messages level=6 phase=PMIS sends=1430 bytes=42440 collective_rank_calls=168
AMG setup messages level=6 phase=numbering sends=0 bytes=0 collective_rank_calls=56
AMG setup messages level=6 phase=interpolation sends=903 bytes=9560 collective_rank_calls=56
AMG setup messages level=6 phase=interpolation-transpose sends=92 bytes=20352 collective_rank_calls=56
AMG setup messages level=6 phase=A*P sends=3708 bytes=363232 collective_rank_calls=56
AMG setup messages level=6 phase=R*(A*P) sends=276 bytes=69312 collective_rank_calls=56
GMRES: iter = 0, residual = 2.419185779, 1 (rel.)
GMRES: iter = 1, residual = 2.167697509, 0.8960442511 (rel.)
GMRES: iter = 2, residual = 1.805266473, 0.746228954 (rel.)
GMRES: iter = 3, residual = 1.456685315, 0.602138673 (rel.)
GMRES: iter = 4, residual = 1.221573991, 0.5049525347 (rel.)
GMRES: iter = 5, residual = 0.9916958412, 0.4099295928 (rel.)
GMRES: iter = 6, residual = 0.7793546734, 0.3221557766 (rel.)
GMRES: iter = 7, residual = 0.6254599967, 0.2585415317 (rel.)
GMRES: iter = 8, residual = 0.5146183331, 0.2127237757 (rel.)
GMRES: iter = 9, residual = 0.4558215906, 0.1884194239 (rel.)
GMRES: iter = 10, residual = 0.4341752274, 0.1794716351 (rel.)
GMRES: iter = 11, residual = 0.4261848322, 0.1761687076 (rel.)
GMRES: iter = 12, residual = 0.4185517796, 0.1730134921 (rel.)
GMRES: iter = 13, residual = 0.4080024111, 0.1686527817 (rel.)
GMRES: iter = 14, residual = 0.3962652314, 0.1638010751 (rel.)
GMRES: iter = 15, residual = 0.3857501084, 0.1594545205 (rel.)
GMRES: iter = 16, residual = 0.3717033457, 0.1536481195 (rel.)
GMRES: iter = 17, residual = 0.345570068, 0.1428456099 (rel.)
GMRES: iter = 18, residual = 0.3069287835, 0.1268727628 (rel.)
GMRES: iter = 19, residual = 0.2668552484, 0.1103078774 (rel.)
GMRES: iter = 20, residual = 0.2236597778, 0.09245250188 (rel.)
GMRES: iter = 21, residual = 0.1769028098, 0.07312493789 (rel.)
GMRES: iter = 22, residual = 0.1372673353, 0.05674113023 (rel.)
GMRES: iter = 23, residual = 0.1059842372, 0.04380987939 (rel.)
GMRES: iter = 24, residual = 0.08538306977, 0.03529413513 (rel.)
GMRES: iter = 25, residual = 0.06934826104, 0.02866595102 (rel.)
GMRES: iter = 26, residual = 0.05438840463, 0.02248211159 (rel.)
GMRES: iter = 27, residual = 0.04063865294, 0.01679848373 (rel.)
GMRES: iter = 28, residual = 0.0299703106, 0.01238859407 (rel.)
GMRES: iter = 29, residual = 0.02383248892, 0.009851450488 (rel.)
GMRES: iter = 30, residual = 0.01928078813, 0.007969949351 (rel.)
GMRES: iter = 31, residual = 0.01567410679, 0.006479083554 (rel.)
GMRES: iter = 32, residual = 0.01273492328, 0.005264136135 (rel.)
GMRES: iter = 33, residual = 0.01064689423, 0.004401023817 (rel.)
GMRES: iter = 34, residual = 0.008733323452, 0.003610025955 (rel.)
GMRES: iter = 35, residual = 0.0070286524, 0.002905379347 (rel.)
GMRES: iter = 36, residual = 0.005577510433, 0.002305532085 (rel.)
GMRES: iter = 37, residual = 0.004457240358, 0.001842454762 (rel.)
GMRES: iter = 38, residual = 0.003597432144, 0.001487042531 (rel.)
GMRES: iter = 39, residual = 0.002871789411, 0.001187089241 (rel.)
GMRES: iter = 40, residual = 0.002273650693, 0.000939841294 (rel.)
GMRES: iter = 41, residual = 0.001843965262, 0.0007622255712 (rel.)
GMRES: iter = 42, residual = 0.001511001102, 0.0006245907675 (rel.)
GMRES: iter = 43, residual = 0.001221463861, 0.0005049070111 (rel.)
GMRES: iter = 44, residual = 0.0009852565808, 0.0004072678458 (rel.)
GMRES: iter = 45, residual = 0.0007649250425, 0.0003161911124 (rel.)
GMRES: iter = 46, residual = 0.0005710454095, 0.0002360485972 (rel.)
GMRES: iter = 47, residual = 0.0004348259331, 0.0001797406123 (rel.)
GMRES: iter = 48, residual = 0.0003270294769, 0.00013518163 (rel.)
GMRES: iter = 49, residual = 0.0002590807557, 0.0001070941959 (rel.)
GMRES: iter = 50, residual = 0.0002144846815, 8.865986373e-05 (rel.)
GMRES: Solve Time = 10.93692976
AMG setup messages level=0 phase=strength sends=0 bytes=0 collective_rank_calls=56
AMG setup messages level=0 phase=strength-transpose sends=318 bytes=15513324 collective_rank_calls=56
AMG setup messages level=0 phase=PMIS sends=6184 bytes=46601664 collective_rank_calls=504
AMG setup messages level=0 phase=numbering sends=0 bytes=0 collective_rank_calls=56
AMG setup messages level=0 phase=interpolation sends=1908 bytes=19588548 collective_rank_calls=56
AMG setup messages level=0 phase=interpolation-transpose sends=654 bytes=8120976 collective_rank_calls=56
AMG setup messages level=0 phase=A*P sends=1092 bytes=41596480 collective_rank_calls=56
AMG setup messages level=0 phase=R*(A*P) sends=1962 bytes=58549104 collective_rank_calls=56
AMG setup messages level=1 phase=strength sends=0 bytes=0 collective_rank_calls=56
AMG setup messages level=1 phase=strength-transpose sends=753 bytes=17546252 collective_rank_calls=56
AMG setup messages level=1 phase=PMIS sends=18137 bytes=37524148 collective_rank_calls=672
AMG setup messages level=1 phase=numbering sends=0 bytes=0 collective_rank_calls=56
AMG setup messages level=1 phase=interpolation sends=4485 bytes=20254808 collective_rank_calls=56
AMG setup messages level=1 phase=interpolation-transpose sends=723 bytes=6781008 collective_rank_calls=56
AMG setup messages level=1 phase=A*P sends=2400 bytes=39917584 collective_rank_calls=56
AMG setup messages level=1 phase=R*(A*P) sends=2169 bytes=102265520 collective_rank_calls=56
AMG setup messages level=2 phase=strength sends=0 bytes=0 collective_rank_calls=56
AMG setup messages level=2 phase=strength-transpose sends=774 bytes=7304196 collective_rank_calls=56
AMG setup messages level=2 phase=PMIS sends=17172 bytes=11795336 collective_rank_calls=616
AMG setup messages level=2 phase=numbering sends=0 bytes=0 collective_rank_calls=56
AMG setup messages level=2 phase=interpolation sends=4617 bytes=7945172 collective_rank_calls=56
AMG setup messages level=2 phase=interpolation-transpose sends=713 bytes=2060192 collective_rank_calls=56
AMG setup messages level=2 phase=A*P sends=2580 bytes=16560912 collective_rank_calls=56
AMG setup messages level=2 phase=R*(A*P) sends=2139 bytes=47605056 collective_rank_calls=56
AMG setup messages level=3 phase=strength sends=0 bytes=0 collective_rank_calls=56
AMG setup messages level=3 phase=strength-transpose sends=755 bytes=1665480 collective_rank_calls=56
AMG setup messages level=3 phase=PMIS sends=13880 bytes=2499344 collective_rank_calls=504
AMG setup messages level=3 phase=numbering sends=0 bytes=0 collective_rank_calls=56
AMG setup messages level=3 phase=interpolation sends=4497 bytes=1900520 collective_rank_calls=56
AMG setup messages level=3 phase=interpolation-transpose sends=631 bytes=535216 collective_rank_calls=56
AMG setup messages level=3 phase=A*P sends=2688 bytes=5882288 collective_rank_calls=56
AMG setup messages level=3 phase=R*(A*P) sends=1893 bytes=14178672 collective_rank_calls=56
AMG setup messages level=4 phase=strength sends=0 bytes=0 collective_rank_calls=56
AMG setup messages level=4 phase=strength-transpose sends=634 bytes=307988 collective_rank_calls=56
AMG setup messages level=4 phase=PMIS sends=9452 bytes=495032 collective_rank_calls=392
AMG setup messages level=4 phase=numbering sends=0 bytes=0 collective_rank_calls=56
AMG setup messages level=4 phase=interpolation sends=3690 bytes=334364 collective_rank_calls=56
AMG setup messages level=4 phase=interpolation-transpose sends=447 bytes=163248 collective_rank_calls=56
AMG setup messages level=4 phase=A*P sends=3852 bytes=2377952 collective_rank_calls=56
AMG setup messages level=4 phase=R*(A*P) sends=1341 bytes=3928480 collective_rank_calls=56
AMG setup messages level=5 phase=strength sends=0 bytes=0 collective_rank_calls=56
AMG setup messages level=5 phase=strength-transpose sends=374 bytes=72788 collective_rank_calls=56
AMG setup messages level=5 phase=PMIS sends=4460 bytes=110240 collective_rank_calls=280
AMG setup messages level=5 phase=numbering sends=0 bytes=0 collective_rank_calls=56
AMG setup messages level=5 phase=interpolation sends=1935 bytes=49280 collective_rank_calls=56
AMG setup messages level=5 phase=interpolation-transpose sends=201 bytes=43440 collective_rank_calls=56
AMG setup messages level=5 phase=A*P sends=4680 bytes=849856 collective_rank_calls=56
AMG setup messages level=5 phase=R*(A*P) sends=603 bytes=934992 collective_rank_calls=56
AMG setup messages level=6 phase=strength sends=0 bytes=0 collective_rank_calls=56
AMG setup messages level=6 phase=strength-transpose sends=171 bytes=33868 collective_rank_calls=56
AMG setup messages level=6 phase=PMIS sends=1131 bytes=39892 collective_rank_calls=112
AMG setup messages level=6 phase=numbering sends=0 bytes=0 collective_rank_calls=56
AMG setup messages level=6 phase=interpolation sends=903 bytes=9452 collective_rank_calls=56
AMG setup messages level=6 phase=interpolation-transpose sends=71 bytes=15120 collective_rank_calls=56
AMG setup messages level=6 phase=A*P sends=2910 bytes=251872 collective_rank_calls=56
AMG setup messages level=6 phase=R*(A*P) sends=213 bytes=38368 collective_rank_calls=56
GMRES: iter = 0, residual = 1.937845168, 1 (rel.)
GMRES: iter = 1, residual = 1.490049772, 0.7689209627 (rel.)
GMRES: iter = 2, residual = 1.256498731, 0.6483999606 (rel.)
GMRES: iter = 3, residual = 1.022492527, 0.5276440778 (rel.)
GMRES: iter = 4, residual = 0.8217454255, 0.424051126 (rel.)
GMRES: iter = 5, residual = 0.6917241801, 0.3569553396 (rel.)
GMRES: iter = 6, residual = 0.5710064093, 0.2946604913 (rel.)
GMRES: iter = 7, residual = 0.4548422049, 0.2347154522 (rel.)
GMRES: iter = 8, residual = 0.3577893636, 0.1846325855 (rel.)
GMRES: iter = 9, residual = 0.2913218464, 0.1503328807 (rel.)
GMRES: iter = 10, residual = 0.2492033059, 0.1285981512 (rel.)
GMRES: iter = 11, residual = 0.2252868441, 0.1162563696 (rel.)
GMRES: iter = 12, residual = 0.2113548361, 0.1090669366 (rel.)
GMRES: iter = 13, residual = 0.2004796151, 0.1034549191 (rel.)
GMRES: iter = 14, residual = 0.1912396307, 0.09868674438 (rel.)
GMRES: iter = 15, residual = 0.1848536321, 0.09539133215 (rel.)
GMRES: iter = 16, residual = 0.1799680844, 0.0928702083 (rel.)
GMRES: iter = 17, residual = 0.1741503451, 0.089868039 (rel.)
GMRES: iter = 18, residual = 0.1644220474, 0.08484787644 (rel.)
GMRES: iter = 19, residual = 0.1485083086, 0.07663579684 (rel.)
GMRES: iter = 20, residual = 0.12857611, 0.0663500429 (rel.)
GMRES: iter = 21, residual = 0.1086030681, 0.05604321227 (rel.)
GMRES: iter = 22, residual = 0.09181781778, 0.04738140038 (rel.)
GMRES: iter = 23, residual = 0.0774333923, 0.03995850318 (rel.)
GMRES: iter = 24, residual = 0.06277948369, 0.03239654268 (rel.)
GMRES: iter = 25, residual = 0.04948634331, 0.02553678907 (rel.)
GMRES: iter = 26, residual = 0.03661055028, 0.01889240218 (rel.)
GMRES: iter = 27, residual = 0.02643158077, 0.01363967628 (rel.)
GMRES: iter = 28, residual = 0.02004161599, 0.01034221739 (rel.)
GMRES: iter = 29, residual = 0.0156044099, 0.008052454424 (rel.)
GMRES: iter = 30, residual = 0.01231479511, 0.006354891152 (rel.)
GMRES: iter = 31, residual = 0.009533353325, 0.004919564 (rel.)
GMRES: iter = 32, residual = 0.007636442359, 0.003940687567 (rel.)
GMRES: iter = 33, residual = 0.006281744397, 0.003241613159 (rel.)
GMRES: iter = 34, residual = 0.005167676664, 0.002666712878 (rel.)
GMRES: iter = 35, residual = 0.0039898559, 0.002058913666 (rel.)
GMRES: iter = 36, residual = 0.003010758354, 0.001553663009 (rel.)
GMRES: iter = 37, residual = 0.002391601463, 0.001234155082 (rel.)
GMRES: iter = 38, residual = 0.001916605936, 0.0009890397683 (rel.)
GMRES: iter = 39, residual = 0.001507902752, 0.0007781337626 (rel.)
GMRES: iter = 40, residual = 0.001197523405, 0.0006179665045 (rel.)
GMRES: iter = 41, residual = 0.000965487372, 0.0004982273032 (rel.)
GMRES: iter = 42, residual = 0.0007827773005, 0.0004039421278 (rel.)
GMRES: iter = 43, residual = 0.0006298449558, 0.0003250233642 (rel.)
GMRES: iter = 44, residual = 0.0004861008282, 0.0002508460615 (rel.)
GMRES: iter = 45, residual = 0.0003639390036, 0.0001878060278 (rel.)
GMRES: iter = 46, residual = 0.0002739249021, 0.000141355412 (rel.)
GMRES: iter = 47, residual = 0.0002123963866, 0.0001096044153 (rel.)
GMRES: iter = 48, residual = 0.0001684089831, 8.69052832e-05 (rel.)
GMRES: Solve Time = 10.42527274
AMG setup messages level=0 phase=strength sends=0 bytes=0 collective_rank_calls=56
AMG setup messages level=0 phase=strength-transpose sends=318 bytes=15527040 collective_rank_calls=56
AMG setup messages level=0 phase=PMIS sends=6184 bytes=46644192 collective_rank_calls=504
AMG setup messages level=0 phase=numbering sends=0 bytes=0 collective_rank_calls=56
AMG setup messages level=0 phase=interpolation sends=1908 bytes=19500040 collective_rank_calls=56
AMG setup messages level=0 phase=interpolation-transpose sends=658 bytes=8045648 collective_rank_calls=56
AMG setup messages level=0 phase=A*P sends=1092 bytes=41565472 collective_rank_calls=56
AMG setup messages level=0 phase=R*(A*P) sends=1974 bytes=57921600 collective_rank_calls=56
AMG setup messages level=1 phase=strength sends=0 bytes=0 collective_rank_calls=56
AMG setup messages level=1 phase=strength-transpose sends=753 bytes=17453844 collective_rank_calls=56
AMG setup messages level=1 phase=PMIS sends=16602 bytes=34578560 collective_rank_calls=616
AMG setup messages level=1 phase=numbering sends=0 bytes=0 collective_rank_calls=56
AMG setup messages level=1 phase=interpolation sends=4497 bytes=20118396 collective_rank_calls=56
AMG setup messages level=1 phase=interpolation-transpose sends=729 bytes=6789536 collective_rank_calls=56
AMG setup messages level=1 phase=A*P sends=2364 bytes=39885520 collective_rank_calls=56
AMG setup messages level=1 phase=R*(A*P) sends=2187 bytes=101822592 collective_rank_calls=56
AMG setup messages level=2 phase=strength sends=0 bytes=0 collective_rank_calls=56
AMG setup messages level=2 phase=strength-transpose sends=777 bytes=7275196 collective_rank_calls=56
AMG setup messages level=2 phase=PMIS sends=17274 bytes=11694120 collective_rank_calls=616
AMG setup messages level=2 phase=numbering sends=0 bytes=0 collective_rank_calls=56
AMG setup messages level=2 phase=interpolation sends=4629 bytes=7827188 collective_rank_calls=56
AMG setup messages level=2 phase=interpolation-transpose sends=713 bytes=2053536 collective_rank_calls=56
AMG setup messages level=2 phase=A*P sends=2586 bytes=16468368 collective_rank_calls=56
AMG setup messages level=2 phase=R*(A*P) sends=2139 bytes=47240736 collective_rank_calls=56
AMG setup messages level=3 phase=strength sends=0 bytes=0 collective_rank_calls=56
AMG setup messages level=3 phase=strength-transpose sends=761 bytes=1670936 collective_rank_calls=56
AMG setup messages level=3 phase=PMIS sends=15517 bytes=2759420 collective_rank_calls=560
AMG setup messages level=3 phase=numbering sends=0 bytes=0 collective_rank_calls=56
AMG setup messages level=3 phase=interpolation sends=4524 bytes=1917724 collective_rank_calls=56
AMG setup messages level=3 phase=interpolation-transpose sends=631 bytes=529488 collective_rank_calls=56
AMG setup messages level=3 phase=A*P sends=2664 bytes=5850016 collective_rank_calls=56
AMG setup messages level=3 phase=R*(A*P) sends=1893 bytes=13928608 collective_rank_calls=56
AMG setup messages level=4 phase=strength sends=0 bytes=0 collective_rank_calls=56
AMG setup messages level=4 phase=strength-transpose sends=605 bytes=308784 collective_rank_calls=56
AMG setup messages level=4 phase=PMIS sends=10193 bytes=541484 collective_rank_calls=448
AMG setup messages level=4 phase=numbering sends=0 bytes=0 collective_rank_calls=56
AMG setup messages level=4 phase=interpolation sends=3495 bytes=330344 collective_rank_calls=56
AMG setup messages level=4 phase=interpolation-transpose sends=465 bytes=151616 collective_rank_calls=56
AMG setup messages level=4 phase=A*P sends=3798 bytes=2320160 collective_rank_calls=56
AMG setup messages level=4 phase=R*(A*P) sends=1395 bytes=3787040 collective_rank_calls=56
AMG setup messages level=5 phase=strength sends=0 bytes=0 collective_rank_calls=56
AMG setup messages level=5 phase=strength-transpose sends=388 bytes=80588 collective_rank_calls=56
AMG setup messages level=5 phase=PMIS sends=4636 bytes=123536 collective_rank_calls=280
AMG setup messages level=5 phase=numbering sends=0 bytes=0 collective_rank_calls=56
AMG setup messages level=5 phase=interpolation sends=2073 bytes=47524 collective_rank_calls=56
AMG setup messages level=5 phase=interpolation-transpose sends=248 bytes=44208 collective_rank_calls=56
AMG setup messages level=5 phase=A*P sends=4938 bytes=893424 collective_rank_calls=56
AMG setup messages level=5 phase=R*(A*P) sends=744 bytes=1128752 collective_rank_calls=56
AMG setup messages level=6 phase=strength sends=0 bytes=0 collective_rank_calls=56
AMG setup messages level=6 phase=strength-transpose sends=197 bytes=28276 collective_rank_calls=56
AMG setup messages level=6 phase=PMIS sends=1133 bytes=38652 collective_rank_calls=112
AMG setup messages level=6 phase=numbering sends=0 bytes=0 collective_rank_calls=56
AMG setup messages level=6 phase=interpolation sends=927 bytes=8200 collective_rank_calls=56
AMG setup messages level=6 phase=interpolation-transpose sends=76 bytes=15600 collective_rank_calls=56
AMG setup messages level=6 phase=A*P sends=3816 bytes=322624 collective_rank_calls=56
AMG setup messages level=6 phase=R*(A*P) sends=228 bytes=39248 collective_rank_calls=56
GMRES: iter = 0, residual = 1.174989521, 1 (rel.)
GMRES: iter = 1, residual = 0.6838065559, 0.5819682163 (rel.)
GMRES: iter = 2, residual = 0.4942258034, 0.4206214561 (rel.)
GMRES: iter = 3, residual = 0.3841840594, 0.3269680728 (rel.)
GMRES: iter = 4, residual = 0.3059997975, 0.2604276821 (rel.)
GMRES: iter = 5, residual = 0.2667866049, 0.2270544545 (rel.)
GMRES: iter = 6, residual = 0.2458247132, 0.2092143877 (rel.)
GMRES: iter = 7, residual = 0.2293349733, 0.1951804413 (rel.)
GMRES: iter = 8, residual = 0.2132724915, 0.1815101221 (rel.)
GMRES: iter = 9, residual = 0.1955430608, 0.1664211104 (rel.)
GMRES: iter = 10, residual = 0.1740481596, 0.1481274143 (rel.)
GMRES: iter = 11, residual = 0.1482856259, 0.1262016582 (rel.)
GMRES: iter = 12, residual = 0.1219728153, 0.1038075771 (rel.)
GMRES: iter = 13, residual = 0.09928233534, 0.08449635809 (rel.)
GMRES: iter = 14, residual = 0.07957906207, 0.06772746533 (rel.)
GMRES: iter = 15, residual = 0.06202661664, 0.05278908068 (rel.)
GMRES: iter = 16, residual = 0.04801069821, 0.04086053308 (rel.)
GMRES: iter = 17, residual = 0.0384975928, 0.03276420096 (rel.)
GMRES: iter = 18, residual = 0.03261533218, 0.02775797706 (rel.)
GMRES: iter = 19, residual = 0.02857835748, 0.02432222327 (rel.)
GMRES: iter = 20, residual = 0.0251231856, 0.02138162523 (rel.)
GMRES: iter = 21, residual = 0.02197802116, 0.01870486567 (rel.)
GMRES: iter = 22, residual = 0.01933148133, 0.01645247126 (rel.)
GMRES: iter = 23, residual = 0.01719138063, 0.01463109272 (rel.)
GMRES: iter = 24, residual = 0.01527073145, 0.0129964831 (rel.)
GMRES: iter = 25, residual = 0.01316091321, 0.01120087709 (rel.)
GMRES: iter = 26, residual = 0.01077901991, 0.009173715779 (rel.)
GMRES: iter = 27, residual = 0.008442471239, 0.007185145983 (rel.)
GMRES: iter = 28, residual = 0.006460725026, 0.00549853842 (rel.)
GMRES: iter = 29, residual = 0.004890759246, 0.004162385415 (rel.)
GMRES: iter = 30, residual = 0.00357913358, 0.003046098297 (rel.)
GMRES: iter = 31, residual = 0.002614326071, 0.002224978201 (rel.)
GMRES: iter = 32, residual = 0.001978462269, 0.001683812692 (rel.)
GMRES: iter = 33, residual = 0.001539685096, 0.00131038198 (rel.)
GMRES: iter = 34, residual = 0.0011675547, 0.0009936724363 (rel.)
GMRES: iter = 35, residual = 0.0008702465963, 0.0007406420061 (rel.)
GMRES: iter = 36, residual = 0.0006572451386, 0.0005593625531 (rel.)
GMRES: iter = 37, residual = 0.0005055306618, 0.000430242698 (rel.)
GMRES: iter = 38, residual = 0.0003904707283, 0.0003323184771 (rel.)
GMRES: iter = 39, residual = 0.0003064016951, 0.0002607697256 (rel.)
GMRES: iter = 40, residual = 0.0002449376467, 0.0002084594307 (rel.)
GMRES: iter = 41, residual = 0.0001958724752, 0.0001667014656 (rel.)
GMRES: iter = 42, residual = 0.0001583371489, 0.0001347562221 (rel.)
GMRES: iter = 43, residual = 0.0001254986529, 0.0001068083167 (rel.)
GMRES: iter = 44, residual = 9.268745309e-05, 7.888364228e-05 (rel.)
GMRES: Solve Time = 9.469283565
AMG setup messages level=0 phase=strength sends=0 bytes=0 collective_rank_calls=56
AMG setup messages level=0 phase=strength-transpose sends=318 bytes=15545324 collective_rank_calls=56
AMG setup messages level=0 phase=PMIS sends=6184 bytes=46694464 collective_rank_calls=504
AMG setup messages level=0 phase=numbering sends=0 bytes=0 collective_rank_calls=56
AMG setup messages level=0 phase=interpolation sends=1908 bytes=19519260 collective_rank_calls=56
AMG setup messages level=0 phase=interpolation-transpose sends=661 bytes=8069344 collective_rank_calls=56
AMG setup messages level=0 phase=A*P sends=1092 bytes=41579904 collective_rank_calls=56
AMG setup messages level=0 phase=R*(A*P) sends=1983 bytes=58109056 collective_rank_calls=56
AMG setup messages level=1 phase=strength sends=0 bytes=0 collective_rank_calls=56
AMG setup messages level=1 phase=strength-transpose sends=756 bytes=17600804 collective_rank_calls=56
AMG setup messages level=1 phase=PMIS sends=18196 bytes=37602064 collective_rank_calls=672
AMG setup messages level=1 phase=numbering sends=0 bytes=0 collective_rank_calls=56
AMG setup messages level=1 phase=interpolation sends=4509 bytes=20240556 collective_rank_calls=56
AMG setup messages level=1 phase=interpolation-transpose sends=727 bytes=6835456 collective_rank_calls=56
AMG setup messages level=1 phase=A*P sends=2388 bytes=39964144 collective_rank_calls=56
AMG setup messages level=1 phase=R*(A*P) sends=2181 bytes=102245360 collective_rank_calls=56
AMG setup messages level=2 phase=strength sends=0 bytes=0 collective_rank_calls=56
AMG setup messages level=2 phase=strength-transpose sends=780 bytes=7311832 collective_rank_calls=56
AMG setup messages level=2 phase=PMIS sends=18928 bytes=12671036 collective_rank_calls=672
AMG setup messages level=2 phase=numbering sends=0 bytes=0 collective_rank_calls=56
AMG setup messages level=2 phase=interpolation sends=4626 bytes=7877648 collective_rank_calls=56
AMG setup messages level=2 phase=interpolation-transpose sends=704 bytes=2054384 collective_rank_calls=56
AMG setup messages level=2 phase=A*P sends=2580 bytes=16375248 collective_rank_calls=56
AMG setup messages level=2 phase=R*(A*P) sends=2112 bytes=46914112 collective_rank_calls=56
AMG setup messages level=3 phase=strength sends=0 bytes=0 collective_rank_calls=56
AMG setup messages level=3 phase=strength-transpose sends=763 bytes=1702884 collective_rank_calls=56
AMG setup messages level=3 phase=PMIS sends=15535 bytes=2766056 collective_rank_calls=560
AMG setup messages level=3 phase=numbering sends=0 bytes=0 collective_rank_calls=56
AMG setup messages level=3 phase=interpolation sends=4524 bytes=1957728 collective_rank_calls=56
AMG setup messages level=3 phase=interpolation-transpose sends=645 bytes=529136 collective_rank_calls=56
AMG setup messages level=3 phase=A*P sends=2646 bytes=5763552 collective_rank_calls=56
AMG setup messages level=3 phase=R*(A*P) sends=1935 bytes=13876848 collective_rank_calls=56
AMG setup messages level=4 phase=strength sends=0 bytes=0 collective_rank_calls=56
AMG setup messages level=4 phase=strength-transpose sends=635 bytes=309560 collective_rank_calls=56
AMG setup messages level=4 phase=PMIS sends=12140 bytes=590976 collective_rank_calls=504
AMG setup messages level=4 phase=numbering sends=0 bytes=0 collective_rank_calls=56
AMG setup messages level=4 phase=interpolation sends=3636 bytes=341280 collective_rank_calls=56
AMG setup messages level=4 phase=interpolation-transpose sends=486 bytes=152032 collective_rank_calls=56
AMG setup messages level=4 phase=A*P sends=3966 bytes=2257776 collective_rank_calls=56
AMG setup messages level=4 phase=R*(A*P) sends=1458 bytes=3939616 collective_rank_calls=56
AMG setup messages level=5 phase=strength sends=0 bytes=0 collective_rank_calls=56
AMG setup messages level=5 phase=strength-transpose sends=440 bytes=75732 collective_rank_calls=56
AMG setup messages level=5 phase=PMIS sends=5120 bytes=120080 collective_rank_calls=280
AMG setup messages level=5 phase=numbering sends=0 bytes=0 collective_rank_calls=56
AMG setup messages level=5 phase=interpolation sends=2346 bytes=56332 collective_rank_calls=56
AMG setup messages level=5 phase=interpolation-transpose sends=245 bytes=48576 collective_rank_calls=56
AMG setup messages level=5 phase=A*P sends=4992 bytes=891088 collective_rank_calls=56
AMG setup messages level=5 phase=R*(A*P) sends=735 bytes=975600 collective_rank_calls=56
AMG setup messages level=6 phase=strength sends=0 bytes=0 collective_rank_calls=56
AMG setup messages level=6 phase=strength-transpose sends=165 bytes=25976 collective_rank_calls=56
AMG setup messages level=6 phase=PMIS sends=1554 bytes=40552 collective_rank_calls=168
AMG setup messages level=6 phase=numbering sends=0 bytes=0 collective_rank_calls=56
AMG setup messages level=6 phase=interpolation sends=891 bytes=8352 collective_rank_calls=56
AMG setup messages level=6 phase=interpolation-transpose sends=76 bytes=12256 collective_rank_calls=56
AMG setup messages level=6 phase=A*P sends=3078 bytes=220976 collective_rank_calls=56
AMG setup messages level=6 phase=R*(A*P) sends=228 bytes=29696 collective_rank_calls=56
GMRES: iter = 0, residual = 0.564406571, 1 (rel.)
GMRES: iter = 1, residual = 0.2681772183, 0.4751490009 (rel.)
GMRES: iter = 2, residual = 0.1685103542, 0.2985619992 (rel.)
GMRES: iter = 3, residual = 0.1253520648, 0.222095332 (rel.)
GMRES: iter = 4, residual = 0.1085480814, 0.1923224975 (rel.)
GMRES: iter = 5, residual = 0.1017942103, 0.180356175 (rel.)
GMRES: iter = 6, residual = 0.09782962156, 0.173331826 (rel.)
GMRES: iter = 7, residual = 0.09129598357, 0.1617557064 (rel.)
GMRES: iter = 8, residual = 0.08100298026, 0.1435188469 (rel.)
GMRES: iter = 9, residual = 0.06886624896, 0.1220153211 (rel.)
GMRES: iter = 10, residual = 0.0564399356, 0.09999872167 (rel.)
GMRES: iter = 11, residual = 0.04614061224, 0.08175066453 (rel.)
GMRES: iter = 12, residual = 0.03759533768, 0.06661038269 (rel.)
GMRES: iter = 13, residual = 0.02870073055, 0.05085116303 (rel.)
GMRES: iter = 14, residual = 0.02013714052, 0.03567843032 (rel.)
GMRES: iter = 15, residual = 0.01402576888, 0.02485047056 (rel.)
GMRES: iter = 16, residual = 0.01063181837, 0.01883716264 (rel.)
GMRES: iter = 17, residual = 0.008807380465, 0.01560467386 (rel.)
GMRES: iter = 18, residual = 0.007609443249, 0.01348220173 (rel.)
GMRES: iter = 19, residual = 0.006490014014, 0.01149882788 (rel.)
GMRES: iter = 20, residual = 0.005338524909, 0.009458651235 (rel.)
GMRES: iter = 21, residual = 0.00446030515, 0.007902645681 (rel.)
GMRES: iter = 22, residual = 0.003757808352, 0.006657981224 (rel.)
GMRES: iter = 23, residual = 0.003161913287, 0.005602190779 (rel.)
GMRES: iter = 24, residual = 0.002487109989, 0.004406592901 (rel.)
GMRES: iter = 25, residual = 0.001895232502, 0.00335792069 (rel.)
GMRES: iter = 26, residual = 0.001487896067, 0.002636213226 (rel.)
GMRES: iter = 27, residual = 0.001141085058, 0.002021743042 (rel.)
GMRES: iter = 28, residual = 0.000819978614, 0.001452815499 (rel.)
GMRES: iter = 29, residual = 0.0005403494053, 0.0009573761773 (rel.)
GMRES: iter = 30, residual = 0.000386038254, 0.0006839719341 (rel.)
GMRES: iter = 31, residual = 0.0002916027499, 0.000516653712 (rel.)
GMRES: iter = 32, residual = 0.0002203964763, 0.0003904923997 (rel.)
GMRES: iter = 33, residual = 0.0001618421412, 0.0002867474433 (rel.)
GMRES: iter = 34, residual = 0.0001197452098, 0.000212161261 (rel.)
GMRES: iter = 35, residual = 8.991709429e-05, 0.0001593126284 (rel.)
GMRES: iter = 36, residual = 6.860835844e-05, 0.0001215583977 (rel.)
GMRES: iter = 37, residual = 5.206344502e-05, 9.224457634e-05 (rel.)
GMRES: Solve Time = 7.841974814
AMG setup messages level=0 phase=strength sends=0 bytes=0 collective_rank_calls=56
AMG setup messages level=0 phase=strength-transpose sends=318 bytes=15541912 collective_rank_calls=56
AMG setup messages level=0 phase=PMIS sends=5502 bytes=42124268 collective_rank_calls=448
AMG setup messages level=0 phase=numbering sends=0 bytes=0 collective_rank_calls=56
AMG setup messages level=0 phase=interpolation sends=1908 bytes=19532808 collective_rank_calls=56
AMG setup messages level=0 phase=interpolation-transpose sends=654 bytes=8062624 collective_rank_calls=56
AMG setup messages level=0 phase=A*P sends=1092 bytes=41588768 collective_rank_calls=56
AMG setup messages level=0 phase=R*(A*P) sends=1962 bytes=58065520 collective_rank_calls=56
AMG setup messages level=1 phase=strength sends=0 bytes=0 collective_rank_calls=56
AMG setup messages level=1 phase=strength-transpose sends=746 bytes=17571536 collective_rank_calls=56
AMG setup messages level=1 phase=PMIS sends=16436 bytes=34732920 collective_rank_calls=616
AMG setup messages level=1 phase=numbering sends=0 bytes=0 collective_rank_calls=56
AMG setup messages level=1 phase=interpolation sends=4455 bytes=20238224 collective_rank_calls=56
AMG setup messages level=1 phase=interpolation-transpose sends=724 bytes=6823888 collective_rank_calls=56
AMG setup messages level=1 phase=A*P sends=2406 bytes=39913840 collective_rank_calls=56
AMG setup messages level=1 phase=R*(A*P) sends=2172 bytes=102138896 collective_rank_calls=56
AMG setup messages level=2 phase=strength sends=0 bytes=0 collective_rank_calls=56
AMG setup messages level=2 phase=strength-transpose sends=770 bytes=7323332 collective_rank_calls=56
AMG setup messages level=2 phase=PMIS sends=17108 bytes=11723160 collective_rank_calls=616
AMG setup messages level=2 phase=numbering sends=0 bytes=0 collective_rank_calls=56
AMG setup messages level=2 phase=interpolation sends=4599 bytes=7878800 collective_rank_calls=56
AMG setup messages level=2 phase=interpolation-transpose sends=717 bytes=2051408 collective_rank_calls=56
AMG setup messages level=2 phase=A*P sends=2574 bytes=16423872 collective_rank_calls=56
AMG setup messages level=2 phase=R*(A*P) sends=2151 bytes=47103120 collective_rank_calls=56
AMG setup messages level=3 phase=strength sends=0 bytes=0 collective_rank_calls=56
AMG setup messages level=3 phase=strength-transpose sends=769 bytes=1680296 collective_rank_calls=56
AMG setup messages level=3 phase=PMIS sends=14132 bytes=2511104 collective_rank_calls=504
AMG setup messages level=3 phase=numbering sends=0 bytes=0 collective_rank_calls=56
AMG setup messages level=3 phase=interpolation sends=4548 bytes=1933692 collective_rank_calls=56
AMG setup messages level=3 phase=interpolation-transpose sends=634 bytes=525200 collective_rank_calls=56
AMG setup messages level=3 phase=A*P sends=2664 bytes=5768288 collective_rank_calls=56
AMG setup messages level=3 phase=R*(A*P) sends=1902 bytes=13868144 collective_rank_calls=56
AMG setup messages level=4 phase=strength sends=0 bytes=0 collective_rank_calls=56
AMG setup messages level=4 phase=strength-transpose sends=630 bytes=304904 collective_rank_calls=56
AMG setup messages level=4 phase=PMIS sends=9364 bytes=478264 collective_rank_calls=392
AMG setup messages level=4 phase=numbering sends=0 bytes=0 collective_rank_calls=56
AMG setup messages level=4 phase=interpolation sends=3612 bytes=320968 collective_rank_calls=56
AMG setup messages level=4 phase=interpolation-transpose sends=461 bytes=147440 collective_rank_calls=56
AMG setup messages level=4 phase=A*P sends=3918 bytes=2238448 collective_rank_calls=56
AMG setup messages level=4 phase=R*(A*P) sends=1383 bytes=3647168 collective_rank_calls=56
AMG setup messages level=5 phase=strength sends=0 bytes=0 collective_rank_calls=56
AMG setup messages level=5 phase=strength-transpose sends=399 bytes=72528 collective_rank_calls=56
AMG setup messages level=5 phase=PMIS sends=6698 bytes=145824 collective_rank_calls=392
AMG setup messages level=5 phase=numbering sends=0 bytes=0 collective_rank_calls=56
AMG setup messages level=5 phase=interpolation sends=2184 bytes=50712 collective_rank_calls=56
AMG setup messages level=5 phase=interpolation-transpose sends=243 bytes=48128 collective_rank_calls=56
AMG setup messages level=5 phase=A*P sends=4884 bytes=868944 collective_rank_calls=56
AMG setup messages level=5 phase=R*(A*P) sends=729 bytes=854352 collective_rank_calls=56
AMG setup messages level=6 phase=strength sends=0 bytes=0 collective_rank_calls=56
AMG setup messages level=6 phase=strength-transpose sends=174 bytes=31988 collective_rank_calls=56
AMG setup messages level=6 phase=PMIS sends=1676 bytes=44536 collective_rank_calls=168
AMG setup messages level=6 phase=numbering sends=0 bytes=0 collective_rank_calls=56
AMG setup messages level=6 phase=interpolation sends=909 bytes=9344 collective_rank_calls=56
AMG setup messages level=6 phase=interpolation-transpose sends=78 bytes=14240 collective_rank_calls=56
AMG setup messages level=6 phase=A*P sends=2766 bytes=219136 collective_rank_calls=56
AMG setup messages level=6 phase=R*(A*P) sends=234 bytes=35488 collective_rank_calls=56
GMRES: iter = 0, residual = 0.07608873357, 1 (rel.)
GMRES: iter = 1, residual = 0.0345972192, 0.4546956899 (rel.)
GMRES: iter = 2, residual = 0.02021362562, 0.2656585894 (rel.)
GMRES: iter = 3, residual = 0.01532907462, 0.2014631325 (rel.)
GMRES: iter = 4, residual = 0.01369019577, 0.179924085 (rel.)
GMRES: iter = 5, residual = 0.01210831112, 0.1591340866 (rel.)
GMRES: iter = 6, residual = 0.01003411056, 0.1318738017 (rel.)
GMRES: iter = 7, residual = 0.007702864935, 0.101235289 (rel.)
GMRES: iter = 8, residual = 0.00565405446, 0.07430869453 (rel.)
GMRES: iter = 9, residual = 0.004106728841, 0.05397288993 (rel.)
GMRES: iter = 10, residual = 0.003090199418, 0.04061310095 (rel.)
GMRES: iter = 11, residual = 0.002460293613, 0.0323345323 (rel.)
GMRES: iter = 12, residual = 0.002025979117, 0.02662653224 (rel.)
GMRES: iter = 13, residual = 0.001645259403, 0.02162290428 (rel.)
GMRES: iter = 14, residual = 0.001262511185, 0.01659261661 (rel.)
GMRES: iter = 15, residual = 0.0009440886823, 0.01240773289 (rel.)
GMRES: iter = 16, residual = 0.0007494322978, 0.00984945159 (rel.)
GMRES: iter = 17, residual = 0.0006443809672, 0.008468809205 (rel.)
GMRES: iter = 18, residual = 0.0005679621, 0.007464470407 (rel.)
GMRES: iter = 19, residual = 0.0004779677411, 0.006281715028 (rel.)
GMRES: iter = 20, residual = 0.0003869453351, 0.005085448488 (rel.)
GMRES: iter = 21, residual = 0.0003048786342, 0.004006882753 (rel.)
GMRES: iter = 22, residual = 0.000231708249, 0.003045237292 (rel.)
GMRES: iter = 23, residual = 0.0001769318899, 0.002325336243 (rel.)
GMRES: iter = 24, residual = 0.0001320629296, 0.001735643681 (rel.)
GMRES: iter = 25, residual = 9.96007679e-05, 0.001309008091 (rel.)
GMRES: iter = 26, residual = 7.419124784e-05, 0.0009750621986 (rel.)
GMRES: iter = 27, residual = 5.513397626e-05, 0.0007246010503 (rel.)
GMRES: iter = 28, residual = 3.89199524e-05, 0.0005115074279 (rel.)
GMRES: iter = 29, residual = 2.778553997e-05, 0.0003651728537 (rel.)
GMRES: iter = 30, residual = 2.145752713e-05, 0.0002820066273 (rel.)
GMRES: iter = 31, residual = 1.722883271e-05, 0.0002264307987 (rel.)
GMRES: iter = 32, residual = 1.39162853e-05, 0.000182895478 (rel.)
GMRES: iter = 33, residual = 1.089071072e-05, 0.0001431317123 (rel.)
GMRES: iter = 34, residual = 8.200151313e-06, 0.0001077709002 (rel.)
GMRES: iter = 35, residual = 6.138565833e-06, 8.067640957e-05 (rel.)
GMRES: Solve Time = 7.373553775
AMG setup messages level=0 phase=strength sends=0 bytes=0 collective_rank_calls=56
AMG setup messages level=0 phase=strength-transpose sends=318 bytes=15541480 collective_rank_calls=56
AMG setup messages level=0 phase=PMIS sends=5502 bytes=42123496 collective_rank_calls=448
AMG setup messages level=0 phase=numbering sends=0 bytes=0 collective_rank_calls=56
AMG setup messages level=0 phase=interpolation sends=1908 bytes=19530012 collective_rank_calls=56
AMG setup messages level=0 phase=interpolation-transpose sends=663 bytes=8069728 collective_rank_calls=56
AMG setup messages level=0 phase=A*P sends=1092 bytes=41591632 collective_rank_calls=56
AMG setup messages level=0 phase=R*(A*P) sends=1989 bytes=58130544 collective_rank_calls=56
AMG setup messages level=1 phase=strength sends=0 bytes=0 collective_rank_calls=56
AMG setup messages level=1 phase=strength-transpose sends=750 bytes=17559404 collective_rank_calls=56
AMG setup messages level=1 phase=PMIS sends=16548 bytes=34715848 collective_rank_calls=616
AMG setup messages level=1 phase=numbering sends=0 bytes=0 collective_rank_calls=56
AMG setup messages level=1 phase=interpolation sends=4488 bytes=20242272 collective_rank_calls=56
AMG setup messages level=1 phase=interpolation-transpose sends=724 bytes=6806416 collective_rank_calls=56
AMG setup messages level=1 phase=A*P sends=2424 bytes=39935984 collective_rank_calls=56
AMG setup messages level=1 phase=R*(A*P) sends=2172 bytes=101991744 collective_rank_calls=56
AMG setup messages level=2 phase=strength sends=0 bytes=0 collective_rank_calls=56
AMG setup messages level=2 phase=strength-transpose sends=780 bytes=7305856 collective_rank_calls=56
AMG setup messages level=2 phase=PMIS sends=15798 bytes=10755980 collective_rank_calls=560
AMG setup messages level=2 phase=numbering sends=0 bytes=0 collective_rank_calls=56
AMG setup messages level=2 phase=interpolation sends=4653 bytes=7881040 collective_rank_calls=56
AMG setup messages level=2 phase=interpolation-transpose sends=718 bytes=2045472 collective_rank_calls=56
AMG setup messages level=2 phase=A*P sends=2586 bytes=16435504 collective_rank_calls=56
AMG setup messages level=2 phase=R*(A*P) sends=2154 bytes=46797712 collective_rank_calls=56
AMG setup messages level=3 phase=strength sends=0 bytes=0 collective_rank_calls=56
AMG setup messages level=3 phase=strength-transpose sends=767 bytes=1679172 collective_rank_calls=56
AMG setup messages level=3 phase=PMIS sends=14056 bytes=2507120 collective_rank_calls=504
AMG setup messages level=3 phase=numbering sends=0 bytes=0 collective_rank_calls=56
AMG setup messages level=3 phase=interpolation sends=4560 bytes=1930536 collective_rank_calls=56
AMG setup messages level=3 phase=interpolation-transpose sends=632 bytes=525744 collective_rank_calls=56
AMG setup messages level=3 phase=A*P sends=2664 bytes=5751664 collective_rank_calls=56
AMG setup messages level=3 phase=R*(A*P) sends=1896 bytes=13763232 collective_rank_calls=56
AMG setup messages level=4 phase=strength sends=0 bytes=0 collective_rank_calls=56
AMG setup messages level=4 phase=strength-transpose sends=646 bytes=305556 collective_rank_calls=56
AMG setup messages level=4 phase=PMIS sends=10912 bytes=539456 collective_rank_calls=448
AMG setup messages level=4 phase=numbering sends=0 bytes=0 collective_rank_calls=56
AMG setup messages level=4 phase=interpolation sends=3717 bytes=331892 collective_rank_calls=56
AMG setup messages level=4 phase=interpolation-transpose sends=489 bytes=154576 collective_rank_calls=56
AMG setup messages level=4 phase=A*P sends=3876 bytes=2277088 collective_rank_calls=56
AMG setup messages level=4 phase=R*(A*P) sends=1467 bytes=3829392 collective_rank_calls=56
AMG setup messages level=5 phase=strength sends=0 bytes=0 collective_rank_calls=56
AMG setup messages level=5 phase=strength-transpose sends=427 bytes=74572 collective_rank_calls=56
AMG setup messages level=5 phase=PMIS sends=5943 bytes=132000 collective_rank_calls=336
AMG setup messages level=5 phase=numbering sends=0 bytes=0 collective_rank_calls=56
AMG setup messages level=5 phase=interpolation sends=2334 bytes=55192 collective_rank_calls=56
AMG setup messages level=5 phase=interpolation-transpose sends=256 bytes=35744 collective_rank_calls=56
AMG setup messages level=5 phase=A*P sends=4920 bytes=777216 collective_rank_calls=56
AMG setup messages level=5 phase=R*(A*P) sends=768 bytes=1064224 collective_rank_calls=56
AMG setup messages level=6 phase=strength sends=0 bytes=0 collective_rank_calls=56
AMG setup messages level=6 phase=strength-transpose sends=180 bytes=26660 collective_rank_calls=56
AMG setup messages level=6 phase=PMIS sends=1164 bytes=38660 collective_rank_calls=112
AMG setup messages level=6 phase=numbering sends=0 bytes=0 collective_rank_calls=56
AMG setup messages level=6 phase=interpolation sends=855 bytes=7220 collective_rank_calls=56
AMG setup messages level=6 phase=interpolation-transpose sends=75 bytes=15584 collective_rank_calls=56
AMG setup messages level=6 phase=A*P sends=3756 bytes=323024 collective_rank_calls=56
AMG setup messages level=6 phase=R*(A*P) sends=225 bytes=39360 collective_rank_calls=56
GMRES: iter = 0, residual = 0.002258324175, 1 (rel.)
GMRES: iter = 1, residual = 0.0008752072596, 0.3875472217 (rel.)
GMRES: iter = 2, residual = 0.0004813324786, 0.2131370173 (rel.)
GMRES: iter = 3, residual = 0.0003140760773, 0.1390748418 (rel.)
GMRES: iter = 4, residual = 0.0002459028576, 0.1088873158 (rel.)
GMRES: iter = 5, residual = 0.0001904194558, 0.08431892018 (rel.)
GMRES: iter = 6, residual = 0.0001161788543, 0.05144471978 (rel.)
GMRES: iter = 7, residual = 6.328448951e-05, 0.02802276583 (rel.)
GMRES: iter = 8, residual = 4.029085268e-05, 0.01784104033 (rel.)
GMRES: iter = 9, residual = 2.883460215e-05, 0.0127681413 (rel.)
GMRES: iter = 10, residual = 2.170998006e-05, 0.00961331429 (rel.)
GMRES: iter = 11, residual = 1.714694569e-05, 0.007592774273 (rel.)
GMRES: iter = 12, residual = 1.401372327e-05, 0.006205363884 (rel.)
GMRES: iter = 13, residual = 1.158620598e-05, 0.005130444119 (rel.)
GMRES: iter = 14, residual = 9.530012825e-06, 0.004219948992 (rel.)
GMRES: iter = 15, residual = 7.801355076e-06, 0.003454488582 (rel.)
GMRES: iter = 16, residual = 6.476858829e-06, 0.0028679934 (rel.)
GMRES: iter = 17, residual = 5.52700747e-06, 0.002447393307 (rel.)
GMRES: iter = 18, residual = 4.866094955e-06, 0.002154737132 (rel.)
GMRES: iter = 19, residual = 4.367330499e-06, 0.001933881126 (rel.)
GMRES: iter = 20, residual = 3.922963422e-06, 0.001737112619 (rel.)
GMRES: iter = 21, residual = 3.470867728e-06, 0.001536921832 (rel.)
GMRES: iter = 22, residual = 2.954831336e-06, 0.001308417706 (rel.)
GMRES: iter = 23, residual = 2.389217945e-06, 0.001057960576 (rel.)
GMRES: iter = 24, residual = 1.848309776e-06, 0.0008184430726 (rel.)
GMRES: iter = 25, residual = 1.415553219e-06, 0.0006268157757 (rel.)
GMRES: iter = 26, residual = 1.08575525e-06, 0.0004807791821 (rel.)
GMRES: iter = 27, residual = 8.263075593e-07, 0.0003658941301 (rel.)
GMRES: iter = 28, residual = 6.268081015e-07, 0.0002775545285 (rel.)
GMRES: iter = 29, residual = 4.823723756e-07, 0.0002135974901 (rel.)
GMRES: iter = 30, residual = 3.762573904e-07, 0.0001666091142 (rel.)
GMRES: iter = 31, residual = 2.902203968e-07, 0.000128511398 (rel.)
GMRES: iter = 32, residual = 2.167477706e-07, 9.597726183e-05 (rel.)
GMRES: Solve Time = 6.710005675
AMG setup messages level=0 phase=strength sends=0 bytes=0 collective_rank_calls=56
AMG setup messages level=0 phase=strength-transpose sends=318 bytes=15541480 collective_rank_calls=56
AMG setup messages level=0 phase=PMIS sends=6184 bytes=46684400 collective_rank_calls=504
AMG setup messages level=0 phase=numbering sends=0 bytes=0 collective_rank_calls=56
AMG setup messages level=0 phase=interpolation sends=1908 bytes=19576508 collective_rank_calls=56
AMG setup messages level=0 phase=interpolation-transpose sends=663 bytes=8090288 collective_rank_calls=56
AMG setup messages level=0 phase=A*P sends=1092 bytes=41614192 collective_rank_calls=56
AMG setup messages level=0 phase=R*(A*P) sends=1989 bytes=58370160 collective_rank_calls=56
AMG setup messages level=1 phase=strength sends=0 bytes=0 collective_rank_calls=56
AMG setup messages level=1 phase=strength-transpose sends=756 bytes=17541780 collective_rank_calls=56
AMG setup messages level=1 phase=PMIS sends=16680 bytes=34672520 collective_rank_calls=616
AMG setup messages level=1 phase=numbering sends=0 bytes=0 collective_rank_calls=56
AMG setup messages level=1 phase=interpolation sends=4506 bytes=20195684 collective_rank_calls=56
AMG setup messages level=1 phase=interpolation-transpose sends=729 bytes=6786416 collective_rank_calls=56
AMG setup messages level=1 phase=A*P sends=2388 bytes=39900608 collective_rank_calls=56
AMG setup messages level=1 phase=R*(A*P) sends=2187 bytes=101868336 collective_rank_calls=56
AMG setup messages level=2 phase=strength sends=0 bytes=0 collective_rank_calls=56
AMG setup messages level=2 phase=strength-transpose sends=778 bytes=7305188 collective_rank_calls=56
AMG setup messages level=2 phase=PMIS sends=17356 bytes=11705072 collective_rank_calls=616
AMG setup messages level=2 phase=numbering sends=0 bytes=0 collective_rank_calls=56
AMG setup messages level=2 phase=interpolation sends=4629 bytes=7860552 collective_rank_calls=56
AMG setup messages level=2 phase=interpolation-transpose sends=714 bytes=2049696 collective_rank_calls=56
AMG setup messages level=2 phase=A*P sends=2580 bytes=16412464 collective_rank_calls=56
AMG setup messages level=2 phase=R*(A*P) sends=2142 bytes=46751904 collective_rank_calls=56
AMG setup messages level=3 phase=strength sends=0 bytes=0 collective_rank_calls=56
AMG setup messages level=3 phase=strength-transpose sends=758 bytes=1672464 collective_rank_calls=56
AMG setup messages level=3 phase=PMIS sends=13924 bytes=2488736 collective_rank_calls=504
AMG setup messages level=3 phase=numbering sends=0 bytes=0 collective_rank_calls=56
AMG setup messages level=3 phase=interpolation sends=4518 bytes=1923280 collective_rank_calls=56
AMG setup messages level=3 phase=interpolation-transpose sends=637 bytes=516528 collective_rank_calls=56
AMG setup messages level=3 phase=A*P sends=2664 bytes=5741808 collective_rank_calls=56
AMG setup messages level=3 phase=R*(A*P) sends=1911 bytes=13832864 collective_rank_calls=56
AMG setup messages level=4 phase=strength sends=0 bytes=0 collective_rank_calls=56
AMG setup messages level=4 phase=strength-transpose sends=630 bytes=304016 collective_rank_calls=56
AMG setup messages level=4 phase=PMIS sends=10746 bytes=537788 collective_rank_calls=448
AMG setup messages level=4 phase=numbering sends=0 bytes=0 collective_rank_calls=56
AMG setup messages level=4 phase=interpolation sends=3585 bytes=329740 collective_rank_calls=56
AMG setup messages level=4 phase=interpolation-transpose sends=465 bytes=155184 collective_rank_calls=56
AMG setup messages level=4 phase=A*P sends=3978 bytes=2294976 collective_rank_calls=56
AMG setup messages level=4 phase=R*(A*P) sends=1395 bytes=3757648 collective_rank_calls=56
AMG setup messages level=5 phase=strength sends=0 bytes=0 collective_rank_calls=56
AMG setup messages level=5 phase=strength-transpose sends=398 bytes=73784 collective_rank_calls=56
AMG setup messages level=5 phase=PMIS sends=4772 bytes=111872 collective_rank_calls=280
AMG setup messages level=5 phase=numbering sends=0 bytes=0 collective_rank_calls=56
AMG setup messages level=5 phase=interpolation sends=2082 bytes=53984 collective_rank_calls=56
AMG setup messages level=5 phase=interpolation-transpose sends=273 bytes=47472 collective_rank_calls=56
AMG setup messages level=5 phase=A*P sends=4752 bytes=871888 collective_rank_calls=56
AMG setup messages level=5 phase=R*(A*P) sends=819 bytes=1114720 collective_rank_calls=56
AMG setup messages level=6 phase=strength sends=0 bytes=0 collective_rank_calls=56
AMG setup messages level=6 phase=strength-transpose sends=239 bytes=31784 collective_rank_calls=56
AMG setup messages level=6 phase=PMIS sends=1457 bytes=43084 collective_rank_calls=112
AMG setup messages level=6 phase=numbering sends=0 bytes=0 collective_rank_calls=56
AMG setup messages level=6 phase=interpolation sends=1074 bytes=10592 collective_rank_calls=56
AMG setup messages level=6 phase=interpolation-transpose sends=109 bytes=19984 collective_rank_calls=56
AMG setup messages level=6 phase=A*P sends=3594 bytes=337968 collective_rank_calls=56
AMG setup messages level=6 phase=R*(A*P) sends=327 bytes=65472 collective_rank_calls=56
GMRES: iter = 0, residual = 1.155873348e-05, 1 (rel.)
GMRES: iter = 1, residual = 5.597176599e-06, 0.4842378801 (rel.)
GMRES: iter = 2, residual = 3.249311747e-06, 0.2811131299 (rel.)
GMRES: iter = 3, residual = 1.198193858e-06, 0.1036613449 (rel.)
GMRES: iter = 4, residual = 3.296965255e-07, 0.02852358573 (rel.)
GMRES: iter = 5, residual = 1.535809117e-07, 0.01328700172 (rel.)
GMRES: iter = 6, residual = 1.16617647e-07, 0.01008913712 (rel.)
GMRES: iter = 7, residual = 1.008831899e-07, 0.008727875767 (rel.)
GMRES: iter = 8, residual = 8.547458601e-08, 0.007394805506 (rel.)
GMRES: iter = 9, residual = 6.80850049e-08, 0.005890351654 (rel.)
GMRES: iter = 10, residual = 5.327324467e-08, 0.004608917123 (rel.)
GMRES: iter = 11, residual = 4.235975264e-08, 0.003664739973 (rel.)
GMRES: iter = 12, residual = 3.469706613e-08, 0.003001805187 (rel.)
GMRES: iter = 13, residual = 2.921472236e-08, 0.002527502032 (rel.)
GMRES: iter = 14, residual = 2.425445776e-08, 0.002098366382 (rel.)
GMRES: iter = 15, residual = 1.918977824e-08, 0.00166019731 (rel.)
GMRES: iter = 16, residual = 1.463270906e-08, 0.001265943979 (rel.)
GMRES: iter = 17, residual = 1.096775123e-08, 0.0009488713662 (rel.)
GMRES: iter = 18, residual = 8.085225312e-09, 0.0006994905906 (rel.)
GMRES: iter = 19, residual = 5.968541537e-09, 0.0005163663948 (rel.)
GMRES: iter = 20, residual = 4.551951398e-09, 0.0003938105679 (rel.)
GMRES: iter = 21, residual = 3.593855987e-09, 0.0003109212607 (rel.)
GMRES: iter = 22, residual = 2.858007857e-09, 0.0002472596034 (rel.)
GMRES: iter = 23, residual = 2.256453311e-09, 0.000195216311 (rel.)
GMRES: iter = 24, residual = 1.793911586e-09, 0.0001551996669 (rel.)
GMRES: iter = 25, residual = 1.447719581e-09, 0.0001252489802 (rel.)
GMRES: iter = 26, residual = 1.177075419e-09, 0.0001018342901 (rel.)
GMRES: iter = 27, residual = 9.492307804e-10, 8.212238665e-05 (rel.)
GMRES: Solve Time = 5.606012993
FLD cloud AMR Newton-Krylov iterations=8/324, change=1.527934105e-07, residual=5.448164188e-07, transmission=0.792297016
FLD 3-D Penrose cloud: case=amr, fine_n=256, opacity contrast=100000, cells=4390912, limiter=on, mixed cells=260568, cloudy volume relative error=1.4638438e-16, transmission=0.792297016, balance error=4.353455486e-11, Newton/Krylov iterations=8/324, nonlinear residual=5.448164188e-07, E range=[1.980725597,2.031579751], whole-case wall=120.5416908 s, preconditioner=amg, AMG backend=native, linear iterations=591, max true relative residual=2.810831946e-10, aggregate setup=24.53724308 s, aggregate solve=23.69763063 s


TinyProfiler total time across processes [min...avg...max]: 120.5 ... 120.5 ... 120.5

-------------------------------------------------------------------------------------------
Name                                        NCalls  Excl. Min  Excl. Avg  Excl. Max   Max %
-------------------------------------------------------------------------------------------
SpMV                                         54601      19.48      23.57      32.46  26.93%
SpMatrix::finishComm_mv                      54601      7.223      18.21      23.46  19.46%
FLD::composite_assembly                        367      9.217      10.46      12.88  10.68%
SpGEMM                                         609      5.802      7.898      12.61  10.46%
SpMatrix::prepare_comm_mv                    55372     0.4379       5.33      7.766   6.44%
SpMatrix::split_csr                          58672      5.154      5.927      7.403   6.14%
FabArray::ParallelCopy_finish()              14370      2.649      5.841      7.057   5.85%
GMRES::GramSchmidt                             591      5.492      6.212      6.545   5.43%
FLD::MLABecLapAMG::assemble                    367     0.8733      4.516      6.333   5.25%
FabArray::setVal()                           13992      1.441      2.113      5.307   4.40%
ChebyshevSmoother                             9557      2.875      3.561      4.827   4.00%
AMG::setup                                      28     0.2311      3.341      4.715   3.91%
FabArray::Saxpy()                            29984      2.232      2.522      3.327   2.76%
SpMatrix::define_split                        1421      1.636      2.542      3.292   2.73%
amrex::Copy()                                13538       1.68      2.098       3.22   2.67%
SpMatrix::startComm_mv                       54601      1.004      1.688      3.131   2.60%
SpMatrix::startComm_tr                         406     0.2702      1.564      2.212   1.84%
FLD::MLABecLapAMG::apply                       339      1.232       1.54      2.148   1.78%
FLD::MLABecLapAMG::precondition                332      1.157      1.426      2.002   1.66%
AMG::build_interp_mm                           203      0.839      1.008      1.565   1.30%
FillBoundary_finish()                         5118     0.1889     0.8598       1.39   1.15%
FLD::cloud_linearized_residual                 324     0.6528      0.804      1.345   1.12%
AMG::create_soc                                203     0.6229      0.765      1.092   0.91%
FabArray::ParallelCopy_nowait()              14370     0.1896     0.4924      1.071   0.89%
FLD::compute_diffusion                         368     0.4927     0.6101      1.006   0.83%
AMG::truncate_interp                           203     0.4114     0.5016     0.7695   0.64%
GMRES::cycle()                                  28     0.1922     0.5863     0.7287   0.60%
SpMatrix::finishComm_tr                        406     0.1412     0.2986     0.7255   0.60%
SpMatrix::preparePairHalo                      203     0.1727     0.5724     0.7189   0.60%
AMG::vcycle                                    619     0.2552     0.3945     0.6986   0.58%
AMG::pmis                                      203      0.422     0.4706     0.5809   0.48%
FLD::MLABecLapAMG::residual                    339     0.3342     0.3879     0.5058   0.42%
FillBoundary_nowait()                         5118     0.1614     0.2807     0.4524   0.38%
SpMatrix::transpose                            406     0.2914     0.3385     0.4373   0.36%
SpMatrix::gatherRemote                        1992    0.09317      0.289     0.3647   0.30%
FLD::composite_topology                          2     0.2696     0.2854     0.3277   0.27%
FLD::NewtonKrylov::Jacobian_action             324     0.1968     0.2383     0.3088   0.26%
SpMatrix::trim_remote_rows                    1688     0.1752      0.195     0.2473   0.21%
FLD::MLABecLapAMG::solve                        20     0.1281     0.1606      0.194   0.16%
amrex::average_down                           1067     0.1034     0.1301     0.1662   0.14%
GMRES:build_solution()                          28    0.04262    0.06571     0.1209   0.10%
SpMatrix::gather_pair_plan                    1586     0.0617     0.0783     0.1005   0.08%
FLD::cloud_predictor                            20    0.04836    0.05988     0.0918   0.08%
FLD::cloud_residual                             15    0.02992    0.03691    0.06195   0.05%
FabArray::mult()                              1312    0.02934     0.0359    0.05808   0.05%
CellConservativeLinear::interp()               840          0    0.03089    0.05452   0.05%
FabArrayBase::CPC::define()                   4045     0.0148    0.02519     0.0398   0.03%
FLD::cloud_newton_prepare                        8    0.02035    0.02588    0.03843   0.03%
FLD::cloud_field_initialization                  1    0.01559    0.02133      0.038   0.03%
FabArray::ParallelCopy()                     14370    0.01362    0.01626    0.01948   0.02%
FLD::NewtonKrylov::solve                         1   0.007948    0.01223    0.01741   0.01%
FLD::NewtonKrylov::line_search                   8   0.009596    0.01404    0.01733   0.01%
FLD::run_cloud                                   1   0.004404   0.007519    0.01613   0.01%
SpMatrix::gatherRemotePair                    1586   0.003636    0.00679    0.01369   0.01%
FillPatchTwoLevels                            1470    0.00747    0.01055    0.01366   0.01%
FabArrayBase::getCPC()                        5112   0.005216   0.007952    0.01021   0.01%
FLD::cloud_setup                                 1   0.003925   0.006535   0.009057   0.01%
GMRES::solve()                                  28   0.004305   0.006643   0.008525   0.01%
FLD::MLABecLapAMG::preconditioner_cycle        619   0.003034   0.004038   0.005601   0.00%
FabArray::FillBoundary()                      5796   0.002935   0.003227   0.003706   0.00%
FLD::cloud_precondition                        332   0.001585   0.002168   0.003365   0.00%
amrex::average_down_w_geom                    1067  0.0006733    0.00135   0.002238   0.00%
FillPatchSingleLevel                          2940   0.001038   0.001165   0.001509   0.00%
FillPatchInterp(Fab)                          1470  0.0005271   0.001021   0.001466   0.00%
FLD::NewtonKrylov::linear_solve                  8  9.554e-06  1.673e-05  2.684e-05   0.00%
FLD::NewtonKrylov::prepare                       8  1.139e-05  1.754e-05  2.337e-05   0.00%
FLD::cloud_predictors                            1    1.1e-05  1.372e-05  1.676e-05   0.00%
Other                                         9628    0.01771    0.02793    0.04775   0.04%
-------------------------------------------------------------------------------------------

-------------------------------------------------------------------------------------------
Name                                        NCalls  Incl. Min  Incl. Avg  Incl. Max   Max %
-------------------------------------------------------------------------------------------
FLD::run_cloud                                   1      120.5      120.5      120.5 100.00%
GMRES::solve()                                  28      93.24      93.28       93.3  77.40%
GMRES::cycle()                                  28      93.24      93.27      93.29  77.39%
FLD::NewtonKrylov::solve                         1      78.31      78.31      78.31  64.96%
FLD::NewtonKrylov::linear_solve                  8      69.58      69.58      69.59  57.73%
SpMV                                         54601       49.3      51.59      53.11  44.06%
FLD::MLABecLapAMG::preconditioner_cycle        619      44.17      45.35      46.16  38.29%
AMG::vcycle                                    619      44.16      45.35      46.16  38.29%
FLD::MLABecLapAMG::assemble                    367      44.04      44.87      45.13  37.44%
FLD::cloud_predictors                            1      41.81      41.84      41.85  34.72%
FLD::cloud_predictor                            20      41.81      41.84      41.85  34.72%
ChebyshevSmoother                             9557      35.32      36.38      37.47  31.08%
FLD::NewtonKrylov::Jacobian_action             324      35.08      35.19      35.29  29.27%
FLD::cloud_linearized_residual                 324      34.58      34.69      34.78  28.86%
FLD::cloud_precondition                        332      27.08      27.18      27.24  22.60%
FLD::MLABecLapAMG::precondition                332      26.93       27.1      27.19  22.55%
FLD::MLABecLapAMG::solve                        20      23.96      23.98      23.98  19.90%
SpMatrix::finishComm_mv                      54601      7.223      18.21      23.46  19.46%
AMG::setup                                      28      22.51         23      23.25  19.29%
FLD::composite_assembly                        367      13.96      15.44      17.56  14.56%
SpGEMM                                         609      10.98      12.41      15.25  12.65%
FLD::MLABecLapAMG::residual                    339      12.87      12.95      13.05  10.83%
FLD::MLABecLapAMG::apply                       339      11.91      11.98       12.1  10.04%
GMRES::GramSchmidt                             591      8.299       8.58      8.945   7.42%
FabArray::ParallelCopy()                     14370      6.396      8.025      8.884   7.37%
SpMatrix::prepare_comm_mv                    55372     0.4388       5.33      7.766   6.44%
SpMatrix::split_csr                          58672      5.269      6.049      7.547   6.26%
FabArray::ParallelCopy_finish()              14370      2.649      5.841      7.057   5.85%
FLD::NewtonKrylov::prepare                       8      7.051      7.054      7.057   5.85%
FLD::cloud_newton_prepare                        8      7.051      7.054      7.057   5.85%
FabArray::setVal()                           13992      1.441      2.113      5.307   4.40%
SpMatrix::startComm_mv                       54601      2.718      4.135      4.761   3.95%
AMG::build_interp_mm                           203      3.098      3.537      4.289   3.56%
FabArray::ParallelCopy_nowait()              14370      1.684      2.168      3.731   3.10%
SpMatrix::define_split                        1421      1.698      2.616      3.393   2.81%
FabArray::Saxpy()                            29984      2.232      2.522      3.327   2.76%
amrex::Copy()                                13538       1.68      2.098       3.22   2.67%
SpMatrix::transpose                            406      1.382      2.201      2.685   2.23%
GMRES:build_solution()                          28      2.237       2.26      2.288   1.90%
SpMatrix::startComm_tr                         406     0.2703      1.564      2.213   1.84%
amrex::average_down_w_geom                    1067     0.3427      1.395      2.092   1.74%
amrex::average_down                           1067      0.342      1.394      2.091   1.73%
FabArray::FillBoundary()                      5796     0.4442      1.146      1.683   1.40%
FLD::cloud_residual                             15      1.614      1.617      1.621   1.34%
AMG::create_soc                                203      1.082      1.245      1.567   1.30%
FLD::NewtonKrylov::line_search                   8      1.533      1.536      1.538   1.28%
FLD::compute_diffusion                         368       1.22      1.306      1.445   1.20%
AMG::pmis                                      203     0.9029      1.292      1.436   1.19%
FillBoundary_finish()                         5118     0.1889     0.8598       1.39   1.15%
FillPatchTwoLevels                            1470     0.4449     0.6388     0.9767   0.81%
AMG::truncate_interp                           203     0.5067     0.6073     0.8994   0.75%
FillPatchSingleLevel                          2940     0.1857     0.3407     0.7907   0.66%
SpMatrix::finishComm_tr                        406     0.1412     0.2986     0.7255   0.60%
SpMatrix::preparePairHalo                      203     0.1727     0.5724     0.7189   0.60%
FillBoundary_nowait()                         5118     0.1634     0.2827     0.4542   0.38%
FLD::cloud_setup                                 1     0.3582     0.3715     0.4055   0.34%
SpMatrix::gatherRemote                        1992    0.09351     0.2894     0.3651   0.30%
FLD::composite_topology                          2     0.3104     0.3246     0.3608   0.30%
SpMatrix::trim_remote_rows                    1688     0.1752      0.195     0.2473   0.21%
SpMatrix::gatherRemotePair                    1586    0.06638    0.08509     0.1141   0.09%
SpMatrix::gather_pair_plan                    1586     0.0617     0.0783     0.1005   0.08%
FabArray::mult()                              1312    0.02934     0.0359    0.05808   0.05%
FillPatchInterp(Fab)                          1470  0.0005271    0.03191     0.0559   0.05%
CellConservativeLinear::interp()               840          0    0.03089    0.05452   0.05%
FabArrayBase::getCPC()                        5112     0.0221    0.03315     0.0459   0.04%
FabArrayBase::CPC::define()                   4045     0.0148    0.02519     0.0398   0.03%
FLD::cloud_field_initialization                  1    0.03886    0.03918    0.03952   0.03%
Other                                         9628    0.03263     0.0539     0.1009   0.08%
-------------------------------------------------------------------------------------------

Async Memory Usage:
---------------------------------------------------------------------------------------------------
Name                 Nalloc  AvgMem min  AvgMem avg  AvgMem max  MaxMem min  MaxMem avg  MaxMem max
---------------------------------------------------------------------------------------------------
amrex::average_down  136576      33   B     100   B     140   B    8192   B    9362   B      12 KiB
---------------------------------------------------------------------------------------------------

Pinned Memory Usage:
---------------------------------------------------------------------------------------------------------------
Name                             Nalloc  AvgMem min  AvgMem avg  AvgMem max  MaxMem min  MaxMem avg  MaxMem max
---------------------------------------------------------------------------------------------------------------
FLD::composite_assembly            8808       0   B     850 KiB    6052 KiB       0   B    7076 KiB      48 MiB
FLD::composite_topology             816    1557   B    7701   B      42 KiB    1120 KiB    3810 KiB      18 MiB
The_Pinned_Arena::Initialize()       56       0   B       0   B       0   B    8192 KiB    8192 KiB    8192 KiB
FLD::MLABecLapAMG::assemble      349384    1332 KiB    1602 KiB    2574 KiB    3632 KiB    4410 KiB    7264 KiB
SpGEMM                            29996    2978   B      12 KiB      46 KiB     397 KiB     899 KiB    2554 KiB
FLD::MLABecLapAMG::apply          92208     100 KiB     121 KiB     200 KiB    1024 KiB    1243 KiB    2048 KiB
FLD::MLABecLapAMG::precondition   90304     229 KiB     278 KiB     455 KiB    1024 KiB    1243 KiB    2048 KiB
FLD::MLABecLapAMG::residual       92208    7768   B    9553   B      14 KiB    1024 KiB    1243 KiB    2048 KiB
FLD::MLABecLapAMG::solve           5440     203 KiB     247 KiB     407 KiB    1024 KiB    1243 KiB    2048 KiB
SpMatrix::finishComm_tr           72748     128   B     678   B    2837   B     167 KiB     319 KiB     692 KiB
SpMatrix::startComm_tr            64839    1816   B    2643   B    3345   B     160 KiB     272 KiB     460 KiB
---------------------------------------------------------------------------------------------------------------

Cpu Memory Usage:
-------------------------------------------------------------------------------------------------------------------
Name                                 Nalloc  AvgMem min  AvgMem avg  AvgMem max  MaxMem min  MaxMem avg  MaxMem max
-------------------------------------------------------------------------------------------------------------------
GMRES::cycle()                        42976    6391 KiB    7762 KiB      12 MiB      25 MiB      30 MiB      50 MiB
FLD::cloud_setup                       2856      10 MiB      13 MiB      21 MiB      10 MiB      13 MiB      21 MiB
FLD::NewtonKrylov::solve               3536    1337 KiB    1624 KiB    2675 KiB    2765 KiB    3357 KiB    5530 KiB
SpGEMM                                92378    5495   B      17 KiB      56 KiB    1500 KiB    2652 KiB    5263 KiB
FabArray::ParallelCopy_nowait()      325734      20 KiB      40 KiB     165 KiB     544 KiB    1215 KiB    5168 KiB
GMRES::solve()                         4352    1241 KiB    1507 KiB    2482 KiB    2150 KiB    2611 KiB    4301 KiB
FLD::NewtonKrylov::Jacobian_action    44064     177 KiB     216 KiB     357 KiB     614 KiB     746 KiB    1229 KiB
FLD::cloud_linearized_residual        44064     113 KiB     138 KiB     226 KiB     614 KiB     746 KiB    1229 KiB
FLD::cloud_newton_prepare              1088      35 KiB      43 KiB      71 KiB     614 KiB     746 KiB    1229 KiB
FLD::cloud_predictor                   5440     213 KiB     258 KiB     426 KiB     614 KiB     746 KiB    1229 KiB
FLD::cloud_residual                    2040    5396   B    6551   B      10 KiB     614 KiB     746 KiB    1229 KiB
FillBoundary_nowait()                398112     423   B    1293   B    2233   B     176 KiB     303 KiB     427 KiB
SpMatrix::startComm_mv              4794914      27 KiB      50 KiB     105 KiB      97 KiB     178 KiB     377 KiB
SpMatrix::gather_pair_plan           175250      20   B      42   B     102   B      97 KiB     177 KiB     376 KiB
SpMatrix::gatherRemote               213289      54   B     141   B     212   B      80 KiB     141 KiB     223 KiB
FillPatchTwoLevels                    94080       0   B      42   B     104   B       0   B      23 KiB      41 KiB
amrex::average_down                  136576      33   B     100   B     140   B    8192   B    9362   B      12 KiB
CellConservativeLinear::interp()      47040       0   B       1   B       2   B       0   B    3510   B    6144   B
-------------------------------------------------------------------------------------------------------------------

AMReX (26.09-214-gfe5bcbff5c13) finalized
