Initializing AMReX (26.09-214-gfe5bcbff5c13)...
MPI initialized with 56 MPI processes
MPI initialized with thread support level 0
AMReX (26.09-214-gfe5bcbff5c13) initialized
AMG setup messages level=0 phase=strength sends=0 bytes=0 collective_rank_calls=56
AMG setup messages level=0 phase=strength-transpose sends=318 bytes=15594472 collective_rank_calls=56
AMG setup messages level=0 phase=PMIS sends=5502 bytes=42188520 collective_rank_calls=448
AMG setup messages level=0 phase=numbering sends=0 bytes=0 collective_rank_calls=56
AMG setup messages level=0 phase=interpolation sends=1908 bytes=19678840 collective_rank_calls=56
AMG setup messages level=0 phase=interpolation-transpose sends=670 bytes=7736848 collective_rank_calls=56
AMG setup messages level=0 phase=A*P sends=1092 bytes=41671408 collective_rank_calls=56
AMG setup messages level=0 phase=R*(A*P) sends=2010 bytes=56719216 collective_rank_calls=56
AMG setup messages level=1 phase=strength sends=0 bytes=0 collective_rank_calls=56
AMG setup messages level=1 phase=strength-transpose sends=757 bytes=18242844 collective_rank_calls=56
AMG setup messages level=1 phase=PMIS sends=16690 bytes=34945928 collective_rank_calls=616
AMG setup messages level=1 phase=numbering sends=0 bytes=0 collective_rank_calls=56
AMG setup messages level=1 phase=interpolation sends=4512 bytes=20492260 collective_rank_calls=56
AMG setup messages level=1 phase=interpolation-transpose sends=728 bytes=7133184 collective_rank_calls=56
AMG setup messages level=1 phase=A*P sends=2400 bytes=39599680 collective_rank_calls=56
AMG setup messages level=1 phase=R*(A*P) sends=2184 bytes=105118096 collective_rank_calls=56
AMG setup messages level=2 phase=strength sends=0 bytes=0 collective_rank_calls=56
AMG setup messages level=2 phase=strength-transpose sends=783 bytes=7891620 collective_rank_calls=56
AMG setup messages level=2 phase=PMIS sends=15759 bytes=10883112 collective_rank_calls=560
AMG setup messages level=2 phase=numbering sends=0 bytes=0 collective_rank_calls=56
AMG setup messages level=2 phase=interpolation sends=4668 bytes=8145092 collective_rank_calls=56
AMG setup messages level=2 phase=interpolation-transpose sends=721 bytes=2144640 collective_rank_calls=56
AMG setup messages level=2 phase=A*P sends=2580 bytes=15888208 collective_rank_calls=56
AMG setup messages level=2 phase=R*(A*P) sends=2163 bytes=47753088 collective_rank_calls=56
AMG setup messages level=3 phase=strength sends=0 bytes=0 collective_rank_calls=56
AMG setup messages level=3 phase=strength-transpose sends=783 bytes=1865312 collective_rank_calls=56
AMG setup messages level=3 phase=PMIS sends=14224 bytes=2573152 collective_rank_calls=504
AMG setup messages level=3 phase=numbering sends=0 bytes=0 collective_rank_calls=56
AMG setup messages level=3 phase=interpolation sends=4656 bytes=2101444 collective_rank_calls=56
AMG setup messages level=3 phase=interpolation-transpose sends=659 bytes=521040 collective_rank_calls=56
AMG setup messages level=3 phase=A*P sends=2676 bytes=5169104 collective_rank_calls=56
AMG setup messages level=3 phase=R*(A*P) sends=1977 bytes=13307024 collective_rank_calls=56
AMG setup messages level=4 phase=strength sends=0 bytes=0 collective_rank_calls=56
AMG setup messages level=4 phase=strength-transpose sends=763 bytes=343216 collective_rank_calls=56
AMG setup messages level=4 phase=PMIS sends=11138 bytes=509096 collective_rank_calls=392
AMG setup messages level=4 phase=numbering sends=0 bytes=0 collective_rank_calls=56
AMG setup messages level=4 phase=interpolation sends=4416 bytes=419788 collective_rank_calls=56
AMG setup messages level=4 phase=interpolation-transpose sends=532 bytes=130896 collective_rank_calls=56
AMG setup messages level=4 phase=A*P sends=3864 bytes=1774848 collective_rank_calls=56
AMG setup messages level=4 phase=R*(A*P) sends=1596 bytes=2772368 collective_rank_calls=56
AMG setup messages level=5 phase=strength sends=0 bytes=0 collective_rank_calls=56
AMG setup messages level=5 phase=strength-transpose sends=519 bytes=64312 collective_rank_calls=56
AMG setup messages level=5 phase=PMIS sends=7215 bytes=109208 collective_rank_calls=336
AMG setup messages level=5 phase=numbering sends=0 bytes=0 collective_rank_calls=56
AMG setup messages level=5 phase=interpolation sends=2751 bytes=76132 collective_rank_calls=56
AMG setup messages level=5 phase=interpolation-transpose sends=246 bytes=31264 collective_rank_calls=56
AMG setup messages level=5 phase=A*P sends=4908 bytes=547136 collective_rank_calls=56
AMG setup messages level=5 phase=R*(A*P) sends=738 bytes=380416 collective_rank_calls=56
AMG setup messages level=6 phase=strength sends=0 bytes=0 collective_rank_calls=56
AMG setup messages level=6 phase=strength-transpose sends=183 bytes=19960 collective_rank_calls=56
AMG setup messages level=6 phase=PMIS sends=1686 bytes=24848 collective_rank_calls=168
AMG setup messages level=6 phase=numbering sends=0 bytes=0 collective_rank_calls=56
AMG setup messages level=6 phase=interpolation sends=819 bytes=13944 collective_rank_calls=56
AMG setup messages level=6 phase=interpolation-transpose sends=89 bytes=14464 collective_rank_calls=56
AMG setup messages level=6 phase=A*P sends=2166 bytes=134752 collective_rank_calls=56
AMG setup messages level=6 phase=R*(A*P) sends=267 bytes=30912 collective_rank_calls=56
AMG setup messages level=0 phase=strength sends=0 bytes=0 collective_rank_calls=56
AMG setup messages level=0 phase=strength-transpose sends=318 bytes=15584940 collective_rank_calls=56
AMG setup messages level=0 phase=PMIS sends=5502 bytes=42179000 collective_rank_calls=448
AMG setup messages level=0 phase=numbering sends=0 bytes=0 collective_rank_calls=56
AMG setup messages level=0 phase=interpolation sends=1908 bytes=19653144 collective_rank_calls=56
AMG setup messages level=0 phase=interpolation-transpose sends=663 bytes=8255456 collective_rank_calls=56
AMG setup messages level=0 phase=A*P sends=1092 bytes=41651776 collective_rank_calls=56
AMG setup messages level=0 phase=R*(A*P) sends=1989 bytes=59338144 collective_rank_calls=56
AMG setup messages level=1 phase=strength sends=0 bytes=0 collective_rank_calls=56
AMG setup messages level=1 phase=strength-transpose sends=750 bytes=18130096 collective_rank_calls=56
AMG setup messages level=1 phase=PMIS sends=16548 bytes=35039248 collective_rank_calls=616
AMG setup messages level=1 phase=numbering sends=0 bytes=0 collective_rank_calls=56
AMG setup messages level=1 phase=interpolation sends=4476 bytes=20532892 collective_rank_calls=56
AMG setup messages level=1 phase=interpolation-transpose sends=723 bytes=7038320 collective_rank_calls=56
AMG setup messages level=1 phase=A*P sends=2388 bytes=40039824 collective_rank_calls=56
AMG setup messages level=1 phase=R*(A*P) sends=2169 bytes=104691728 collective_rank_calls=56
AMG setup messages level=2 phase=strength sends=0 bytes=0 collective_rank_calls=56
AMG setup messages level=2 phase=strength-transpose sends=790 bytes=7850904 collective_rank_calls=56
AMG setup messages level=2 phase=PMIS sends=17620 bytes=11852000 collective_rank_calls=616
AMG setup messages level=2 phase=numbering sends=0 bytes=0 collective_rank_calls=56
AMG setup messages level=2 phase=interpolation sends=4704 bytes=8176112 collective_rank_calls=56
AMG setup messages level=2 phase=interpolation-transpose sends=726 bytes=2139760 collective_rank_calls=56
AMG setup messages level=2 phase=A*P sends=2580 bytes=15946688 collective_rank_calls=56
AMG setup messages level=2 phase=R*(A*P) sends=2178 bytes=47982208 collective_rank_calls=56
AMG setup messages level=3 phase=strength sends=0 bytes=0 collective_rank_calls=56
AMG setup messages level=3 phase=strength-transpose sends=790 bytes=1864464 collective_rank_calls=56
AMG setup messages level=3 phase=PMIS sends=16086 bytes=2850272 collective_rank_calls=560
AMG setup messages level=3 phase=numbering sends=0 bytes=0 collective_rank_calls=56
AMG setup messages level=3 phase=interpolation sends=4689 bytes=2104484 collective_rank_calls=56
AMG setup messages level=3 phase=interpolation-transpose sends=659 bytes=516128 collective_rank_calls=56
AMG setup messages level=3 phase=A*P sends=2652 bytes=5250752 collective_rank_calls=56
AMG setup messages level=3 phase=R*(A*P) sends=1977 bytes=13247648 collective_rank_calls=56
AMG setup messages level=4 phase=strength sends=0 bytes=0 collective_rank_calls=56
AMG setup messages level=4 phase=strength-transpose sends=709 bytes=320436 collective_rank_calls=56
AMG setup messages level=4 phase=PMIS sends=11929 bytes=548768 collective_rank_calls=448
AMG setup messages level=4 phase=numbering sends=0 bytes=0 collective_rank_calls=56
AMG setup messages level=4 phase=interpolation sends=4098 bytes=387300 collective_rank_calls=56
AMG setup messages level=4 phase=interpolation-transpose sends=527 bytes=133296 collective_rank_calls=56
AMG setup messages level=4 phase=A*P sends=3990 bytes=1836048 collective_rank_calls=56
AMG setup messages level=4 phase=R*(A*P) sends=1581 bytes=2908272 collective_rank_calls=56
AMG setup messages level=5 phase=strength sends=0 bytes=0 collective_rank_calls=56
AMG setup messages level=5 phase=strength-transpose sends=504 bytes=65648 collective_rank_calls=56
AMG setup messages level=5 phase=PMIS sends=6108 bytes=99744 collective_rank_calls=280
AMG setup messages level=5 phase=numbering sends=0 bytes=0 collective_rank_calls=56
AMG setup messages level=5 phase=interpolation sends=2733 bytes=66888 collective_rank_calls=56
AMG setup messages level=5 phase=interpolation-transpose sends=239 bytes=34432 collective_rank_calls=56
AMG setup messages level=5 phase=A*P sends=5238 bytes=618336 collective_rank_calls=56
AMG setup messages level=5 phase=R*(A*P) sends=717 bytes=445760 collective_rank_calls=56
AMG setup messages level=6 phase=strength sends=0 bytes=0 collective_rank_calls=56
AMG setup messages level=6 phase=strength-transpose sends=178 bytes=20620 collective_rank_calls=56
AMG setup messages level=6 phase=PMIS sends=1684 bytes=27312 collective_rank_calls=168
AMG setup messages level=6 phase=numbering sends=0 bytes=0 collective_rank_calls=56
AMG setup messages level=6 phase=interpolation sends=978 bytes=11304 collective_rank_calls=56
AMG setup messages level=6 phase=interpolation-transpose sends=80 bytes=8992 collective_rank_calls=56
AMG setup messages level=6 phase=A*P sends=2070 bytes=108064 collective_rank_calls=56
AMG setup messages level=6 phase=R*(A*P) sends=240 bytes=38032 collective_rank_calls=56
AMG setup messages level=7 phase=strength sends=0 bytes=0 collective_rank_calls=56
AMG setup messages level=7 phase=strength-transpose sends=19 bytes=1460 collective_rank_calls=56
AMG setup messages level=7 phase=PMIS sends=121 bytes=1796 collective_rank_calls=112
AMG setup messages level=7 phase=numbering sends=0 bytes=0 collective_rank_calls=56
AMG setup messages level=7 phase=interpolation sends=60 bytes=412 collective_rank_calls=56
AMG setup messages level=7 phase=interpolation-transpose sends=16 bytes=1584 collective_rank_calls=56
AMG setup messages level=7 phase=A*P sends=222 bytes=6048 collective_rank_calls=56
AMG setup messages level=7 phase=R*(A*P) sends=48 bytes=2144 collective_rank_calls=56
AMG setup messages level=0 phase=strength sends=0 bytes=0 collective_rank_calls=56
AMG setup messages level=0 phase=strength-transpose sends=318 bytes=15581036 collective_rank_calls=56
AMG setup messages level=0 phase=PMIS sends=5502 bytes=42175108 collective_rank_calls=448
AMG setup messages level=0 phase=numbering sends=0 bytes=0 collective_rank_calls=56
AMG setup messages level=0 phase=interpolation sends=1908 bytes=19646860 collective_rank_calls=56
AMG setup messages level=0 phase=interpolation-transpose sends=664 bytes=8238784 collective_rank_calls=56
AMG setup messages level=0 phase=A*P sends=1092 bytes=41652688 collective_rank_calls=56
AMG setup messages level=0 phase=R*(A*P) sends=1992 bytes=59249680 collective_rank_calls=56
AMG setup messages level=1 phase=strength sends=0 bytes=0 collective_rank_calls=56
AMG setup messages level=1 phase=strength-transpose sends=754 bytes=18099996 collective_rank_calls=56
AMG setup messages level=1 phase=PMIS sends=15124 bytes=32134340 collective_rank_calls=560
AMG setup messages level=1 phase=numbering sends=0 bytes=0 collective_rank_calls=56
AMG setup messages level=1 phase=interpolation sends=4500 bytes=20493440 collective_rank_calls=56
AMG setup messages level=1 phase=interpolation-transpose sends=731 bytes=7021056 collective_rank_calls=56
AMG setup messages level=1 phase=A*P sends=2406 bytes=40058432 collective_rank_calls=56
AMG setup messages level=1 phase=R*(A*P) sends=2193 bytes=104510160 collective_rank_calls=56
AMG setup messages level=2 phase=strength sends=0 bytes=0 collective_rank_calls=56
AMG setup messages level=2 phase=strength-transpose sends=796 bytes=7801508 collective_rank_calls=56
AMG setup messages level=2 phase=PMIS sends=16074 bytes=10870260 collective_rank_calls=560
AMG setup messages level=2 phase=numbering sends=0 bytes=0 collective_rank_calls=56
AMG setup messages level=2 phase=interpolation sends=4761 bytes=8141704 collective_rank_calls=56
AMG setup messages level=2 phase=interpolation-transpose sends=732 bytes=2128608 collective_rank_calls=56
AMG setup messages level=2 phase=A*P sends=2592 bytes=15984704 collective_rank_calls=56
AMG setup messages level=2 phase=R*(A*P) sends=2196 bytes=47990368 collective_rank_calls=56
AMG setup messages level=3 phase=strength sends=0 bytes=0 collective_rank_calls=56
AMG setup messages level=3 phase=strength-transpose sends=784 bytes=1816320 collective_rank_calls=56
AMG setup messages level=3 phase=PMIS sends=14372 bytes=2599360 collective_rank_calls=504
AMG setup messages level=3 phase=numbering sends=0 bytes=0 collective_rank_calls=56
AMG setup messages level=3 phase=interpolation sends=4677 bytes=2079088 collective_rank_calls=56
AMG setup messages level=3 phase=interpolation-transpose sends=663 bytes=521840 collective_rank_calls=56
AMG setup messages level=3 phase=A*P sends=2646 bytes=5276624 collective_rank_calls=56
AMG setup messages level=3 phase=R*(A*P) sends=1989 bytes=13387312 collective_rank_calls=56
AMG setup messages level=4 phase=strength sends=0 bytes=0 collective_rank_calls=56
AMG setup messages level=4 phase=strength-transpose sends=698 bytes=298880 collective_rank_calls=56
AMG setup messages level=4 phase=PMIS sends=11762 bytes=521564 collective_rank_calls=448
AMG setup messages level=4 phase=numbering sends=0 bytes=0 collective_rank_calls=56
AMG setup messages level=4 phase=interpolation sends=4032 bytes=351680 collective_rank_calls=56
AMG setup messages level=4 phase=interpolation-transpose sends=502 bytes=130128 collective_rank_calls=56
AMG setup messages level=4 phase=A*P sends=4014 bytes=1851440 collective_rank_calls=56
AMG setup messages level=4 phase=R*(A*P) sends=1506 bytes=2918240 collective_rank_calls=56
AMG setup messages level=5 phase=strength sends=0 bytes=0 collective_rank_calls=56
AMG setup messages level=5 phase=strength-transpose sends=431 bytes=59760 collective_rank_calls=56
AMG setup messages level=5 phase=PMIS sends=5192 bytes=88544 collective_rank_calls=280
AMG setup messages level=5 phase=numbering sends=0 bytes=0 collective_rank_calls=56
AMG setup messages level=5 phase=interpolation sends=2301 bytes=56384 collective_rank_calls=56
AMG setup messages level=5 phase=interpolation-transpose sends=279 bytes=35984 collective_rank_calls=56
AMG setup messages level=5 phase=A*P sends=4878 bytes=608832 collective_rank_calls=56
AMG setup messages level=5 phase=R*(A*P) sends=837 bytes=562288 collective_rank_calls=56
AMG setup messages level=6 phase=strength sends=0 bytes=0 collective_rank_calls=56
AMG setup messages level=6 phase=strength-transpose sends=189 bytes=18912 collective_rank_calls=56
AMG setup messages level=6 phase=PMIS sends=1722 bytes=26808 collective_rank_calls=168
AMG setup messages level=6 phase=numbering sends=0 bytes=0 collective_rank_calls=56
AMG setup messages level=6 phase=interpolation sends=885 bytes=12640 collective_rank_calls=56
AMG setup messages level=6 phase=interpolation-transpose sends=134 bytes=15072 collective_rank_calls=56
AMG setup messages level=6 phase=A*P sends=3156 bytes=223360 collective_rank_calls=56
AMG setup messages level=6 phase=R*(A*P) sends=402 bytes=119120 collective_rank_calls=56
AMG setup messages level=7 phase=strength sends=0 bytes=0 collective_rank_calls=56
AMG setup messages level=7 phase=strength-transpose sends=46 bytes=3764 collective_rank_calls=56
AMG setup messages level=7 phase=PMIS sends=268 bytes=4308 collective_rank_calls=112
AMG setup messages level=7 phase=numbering sends=0 bytes=0 collective_rank_calls=56
AMG setup messages level=7 phase=interpolation sends=204 bytes=1776 collective_rank_calls=56
AMG setup messages level=7 phase=interpolation-transpose sends=19 bytes=1936 collective_rank_calls=56
AMG setup messages level=7 phase=A*P sends=552 bytes=18848 collective_rank_calls=56
AMG setup messages level=7 phase=R*(A*P) sends=57 bytes=2656 collective_rank_calls=56
AMG setup messages level=0 phase=strength sends=0 bytes=0 collective_rank_calls=56
AMG setup messages level=0 phase=strength-transpose sends=318 bytes=15577704 collective_rank_calls=56
AMG setup messages level=0 phase=PMIS sends=5502 bytes=42171776 collective_rank_calls=448
AMG setup messages level=0 phase=numbering sends=0 bytes=0 collective_rank_calls=56
AMG setup messages level=0 phase=interpolation sends=1908 bytes=19655472 collective_rank_calls=56
AMG setup messages level=0 phase=interpolation-transpose sends=663 bytes=8250224 collective_rank_calls=56
AMG setup messages level=0 phase=A*P sends=1092 bytes=41656224 collective_rank_calls=56
AMG setup messages level=0 phase=R*(A*P) sends=1989 bytes=59335456 collective_rank_calls=56
AMG setup messages level=1 phase=strength sends=0 bytes=0 collective_rank_calls=56
AMG setup messages level=1 phase=strength-transpose sends=752 bytes=18073524 collective_rank_calls=56
AMG setup messages level=1 phase=PMIS sends=18126 bytes=37849376 collective_rank_calls=672
AMG setup messages level=1 phase=numbering sends=0 bytes=0 collective_rank_calls=56
AMG setup messages level=1 phase=interpolation sends=4482 bytes=20458392 collective_rank_calls=56
AMG setup messages level=1 phase=interpolation-transpose sends=736 bytes=6995088 collective_rank_calls=56
AMG setup messages level=1 phase=A*P sends=2394 bytes=39996448 collective_rank_calls=56
AMG setup messages level=1 phase=R*(A*P) sends=2208 bytes=104340560 collective_rank_calls=56
AMG setup messages level=2 phase=strength sends=0 bytes=0 collective_rank_calls=56
AMG setup messages level=2 phase=strength-transpose sends=788 bytes=7743424 collective_rank_calls=56
AMG setup messages level=2 phase=PMIS sends=15870 bytes=10864968 collective_rank_calls=560
AMG setup messages level=2 phase=numbering sends=0 bytes=0 collective_rank_calls=56
AMG setup messages level=2 phase=interpolation sends=4698 bytes=8157928 collective_rank_calls=56
AMG setup messages level=2 phase=interpolation-transpose sends=720 bytes=2113440 collective_rank_calls=56
AMG setup messages level=2 phase=A*P sends=2592 bytes=15983616 collective_rank_calls=56
AMG setup messages level=2 phase=R*(A*P) sends=2160 bytes=48042528 collective_rank_calls=56
AMG setup messages level=3 phase=strength sends=0 bytes=0 collective_rank_calls=56
AMG setup messages level=3 phase=strength-transpose sends=787 bytes=1786776 collective_rank_calls=56
AMG setup messages level=3 phase=PMIS sends=16059 bytes=2863304 collective_rank_calls=560
AMG setup messages level=3 phase=numbering sends=0 bytes=0 collective_rank_calls=56
AMG setup messages level=3 phase=interpolation sends=4695 bytes=2058708 collective_rank_calls=56
AMG setup messages level=3 phase=interpolation-transpose sends=658 bytes=538624 collective_rank_calls=56
AMG setup messages level=3 phase=A*P sends=2670 bytes=5365600 collective_rank_calls=56
AMG setup messages level=3 phase=R*(A*P) sends=1974 bytes=13825152 collective_rank_calls=56
AMG setup messages level=4 phase=strength sends=0 bytes=0 collective_rank_calls=56
AMG setup messages level=4 phase=strength-transpose sends=662 bytes=272296 collective_rank_calls=56
AMG setup messages level=4 phase=PMIS sends=9812 bytes=436936 collective_rank_calls=392
AMG setup messages level=4 phase=numbering sends=0 bytes=0 collective_rank_calls=56
AMG setup messages level=4 phase=interpolation sends=3819 bytes=306128 collective_rank_calls=56
AMG setup messages level=4 phase=interpolation-transpose sends=516 bytes=132000 collective_rank_calls=56
AMG setup messages level=4 phase=A*P sends=3978 bytes=1896176 collective_rank_calls=56
AMG setup messages level=4 phase=R*(A*P) sends=1548 bytes=3120416 collective_rank_calls=56
AMG setup messages level=5 phase=strength sends=0 bytes=0 collective_rank_calls=56
AMG setup messages level=5 phase=strength-transpose sends=547 bytes=68888 collective_rank_calls=56
AMG setup messages level=5 phase=PMIS sends=7635 bytes=124700 collective_rank_calls=336
AMG setup messages level=5 phase=numbering sends=0 bytes=0 collective_rank_calls=56
AMG setup messages level=5 phase=interpolation sends=2991 bytes=68628 collective_rank_calls=56
AMG setup messages level=5 phase=interpolation-transpose sends=253 bytes=40272 collective_rank_calls=56
AMG setup messages level=5 phase=A*P sends=5292 bytes=710176 collective_rank_calls=56
AMG setup messages level=5 phase=R*(A*P) sends=759 bytes=543328 collective_rank_calls=56
AMG setup messages level=6 phase=strength sends=0 bytes=0 collective_rank_calls=56
AMG setup messages level=6 phase=strength-transpose sends=199 bytes=20968 collective_rank_calls=56
AMG setup messages level=6 phase=PMIS sends=1710 bytes=26256 collective_rank_calls=168
AMG setup messages level=6 phase=numbering sends=0 bytes=0 collective_rank_calls=56
AMG setup messages level=6 phase=interpolation sends=975 bytes=13112 collective_rank_calls=56
AMG setup messages level=6 phase=interpolation-transpose sends=44 bytes=7680 collective_rank_calls=56
AMG setup messages level=6 phase=A*P sends=2592 bytes=147776 collective_rank_calls=56
AMG setup messages level=6 phase=R*(A*P) sends=132 bytes=43024 collective_rank_calls=56
AMG setup messages level=7 phase=strength sends=0 bytes=0 collective_rank_calls=56
AMG setup messages level=7 phase=strength-transpose sends=20 bytes=3912 collective_rank_calls=56
AMG setup messages level=7 phase=PMIS sends=140 bytes=3420 collective_rank_calls=112
AMG setup messages level=7 phase=numbering sends=0 bytes=0 collective_rank_calls=56
AMG setup messages level=7 phase=interpolation sends=120 bytes=1440 collective_rank_calls=56
AMG setup messages level=7 phase=interpolation-transpose sends=20 bytes=2608 collective_rank_calls=56
AMG setup messages level=7 phase=A*P sends=390 bytes=15808 collective_rank_calls=56
AMG setup messages level=7 phase=R*(A*P) sends=60 bytes=3936 collective_rank_calls=56
AMG setup messages level=0 phase=strength sends=0 bytes=0 collective_rank_calls=56
AMG setup messages level=0 phase=strength-transpose sends=318 bytes=15575520 collective_rank_calls=56
AMG setup messages level=0 phase=PMIS sends=5502 bytes=42169592 collective_rank_calls=448
AMG setup messages level=0 phase=numbering sends=0 bytes=0 collective_rank_calls=56
AMG setup messages level=0 phase=interpolation sends=1908 bytes=19654280 collective_rank_calls=56
AMG setup messages level=0 phase=interpolation-transpose sends=661 bytes=8242592 collective_rank_calls=56
AMG setup messages level=0 phase=A*P sends=1092 bytes=41659168 collective_rank_calls=56
AMG setup messages level=0 phase=R*(A*P) sends=1983 bytes=59287680 collective_rank_calls=56
AMG setup messages level=1 phase=strength sends=0 bytes=0 collective_rank_calls=56
AMG setup messages level=1 phase=strength-transpose sends=759 bytes=18011644 collective_rank_calls=56
AMG setup messages level=1 phase=PMIS sends=15235 bytes=32035484 collective_rank_calls=560
AMG setup messages level=1 phase=numbering sends=0 bytes=0 collective_rank_calls=56
AMG setup messages level=1 phase=interpolation sends=4527 bytes=20366092 collective_rank_calls=56
AMG setup messages level=1 phase=interpolation-transpose sends=726 bytes=6992912 collective_rank_calls=56
AMG setup messages level=1 phase=A*P sends=2418 bytes=39988128 collective_rank_calls=56
AMG setup messages level=1 phase=R*(A*P) sends=2178 bytes=104190128 collective_rank_calls=56
AMG setup messages level=2 phase=strength sends=0 bytes=0 collective_rank_calls=56
AMG setup messages level=2 phase=strength-transpose sends=778 bytes=7669532 collective_rank_calls=56
AMG setup messages level=2 phase=PMIS sends=15692 bytes=10829016 collective_rank_calls=560
AMG setup messages level=2 phase=numbering sends=0 bytes=0 collective_rank_calls=56
AMG setup messages level=2 phase=interpolation sends=4650 bytes=8099404 collective_rank_calls=56
AMG setup messages level=2 phase=interpolation-transpose sends=728 bytes=2114144 collective_rank_calls=56
AMG setup messages level=2 phase=A*P sends=2568 bytes=16005152 collective_rank_calls=56
AMG setup messages level=2 phase=R*(A*P) sends=2184 bytes=48112688 collective_rank_calls=56
AMG setup messages level=3 phase=strength sends=0 bytes=0 collective_rank_calls=56
AMG setup messages level=3 phase=strength-transpose sends=779 bytes=1724096 collective_rank_calls=56
AMG setup messages level=3 phase=PMIS sends=15877 bytes=2823556 collective_rank_calls=560
AMG setup messages level=3 phase=numbering sends=0 bytes=0 collective_rank_calls=56
AMG setup messages level=3 phase=interpolation sends=4644 bytes=2009636 collective_rank_calls=56
AMG setup messages level=3 phase=interpolation-transpose sends=665 bytes=527824 collective_rank_calls=56
AMG setup messages level=3 phase=A*P sends=2676 bytes=5384928 collective_rank_calls=56
AMG setup messages level=3 phase=R*(A*P) sends=1995 bytes=13914896 collective_rank_calls=56
AMG setup messages level=4 phase=strength sends=0 bytes=0 collective_rank_calls=56
AMG setup messages level=4 phase=strength-transpose sends=644 bytes=255704 collective_rank_calls=56
AMG setup messages level=4 phase=PMIS sends=10898 bytes=464420 collective_rank_calls=448
AMG setup messages level=4 phase=numbering sends=0 bytes=0 collective_rank_calls=56
AMG setup messages level=4 phase=interpolation sends=3687 bytes=282792 collective_rank_calls=56
AMG setup messages level=4 phase=interpolation-transpose sends=479 bytes=127824 collective_rank_calls=56
AMG setup messages level=4 phase=A*P sends=4026 bytes=1935568 collective_rank_calls=56
AMG setup messages level=4 phase=R*(A*P) sends=1437 bytes=3019904 collective_rank_calls=56
AMG setup messages level=5 phase=strength sends=0 bytes=0 collective_rank_calls=56
AMG setup messages level=5 phase=strength-transpose sends=488 bytes=68620 collective_rank_calls=56
AMG setup messages level=5 phase=PMIS sends=4754 bytes=90244 collective_rank_calls=224
AMG setup messages level=5 phase=numbering sends=0 bytes=0 collective_rank_calls=56
AMG setup messages level=5 phase=interpolation sends=2688 bytes=56688 collective_rank_calls=56
AMG setup messages level=5 phase=interpolation-transpose sends=236 bytes=46544 collective_rank_calls=56
AMG setup messages level=5 phase=A*P sends=5130 bytes=769200 collective_rank_calls=56
AMG setup messages level=5 phase=R*(A*P) sends=708 bytes=618752 collective_rank_calls=56
AMG setup messages level=6 phase=strength sends=0 bytes=0 collective_rank_calls=56
AMG setup messages level=6 phase=strength-transpose sends=168 bytes=22772 collective_rank_calls=56
AMG setup messages level=6 phase=PMIS sends=1560 bytes=31192 collective_rank_calls=168
AMG setup messages level=6 phase=numbering sends=0 bytes=0 collective_rank_calls=56
AMG setup messages level=6 phase=interpolation sends=882 bytes=11168 collective_rank_calls=56
AMG setup messages level=6 phase=interpolation-transpose sends=85 bytes=14704 collective_rank_calls=56
AMG setup messages level=6 phase=A*P sends=2142 bytes=166672 collective_rank_calls=56
AMG setup messages level=6 phase=R*(A*P) sends=255 bytes=35952 collective_rank_calls=56
AMG setup messages level=0 phase=strength sends=0 bytes=0 collective_rank_calls=56
AMG setup messages level=0 phase=strength-transpose sends=318 bytes=15570020 collective_rank_calls=56
AMG setup messages level=0 phase=PMIS sends=5502 bytes=42160144 collective_rank_calls=448
AMG setup messages level=0 phase=numbering sends=0 bytes=0 collective_rank_calls=56
AMG setup messages level=0 phase=interpolation sends=1908 bytes=19624888 collective_rank_calls=56
AMG setup messages level=0 phase=interpolation-transpose sends=663 bytes=8236080 collective_rank_calls=56
AMG setup messages level=0 phase=A*P sends=1092 bytes=41643008 collective_rank_calls=56
AMG setup messages level=0 phase=R*(A*P) sends=1989 bytes=59232960 collective_rank_calls=56
AMG setup messages level=1 phase=strength sends=0 bytes=0 collective_rank_calls=56
AMG setup messages level=1 phase=strength-transpose sends=753 bytes=17995488 collective_rank_calls=56
AMG setup messages level=1 phase=PMIS sends=16626 bytes=34918288 collective_rank_calls=616
AMG setup messages level=1 phase=numbering sends=0 bytes=0 collective_rank_calls=56
AMG setup messages level=1 phase=interpolation sends=4497 bytes=20432380 collective_rank_calls=56
AMG setup messages level=1 phase=interpolation-transpose sends=732 bytes=6985040 collective_rank_calls=56
AMG setup messages level=1 phase=A*P sends=2424 bytes=40026128 collective_rank_calls=56
AMG setup messages level=1 phase=R*(A*P) sends=2196 bytes=104235552 collective_rank_calls=56
AMG setup messages level=2 phase=strength sends=0 bytes=0 collective_rank_calls=56
AMG setup messages level=2 phase=strength-transpose sends=781 bytes=7628288 collective_rank_calls=56
AMG setup messages level=2 phase=PMIS sends=17362 bytes=11847768 collective_rank_calls=616
AMG setup messages level=2 phase=numbering sends=0 bytes=0 collective_rank_calls=56
AMG setup messages level=2 phase=interpolation sends=4653 bytes=8114580 collective_rank_calls=56
AMG setup messages level=2 phase=interpolation-transpose sends=726 bytes=2102944 collective_rank_calls=56
AMG setup messages level=2 phase=A*P sends=2580 bytes=16071840 collective_rank_calls=56
AMG setup messages level=2 phase=R*(A*P) sends=2178 bytes=48302816 collective_rank_calls=56
AMG setup messages level=3 phase=strength sends=0 bytes=0 collective_rank_calls=56
AMG setup messages level=3 phase=strength-transpose sends=772 bytes=1691280 collective_rank_calls=56
AMG setup messages level=3 phase=PMIS sends=14156 bytes=2586112 collective_rank_calls=504
AMG setup messages level=3 phase=numbering sends=0 bytes=0 collective_rank_calls=56
AMG setup messages level=3 phase=interpolation sends=4578 bytes=1980872 collective_rank_calls=56
AMG setup messages level=3 phase=interpolation-transpose sends=660 bytes=545408 collective_rank_calls=56
AMG setup messages level=3 phase=A*P sends=2664 bytes=5454144 collective_rank_calls=56
AMG setup messages level=3 phase=R*(A*P) sends=1980 bytes=14626976 collective_rank_calls=56
AMG setup messages level=4 phase=strength sends=0 bytes=0 collective_rank_calls=56
AMG setup messages level=4 phase=strength-transpose sends=658 bytes=247700 collective_rank_calls=56
AMG setup messages level=4 phase=PMIS sends=9708 bytes=414656 collective_rank_calls=392
AMG setup messages level=4 phase=numbering sends=0 bytes=0 collective_rank_calls=56
AMG setup messages level=4 phase=interpolation sends=3783 bytes=263580 collective_rank_calls=56
AMG setup messages level=4 phase=interpolation-transpose sends=525 bytes=126096 collective_rank_calls=56
AMG setup messages level=4 phase=A*P sends=4056 bytes=1978144 collective_rank_calls=56
AMG setup messages level=4 phase=R*(A*P) sends=1575 bytes=3467248 collective_rank_calls=56
AMG setup messages level=5 phase=strength sends=0 bytes=0 collective_rank_calls=56
AMG setup messages level=5 phase=strength-transpose sends=527 bytes=69516 collective_rank_calls=56
AMG setup messages level=5 phase=PMIS sends=6140 bytes=117760 collective_rank_calls=280
AMG setup messages level=5 phase=numbering sends=0 bytes=0 collective_rank_calls=56
AMG setup messages level=5 phase=interpolation sends=2886 bytes=54200 collective_rank_calls=56
AMG setup messages level=5 phase=interpolation-transpose sends=263 bytes=44672 collective_rank_calls=56
AMG setup messages level=5 phase=A*P sends=5610 bytes=838304 collective_rank_calls=56
AMG setup messages level=5 phase=R*(A*P) sends=789 bytes=816560 collective_rank_calls=56
AMG setup messages level=6 phase=strength sends=0 bytes=0 collective_rank_calls=56
AMG setup messages level=6 phase=strength-transpose sends=159 bytes=18960 collective_rank_calls=56
AMG setup messages level=6 phase=PMIS sends=1857 bytes=33668 collective_rank_calls=224
AMG setup messages level=6 phase=numbering sends=0 bytes=0 collective_rank_calls=56
AMG setup messages level=6 phase=interpolation sends=738 bytes=8204 collective_rank_calls=56
AMG setup messages level=6 phase=interpolation-transpose sends=79 bytes=8160 collective_rank_calls=56
AMG setup messages level=6 phase=A*P sends=3240 bytes=188160 collective_rank_calls=56
AMG setup messages level=6 phase=R*(A*P) sends=237 bytes=104896 collective_rank_calls=56
AMG setup messages level=7 phase=strength sends=0 bytes=0 collective_rank_calls=56
AMG setup messages level=7 phase=strength-transpose sends=60 bytes=5088 collective_rank_calls=56
AMG setup messages level=7 phase=PMIS sends=330 bytes=5540 collective_rank_calls=112
AMG setup messages level=7 phase=numbering sends=0 bytes=0 collective_rank_calls=56
AMG setup messages level=7 phase=interpolation sends=210 bytes=1884 collective_rank_calls=56
AMG setup messages level=7 phase=interpolation-transpose sends=32 bytes=4240 collective_rank_calls=56
AMG setup messages level=7 phase=A*P sends=702 bytes=35776 collective_rank_calls=56
AMG setup messages level=7 phase=R*(A*P) sends=96 bytes=9648 collective_rank_calls=56
AMG setup messages level=0 phase=strength sends=0 bytes=0 collective_rank_calls=56
AMG setup messages level=0 phase=strength-transpose sends=318 bytes=15561708 collective_rank_calls=56
AMG setup messages level=0 phase=PMIS sends=6184 bytes=46705776 collective_rank_calls=504
AMG setup messages level=0 phase=numbering sends=0 bytes=0 collective_rank_calls=56
AMG setup messages level=0 phase=interpolation sends=1908 bytes=19581256 collective_rank_calls=56
AMG setup messages level=0 phase=interpolation-transpose sends=667 bytes=8215744 collective_rank_calls=56
AMG setup messages level=0 phase=A*P sends=1092 bytes=41612112 collective_rank_calls=56
AMG setup messages level=0 phase=R*(A*P) sends=2001 bytes=59026096 collective_rank_calls=56
AMG setup messages level=1 phase=strength sends=0 bytes=0 collective_rank_calls=56
AMG setup messages level=1 phase=strength-transpose sends=756 bytes=17993928 collective_rank_calls=56
AMG setup messages level=1 phase=PMIS sends=16704 bytes=34963488 collective_rank_calls=616
AMG setup messages level=1 phase=numbering sends=0 bytes=0 collective_rank_calls=56
AMG setup messages level=1 phase=interpolation sends=4512 bytes=20382568 collective_rank_calls=56
AMG setup messages level=1 phase=interpolation-transpose sends=731 bytes=6986304 collective_rank_calls=56
AMG setup messages level=1 phase=A*P sends=2430 bytes=40026320 collective_rank_calls=56
AMG setup messages level=1 phase=R*(A*P) sends=2193 bytes=104067488 collective_rank_calls=56
AMG setup messages level=2 phase=strength sends=0 bytes=0 collective_rank_calls=56
AMG setup messages level=2 phase=strength-transpose sends=791 bytes=7548136 collective_rank_calls=56
AMG setup messages level=2 phase=PMIS sends=17534 bytes=11816984 collective_rank_calls=616
AMG setup messages level=2 phase=numbering sends=0 bytes=0 collective_rank_calls=56
AMG setup messages level=2 phase=interpolation sends=4713 bytes=8050232 collective_rank_calls=56
AMG setup messages level=2 phase=interpolation-transpose sends=720 bytes=2107824 collective_rank_calls=56
AMG setup messages level=2 phase=A*P sends=2592 bytes=16087920 collective_rank_calls=56
AMG setup messages level=2 phase=R*(A*P) sends=2160 bytes=48543216 collective_rank_calls=56
AMG setup messages level=3 phase=strength sends=0 bytes=0 collective_rank_calls=56
AMG setup messages level=3 phase=strength-transpose sends=777 bytes=1644480 collective_rank_calls=56
AMG setup messages level=3 phase=PMIS sends=15815 bytes=2810692 collective_rank_calls=560
AMG setup messages level=3 phase=numbering sends=0 bytes=0 collective_rank_calls=56
AMG setup messages level=3 phase=interpolation sends=4608 bytes=1930592 collective_rank_calls=56
AMG setup messages level=3 phase=interpolation-transpose sends=668 bytes=537104 collective_rank_calls=56
AMG setup messages level=3 phase=A*P sends=2670 bytes=5529712 collective_rank_calls=56
AMG setup messages level=3 phase=R*(A*P) sends=2004 bytes=14519664 collective_rank_calls=56
AMG setup messages level=4 phase=strength sends=0 bytes=0 collective_rank_calls=56
AMG setup messages level=4 phase=strength-transpose sends=609 bytes=233900 collective_rank_calls=56
AMG setup messages level=4 phase=PMIS sends=11572 bytes=486928 collective_rank_calls=504
AMG setup messages level=4 phase=numbering sends=0 bytes=0 collective_rank_calls=56
AMG setup messages level=4 phase=interpolation sends=3501 bytes=245988 collective_rank_calls=56
AMG setup messages level=4 phase=interpolation-transpose sends=470 bytes=125744 collective_rank_calls=56
AMG setup messages level=4 phase=A*P sends=4128 bytes=2067888 collective_rank_calls=56
AMG setup messages level=4 phase=R*(A*P) sends=1410 bytes=3703504 collective_rank_calls=56
AMG setup messages level=5 phase=strength sends=0 bytes=0 collective_rank_calls=56
AMG setup messages level=5 phase=strength-transpose sends=510 bytes=74240 collective_rank_calls=56
AMG setup messages level=5 phase=PMIS sends=7030 bytes=142396 collective_rank_calls=336
AMG setup messages level=5 phase=numbering sends=0 bytes=0 collective_rank_calls=56
AMG setup messages level=5 phase=interpolation sends=2730 bytes=54304 collective_rank_calls=56
AMG setup messages level=5 phase=interpolation-transpose sends=250 bytes=45296 collective_rank_calls=56
AMG setup messages level=5 phase=A*P sends=5478 bytes=876992 collective_rank_calls=56
AMG setup messages level=5 phase=R*(A*P) sends=750 bytes=831664 collective_rank_calls=56
AMG setup messages level=6 phase=strength sends=0 bytes=0 collective_rank_calls=56
AMG setup messages level=6 phase=strength-transpose sends=182 bytes=25648 collective_rank_calls=56
AMG setup messages level=6 phase=PMIS sends=1636 bytes=38176 collective_rank_calls=168
AMG setup messages level=6 phase=numbering sends=0 bytes=0 collective_rank_calls=56
AMG setup messages level=6 phase=interpolation sends=915 bytes=10228 collective_rank_calls=56
AMG setup messages level=6 phase=interpolation-transpose sends=95 bytes=17856 collective_rank_calls=56
AMG setup messages level=6 phase=A*P sends=2958 bytes=261280 collective_rank_calls=56
AMG setup messages level=6 phase=R*(A*P) sends=285 bytes=59232 collective_rank_calls=56
AMG setup messages level=0 phase=strength sends=0 bytes=0 collective_rank_calls=56
AMG setup messages level=0 phase=strength-transpose sends=318 bytes=15553352 collective_rank_calls=56
AMG setup messages level=0 phase=PMIS sends=6184 bytes=46685728 collective_rank_calls=504
AMG setup messages level=0 phase=numbering sends=0 bytes=0 collective_rank_calls=56
AMG setup messages level=0 phase=interpolation sends=1908 bytes=19587184 collective_rank_calls=56
AMG setup messages level=0 phase=interpolation-transpose sends=663 bytes=8210928 collective_rank_calls=56
AMG setup messages level=0 phase=A*P sends=1092 bytes=41621104 collective_rank_calls=56
AMG setup messages level=0 phase=R*(A*P) sends=1989 bytes=59051600 collective_rank_calls=56
AMG setup messages level=1 phase=strength sends=0 bytes=0 collective_rank_calls=56
AMG setup messages level=1 phase=strength-transpose sends=753 bytes=17911804 collective_rank_calls=56
AMG setup messages level=1 phase=PMIS sends=16650 bytes=34883456 collective_rank_calls=616
AMG setup messages level=1 phase=numbering sends=0 bytes=0 collective_rank_calls=56
AMG setup messages level=1 phase=interpolation sends=4494 bytes=20338316 collective_rank_calls=56
AMG setup messages level=1 phase=interpolation-transpose sends=731 bytes=6966864 collective_rank_calls=56
AMG setup messages level=1 phase=A*P sends=2406 bytes=39973584 collective_rank_calls=56
AMG setup messages level=1 phase=R*(A*P) sends=2193 bytes=104159248 collective_rank_calls=56
AMG setup messages level=2 phase=strength sends=0 bytes=0 collective_rank_calls=56
AMG setup messages level=2 phase=strength-transpose sends=782 bytes=7506640 collective_rank_calls=56
AMG setup messages level=2 phase=PMIS sends=17396 bytes=11821208 collective_rank_calls=616
AMG setup messages level=2 phase=numbering sends=0 bytes=0 collective_rank_calls=56
AMG setup messages level=2 phase=interpolation sends=4656 bytes=8071104 collective_rank_calls=56
AMG setup messages level=2 phase=interpolation-transpose sends=724 bytes=2110896 collective_rank_calls=56
AMG setup messages level=2 phase=A*P sends=2562 bytes=16114720 collective_rank_calls=56
AMG setup messages level=2 phase=R*(A*P) sends=2172 bytes=48720368 collective_rank_calls=56
AMG setup messages level=3 phase=strength sends=0 bytes=0 collective_rank_calls=56
AMG setup messages level=3 phase=strength-transpose sends=773 bytes=1630288 collective_rank_calls=56
AMG setup messages level=3 phase=PMIS sends=15779 bytes=2795712 collective_rank_calls=560
AMG setup messages level=3 phase=numbering sends=0 bytes=0 collective_rank_calls=56
AMG setup messages level=3 phase=interpolation sends=4587 bytes=1935924 collective_rank_calls=56
AMG setup messages level=3 phase=interpolation-transpose sends=646 bytes=539072 collective_rank_calls=56
AMG setup messages level=3 phase=A*P sends=2664 bytes=5549520 collective_rank_calls=56
AMG setup messages level=3 phase=R*(A*P) sends=1938 bytes=14550176 collective_rank_calls=56
AMG setup messages level=4 phase=strength sends=0 bytes=0 collective_rank_calls=56
AMG setup messages level=4 phase=strength-transpose sends=606 bytes=235476 collective_rank_calls=56
AMG setup messages level=4 phase=PMIS sends=9060 bytes=395392 collective_rank_calls=392
AMG setup messages level=4 phase=numbering sends=0 bytes=0 collective_rank_calls=56
AMG setup messages level=4 phase=interpolation sends=3459 bytes=253640 collective_rank_calls=56
AMG setup messages level=4 phase=interpolation-transpose sends=465 bytes=131120 collective_rank_calls=56
AMG setup messages level=4 phase=A*P sends=3912 bytes=2093040 collective_rank_calls=56
AMG setup messages level=4 phase=R*(A*P) sends=1395 bytes=3756736 collective_rank_calls=56
AMG setup messages level=5 phase=strength sends=0 bytes=0 collective_rank_calls=56
AMG setup messages level=5 phase=strength-transpose sends=496 bytes=75792 collective_rank_calls=56
AMG setup messages level=5 phase=PMIS sends=4588 bytes=108996 collective_rank_calls=224
AMG setup messages level=5 phase=numbering sends=0 bytes=0 collective_rank_calls=56
AMG setup messages level=5 phase=interpolation sends=2634 bytes=62064 collective_rank_calls=56
AMG setup messages level=5 phase=interpolation-transpose sends=257 bytes=48736 collective_rank_calls=56
AMG setup messages level=5 phase=A*P sends=5250 bytes=897440 collective_rank_calls=56
AMG setup messages level=5 phase=R*(A*P) sends=771 bytes=824704 collective_rank_calls=56
AMG setup messages level=6 phase=strength sends=0 bytes=0 collective_rank_calls=56
AMG setup messages level=6 phase=strength-transpose sends=184 bytes=22944 collective_rank_calls=56
AMG setup messages level=6 phase=PMIS sends=1696 bytes=34840 collective_rank_calls=168
AMG setup messages level=6 phase=numbering sends=0 bytes=0 collective_rank_calls=56
AMG setup messages level=6 phase=interpolation sends=1005 bytes=9512 collective_rank_calls=56
AMG setup messages level=6 phase=interpolation-transpose sends=64 bytes=8848 collective_rank_calls=56
AMG setup messages level=6 phase=A*P sends=2898 bytes=155168 collective_rank_calls=56
AMG setup messages level=6 phase=R*(A*P) sends=192 bytes=20528 collective_rank_calls=56
AMG setup messages level=0 phase=strength sends=0 bytes=0 collective_rank_calls=56
AMG setup messages level=0 phase=strength-transpose sends=318 bytes=15545036 collective_rank_calls=56
AMG setup messages level=0 phase=PMIS sends=6184 bytes=46663936 collective_rank_calls=504
AMG setup messages level=0 phase=numbering sends=0 bytes=0 collective_rank_calls=56
AMG setup messages level=0 phase=interpolation sends=1908 bytes=19579948 collective_rank_calls=56
AMG setup messages level=0 phase=interpolation-transpose sends=659 bytes=8183280 collective_rank_calls=56
AMG setup messages level=0 phase=A*P sends=1092 bytes=41617840 collective_rank_calls=56
AMG setup messages level=0 phase=R*(A*P) sends=1977 bytes=58874384 collective_rank_calls=56
AMG setup messages level=1 phase=strength sends=0 bytes=0 collective_rank_calls=56
AMG setup messages level=1 phase=strength-transpose sends=754 bytes=17868540 collective_rank_calls=56
AMG setup messages level=1 phase=PMIS sends=16684 bytes=34808168 collective_rank_calls=616
AMG setup messages level=1 phase=numbering sends=0 bytes=0 collective_rank_calls=56
AMG setup messages level=1 phase=interpolation sends=4494 bytes=20265436 collective_rank_calls=56
AMG setup messages level=1 phase=interpolation-transpose sends=734 bytes=6977072 collective_rank_calls=56
AMG setup messages level=1 phase=A*P sends=2418 bytes=39920032 collective_rank_calls=56
AMG setup messages level=1 phase=R*(A*P) sends=2202 bytes=104064032 collective_rank_calls=56
AMG setup messages level=2 phase=strength sends=0 bytes=0 collective_rank_calls=56
AMG setup messages level=2 phase=strength-transpose sends=788 bytes=7456240 collective_rank_calls=56
AMG setup messages level=2 phase=PMIS sends=17552 bytes=11834232 collective_rank_calls=616
AMG setup messages level=2 phase=numbering sends=0 bytes=0 collective_rank_calls=56
AMG setup messages level=2 phase=interpolation sends=4695 bytes=8043564 collective_rank_calls=56
AMG setup messages level=2 phase=interpolation-transpose sends=716 bytes=2104912 collective_rank_calls=56
AMG setup messages level=2 phase=A*P sends=2592 bytes=16209776 collective_rank_calls=56
AMG setup messages level=2 phase=R*(A*P) sends=2148 bytes=48968864 collective_rank_calls=56
AMG setup messages level=3 phase=strength sends=0 bytes=0 collective_rank_calls=56
AMG setup messages level=3 phase=strength-transpose sends=777 bytes=1605052 collective_rank_calls=56
AMG setup messages level=3 phase=PMIS sends=15859 bytes=2773344 collective_rank_calls=560
AMG setup messages level=3 phase=numbering sends=0 bytes=0 collective_rank_calls=56
AMG setup messages level=3 phase=interpolation sends=4602 bytes=1910648 collective_rank_calls=56
AMG setup messages level=3 phase=interpolation-transpose sends=650 bytes=528512 collective_rank_calls=56
AMG setup messages level=3 phase=A*P sends=2676 bytes=5605744 collective_rank_calls=56
AMG setup messages level=3 phase=R*(A*P) sends=1950 bytes=14735696 collective_rank_calls=56
AMG setup messages level=4 phase=strength sends=0 bytes=0 collective_rank_calls=56
AMG setup messages level=4 phase=strength-transpose sends=597 bytes=250448 collective_rank_calls=56
AMG setup messages level=4 phase=PMIS sends=8846 bytes=419912 collective_rank_calls=392
AMG setup messages level=4 phase=numbering sends=0 bytes=0 collective_rank_calls=56
AMG setup messages level=4 phase=interpolation sends=3420 bytes=259524 collective_rank_calls=56
AMG setup messages level=4 phase=interpolation-transpose sends=469 bytes=140352 collective_rank_calls=56
AMG setup messages level=4 phase=A*P sends=3870 bytes=2230368 collective_rank_calls=56
AMG setup messages level=4 phase=R*(A*P) sends=1407 bytes=4266224 collective_rank_calls=56
AMG setup messages level=5 phase=strength sends=0 bytes=0 collective_rank_calls=56
AMG setup messages level=5 phase=strength-transpose sends=470 bytes=82772 collective_rank_calls=56
AMG setup messages level=5 phase=PMIS sends=4660 bytes=122672 collective_rank_calls=224
AMG setup messages level=5 phase=numbering sends=0 bytes=0 collective_rank_calls=56
AMG setup messages level=5 phase=interpolation sends=2445 bytes=48976 collective_rank_calls=56
AMG setup messages level=5 phase=interpolation-transpose sends=298 bytes=53120 collective_rank_calls=56
AMG setup messages level=5 phase=A*P sends=5130 bytes=995776 collective_rank_calls=56
AMG setup messages level=5 phase=R*(A*P) sends=894 bytes=1220496 collective_rank_calls=56
AMG setup messages level=6 phase=strength sends=0 bytes=0 collective_rank_calls=56
AMG setup messages level=6 phase=strength-transpose sends=167 bytes=24244 collective_rank_calls=56
AMG setup messages level=6 phase=PMIS sends=1091 bytes=34852 collective_rank_calls=112
AMG setup messages level=6 phase=numbering sends=0 bytes=0 collective_rank_calls=56
AMG setup messages level=6 phase=interpolation sends=813 bytes=6884 collective_rank_calls=56
AMG setup messages level=6 phase=interpolation-transpose sends=65 bytes=12496 collective_rank_calls=56
AMG setup messages level=6 phase=A*P sends=3576 bytes=262928 collective_rank_calls=56
AMG setup messages level=6 phase=R*(A*P) sends=195 bytes=31152 collective_rank_calls=56
AMG setup messages level=0 phase=strength sends=0 bytes=0 collective_rank_calls=56
AMG setup messages level=0 phase=strength-transpose sends=318 bytes=15536776 collective_rank_calls=56
AMG setup messages level=0 phase=PMIS sends=6184 bytes=46642592 collective_rank_calls=504
AMG setup messages level=0 phase=numbering sends=0 bytes=0 collective_rank_calls=56
AMG setup messages level=0 phase=interpolation sends=1908 bytes=19603888 collective_rank_calls=56
AMG setup messages level=0 phase=interpolation-transpose sends=665 bytes=8199120 collective_rank_calls=56
AMG setup messages level=0 phase=A*P sends=1092 bytes=41624304 collective_rank_calls=56
AMG setup messages level=0 phase=R*(A*P) sends=1995 bytes=59129328 collective_rank_calls=56
AMG setup messages level=1 phase=strength sends=0 bytes=0 collective_rank_calls=56
AMG setup messages level=1 phase=strength-transpose sends=750 bytes=17823116 collective_rank_calls=56
AMG setup messages level=1 phase=PMIS sends=15044 bytes=31965932 collective_rank_calls=560
AMG setup messages level=1 phase=numbering sends=0 bytes=0 collective_rank_calls=56
AMG setup messages level=1 phase=interpolation sends=4473 bytes=20293828 collective_rank_calls=56
AMG setup messages level=1 phase=interpolation-transpose sends=726 bytes=6898224 collective_rank_calls=56
AMG setup messages level=1 phase=A*P sends=2388 bytes=39961744 collective_rank_calls=56
AMG setup messages level=1 phase=R*(A*P) sends=2178 bytes=103454592 collective_rank_calls=56
AMG setup messages level=2 phase=strength sends=0 bytes=0 collective_rank_calls=56
AMG setup messages level=2 phase=strength-transpose sends=786 bytes=7431620 collective_rank_calls=56
AMG setup messages level=2 phase=PMIS sends=17436 bytes=11862400 collective_rank_calls=616
AMG setup messages level=2 phase=numbering sends=0 bytes=0 collective_rank_calls=56
AMG setup messages level=2 phase=interpolation sends=4680 bytes=8037628 collective_rank_calls=56
AMG setup messages level=2 phase=interpolation-transpose sends=717 bytes=2110768 collective_rank_calls=56
AMG setup messages level=2 phase=A*P sends=2574 bytes=16235232 collective_rank_calls=56
AMG setup messages level=2 phase=R*(A*P) sends=2151 bytes=49009568 collective_rank_calls=56
AMG setup messages level=3 phase=strength sends=0 bytes=0 collective_rank_calls=56
AMG setup messages level=3 phase=strength-transpose sends=768 bytes=1605480 collective_rank_calls=56
AMG setup messages level=3 phase=PMIS sends=17208 bytes=3018920 collective_rank_calls=616
AMG setup messages level=3 phase=numbering sends=0 bytes=0 collective_rank_calls=56
AMG setup messages level=3 phase=interpolation sends=4566 bytes=1913304 collective_rank_calls=56
AMG setup messages level=3 phase=interpolation-transpose sends=630 bytes=528992 collective_rank_calls=56
AMG setup messages level=3 phase=A*P sends=2670 bytes=5666864 collective_rank_calls=56
AMG setup messages level=3 phase=R*(A*P) sends=1890 bytes=14702304 collective_rank_calls=56
AMG setup messages level=4 phase=strength sends=0 bytes=0 collective_rank_calls=56
AMG setup messages level=4 phase=strength-transpose sends=604 bytes=268552 collective_rank_calls=56
AMG setup messages level=4 phase=PMIS sends=8984 bytes=443312 collective_rank_calls=392
AMG setup messages level=4 phase=numbering sends=0 bytes=0 collective_rank_calls=56
AMG setup messages level=4 phase=interpolation sends=3492 bytes=269488 collective_rank_calls=56
AMG setup messages level=4 phase=interpolation-transpose sends=472 bytes=146080 collective_rank_calls=56
AMG setup messages level=4 phase=A*P sends=3918 bytes=2306800 collective_rank_calls=56
AMG setup messages level=4 phase=R*(A*P) sends=1416 bytes=4028640 collective_rank_calls=56
AMG setup messages level=5 phase=strength sends=0 bytes=0 collective_rank_calls=56
AMG setup messages level=5 phase=strength-transpose sends=465 bytes=82676 collective_rank_calls=56
AMG setup messages level=5 phase=PMIS sends=5412 bytes=132304 collective_rank_calls=280
AMG setup messages level=5 phase=numbering sends=0 bytes=0 collective_rank_calls=56
AMG setup messages level=5 phase=interpolation sends=2454 bytes=54308 collective_rank_calls=56
AMG setup messages level=5 phase=interpolation-transpose sends=188 bytes=49872 collective_rank_calls=56
AMG setup messages level=5 phase=A*P sends=5124 bytes=961248 collective_rank_calls=56
AMG setup messages level=5 phase=R*(A*P) sends=564 bytes=740960 collective_rank_calls=56
AMG setup messages level=6 phase=strength sends=0 bytes=0 collective_rank_calls=56
AMG setup messages level=6 phase=strength-transpose sends=125 bytes=37308 collective_rank_calls=56
AMG setup messages level=6 phase=PMIS sends=815 bytes=30368 collective_rank_calls=112
AMG setup messages level=6 phase=numbering sends=0 bytes=0 collective_rank_calls=56
AMG setup messages level=6 phase=interpolation sends=696 bytes=9920 collective_rank_calls=56
AMG setup messages level=6 phase=interpolation-transpose sends=69 bytes=15376 collective_rank_calls=56
AMG setup messages level=6 phase=A*P sends=2832 bytes=238768 collective_rank_calls=56
AMG setup messages level=6 phase=R*(A*P) sends=207 bytes=39104 collective_rank_calls=56
AMG setup messages level=0 phase=strength sends=0 bytes=0 collective_rank_calls=56
AMG setup messages level=0 phase=strength-transpose sends=318 bytes=15531192 collective_rank_calls=56
AMG setup messages level=0 phase=PMIS sends=5502 bytes=42073272 collective_rank_calls=448
AMG setup messages level=0 phase=numbering sends=0 bytes=0 collective_rank_calls=56
AMG setup messages level=0 phase=interpolation sends=1908 bytes=19577956 collective_rank_calls=56
AMG setup messages level=0 phase=interpolation-transpose sends=663 bytes=8180464 collective_rank_calls=56
AMG setup messages level=0 phase=A*P sends=1092 bytes=41605376 collective_rank_calls=56
AMG setup messages level=0 phase=R*(A*P) sends=1989 bytes=58905136 collective_rank_calls=56
AMG setup messages level=1 phase=strength sends=0 bytes=0 collective_rank_calls=56
AMG setup messages level=1 phase=strength-transpose sends=755 bytes=17776424 collective_rank_calls=56
AMG setup messages level=1 phase=PMIS sends=19728 bytes=40501680 collective_rank_calls=728
AMG setup messages level=1 phase=numbering sends=0 bytes=0 collective_rank_calls=56
AMG setup messages level=1 phase=interpolation sends=4500 bytes=20249156 collective_rank_calls=56
AMG setup messages level=1 phase=interpolation-transpose sends=725 bytes=6933072 collective_rank_calls=56
AMG setup messages level=1 phase=A*P sends=2430 bytes=39926944 collective_rank_calls=56
AMG setup messages level=1 phase=R*(A*P) sends=2175 bytes=103710544 collective_rank_calls=56
AMG setup messages level=2 phase=strength sends=0 bytes=0 collective_rank_calls=56
AMG setup messages level=2 phase=strength-transpose sends=780 bytes=7405568 collective_rank_calls=56
AMG setup messages level=2 phase=PMIS sends=17280 bytes=11862312 collective_rank_calls=616
AMG setup messages level=2 phase=numbering sends=0 bytes=0 collective_rank_calls=56
AMG setup messages level=2 phase=interpolation sends=4668 bytes=8064712 collective_rank_calls=56
AMG setup messages level=2 phase=interpolation-transpose sends=721 bytes=2093408 collective_rank_calls=56
AMG setup messages level=2 phase=A*P sends=2586 bytes=16329280 collective_rank_calls=56
AMG setup messages level=2 phase=R*(A*P) sends=2163 bytes=48631536 collective_rank_calls=56
AMG setup messages level=3 phase=strength sends=0 bytes=0 collective_rank_calls=56
AMG setup messages level=3 phase=strength-transpose sends=757 bytes=1615436 collective_rank_calls=56
AMG setup messages level=3 phase=PMIS sends=15415 bytes=2767260 collective_rank_calls=560
AMG setup messages level=3 phase=numbering sends=0 bytes=0 collective_rank_calls=56
AMG setup messages level=3 phase=interpolation sends=4503 bytes=1911640 collective_rank_calls=56
AMG setup messages level=3 phase=interpolation-transpose sends=629 bytes=532848 collective_rank_calls=56
AMG setup messages level=3 phase=A*P sends=2646 bytes=5693184 collective_rank_calls=56
AMG setup messages level=3 phase=R*(A*P) sends=1887 bytes=14677232 collective_rank_calls=56
AMG setup messages level=4 phase=strength sends=0 bytes=0 collective_rank_calls=56
AMG setup messages level=4 phase=strength-transpose sends=601 bytes=267632 collective_rank_calls=56
AMG setup messages level=4 phase=PMIS sends=10273 bytes=495064 collective_rank_calls=448
AMG setup messages level=4 phase=numbering sends=0 bytes=0 collective_rank_calls=56
AMG setup messages level=4 phase=interpolation sends=3471 bytes=274336 collective_rank_calls=56
AMG setup messages level=4 phase=interpolation-transpose sends=426 bytes=145024 collective_rank_calls=56
AMG setup messages level=4 phase=A*P sends=3924 bytes=2283248 collective_rank_calls=56
AMG setup messages level=4 phase=R*(A*P) sends=1278 bytes=3981216 collective_rank_calls=56
AMG setup messages level=5 phase=strength sends=0 bytes=0 collective_rank_calls=56
AMG setup messages level=5 phase=strength-transpose sends=373 bytes=80508 collective_rank_calls=56
AMG setup messages level=5 phase=PMIS sends=4528 bytes=126000 collective_rank_calls=280
AMG setup messages level=5 phase=numbering sends=0 bytes=0 collective_rank_calls=56
AMG setup messages level=5 phase=interpolation sends=2079 bytes=48468 collective_rank_calls=56
AMG setup messages level=5 phase=interpolation-transpose sends=259 bytes=57376 collective_rank_calls=56
AMG setup messages level=5 phase=A*P sends=4656 bytes=966304 collective_rank_calls=56
AMG setup messages level=5 phase=R*(A*P) sends=777 bytes=1077360 collective_rank_calls=56
AMG setup messages level=6 phase=strength sends=0 bytes=0 collective_rank_calls=56
AMG setup messages level=6 phase=strength-transpose sends=186 bytes=28476 collective_rank_calls=56
AMG setup messages level=6 phase=PMIS sends=1668 bytes=44256 collective_rank_calls=168
AMG setup messages level=6 phase=numbering sends=0 bytes=0 collective_rank_calls=56
AMG setup messages level=6 phase=interpolation sends=972 bytes=9368 collective_rank_calls=56
AMG setup messages level=6 phase=interpolation-transpose sends=60 bytes=10848 collective_rank_calls=56
AMG setup messages level=6 phase=A*P sends=2838 bytes=199344 collective_rank_calls=56
AMG setup messages level=6 phase=R*(A*P) sends=180 bytes=31056 collective_rank_calls=56
AMG setup messages level=7 phase=strength sends=0 bytes=0 collective_rank_calls=56
AMG setup messages level=7 phase=strength-transpose sends=10 bytes=756 collective_rank_calls=56
AMG setup messages level=7 phase=PMIS sends=52 bytes=804 collective_rank_calls=112
AMG setup messages level=7 phase=numbering sends=0 bytes=0 collective_rank_calls=56
AMG setup messages level=7 phase=interpolation sends=30 bytes=220 collective_rank_calls=56
AMG setup messages level=7 phase=interpolation-transpose sends=7 bytes=720 collective_rank_calls=56
AMG setup messages level=7 phase=A*P sends=90 bytes=2624 collective_rank_calls=56
AMG setup messages level=7 phase=R*(A*P) sends=21 bytes=992 collective_rank_calls=56
AMG setup messages level=0 phase=strength sends=0 bytes=0 collective_rank_calls=56
AMG setup messages level=0 phase=strength-transpose sends=318 bytes=15526396 collective_rank_calls=56
AMG setup messages level=0 phase=PMIS sends=6184 bytes=46617152 collective_rank_calls=504
AMG setup messages level=0 phase=numbering sends=0 bytes=0 collective_rank_calls=56
AMG setup messages level=0 phase=interpolation sends=1908 bytes=19622012 collective_rank_calls=56
AMG setup messages level=0 phase=interpolation-transpose sends=661 bytes=8204144 collective_rank_calls=56
AMG setup messages level=0 phase=A*P sends=1092 bytes=41618000 collective_rank_calls=56
AMG setup messages level=0 phase=R*(A*P) sends=1983 bytes=59112944 collective_rank_calls=56
AMG setup messages level=1 phase=strength sends=0 bytes=0 collective_rank_calls=56
AMG setup messages level=1 phase=strength-transpose sends=751 bytes=17776976 collective_rank_calls=56
AMG setup messages level=1 phase=PMIS sends=16630 bytes=34810024 collective_rank_calls=616
AMG setup messages level=1 phase=numbering sends=0 bytes=0 collective_rank_calls=56
AMG setup messages level=1 phase=interpolation sends=4485 bytes=20287248 collective_rank_calls=56
AMG setup messages level=1 phase=interpolation-transpose sends=732 bytes=6898880 collective_rank_calls=56
AMG setup messages level=1 phase=A*P sends=2382 bytes=39914080 collective_rank_calls=56
AMG setup messages level=1 phase=R*(A*P) sends=2196 bytes=103366512 collective_rank_calls=56
AMG setup messages level=2 phase=strength sends=0 bytes=0 collective_rank_calls=56
AMG setup messages level=2 phase=strength-transpose sends=788 bytes=7388384 collective_rank_calls=56
AMG setup messages level=2 phase=PMIS sends=20796 bytes=13806768 collective_rank_calls=728
AMG setup messages level=2 phase=numbering sends=0 bytes=0 collective_rank_calls=56
AMG setup messages level=2 phase=interpolation sends=4704 bytes=8049700 collective_rank_calls=56
AMG setup messages level=2 phase=interpolation-transpose sends=713 bytes=2091952 collective_rank_calls=56
AMG setup messages level=2 phase=A*P sends=2580 bytes=16359648 collective_rank_calls=56
AMG setup messages level=2 phase=R*(A*P) sends=2139 bytes=48867824 collective_rank_calls=56
AMG setup messages level=3 phase=strength sends=0 bytes=0 collective_rank_calls=56
AMG setup messages level=3 phase=strength-transpose sends=761 bytes=1615016 collective_rank_calls=56
AMG setup messages level=3 phase=PMIS sends=17018 bytes=3029224 collective_rank_calls=616
AMG setup messages level=3 phase=numbering sends=0 bytes=0 collective_rank_calls=56
AMG setup messages level=3 phase=interpolation sends=4524 bytes=1912364 collective_rank_calls=56
AMG setup messages level=3 phase=interpolation-transpose sends=617 bytes=521360 collective_rank_calls=56
AMG setup messages level=3 phase=A*P sends=2658 bytes=5729840 collective_rank_calls=56
AMG setup messages level=3 phase=R*(A*P) sends=1851 bytes=14441104 collective_rank_calls=56
AMG setup messages level=4 phase=strength sends=0 bytes=0 collective_rank_calls=56
AMG setup messages level=4 phase=strength-transpose sends=615 bytes=278300 collective_rank_calls=56
AMG setup messages level=4 phase=PMIS sends=9194 bytes=459120 collective_rank_calls=392
AMG setup messages level=4 phase=numbering sends=0 bytes=0 collective_rank_calls=56
AMG setup messages level=4 phase=interpolation sends=3552 bytes=289808 collective_rank_calls=56
AMG setup messages level=4 phase=interpolation-transpose sends=449 bytes=152832 collective_rank_calls=56
AMG setup messages level=4 phase=A*P sends=3828 bytes=2353696 collective_rank_calls=56
AMG setup messages level=4 phase=R*(A*P) sends=1347 bytes=4152816 collective_rank_calls=56
AMG setup messages level=5 phase=strength sends=0 bytes=0 collective_rank_calls=56
AMG setup messages level=5 phase=strength-transpose sends=399 bytes=79828 collective_rank_calls=56
AMG setup messages level=5 phase=PMIS sends=4740 bytes=124176 collective_rank_calls=280
AMG setup messages level=5 phase=numbering sends=0 bytes=0 collective_rank_calls=56
AMG setup messages level=5 phase=interpolation sends=2199 bytes=48468 collective_rank_calls=56
AMG setup messages level=5 phase=interpolation-transpose sends=226 bytes=50848 collective_rank_calls=56
AMG setup messages level=5 phase=A*P sends=4962 bytes=947296 collective_rank_calls=56
AMG setup messages level=5 phase=R*(A*P) sends=678 bytes=1024352 collective_rank_calls=56
AMG setup messages level=6 phase=strength sends=0 bytes=0 collective_rank_calls=56
AMG setup messages level=6 phase=strength-transpose sends=148 bytes=30284 collective_rank_calls=56
AMG setup messages level=6 phase=PMIS sends=928 bytes=36280 collective_rank_calls=112
AMG setup messages level=6 phase=numbering sends=0 bytes=0 collective_rank_calls=56
AMG setup messages level=6 phase=interpolation sends=762 bytes=7896 collective_rank_calls=56
AMG setup messages level=6 phase=interpolation-transpose sends=61 bytes=13360 collective_rank_calls=56
AMG setup messages level=6 phase=A*P sends=2544 bytes=250752 collective_rank_calls=56
AMG setup messages level=6 phase=R*(A*P) sends=183 bytes=34112 collective_rank_calls=56
AMG setup messages level=0 phase=strength sends=0 bytes=0 collective_rank_calls=56
AMG setup messages level=0 phase=strength-transpose sends=318 bytes=15521468 collective_rank_calls=56
AMG setup messages level=0 phase=PMIS sends=5502 bytes=42052628 collective_rank_calls=448
AMG setup messages level=0 phase=numbering sends=0 bytes=0 collective_rank_calls=56
AMG setup messages level=0 phase=interpolation sends=1908 bytes=19557196 collective_rank_calls=56
AMG setup messages level=0 phase=interpolation-transpose sends=658 bytes=8172256 collective_rank_calls=56
AMG setup messages level=0 phase=A*P sends=1092 bytes=41592352 collective_rank_calls=56
AMG setup messages level=0 phase=R*(A*P) sends=1974 bytes=58778928 collective_rank_calls=56
AMG setup messages level=1 phase=strength sends=0 bytes=0 collective_rank_calls=56
AMG setup messages level=1 phase=strength-transpose sends=755 bytes=17741988 collective_rank_calls=56
AMG setup messages level=1 phase=PMIS sends=16694 bytes=34741264 collective_rank_calls=616
AMG setup messages level=1 phase=numbering sends=0 bytes=0 collective_rank_calls=56
AMG setup messages level=1 phase=interpolation sends=4500 bytes=20217756 collective_rank_calls=56
AMG setup messages level=1 phase=interpolation-transpose sends=727 bytes=6913984 collective_rank_calls=56
AMG setup messages level=1 phase=A*P sends=2400 bytes=39940304 collective_rank_calls=56
AMG setup messages level=1 phase=R*(A*P) sends=2181 bytes=103442224 collective_rank_calls=56
AMG setup messages level=2 phase=strength sends=0 bytes=0 collective_rank_calls=56
AMG setup messages level=2 phase=strength-transpose sends=781 bytes=7393648 collective_rank_calls=56
AMG setup messages level=2 phase=PMIS sends=17338 bytes=11873176 collective_rank_calls=616
AMG setup messages level=2 phase=numbering sends=0 bytes=0 collective_rank_calls=56
AMG setup messages level=2 phase=interpolation sends=4671 bytes=8080232 collective_rank_calls=56
AMG setup messages level=2 phase=interpolation-transpose sends=711 bytes=2105568 collective_rank_calls=56
AMG setup messages level=2 phase=A*P sends=2592 bytes=16372784 collective_rank_calls=56
AMG setup messages level=2 phase=R*(A*P) sends=2133 bytes=48786432 collective_rank_calls=56
AMG setup messages level=3 phase=strength sends=0 bytes=0 collective_rank_calls=56
AMG setup messages level=3 phase=strength-transpose sends=764 bytes=1627504 collective_rank_calls=56
AMG setup messages level=3 phase=PMIS sends=17072 bytes=3017136 collective_rank_calls=616
AMG setup messages level=3 phase=numbering sends=0 bytes=0 collective_rank_calls=56
AMG setup messages level=3 phase=interpolation sends=4539 bytes=1912840 collective_rank_calls=56
AMG setup messages level=3 phase=interpolation-transpose sends=628 bytes=525680 collective_rank_calls=56
AMG setup messages level=3 phase=A*P sends=2640 bytes=5760512 collective_rank_calls=56
AMG setup messages level=3 phase=R*(A*P) sends=1884 bytes=14610496 collective_rank_calls=56
AMG setup messages level=4 phase=strength sends=0 bytes=0 collective_rank_calls=56
AMG setup messages level=4 phase=strength-transpose sends=624 bytes=290520 collective_rank_calls=56
AMG setup messages level=4 phase=PMIS sends=9392 bytes=483528 collective_rank_calls=392
AMG setup messages level=4 phase=numbering sends=0 bytes=0 collective_rank_calls=56
AMG setup messages level=4 phase=interpolation sends=3642 bytes=302384 collective_rank_calls=56
AMG setup messages level=4 phase=interpolation-transpose sends=471 bytes=159120 collective_rank_calls=56
AMG setup messages level=4 phase=A*P sends=3828 bytes=2368464 collective_rank_calls=56
AMG setup messages level=4 phase=R*(A*P) sends=1413 bytes=4283104 collective_rank_calls=56
AMG setup messages level=5 phase=strength sends=0 bytes=0 collective_rank_calls=56
AMG setup messages level=5 phase=strength-transpose sends=406 bytes=78356 collective_rank_calls=56
AMG setup messages level=5 phase=PMIS sends=4948 bytes=124336 collective_rank_calls=280
AMG setup messages level=5 phase=numbering sends=0 bytes=0 collective_rank_calls=56
AMG setup messages level=5 phase=interpolation sends=2115 bytes=46700 collective_rank_calls=56
AMG setup messages level=5 phase=interpolation-transpose sends=275 bytes=50896 collective_rank_calls=56
AMG setup messages level=5 phase=A*P sends=4752 bytes=936304 collective_rank_calls=56
AMG setup messages level=5 phase=R*(A*P) sends=825 bytes=1132864 collective_rank_calls=56
AMG setup messages level=6 phase=strength sends=0 bytes=0 collective_rank_calls=56
AMG setup messages level=6 phase=strength-transpose sends=138 bytes=23472 collective_rank_calls=56
AMG setup messages level=6 phase=PMIS sends=924 bytes=32072 collective_rank_calls=112
AMG setup messages level=6 phase=numbering sends=0 bytes=0 collective_rank_calls=56
AMG setup messages level=6 phase=interpolation sends=684 bytes=6068 collective_rank_calls=56
AMG setup messages level=6 phase=interpolation-transpose sends=59 bytes=12560 collective_rank_calls=56
AMG setup messages level=6 phase=A*P sends=3192 bytes=252176 collective_rank_calls=56
AMG setup messages level=6 phase=R*(A*P) sends=177 bytes=31744 collective_rank_calls=56
The cloud-layer FLD system Newton 0: residual=9.492515584, GMRES rtol=0.5
AMG setup messages level=0 phase=strength sends=0 bytes=0 collective_rank_calls=56
AMG setup messages level=0 phase=strength-transpose sends=318 bytes=15517240 collective_rank_calls=56
AMG setup messages level=0 phase=PMIS sends=6184 bytes=46596224 collective_rank_calls=504
AMG setup messages level=0 phase=numbering sends=0 bytes=0 collective_rank_calls=56
AMG setup messages level=0 phase=interpolation sends=1908 bytes=19572464 collective_rank_calls=56
AMG setup messages level=0 phase=interpolation-transpose sends=658 bytes=8181696 collective_rank_calls=56
AMG setup messages level=0 phase=A*P sends=1092 bytes=41599584 collective_rank_calls=56
AMG setup messages level=0 phase=R*(A*P) sends=1974 bytes=58917184 collective_rank_calls=56
AMG setup messages level=1 phase=strength sends=0 bytes=0 collective_rank_calls=56
AMG setup messages level=1 phase=strength-transpose sends=759 bytes=17726432 collective_rank_calls=56
AMG setup messages level=1 phase=PMIS sends=15257 bytes=31913808 collective_rank_calls=560
AMG setup messages level=1 phase=numbering sends=0 bytes=0 collective_rank_calls=56
AMG setup messages level=1 phase=interpolation sends=4515 bytes=20269236 collective_rank_calls=56
AMG setup messages level=1 phase=interpolation-transpose sends=733 bytes=6878576 collective_rank_calls=56
AMG setup messages level=1 phase=A*P sends=2430 bytes=39936688 collective_rank_calls=56
AMG setup messages level=1 phase=R*(A*P) sends=2199 bytes=103456480 collective_rank_calls=56
AMG setup messages level=2 phase=strength sends=0 bytes=0 collective_rank_calls=56
AMG setup messages level=2 phase=strength-transpose sends=783 bytes=7366380 collective_rank_calls=56
AMG setup messages level=2 phase=PMIS sends=18987 bytes=12841092 collective_rank_calls=672
AMG setup messages level=2 phase=numbering sends=0 bytes=0 collective_rank_calls=56
AMG setup messages level=2 phase=interpolation sends=4677 bytes=8047320 collective_rank_calls=56
AMG setup messages level=2 phase=interpolation-transpose sends=703 bytes=2083344 collective_rank_calls=56
AMG setup messages level=2 phase=A*P sends=2586 bytes=16445296 collective_rank_calls=56
AMG setup messages level=2 phase=R*(A*P) sends=2109 bytes=48661456 collective_rank_calls=56
AMG setup messages level=3 phase=strength sends=0 bytes=0 collective_rank_calls=56
AMG setup messages level=3 phase=strength-transpose sends=759 bytes=1624448 collective_rank_calls=56
AMG setup messages level=3 phase=PMIS sends=15433 bytes=2760012 collective_rank_calls=560
AMG setup messages level=3 phase=numbering sends=0 bytes=0 collective_rank_calls=56
AMG setup messages level=3 phase=interpolation sends=4527 bytes=1906696 collective_rank_calls=56
AMG setup messages level=3 phase=interpolation-transpose sends=636 bytes=533184 collective_rank_calls=56
AMG setup messages level=3 phase=A*P sends=2676 bytes=5818064 collective_rank_calls=56
AMG setup messages level=3 phase=R*(A*P) sends=1908 bytes=14689664 collective_rank_calls=56
AMG setup messages level=4 phase=strength sends=0 bytes=0 collective_rank_calls=56
AMG setup messages level=4 phase=strength-transpose sends=609 bytes=290116 collective_rank_calls=56
AMG setup messages level=4 phase=PMIS sends=7819 bytes=426296 collective_rank_calls=336
AMG setup messages level=4 phase=numbering sends=0 bytes=0 collective_rank_calls=56
AMG setup messages level=4 phase=interpolation sends=3510 bytes=297632 collective_rank_calls=56
AMG setup messages level=4 phase=interpolation-transpose sends=435 bytes=157952 collective_rank_calls=56
AMG setup messages level=4 phase=A*P sends=3834 bytes=2353264 collective_rank_calls=56
AMG setup messages level=4 phase=R*(A*P) sends=1305 bytes=3841616 collective_rank_calls=56
AMG setup messages level=5 phase=strength sends=0 bytes=0 collective_rank_calls=56
AMG setup messages level=5 phase=strength-transpose sends=397 bytes=78404 collective_rank_calls=56
AMG setup messages level=5 phase=PMIS sends=5695 bytes=134792 collective_rank_calls=336
AMG setup messages level=5 phase=numbering sends=0 bytes=0 collective_rank_calls=56
AMG setup messages level=5 phase=interpolation sends=2169 bytes=50392 collective_rank_calls=56
AMG setup messages level=5 phase=interpolation-transpose sends=300 bytes=57360 collective_rank_calls=56
AMG setup messages level=5 phase=A*P sends=4668 bytes=923552 collective_rank_calls=56
AMG setup messages level=5 phase=R*(A*P) sends=900 bytes=1203360 collective_rank_calls=56
AMG setup messages level=6 phase=strength sends=0 bytes=0 collective_rank_calls=56
AMG setup messages level=6 phase=strength-transpose sends=204 bytes=32380 collective_rank_calls=56
AMG setup messages level=6 phase=PMIS sends=1290 bytes=44364 collective_rank_calls=112
AMG setup messages level=6 phase=numbering sends=0 bytes=0 collective_rank_calls=56
AMG setup messages level=6 phase=interpolation sends=1038 bytes=9736 collective_rank_calls=56
AMG setup messages level=6 phase=interpolation-transpose sends=66 bytes=12960 collective_rank_calls=56
AMG setup messages level=6 phase=A*P sends=3198 bytes=252352 collective_rank_calls=56
AMG setup messages level=6 phase=R*(A*P) sends=198 bytes=32176 collective_rank_calls=56
GMRES: iter = 0, residual = 4.425865334, 1 (rel.)
GMRES: iter = 1, residual = 3.740662207, 0.8451821112 (rel.)
GMRES: iter = 2, residual = 3.197634027, 0.7224878721 (rel.)
GMRES: iter = 3, residual = 2.8169713, 0.6364792165 (rel.)
GMRES: iter = 4, residual = 2.452658254, 0.5541646816 (rel.)
GMRES: iter = 5, residual = 2.062575474, 0.4660276168 (rel.)
GMRES: Solve Time = 0.77482303
The cloud-layer FLD system Newton 1: residual=3.298199483, GMRES rtol=0.4998042643
AMG setup messages level=0 phase=strength sends=0 bytes=0 collective_rank_calls=56
AMG setup messages level=0 phase=strength-transpose sends=318 bytes=15513024 collective_rank_calls=56
AMG setup messages level=0 phase=PMIS sends=6184 bytes=46589760 collective_rank_calls=504
AMG setup messages level=0 phase=numbering sends=0 bytes=0 collective_rank_calls=56
AMG setup messages level=0 phase=interpolation sends=1908 bytes=19552596 collective_rank_calls=56
AMG setup messages level=0 phase=interpolation-transpose sends=666 bytes=8172432 collective_rank_calls=56
AMG setup messages level=0 phase=A*P sends=1092 bytes=41583872 collective_rank_calls=56
AMG setup messages level=0 phase=R*(A*P) sends=1998 bytes=58706336 collective_rank_calls=56
AMG setup messages level=1 phase=strength sends=0 bytes=0 collective_rank_calls=56
AMG setup messages level=1 phase=strength-transpose sends=752 bytes=17685008 collective_rank_calls=56
AMG setup messages level=1 phase=PMIS sends=16568 bytes=34732288 collective_rank_calls=616
AMG setup messages level=1 phase=numbering sends=0 bytes=0 collective_rank_calls=56
AMG setup messages level=1 phase=interpolation sends=4476 bytes=20262068 collective_rank_calls=56
AMG setup messages level=1 phase=interpolation-transpose sends=722 bytes=6878240 collective_rank_calls=56
AMG setup messages level=1 phase=A*P sends=2364 bytes=39911136 collective_rank_calls=56
AMG setup messages level=1 phase=R*(A*P) sends=2166 bytes=103236112 collective_rank_calls=56
AMG setup messages level=2 phase=strength sends=0 bytes=0 collective_rank_calls=56
AMG setup messages level=2 phase=strength-transpose sends=774 bytes=7377900 collective_rank_calls=56
AMG setup messages level=2 phase=PMIS sends=17172 bytes=11877608 collective_rank_calls=616
AMG setup messages level=2 phase=numbering sends=0 bytes=0 collective_rank_calls=56
AMG setup messages level=2 phase=interpolation sends=4629 bytes=8024028 collective_rank_calls=56
AMG setup messages level=2 phase=interpolation-transpose sends=706 bytes=2096720 collective_rank_calls=56
AMG setup messages level=2 phase=A*P sends=2586 bytes=16491008 collective_rank_calls=56
AMG setup messages level=2 phase=R*(A*P) sends=2118 bytes=48562832 collective_rank_calls=56
AMG setup messages level=3 phase=strength sends=0 bytes=0 collective_rank_calls=56
AMG setup messages level=3 phase=strength-transpose sends=759 bytes=1633936 collective_rank_calls=56
AMG setup messages level=3 phase=PMIS sends=13892 bytes=2495792 collective_rank_calls=504
AMG setup messages level=3 phase=numbering sends=0 bytes=0 collective_rank_calls=56
AMG setup messages level=3 phase=interpolation sends=4509 bytes=1913668 collective_rank_calls=56
AMG setup messages level=3 phase=interpolation-transpose sends=631 bytes=515584 collective_rank_calls=56
AMG setup messages level=3 phase=A*P sends=2664 bytes=5804160 collective_rank_calls=56
AMG setup messages level=3 phase=R*(A*P) sends=1893 bytes=14344224 collective_rank_calls=56
AMG setup messages level=4 phase=strength sends=0 bytes=0 collective_rank_calls=56
AMG setup messages level=4 phase=strength-transpose sends=617 bytes=306376 collective_rank_calls=56
AMG setup messages level=4 phase=PMIS sends=10511 bytes=552816 collective_rank_calls=448
AMG setup messages level=4 phase=numbering sends=0 bytes=0 collective_rank_calls=56
AMG setup messages level=4 phase=interpolation sends=3552 bytes=307320 collective_rank_calls=56
AMG setup messages level=4 phase=interpolation-transpose sends=452 bytes=158928 collective_rank_calls=56
AMG setup messages level=4 phase=A*P sends=3828 bytes=2452992 collective_rank_calls=56
AMG setup messages level=4 phase=R*(A*P) sends=1356 bytes=4276544 collective_rank_calls=56
AMG setup messages level=5 phase=strength sends=0 bytes=0 collective_rank_calls=56
AMG setup messages level=5 phase=strength-transpose sends=388 bytes=75024 collective_rank_calls=56
AMG setup messages level=5 phase=PMIS sends=4816 bytes=118944 collective_rank_calls=280
AMG setup messages level=5 phase=numbering sends=0 bytes=0 collective_rank_calls=56
AMG setup messages level=5 phase=interpolation sends=2109 bytes=47944 collective_rank_calls=56
AMG setup messages level=5 phase=interpolation-transpose sends=198 bytes=50960 collective_rank_calls=56
AMG setup messages level=5 phase=A*P sends=4992 bytes=947712 collective_rank_calls=56
AMG setup messages level=5 phase=R*(A*P) sends=594 bytes=819744 collective_rank_calls=56
AMG setup messages level=6 phase=strength sends=0 bytes=0 collective_rank_calls=56
AMG setup messages level=6 phase=strength-transpose sends=131 bytes=25408 collective_rank_calls=56
AMG setup messages level=6 phase=PMIS sends=845 bytes=27492 collective_rank_calls=112
AMG setup messages level=6 phase=numbering sends=0 bytes=0 collective_rank_calls=56
AMG setup messages level=6 phase=interpolation sends=729 bytes=7728 collective_rank_calls=56
AMG setup messages level=6 phase=interpolation-transpose sends=68 bytes=12832 collective_rank_calls=56
AMG setup messages level=6 phase=A*P sends=2430 bytes=191680 collective_rank_calls=56
AMG setup messages level=6 phase=R*(A*P) sends=204 bytes=31760 collective_rank_calls=56
GMRES: iter = 0, residual = 3.308041395, 1 (rel.)
GMRES: iter = 1, residual = 2.728381021, 0.8247723337 (rel.)
GMRES: iter = 2, residual = 2.304658095, 0.6966835719 (rel.)
GMRES: iter = 3, residual = 2.017704392, 0.6099392818 (rel.)
GMRES: iter = 4, residual = 1.799374665, 0.5439395855 (rel.)
GMRES: iter = 5, residual = 1.542611482, 0.4663216986 (rel.)
GMRES: Solve Time = 0.776038049
The cloud-layer FLD system Newton 2: residual=2.595736888, GMRES rtol=0.5541431594
AMG setup messages level=0 phase=strength sends=0 bytes=0 collective_rank_calls=56
AMG setup messages level=0 phase=strength-transpose sends=318 bytes=15510184 collective_rank_calls=56
AMG setup messages level=0 phase=PMIS sends=6866 bytes=51137264 collective_rank_calls=560
AMG setup messages level=0 phase=numbering sends=0 bytes=0 collective_rank_calls=56
AMG setup messages level=0 phase=interpolation sends=1908 bytes=19524624 collective_rank_calls=56
AMG setup messages level=0 phase=interpolation-transpose sends=660 bytes=8184480 collective_rank_calls=56
AMG setup messages level=0 phase=A*P sends=1092 bytes=41568224 collective_rank_calls=56
AMG setup messages level=0 phase=R*(A*P) sends=1980 bytes=58719408 collective_rank_calls=56
AMG setup messages level=1 phase=strength sends=0 bytes=0 collective_rank_calls=56
AMG setup messages level=1 phase=strength-transpose sends=751 bytes=17692988 collective_rank_calls=56
AMG setup messages level=1 phase=PMIS sends=18063 bytes=37641740 collective_rank_calls=672
AMG setup messages level=1 phase=numbering sends=0 bytes=0 collective_rank_calls=56
AMG setup messages level=1 phase=interpolation sends=4479 bytes=20293668 collective_rank_calls=56
AMG setup messages level=1 phase=interpolation-transpose sends=728 bytes=6875600 collective_rank_calls=56
AMG setup messages level=1 phase=A*P sends=2418 bytes=39970832 collective_rank_calls=56
AMG setup messages level=1 phase=R*(A*P) sends=2184 bytes=103133136 collective_rank_calls=56
AMG setup messages level=2 phase=strength sends=0 bytes=0 collective_rank_calls=56
AMG setup messages level=2 phase=strength-transpose sends=779 bytes=7351892 collective_rank_calls=56
AMG setup messages level=2 phase=PMIS sends=18865 bytes=12837396 collective_rank_calls=672
AMG setup messages level=2 phase=numbering sends=0 bytes=0 collective_rank_calls=56
AMG setup messages level=2 phase=interpolation sends=4626 bytes=7999992 collective_rank_calls=56
AMG setup messages level=2 phase=interpolation-transpose sends=711 bytes=2081184 collective_rank_calls=56
AMG setup messages level=2 phase=A*P sends=2592 bytes=16546320 collective_rank_calls=56
AMG setup messages level=2 phase=R*(A*P) sends=2133 bytes=48303104 collective_rank_calls=56
AMG setup messages level=3 phase=strength sends=0 bytes=0 collective_rank_calls=56
AMG setup messages level=3 phase=strength-transpose sends=755 bytes=1639996 collective_rank_calls=56
AMG setup messages level=3 phase=PMIS sends=16886 bytes=2982368 collective_rank_calls=616
AMG setup messages level=3 phase=numbering sends=0 bytes=0 collective_rank_calls=56
AMG setup messages level=3 phase=interpolation sends=4500 bytes=1889064 collective_rank_calls=56
AMG setup messages level=3 phase=interpolation-transpose sends=613 bytes=524048 collective_rank_calls=56
AMG setup messages level=3 phase=A*P sends=2658 bytes=5868768 collective_rank_calls=56
AMG setup messages level=3 phase=R*(A*P) sends=1839 bytes=14360544 collective_rank_calls=56
AMG setup messages level=4 phase=strength sends=0 bytes=0 collective_rank_calls=56
AMG setup messages level=4 phase=strength-transpose sends=608 bytes=304792 collective_rank_calls=56
AMG setup messages level=4 phase=PMIS sends=9120 bytes=493000 collective_rank_calls=392
AMG setup messages level=4 phase=numbering sends=0 bytes=0 collective_rank_calls=56
AMG setup messages level=4 phase=interpolation sends=3534 bytes=314148 collective_rank_calls=56
AMG setup messages level=4 phase=interpolation-transpose sends=434 bytes=163008 collective_rank_calls=56
AMG setup messages level=4 phase=A*P sends=3864 bytes=2457264 collective_rank_calls=56
AMG setup messages level=4 phase=R*(A*P) sends=1302 bytes=4144000 collective_rank_calls=56
AMG setup messages level=5 phase=strength sends=0 bytes=0 collective_rank_calls=56
AMG setup messages level=5 phase=strength-transpose sends=378 bytes=82380 collective_rank_calls=56
AMG setup messages level=5 phase=PMIS sends=3734 bytes=110060 collective_rank_calls=224
AMG setup messages level=5 phase=numbering sends=0 bytes=0 collective_rank_calls=56
AMG setup messages level=5 phase=interpolation sends=2052 bytes=48372 collective_rank_calls=56
AMG setup messages level=5 phase=interpolation-transpose sends=220 bytes=58672 collective_rank_calls=56
AMG setup messages level=5 phase=A*P sends=4740 bytes=999536 collective_rank_calls=56
AMG setup messages level=5 phase=R*(A*P) sends=660 bytes=919520 collective_rank_calls=56
AMG setup messages level=6 phase=strength sends=0 bytes=0 collective_rank_calls=56
AMG setup messages level=6 phase=strength-transpose sends=137 bytes=28628 collective_rank_calls=56
AMG setup messages level=6 phase=PMIS sends=887 bytes=31996 collective_rank_calls=112
AMG setup messages level=6 phase=numbering sends=0 bytes=0 collective_rank_calls=56
AMG setup messages level=6 phase=interpolation sends=789 bytes=8036 collective_rank_calls=56
AMG setup messages level=6 phase=interpolation-transpose sends=59 bytes=11776 collective_rank_calls=56
AMG setup messages level=6 phase=A*P sends=2310 bytes=186896 collective_rank_calls=56
AMG setup messages level=6 phase=R*(A*P) sends=177 bytes=29360 collective_rank_calls=56
GMRES: iter = 0, residual = 2.604182036, 1 (rel.)
GMRES: iter = 1, residual = 2.114737314, 0.8120543358 (rel.)
GMRES: iter = 2, residual = 1.787021218, 0.6862120977 (rel.)
GMRES: iter = 3, residual = 1.563439786, 0.6003573346 (rel.)
GMRES: iter = 4, residual = 1.376639859, 0.5286265861 (rel.)
GMRES: Solve Time = 0.63079958
The cloud-layer FLD system Newton 3: residual=2.024377099, GMRES rtol=0.5438544209
AMG setup messages level=0 phase=strength sends=0 bytes=0 collective_rank_calls=56
AMG setup messages level=0 phase=strength-transpose sends=318 bytes=15504312 collective_rank_calls=56
AMG setup messages level=0 phase=PMIS sends=6184 bytes=46577760 collective_rank_calls=504
AMG setup messages level=0 phase=numbering sends=0 bytes=0 collective_rank_calls=56
AMG setup messages level=0 phase=interpolation sends=1908 bytes=19519232 collective_rank_calls=56
AMG setup messages level=0 phase=interpolation-transpose sends=665 bytes=8190496 collective_rank_calls=56
AMG setup messages level=0 phase=A*P sends=1092 bytes=41564080 collective_rank_calls=56
AMG setup messages level=0 phase=R*(A*P) sends=1995 bytes=58606864 collective_rank_calls=56
AMG setup messages level=1 phase=strength sends=0 bytes=0 collective_rank_calls=56
AMG setup messages level=1 phase=strength-transpose sends=754 bytes=17586612 collective_rank_calls=56
AMG setup messages level=1 phase=PMIS sends=18122 bytes=37557136 collective_rank_calls=672
AMG setup messages level=1 phase=numbering sends=0 bytes=0 collective_rank_calls=56
AMG setup messages level=1 phase=interpolation sends=4491 bytes=20244472 collective_rank_calls=56
AMG setup messages level=1 phase=interpolation-transpose sends=730 bytes=6852432 collective_rank_calls=56
AMG setup messages level=1 phase=A*P sends=2364 bytes=39940480 collective_rank_calls=56
AMG setup messages level=1 phase=R*(A*P) sends=2190 bytes=102789936 collective_rank_calls=56
AMG setup messages level=2 phase=strength sends=0 bytes=0 collective_rank_calls=56
AMG setup messages level=2 phase=strength-transpose sends=775 bytes=7354328 collective_rank_calls=56
AMG setup messages level=2 phase=PMIS sends=18717 bytes=12809828 collective_rank_calls=672
AMG setup messages level=2 phase=numbering sends=0 bytes=0 collective_rank_calls=56
AMG setup messages level=2 phase=interpolation sends=4614 bytes=7987012 collective_rank_calls=56
AMG setup messages level=2 phase=interpolation-transpose sends=705 bytes=2086880 collective_rank_calls=56
AMG setup messages level=2 phase=A*P sends=2586 bytes=16622128 collective_rank_calls=56
AMG setup messages level=2 phase=R*(A*P) sends=2115 bytes=47999056 collective_rank_calls=56
AMG setup messages level=3 phase=strength sends=0 bytes=0 collective_rank_calls=56
AMG setup messages level=3 phase=strength-transpose sends=753 bytes=1674528 collective_rank_calls=56
AMG setup messages level=3 phase=PMIS sends=15379 bytes=2749312 collective_rank_calls=560
AMG setup messages level=3 phase=numbering sends=0 bytes=0 collective_rank_calls=56
AMG setup messages level=3 phase=interpolation sends=4479 bytes=1920584 collective_rank_calls=56
AMG setup messages level=3 phase=interpolation-transpose sends=627 bytes=528832 collective_rank_calls=56
AMG setup messages level=3 phase=A*P sends=2664 bytes=5963136 collective_rank_calls=56
AMG setup messages level=3 phase=R*(A*P) sends=1881 bytes=14538640 collective_rank_calls=56
AMG setup messages level=4 phase=strength sends=0 bytes=0 collective_rank_calls=56
AMG setup messages level=4 phase=strength-transpose sends=642 bytes=309472 collective_rank_calls=56
AMG setup messages level=4 phase=PMIS sends=10938 bytes=566176 collective_rank_calls=448
AMG setup messages level=4 phase=numbering sends=0 bytes=0 collective_rank_calls=56
AMG setup messages level=4 phase=interpolation sends=3747 bytes=317132 collective_rank_calls=56
AMG setup messages level=4 phase=interpolation-transpose sends=504 bytes=179504 collective_rank_calls=56
AMG setup messages level=4 phase=A*P sends=3912 bytes=2549600 collective_rank_calls=56
AMG setup messages level=4 phase=R*(A*P) sends=1512 bytes=4483376 collective_rank_calls=56
AMG setup messages level=5 phase=strength sends=0 bytes=0 collective_rank_calls=56
AMG setup messages level=5 phase=strength-transpose sends=420 bytes=80888 collective_rank_calls=56
AMG setup messages level=5 phase=PMIS sends=5028 bytes=128976 collective_rank_calls=280
AMG setup messages level=5 phase=numbering sends=0 bytes=0 collective_rank_calls=56
AMG setup messages level=5 phase=interpolation sends=2235 bytes=52508 collective_rank_calls=56
AMG setup messages level=5 phase=interpolation-transpose sends=252 bytes=55008 collective_rank_calls=56
AMG setup messages level=5 phase=A*P sends=5232 bytes=1006784 collective_rank_calls=56
AMG setup messages level=5 phase=R*(A*P) sends=756 bytes=1083104 collective_rank_calls=56
AMG setup messages level=6 phase=strength sends=0 bytes=0 collective_rank_calls=56
AMG setup messages level=6 phase=strength-transpose sends=171 bytes=30380 collective_rank_calls=56
AMG setup messages level=6 phase=PMIS sends=1089 bytes=37828 collective_rank_calls=112
AMG setup messages level=6 phase=numbering sends=0 bytes=0 collective_rank_calls=56
AMG setup messages level=6 phase=interpolation sends=909 bytes=8944 collective_rank_calls=56
AMG setup messages level=6 phase=interpolation-transpose sends=72 bytes=14064 collective_rank_calls=56
AMG setup messages level=6 phase=A*P sends=2784 bytes=243328 collective_rank_calls=56
AMG setup messages level=6 phase=R*(A*P) sends=216 bytes=35008 collective_rank_calls=56
GMRES: iter = 0, residual = 2.034012733, 1 (rel.)
GMRES: iter = 1, residual = 1.525879998, 0.7501821266 (rel.)
GMRES: iter = 2, residual = 1.31998088, 0.648954089 (rel.)
GMRES: iter = 3, residual = 1.119429341, 0.5503551297 (rel.)
GMRES: iter = 4, residual = 0.9273561344, 0.4559244489 (rel.)
GMRES: Solve Time = 0.63278667
The cloud-layer FLD system Newton 4: residual=1.281476305, GMRES rtol=0.3572369191
AMG setup messages level=0 phase=strength sends=0 bytes=0 collective_rank_calls=56
AMG setup messages level=0 phase=strength-transpose sends=318 bytes=15504804 collective_rank_calls=56
AMG setup messages level=0 phase=PMIS sends=6184 bytes=46582704 collective_rank_calls=504
AMG setup messages level=0 phase=numbering sends=0 bytes=0 collective_rank_calls=56
AMG setup messages level=0 phase=interpolation sends=1908 bytes=19526920 collective_rank_calls=56
AMG setup messages level=0 phase=interpolation-transpose sends=661 bytes=8212736 collective_rank_calls=56
AMG setup messages level=0 phase=A*P sends=1092 bytes=41566592 collective_rank_calls=56
AMG setup messages level=0 phase=R*(A*P) sends=1983 bytes=58727440 collective_rank_calls=56
AMG setup messages level=1 phase=strength sends=0 bytes=0 collective_rank_calls=56
AMG setup messages level=1 phase=strength-transpose sends=750 bytes=17558612 collective_rank_calls=56
AMG setup messages level=1 phase=PMIS sends=16548 bytes=34685024 collective_rank_calls=616
AMG setup messages level=1 phase=numbering sends=0 bytes=0 collective_rank_calls=56
AMG setup messages level=1 phase=interpolation sends=4464 bytes=20186356 collective_rank_calls=56
AMG setup messages level=1 phase=interpolation-transpose sends=724 bytes=6851744 collective_rank_calls=56
AMG setup messages level=1 phase=A*P sends=2388 bytes=39890224 collective_rank_calls=56
AMG setup messages level=1 phase=R*(A*P) sends=2172 bytes=102453856 collective_rank_calls=56
AMG setup messages level=2 phase=strength sends=0 bytes=0 collective_rank_calls=56
AMG setup messages level=2 phase=strength-transpose sends=779 bytes=7327184 collective_rank_calls=56
AMG setup messages level=2 phase=PMIS sends=17294 bytes=11773352 collective_rank_calls=616
AMG setup messages level=2 phase=numbering sends=0 bytes=0 collective_rank_calls=56
AMG setup messages level=2 phase=interpolation sends=4650 bytes=7918276 collective_rank_calls=56
AMG setup messages level=2 phase=interpolation-transpose sends=708 bytes=2070736 collective_rank_calls=56
AMG setup messages level=2 phase=A*P sends=2586 bytes=16630864 collective_rank_calls=56
AMG setup messages level=2 phase=R*(A*P) sends=2124 bytes=47610400 collective_rank_calls=56
AMG setup messages level=3 phase=strength sends=0 bytes=0 collective_rank_calls=56
AMG setup messages level=3 phase=strength-transpose sends=767 bytes=1684024 collective_rank_calls=56
AMG setup messages level=3 phase=PMIS sends=15593 bytes=2775616 collective_rank_calls=560
AMG setup messages level=3 phase=numbering sends=0 bytes=0 collective_rank_calls=56
AMG setup messages level=3 phase=interpolation sends=4557 bytes=1943196 collective_rank_calls=56
AMG setup messages level=3 phase=interpolation-transpose sends=645 bytes=547920 collective_rank_calls=56
AMG setup messages level=3 phase=A*P sends=2676 bytes=6036352 collective_rank_calls=56
AMG setup messages level=3 phase=R*(A*P) sends=1935 bytes=14889872 collective_rank_calls=56
AMG setup messages level=4 phase=strength sends=0 bytes=0 collective_rank_calls=56
AMG setup messages level=4 phase=strength-transpose sends=630 bytes=312212 collective_rank_calls=56
AMG setup messages level=4 phase=PMIS sends=11980 bytes=626128 collective_rank_calls=504
AMG setup messages level=4 phase=numbering sends=0 bytes=0 collective_rank_calls=56
AMG setup messages level=4 phase=interpolation sends=3639 bytes=323488 collective_rank_calls=56
AMG setup messages level=4 phase=interpolation-transpose sends=490 bytes=167856 collective_rank_calls=56
AMG setup messages level=4 phase=A*P sends=3948 bytes=2567168 collective_rank_calls=56
AMG setup messages level=4 phase=R*(A*P) sends=1470 bytes=4539648 collective_rank_calls=56
AMG setup messages level=5 phase=strength sends=0 bytes=0 collective_rank_calls=56
AMG setup messages level=5 phase=strength-transpose sends=467 bytes=80844 collective_rank_calls=56
AMG setup messages level=5 phase=PMIS sends=4451 bytes=115188 collective_rank_calls=224
AMG setup messages level=5 phase=numbering sends=0 bytes=0 collective_rank_calls=56
AMG setup messages level=5 phase=interpolation sends=2568 bytes=52384 collective_rank_calls=56
AMG setup messages level=5 phase=interpolation-transpose sends=287 bytes=51664 collective_rank_calls=56
AMG setup messages level=5 phase=A*P sends=5178 bytes=970608 collective_rank_calls=56
AMG setup messages level=5 phase=R*(A*P) sends=861 bytes=1055104 collective_rank_calls=56
AMG setup messages level=6 phase=strength sends=0 bytes=0 collective_rank_calls=56
AMG setup messages level=6 phase=strength-transpose sends=159 bytes=24016 collective_rank_calls=56
AMG setup messages level=6 phase=PMIS sends=1486 bytes=40592 collective_rank_calls=168
AMG setup messages level=6 phase=numbering sends=0 bytes=0 collective_rank_calls=56
AMG setup messages level=6 phase=interpolation sends=777 bytes=6900 collective_rank_calls=56
AMG setup messages level=6 phase=interpolation-transpose sends=64 bytes=11664 collective_rank_calls=56
AMG setup messages level=6 phase=A*P sends=3132 bytes=213824 collective_rank_calls=56
AMG setup messages level=6 phase=R*(A*P) sends=192 bytes=28848 collective_rank_calls=56
GMRES: iter = 0, residual = 1.290715256, 1 (rel.)
GMRES: iter = 1, residual = 0.9995642026, 0.7744265808 (rel.)
GMRES: iter = 2, residual = 0.8496694822, 0.6582935145 (rel.)
GMRES: iter = 3, residual = 0.7114496451, 0.5512057301 (rel.)
GMRES: iter = 4, residual = 0.6205182206, 0.4807553159 (rel.)
GMRES: iter = 5, residual = 0.5449485133, 0.4222066104 (rel.)
GMRES: iter = 6, residual = 0.4771690553, 0.3696935114 (rel.)
GMRES: iter = 7, residual = 0.4376816383, 0.3391000736 (rel.)
GMRES: Solve Time = 1.049291877
The cloud-layer FLD system Newton 5: residual=0.6908987999, GMRES rtol=0.2578757471
AMG setup messages level=0 phase=strength sends=0 bytes=0 collective_rank_calls=56
AMG setup messages level=0 phase=strength-transpose sends=318 bytes=15512740 collective_rank_calls=56
AMG setup messages level=0 phase=PMIS sends=6184 bytes=46604768 collective_rank_calls=504
AMG setup messages level=0 phase=numbering sends=0 bytes=0 collective_rank_calls=56
AMG setup messages level=0 phase=interpolation sends=1908 bytes=19522452 collective_rank_calls=56
AMG setup messages level=0 phase=interpolation-transpose sends=666 bytes=8197024 collective_rank_calls=56
AMG setup messages level=0 phase=A*P sends=1092 bytes=41580800 collective_rank_calls=56
AMG setup messages level=0 phase=R*(A*P) sends=1998 bytes=58647456 collective_rank_calls=56
AMG setup messages level=1 phase=strength sends=0 bytes=0 collective_rank_calls=56
AMG setup messages level=1 phase=strength-transpose sends=751 bytes=17523636 collective_rank_calls=56
AMG setup messages level=1 phase=PMIS sends=18063 bytes=37495792 collective_rank_calls=672
AMG setup messages level=1 phase=numbering sends=0 bytes=0 collective_rank_calls=56
AMG setup messages level=1 phase=interpolation sends=4473 bytes=20148844 collective_rank_calls=56
AMG setup messages level=1 phase=interpolation-transpose sends=723 bytes=6847040 collective_rank_calls=56
AMG setup messages level=1 phase=A*P sends=2412 bytes=39905376 collective_rank_calls=56
AMG setup messages level=1 phase=R*(A*P) sends=2169 bytes=102202032 collective_rank_calls=56
AMG setup messages level=2 phase=strength sends=0 bytes=0 collective_rank_calls=56
AMG setup messages level=2 phase=strength-transpose sends=764 bytes=7317912 collective_rank_calls=56
AMG setup messages level=2 phase=PMIS sends=16952 bytes=11723432 collective_rank_calls=616
AMG setup messages level=2 phase=numbering sends=0 bytes=0 collective_rank_calls=56
AMG setup messages level=2 phase=interpolation sends=4569 bytes=7922168 collective_rank_calls=56
AMG setup messages level=2 phase=interpolation-transpose sends=721 bytes=2060128 collective_rank_calls=56
AMG setup messages level=2 phase=A*P sends=2580 bytes=16548784 collective_rank_calls=56
AMG setup messages level=2 phase=R*(A*P) sends=2163 bytes=47041648 collective_rank_calls=56
AMG setup messages level=3 phase=strength sends=0 bytes=0 collective_rank_calls=56
AMG setup messages level=3 phase=strength-transpose sends=757 bytes=1681592 collective_rank_calls=56
AMG setup messages level=3 phase=PMIS sends=13856 bytes=2510048 collective_rank_calls=504
AMG setup messages level=3 phase=numbering sends=0 bytes=0 collective_rank_calls=56
AMG setup messages level=3 phase=interpolation sends=4509 bytes=1914564 collective_rank_calls=56
AMG setup messages level=3 phase=interpolation-transpose sends=644 bytes=537312 collective_rank_calls=56
AMG setup messages level=3 phase=A*P sends=2658 bytes=5931920 collective_rank_calls=56
AMG setup messages level=3 phase=R*(A*P) sends=1932 bytes=14500368 collective_rank_calls=56
AMG setup messages level=4 phase=strength sends=0 bytes=0 collective_rank_calls=56
AMG setup messages level=4 phase=strength-transpose sends=625 bytes=309484 collective_rank_calls=56
AMG setup messages level=4 phase=PMIS sends=9334 bytes=503320 collective_rank_calls=392
AMG setup messages level=4 phase=numbering sends=0 bytes=0 collective_rank_calls=56
AMG setup messages level=4 phase=interpolation sends=3645 bytes=310428 collective_rank_calls=56
AMG setup messages level=4 phase=interpolation-transpose sends=466 bytes=162784 collective_rank_calls=56
AMG setup messages level=4 phase=A*P sends=3966 bytes=2429936 collective_rank_calls=56
AMG setup messages level=4 phase=R*(A*P) sends=1398 bytes=4131296 collective_rank_calls=56
AMG setup messages level=5 phase=strength sends=0 bytes=0 collective_rank_calls=56
AMG setup messages level=5 phase=strength-transpose sends=378 bytes=80620 collective_rank_calls=56
AMG setup messages level=5 phase=PMIS sends=3664 bytes=109356 collective_rank_calls=224
AMG setup messages level=5 phase=numbering sends=0 bytes=0 collective_rank_calls=56
AMG setup messages level=5 phase=interpolation sends=1980 bytes=48600 collective_rank_calls=56
AMG setup messages level=5 phase=interpolation-transpose sends=269 bytes=48656 collective_rank_calls=56
AMG setup messages level=5 phase=A*P sends=4926 bytes=958112 collective_rank_calls=56
AMG setup messages level=5 phase=R*(A*P) sends=807 bytes=1281168 collective_rank_calls=56
AMG setup messages level=6 phase=strength sends=0 bytes=0 collective_rank_calls=56
AMG setup messages level=6 phase=strength-transpose sends=212 bytes=39348 collective_rank_calls=56
AMG setup messages level=6 phase=PMIS sends=2024 bytes=70472 collective_rank_calls=168
AMG setup messages level=6 phase=numbering sends=0 bytes=0 collective_rank_calls=56
AMG setup messages level=6 phase=interpolation sends=1041 bytes=9132 collective_rank_calls=56
AMG setup messages level=6 phase=interpolation-transpose sends=76 bytes=18240 collective_rank_calls=56
AMG setup messages level=6 phase=A*P sends=3324 bytes=342064 collective_rank_calls=56
AMG setup messages level=6 phase=R*(A*P) sends=228 bytes=47440 collective_rank_calls=56
GMRES: iter = 0, residual = 0.6998905858, 1 (rel.)
GMRES: iter = 1, residual = 0.4994374477, 0.7135936071 (rel.)
GMRES: iter = 2, residual = 0.454291702, 0.6490896023 (rel.)
GMRES: iter = 3, residual = 0.4299070571, 0.6142489494 (rel.)
GMRES: iter = 4, residual = 0.4115910859, 0.5880791859 (rel.)
GMRES: iter = 5, residual = 0.3921986557, 0.5603713833 (rel.)
GMRES: iter = 6, residual = 0.3722918846, 0.531928693 (rel.)
GMRES: iter = 7, residual = 0.3591446071, 0.5131439318 (rel.)
GMRES: iter = 8, residual = 0.3500919279, 0.5002095113 (rel.)
GMRES: iter = 9, residual = 0.3432696272, 0.4904618438 (rel.)
GMRES: iter = 10, residual = 0.3337819384, 0.4769058838 (rel.)
GMRES: iter = 11, residual = 0.3132830029, 0.4476171122 (rel.)
GMRES: iter = 12, residual = 0.2735272624, 0.3908143185 (rel.)
GMRES: iter = 13, residual = 0.2229879678, 0.3186040394 (rel.)
GMRES: iter = 14, residual = 0.1810698658, 0.2587116751 (rel.)
GMRES: iter = 15, residual = 0.1512214132, 0.2160643625 (rel.)
GMRES: Solve Time = 2.204588625
The cloud-layer FLD system Newton 6: residual=0.6206163595, GMRES rtol=0.707666512
AMG setup messages level=0 phase=strength sends=0 bytes=0 collective_rank_calls=56
AMG setup messages level=0 phase=strength-transpose sends=318 bytes=15516000 collective_rank_calls=56
AMG setup messages level=0 phase=PMIS sends=6184 bytes=46613232 collective_rank_calls=504
AMG setup messages level=0 phase=numbering sends=0 bytes=0 collective_rank_calls=56
AMG setup messages level=0 phase=interpolation sends=1908 bytes=19539236 collective_rank_calls=56
AMG setup messages level=0 phase=interpolation-transpose sends=668 bytes=8204112 collective_rank_calls=56
AMG setup messages level=0 phase=A*P sends=1092 bytes=41585120 collective_rank_calls=56
AMG setup messages level=0 phase=R*(A*P) sends=2004 bytes=58796624 collective_rank_calls=56
AMG setup messages level=1 phase=strength sends=0 bytes=0 collective_rank_calls=56
AMG setup messages level=1 phase=strength-transpose sends=748 bytes=17544960 collective_rank_calls=56
AMG setup messages level=1 phase=PMIS sends=17978 bytes=37530676 collective_rank_calls=672
AMG setup messages level=1 phase=numbering sends=0 bytes=0 collective_rank_calls=56
AMG setup messages level=1 phase=interpolation sends=4473 bytes=20192996 collective_rank_calls=56
AMG setup messages level=1 phase=interpolation-transpose sends=728 bytes=6812672 collective_rank_calls=56
AMG setup messages level=1 phase=A*P sends=2382 bytes=39914976 collective_rank_calls=56
AMG setup messages level=1 phase=R*(A*P) sends=2184 bytes=101957968 collective_rank_calls=56
AMG setup messages level=2 phase=strength sends=0 bytes=0 collective_rank_calls=56
AMG setup messages level=2 phase=strength-transpose sends=773 bytes=7283292 collective_rank_calls=56
AMG setup messages level=2 phase=PMIS sends=17162 bytes=11697904 collective_rank_calls=616
AMG setup messages level=2 phase=numbering sends=0 bytes=0 collective_rank_calls=56
AMG setup messages level=2 phase=interpolation sends=4596 bytes=7844400 collective_rank_calls=56
AMG setup messages level=2 phase=interpolation-transpose sends=709 bytes=2070320 collective_rank_calls=56
AMG setup messages level=2 phase=A*P sends=2586 bytes=16536944 collective_rank_calls=56
AMG setup messages level=2 phase=R*(A*P) sends=2127 bytes=47455376 collective_rank_calls=56
AMG setup messages level=3 phase=strength sends=0 bytes=0 collective_rank_calls=56
AMG setup messages level=3 phase=strength-transpose sends=759 bytes=1680208 collective_rank_calls=56
AMG setup messages level=3 phase=PMIS sends=17022 bytes=3011160 collective_rank_calls=616
AMG setup messages level=3 phase=numbering sends=0 bytes=0 collective_rank_calls=56
AMG setup messages level=3 phase=interpolation sends=4521 bytes=1934812 collective_rank_calls=56
AMG setup messages level=3 phase=interpolation-transpose sends=628 bytes=531184 collective_rank_calls=56
AMG setup messages level=3 phase=A*P sends=2646 bytes=5922016 collective_rank_calls=56
AMG setup messages level=3 phase=R*(A*P) sends=1884 bytes=14097760 collective_rank_calls=56
AMG setup messages level=4 phase=strength sends=0 bytes=0 collective_rank_calls=56
AMG setup messages level=4 phase=strength-transpose sends=611 bytes=309984 collective_rank_calls=56
AMG setup messages level=4 phase=PMIS sends=9026 bytes=497968 collective_rank_calls=392
AMG setup messages level=4 phase=numbering sends=0 bytes=0 collective_rank_calls=56
AMG setup messages level=4 phase=interpolation sends=3546 bytes=328692 collective_rank_calls=56
AMG setup messages level=4 phase=interpolation-transpose sends=497 bytes=163952 collective_rank_calls=56
AMG setup messages level=4 phase=A*P sends=3780 bytes=2422528 collective_rank_calls=56
AMG setup messages level=4 phase=R*(A*P) sends=1491 bytes=3994048 collective_rank_calls=56
AMG setup messages level=5 phase=strength sends=0 bytes=0 collective_rank_calls=56
AMG setup messages level=5 phase=strength-transpose sends=442 bytes=81012 collective_rank_calls=56
AMG setup messages level=5 phase=PMIS sends=6186 bytes=139840 collective_rank_calls=336
AMG setup messages level=5 phase=numbering sends=0 bytes=0 collective_rank_calls=56
AMG setup messages level=5 phase=interpolation sends=2403 bytes=66452 collective_rank_calls=56
AMG setup messages level=5 phase=interpolation-transpose sends=224 bytes=61728 collective_rank_calls=56
AMG setup messages level=5 phase=A*P sends=5040 bytes=1000960 collective_rank_calls=56
AMG setup messages level=5 phase=R*(A*P) sends=672 bytes=805392 collective_rank_calls=56
AMG setup messages level=6 phase=strength sends=0 bytes=0 collective_rank_calls=56
AMG setup messages level=6 phase=strength-transpose sends=134 bytes=21540 collective_rank_calls=56
AMG setup messages level=6 phase=PMIS sends=1204 bytes=29288 collective_rank_calls=168
AMG setup messages level=6 phase=numbering sends=0 bytes=0 collective_rank_calls=56
AMG setup messages level=6 phase=interpolation sends=675 bytes=8300 collective_rank_calls=56
AMG setup messages level=6 phase=interpolation-transpose sends=50 bytes=11792 collective_rank_calls=56
AMG setup messages level=6 phase=A*P sends=2352 bytes=184720 collective_rank_calls=56
AMG setup messages level=6 phase=R*(A*P) sends=150 bytes=31984 collective_rank_calls=56
AMG setup messages level=7 phase=strength sends=0 bytes=0 collective_rank_calls=56
AMG setup messages level=7 phase=strength-transpose sends=9 bytes=1020 collective_rank_calls=56
AMG setup messages level=7 phase=PMIS sends=90 bytes=1176 collective_rank_calls=168
AMG setup messages level=7 phase=numbering sends=0 bytes=0 collective_rank_calls=56
AMG setup messages level=7 phase=interpolation sends=51 bytes=556 collective_rank_calls=56
AMG setup messages level=7 phase=interpolation-transpose sends=6 bytes=576 collective_rank_calls=56
AMG setup messages level=7 phase=A*P sends=78 bytes=2208 collective_rank_calls=56
AMG setup messages level=7 phase=R*(A*P) sends=18 bytes=784 collective_rank_calls=56
GMRES: iter = 0, residual = 0.6232334789, 1 (rel.)
GMRES: iter = 1, residual = 0.4287628158, 0.6879649927 (rel.)
GMRES: Solve Time = 0.223233708
The cloud-layer FLD system Newton 7: residual=0.428772575, GMRES rtol=0.450712703
AMG setup messages level=0 phase=strength sends=0 bytes=0 collective_rank_calls=56
AMG setup messages level=0 phase=strength-transpose sends=318 bytes=15516476 collective_rank_calls=56
AMG setup messages level=0 phase=PMIS sends=6184 bytes=46614736 collective_rank_calls=504
AMG setup messages level=0 phase=numbering sends=0 bytes=0 collective_rank_calls=56
AMG setup messages level=0 phase=interpolation sends=1908 bytes=19522024 collective_rank_calls=56
AMG setup messages level=0 phase=interpolation-transpose sends=664 bytes=8195760 collective_rank_calls=56
AMG setup messages level=0 phase=A*P sends=1092 bytes=41581216 collective_rank_calls=56
AMG setup messages level=0 phase=R*(A*P) sends=1992 bytes=58697632 collective_rank_calls=56
AMG setup messages level=1 phase=strength sends=0 bytes=0 collective_rank_calls=56
AMG setup messages level=1 phase=strength-transpose sends=758 bytes=17537488 collective_rank_calls=56
AMG setup messages level=1 phase=PMIS sends=18270 bytes=37503292 collective_rank_calls=672
AMG setup messages level=1 phase=numbering sends=0 bytes=0 collective_rank_calls=56
AMG setup messages level=1 phase=interpolation sends=4524 bytes=20167772 collective_rank_calls=56
AMG setup messages level=1 phase=interpolation-transpose sends=722 bytes=6817968 collective_rank_calls=56
AMG setup messages level=1 phase=A*P sends=2424 bytes=39912848 collective_rank_calls=56
AMG setup messages level=1 phase=R*(A*P) sends=2166 bytes=101910224 collective_rank_calls=56
AMG setup messages level=2 phase=strength sends=0 bytes=0 collective_rank_calls=56
AMG setup messages level=2 phase=strength-transpose sends=770 bytes=7288072 collective_rank_calls=56
AMG setup messages level=2 phase=PMIS sends=17084 bytes=11691936 collective_rank_calls=616
AMG setup messages level=2 phase=numbering sends=0 bytes=0 collective_rank_calls=56
AMG setup messages level=2 phase=interpolation sends=4596 bytes=7843528 collective_rank_calls=56
AMG setup messages level=2 phase=interpolation-transpose sends=716 bytes=2080784 collective_rank_calls=56
AMG setup messages level=2 phase=A*P sends=2580 bytes=16530176 collective_rank_calls=56
AMG setup messages level=2 phase=R*(A*P) sends=2148 bytes=47464928 collective_rank_calls=56
AMG setup messages level=3 phase=strength sends=0 bytes=0 collective_rank_calls=56
AMG setup messages level=3 phase=strength-transpose sends=756 bytes=1681756 collective_rank_calls=56
AMG setup messages level=3 phase=PMIS sends=13888 bytes=2512112 collective_rank_calls=504
AMG setup messages level=3 phase=numbering sends=0 bytes=0 collective_rank_calls=56
AMG setup messages level=3 phase=interpolation sends=4494 bytes=1930912 collective_rank_calls=56
AMG setup messages level=3 phase=interpolation-transpose sends=621 bytes=529408 collective_rank_calls=56
AMG setup messages level=3 phase=A*P sends=2676 bytes=5953920 collective_rank_calls=56
AMG setup messages level=3 phase=R*(A*P) sends=1863 bytes=14185776 collective_rank_calls=56
AMG setup messages level=4 phase=strength sends=0 bytes=0 collective_rank_calls=56
AMG setup messages level=4 phase=strength-transpose sends=613 bytes=311736 collective_rank_calls=56
AMG setup messages level=4 phase=PMIS sends=9166 bytes=498056 collective_rank_calls=392
AMG setup messages level=4 phase=numbering sends=0 bytes=0 collective_rank_calls=56
AMG setup messages level=4 phase=interpolation sends=3555 bytes=326444 collective_rank_calls=56
AMG setup messages level=4 phase=interpolation-transpose sends=434 bytes=161888 collective_rank_calls=56
AMG setup messages level=4 phase=A*P sends=3816 bytes=2400528 collective_rank_calls=56
AMG setup messages level=4 phase=R*(A*P) sends=1302 bytes=3777424 collective_rank_calls=56
AMG setup messages level=5 phase=strength sends=0 bytes=0 collective_rank_calls=56
AMG setup messages level=5 phase=strength-transpose sends=359 bytes=78004 collective_rank_calls=56
AMG setup messages level=5 phase=PMIS sends=4436 bytes=114800 collective_rank_calls=280
AMG setup messages level=5 phase=numbering sends=0 bytes=0 collective_rank_calls=56
AMG setup messages level=5 phase=interpolation sends=1863 bytes=50500 collective_rank_calls=56
AMG setup messages level=5 phase=interpolation-transpose sends=218 bytes=46816 collective_rank_calls=56
AMG setup messages level=5 phase=A*P sends=4776 bytes=877200 collective_rank_calls=56
AMG setup messages level=5 phase=R*(A*P) sends=654 bytes=897200 collective_rank_calls=56
AMG setup messages level=6 phase=strength sends=0 bytes=0 collective_rank_calls=56
AMG setup messages level=6 phase=strength-transpose sends=152 bytes=31768 collective_rank_calls=56
AMG setup messages level=6 phase=PMIS sends=872 bytes=28936 collective_rank_calls=112
AMG setup messages level=6 phase=numbering sends=0 bytes=0 collective_rank_calls=56
AMG setup messages level=6 phase=interpolation sends=744 bytes=8988 collective_rank_calls=56
AMG setup messages level=6 phase=interpolation-transpose sends=69 bytes=22144 collective_rank_calls=56
AMG setup messages level=6 phase=A*P sends=3756 bytes=387328 collective_rank_calls=56
AMG setup messages level=6 phase=R*(A*P) sends=207 bytes=52592 collective_rank_calls=56
GMRES: iter = 0, residual = 0.429342638, 1 (rel.)
GMRES: iter = 1, residual = 0.3869223415, 0.9011971029 (rel.)
GMRES: iter = 2, residual = 0.3615354492, 0.8420674239 (rel.)
GMRES: iter = 3, residual = 0.3366579275, 0.7841241416 (rel.)
GMRES: iter = 4, residual = 0.3188841042, 0.742726382 (rel.)
GMRES: iter = 5, residual = 0.2973710651, 0.6926194577 (rel.)
GMRES: iter = 6, residual = 0.2820418079, 0.6569154399 (rel.)
GMRES: iter = 7, residual = 0.2724610998, 0.6346006096 (rel.)
GMRES: iter = 8, residual = 0.2647452725, 0.6166293516 (rel.)
GMRES: iter = 9, residual = 0.2557514756, 0.595681521 (rel.)
GMRES: iter = 10, residual = 0.2403692643, 0.5598541655 (rel.)
GMRES: iter = 11, residual = 0.21207863, 0.493961259 (rel.)
GMRES: iter = 12, residual = 0.1742042925, 0.4057465462 (rel.)
GMRES: Solve Time = 1.756613266
The cloud-layer FLD system Newton 8: residual=0.3798742422, GMRES rtol=0.7045538007
AMG setup messages level=0 phase=strength sends=0 bytes=0 collective_rank_calls=56
AMG setup messages level=0 phase=strength-transpose sends=318 bytes=15521724 collective_rank_calls=56
AMG setup messages level=0 phase=PMIS sends=6184 bytes=46628928 collective_rank_calls=504
AMG setup messages level=0 phase=numbering sends=0 bytes=0 collective_rank_calls=56
AMG setup messages level=0 phase=interpolation sends=1908 bytes=19529828 collective_rank_calls=56
AMG setup messages level=0 phase=interpolation-transpose sends=671 bytes=8168032 collective_rank_calls=56
AMG setup messages level=0 phase=A*P sends=1092 bytes=41584208 collective_rank_calls=56
AMG setup messages level=0 phase=R*(A*P) sends=2013 bytes=58623312 collective_rank_calls=56
AMG setup messages level=1 phase=strength sends=0 bytes=0 collective_rank_calls=56
AMG setup messages level=1 phase=strength-transpose sends=756 bytes=17540780 collective_rank_calls=56
AMG setup messages level=1 phase=PMIS sends=16656 bytes=34674568 collective_rank_calls=616
AMG setup messages level=1 phase=numbering sends=0 bytes=0 collective_rank_calls=56
AMG setup messages level=1 phase=interpolation sends=4515 bytes=20178648 collective_rank_calls=56
AMG setup messages level=1 phase=interpolation-transpose sends=727 bytes=6818784 collective_rank_calls=56
AMG setup messages level=1 phase=A*P sends=2406 bytes=39923824 collective_rank_calls=56
AMG setup messages level=1 phase=R*(A*P) sends=2181 bytes=102103008 collective_rank_calls=56
AMG setup messages level=2 phase=strength sends=0 bytes=0 collective_rank_calls=56
AMG setup messages level=2 phase=strength-transpose sends=773 bytes=7300420 collective_rank_calls=56
AMG setup messages level=2 phase=PMIS sends=15603 bytes=10755388 collective_rank_calls=560
AMG setup messages level=2 phase=numbering sends=0 bytes=0 collective_rank_calls=56
AMG setup messages level=2 phase=interpolation sends=4620 bytes=7893040 collective_rank_calls=56
AMG setup messages level=2 phase=interpolation-transpose sends=707 bytes=2061008 collective_rank_calls=56
AMG setup messages level=2 phase=A*P sends=2568 bytes=16499984 collective_rank_calls=56
AMG setup messages level=2 phase=R*(A*P) sends=2121 bytes=47157792 collective_rank_calls=56
AMG setup messages level=3 phase=strength sends=0 bytes=0 collective_rank_calls=56
AMG setup messages level=3 phase=strength-transpose sends=763 bytes=1688140 collective_rank_calls=56
AMG setup messages level=3 phase=PMIS sends=14044 bytes=2522976 collective_rank_calls=504
AMG setup messages level=3 phase=numbering sends=0 bytes=0 collective_rank_calls=56
AMG setup messages level=3 phase=interpolation sends=4542 bytes=1938596 collective_rank_calls=56
AMG setup messages level=3 phase=interpolation-transpose sends=637 bytes=535600 collective_rank_calls=56
AMG setup messages level=3 phase=A*P sends=2646 bytes=5877472 collective_rank_calls=56
AMG setup messages level=3 phase=R*(A*P) sends=1911 bytes=14264720 collective_rank_calls=56
AMG setup messages level=4 phase=strength sends=0 bytes=0 collective_rank_calls=56
AMG setup messages level=4 phase=strength-transpose sends=619 bytes=309600 collective_rank_calls=56
AMG setup messages level=4 phase=PMIS sends=10561 bytes=554272 collective_rank_calls=448
AMG setup messages level=4 phase=numbering sends=0 bytes=0 collective_rank_calls=56
AMG setup messages level=4 phase=interpolation sends=3573 bytes=327584 collective_rank_calls=56
AMG setup messages level=4 phase=interpolation-transpose sends=478 bytes=158432 collective_rank_calls=56
AMG setup messages level=4 phase=A*P sends=3918 bytes=2400832 collective_rank_calls=56
AMG setup messages level=4 phase=R*(A*P) sends=1434 bytes=4028672 collective_rank_calls=56
AMG setup messages level=5 phase=strength sends=0 bytes=0 collective_rank_calls=56
AMG setup messages level=5 phase=strength-transpose sends=403 bytes=78448 collective_rank_calls=56
AMG setup messages level=5 phase=PMIS sends=3909 bytes=110296 collective_rank_calls=224
AMG setup messages level=5 phase=numbering sends=0 bytes=0 collective_rank_calls=56
AMG setup messages level=5 phase=interpolation sends=2139 bytes=56456 collective_rank_calls=56
AMG setup messages level=5 phase=interpolation-transpose sends=239 bytes=53424 collective_rank_calls=56
AMG setup messages level=5 phase=A*P sends=4794 bytes=971584 collective_rank_calls=56
AMG setup messages level=5 phase=R*(A*P) sends=717 bytes=1008112 collective_rank_calls=56
AMG setup messages level=6 phase=strength sends=0 bytes=0 collective_rank_calls=56
AMG setup messages level=6 phase=strength-transpose sends=194 bytes=37852 collective_rank_calls=56
AMG setup messages level=6 phase=PMIS sends=1780 bytes=55984 collective_rank_calls=168
AMG setup messages level=6 phase=numbering sends=0 bytes=0 collective_rank_calls=56
AMG setup messages level=6 phase=interpolation sends=1020 bytes=11276 collective_rank_calls=56
AMG setup messages level=6 phase=interpolation-transpose sends=101 bytes=21920 collective_rank_calls=56
AMG setup messages level=6 phase=A*P sends=2598 bytes=299344 collective_rank_calls=56
AMG setup messages level=6 phase=R*(A*P) sends=303 bytes=74176 collective_rank_calls=56
GMRES: iter = 0, residual = 0.3821809685, 1 (rel.)
GMRES: iter = 1, residual = 0.3030825196, 0.7930340456 (rel.)
GMRES: iter = 2, residual = 0.2741470826, 0.7173226958 (rel.)
GMRES: iter = 3, residual = 0.2554022726, 0.6682757479 (rel.)
GMRES: Solve Time = 0.494119782
The cloud-layer FLD system Newton 9: residual=0.2531992892, GMRES rtol=0.4467564523
AMG setup messages level=0 phase=strength sends=0 bytes=0 collective_rank_calls=56
AMG setup messages level=0 phase=strength-transpose sends=318 bytes=15526092 collective_rank_calls=56
AMG setup messages level=0 phase=PMIS sends=6184 bytes=46641792 collective_rank_calls=504
AMG setup messages level=0 phase=numbering sends=0 bytes=0 collective_rank_calls=56
AMG setup messages level=0 phase=interpolation sends=1908 bytes=19505444 collective_rank_calls=56
AMG setup messages level=0 phase=interpolation-transpose sends=654 bytes=8125600 collective_rank_calls=56
AMG setup messages level=0 phase=A*P sends=1092 bytes=41563104 collective_rank_calls=56
AMG setup messages level=0 phase=R*(A*P) sends=1962 bytes=58251856 collective_rank_calls=56
AMG setup messages level=1 phase=strength sends=0 bytes=0 collective_rank_calls=56
AMG setup messages level=1 phase=strength-transpose sends=751 bytes=17537048 collective_rank_calls=56
AMG setup messages level=1 phase=PMIS sends=16582 bytes=34650944 collective_rank_calls=616
AMG setup messages level=1 phase=numbering sends=0 bytes=0 collective_rank_calls=56
AMG setup messages level=1 phase=interpolation sends=4485 bytes=20136560 collective_rank_calls=56
AMG setup messages level=1 phase=interpolation-transpose sends=728 bytes=6843040 collective_rank_calls=56
AMG setup messages level=1 phase=A*P sends=2418 bytes=39962144 collective_rank_calls=56
AMG setup messages level=1 phase=R*(A*P) sends=2184 bytes=102300896 collective_rank_calls=56
AMG setup messages level=2 phase=strength sends=0 bytes=0 collective_rank_calls=56
AMG setup messages level=2 phase=strength-transpose sends=773 bytes=7301804 collective_rank_calls=56
AMG setup messages level=2 phase=PMIS sends=18747 bytes=12668640 collective_rank_calls=672
AMG setup messages level=2 phase=numbering sends=0 bytes=0 collective_rank_calls=56
AMG setup messages level=2 phase=interpolation sends=4614 bytes=7866344 collective_rank_calls=56
AMG setup messages level=2 phase=interpolation-transpose sends=710 bytes=2038992 collective_rank_calls=56
AMG setup messages level=2 phase=A*P sends=2586 bytes=16503184 collective_rank_calls=56
AMG setup messages level=2 phase=R*(A*P) sends=2130 bytes=46723168 collective_rank_calls=56
AMG setup messages level=3 phase=strength sends=0 bytes=0 collective_rank_calls=56
AMG setup messages level=3 phase=strength-transpose sends=758 bytes=1673684 collective_rank_calls=56
AMG setup messages level=3 phase=PMIS sends=13904 bytes=2495616 collective_rank_calls=504
AMG setup messages level=3 phase=numbering sends=0 bytes=0 collective_rank_calls=56
AMG setup messages level=3 phase=interpolation sends=4521 bytes=1900428 collective_rank_calls=56
AMG setup messages level=3 phase=interpolation-transpose sends=643 bytes=538112 collective_rank_calls=56
AMG setup messages level=3 phase=A*P sends=2676 bytes=5886672 collective_rank_calls=56
AMG setup messages level=3 phase=R*(A*P) sends=1929 bytes=14192352 collective_rank_calls=56
AMG setup messages level=4 phase=strength sends=0 bytes=0 collective_rank_calls=56
AMG setup messages level=4 phase=strength-transpose sends=629 bytes=308832 collective_rank_calls=56
AMG setup messages level=4 phase=PMIS sends=10649 bytes=551780 collective_rank_calls=448
AMG setup messages level=4 phase=numbering sends=0 bytes=0 collective_rank_calls=56
AMG setup messages level=4 phase=interpolation sends=3624 bytes=333784 collective_rank_calls=56
AMG setup messages level=4 phase=interpolation-transpose sends=464 bytes=160240 collective_rank_calls=56
AMG setup messages level=4 phase=A*P sends=3990 bytes=2387152 collective_rank_calls=56
AMG setup messages level=4 phase=R*(A*P) sends=1392 bytes=3947488 collective_rank_calls=56
AMG setup messages level=5 phase=strength sends=0 bytes=0 collective_rank_calls=56
AMG setup messages level=5 phase=strength-transpose sends=441 bytes=82416 collective_rank_calls=56
AMG setup messages level=5 phase=PMIS sends=5052 bytes=124096 collective_rank_calls=280
AMG setup messages level=5 phase=numbering sends=0 bytes=0 collective_rank_calls=56
AMG setup messages level=5 phase=interpolation sends=2427 bytes=61096 collective_rank_calls=56
AMG setup messages level=5 phase=interpolation-transpose sends=241 bytes=54704 collective_rank_calls=56
AMG setup messages level=5 phase=A*P sends=4788 bytes=937872 collective_rank_calls=56
AMG setup messages level=5 phase=R*(A*P) sends=723 bytes=867568 collective_rank_calls=56
AMG setup messages level=6 phase=strength sends=0 bytes=0 collective_rank_calls=56
AMG setup messages level=6 phase=strength-transpose sends=165 bytes=29576 collective_rank_calls=56
AMG setup messages level=6 phase=PMIS sends=1530 bytes=42064 collective_rank_calls=168
AMG setup messages level=6 phase=numbering sends=0 bytes=0 collective_rank_calls=56
AMG setup messages level=6 phase=interpolation sends=933 bytes=9600 collective_rank_calls=56
AMG setup messages level=6 phase=interpolation-transpose sends=65 bytes=11728 collective_rank_calls=56
AMG setup messages level=6 phase=A*P sends=2520 bytes=175104 collective_rank_calls=56
AMG setup messages level=6 phase=R*(A*P) sends=195 bytes=31312 collective_rank_calls=56
AMG setup messages level=7 phase=strength sends=0 bytes=0 collective_rank_calls=56
AMG setup messages level=7 phase=strength-transpose sends=9 bytes=552 collective_rank_calls=56
AMG setup messages level=7 phase=PMIS sends=74 bytes=720 collective_rank_calls=168
AMG setup messages level=7 phase=numbering sends=0 bytes=0 collective_rank_calls=56
AMG setup messages level=7 phase=interpolation sends=30 bytes=212 collective_rank_calls=56
AMG setup messages level=7 phase=interpolation-transpose sends=4 bytes=352 collective_rank_calls=56
AMG setup messages level=7 phase=A*P sends=66 bytes=1536 collective_rank_calls=56
AMG setup messages level=7 phase=R*(A*P) sends=12 bytes=528 collective_rank_calls=56
GMRES: iter = 0, residual = 0.2534765778, 1 (rel.)
GMRES: iter = 1, residual = 0.2423284215, 0.9560189882 (rel.)
GMRES: iter = 2, residual = 0.233544215, 0.9213640843 (rel.)
GMRES: iter = 3, residual = 0.2240058515, 0.8837339269 (rel.)
GMRES: iter = 4, residual = 0.2130768484, 0.8406175049 (rel.)
GMRES: iter = 5, residual = 0.2003187594, 0.7902850873 (rel.)
GMRES: iter = 6, residual = 0.1898353516, 0.7489265998 (rel.)
GMRES: iter = 7, residual = 0.1766483363, 0.6969020091 (rel.)
GMRES: iter = 8, residual = 0.1570191807, 0.6194622872 (rel.)
GMRES: iter = 9, residual = 0.1325090207, 0.5227663315 (rel.)
GMRES: iter = 10, residual = 0.1077015228, 0.4248973366 (rel.)
GMRES: Solve Time = 1.465707634
The cloud-layer FLD system Newton 10: residual=0.2208123878, GMRES rtol=0.682988997
AMG setup messages level=0 phase=strength sends=0 bytes=0 collective_rank_calls=56
AMG setup messages level=0 phase=strength-transpose sends=318 bytes=15530236 collective_rank_calls=56
AMG setup messages level=0 phase=PMIS sends=6184 bytes=46653536 collective_rank_calls=504
AMG setup messages level=0 phase=numbering sends=0 bytes=0 collective_rank_calls=56
AMG setup messages level=0 phase=interpolation sends=1908 bytes=19562356 collective_rank_calls=56
AMG setup messages level=0 phase=interpolation-transpose sends=665 bytes=8130320 collective_rank_calls=56
AMG setup messages level=0 phase=A*P sends=1092 bytes=41591072 collective_rank_calls=56
AMG setup messages level=0 phase=R*(A*P) sends=1995 bytes=58446496 collective_rank_calls=56
AMG setup messages level=1 phase=strength sends=0 bytes=0 collective_rank_calls=56
AMG setup messages level=1 phase=strength-transpose sends=753 bytes=17545208 collective_rank_calls=56
AMG setup messages level=1 phase=PMIS sends=16626 bytes=34647016 collective_rank_calls=616
AMG setup messages level=1 phase=numbering sends=0 bytes=0 collective_rank_calls=56
AMG setup messages level=1 phase=interpolation sends=4488 bytes=20171552 collective_rank_calls=56
AMG setup messages level=1 phase=interpolation-transpose sends=723 bytes=6828288 collective_rank_calls=56
AMG setup messages level=1 phase=A*P sends=2418 bytes=39954320 collective_rank_calls=56
AMG setup messages level=1 phase=R*(A*P) sends=2169 bytes=102139712 collective_rank_calls=56
AMG setup messages level=2 phase=strength sends=0 bytes=0 collective_rank_calls=56
AMG setup messages level=2 phase=strength-transpose sends=769 bytes=7295276 collective_rank_calls=56
AMG setup messages level=2 phase=PMIS sends=17122 bytes=11681776 collective_rank_calls=616
AMG setup messages level=2 phase=numbering sends=0 bytes=0 collective_rank_calls=56
AMG setup messages level=2 phase=interpolation sends=4590 bytes=7853536 collective_rank_calls=56
AMG setup messages level=2 phase=interpolation-transpose sends=715 bytes=2068000 collective_rank_calls=56
AMG setup messages level=2 phase=A*P sends=2586 bytes=16453312 collective_rank_calls=56
AMG setup messages level=2 phase=R*(A*P) sends=2145 bytes=47062816 collective_rank_calls=56
AMG setup messages level=3 phase=strength sends=0 bytes=0 collective_rank_calls=56
AMG setup messages level=3 phase=strength-transpose sends=758 bytes=1685896 collective_rank_calls=56
AMG setup messages level=3 phase=PMIS sends=13904 bytes=2510368 collective_rank_calls=504
AMG setup messages level=3 phase=numbering sends=0 bytes=0 collective_rank_calls=56
AMG setup messages level=3 phase=interpolation sends=4509 bytes=1948392 collective_rank_calls=56
AMG setup messages level=3 phase=interpolation-transpose sends=630 bytes=518672 collective_rank_calls=56
AMG setup messages level=3 phase=A*P sends=2664 bytes=5813184 collective_rank_calls=56
AMG setup messages level=3 phase=R*(A*P) sends=1890 bytes=13808992 collective_rank_calls=56
AMG setup messages level=4 phase=strength sends=0 bytes=0 collective_rank_calls=56
AMG setup messages level=4 phase=strength-transpose sends=611 bytes=310692 collective_rank_calls=56
AMG setup messages level=4 phase=PMIS sends=10415 bytes=545720 collective_rank_calls=448
AMG setup messages level=4 phase=numbering sends=0 bytes=0 collective_rank_calls=56
AMG setup messages level=4 phase=interpolation sends=3564 bytes=336608 collective_rank_calls=56
AMG setup messages level=4 phase=interpolation-transpose sends=473 bytes=154384 collective_rank_calls=56
AMG setup messages level=4 phase=A*P sends=3858 bytes=2323088 collective_rank_calls=56
AMG setup messages level=4 phase=R*(A*P) sends=1419 bytes=3967600 collective_rank_calls=56
AMG setup messages level=5 phase=strength sends=0 bytes=0 collective_rank_calls=56
AMG setup messages level=5 phase=strength-transpose sends=400 bytes=77372 collective_rank_calls=56
AMG setup messages level=5 phase=PMIS sends=4708 bytes=121120 collective_rank_calls=280
AMG setup messages level=5 phase=numbering sends=0 bytes=0 collective_rank_calls=56
AMG setup messages level=5 phase=interpolation sends=2121 bytes=50704 collective_rank_calls=56
AMG setup messages level=5 phase=interpolation-transpose sends=184 bytes=44112 collective_rank_calls=56
AMG setup messages level=5 phase=A*P sends=5076 bytes=880640 collective_rank_calls=56
AMG setup messages level=5 phase=R*(A*P) sends=552 bytes=769744 collective_rank_calls=56
AMG setup messages level=6 phase=strength sends=0 bytes=0 collective_rank_calls=56
AMG setup messages level=6 phase=strength-transpose sends=140 bytes=33480 collective_rank_calls=56
AMG setup messages level=6 phase=PMIS sends=1296 bytes=37808 collective_rank_calls=168
AMG setup messages level=6 phase=numbering sends=0 bytes=0 collective_rank_calls=56
AMG setup messages level=6 phase=interpolation sends=693 bytes=9128 collective_rank_calls=56
AMG setup messages level=6 phase=interpolation-transpose sends=72 bytes=22848 collective_rank_calls=56
AMG setup messages level=6 phase=A*P sends=2736 bytes=281680 collective_rank_calls=56
AMG setup messages level=6 phase=R*(A*P) sends=216 bytes=49840 collective_rank_calls=56
GMRES: iter = 0, residual = 0.2215239734, 1 (rel.)
GMRES: iter = 1, residual = 0.1903266131, 0.859169372 (rel.)
GMRES: iter = 2, residual = 0.1767374152, 0.7978252307 (rel.)
GMRES: iter = 3, residual = 0.1674676686, 0.7559798879 (rel.)
GMRES: iter = 4, residual = 0.1616126799, 0.7295493911 (rel.)
GMRES: iter = 5, residual = 0.1545335952, 0.6975930995 (rel.)
GMRES: iter = 6, residual = 0.1451276075, 0.6551327392 (rel.)
GMRES: Solve Time = 0.901029532
The cloud-layer FLD system Newton 11: residual=0.1918825267, GMRES rtol=0.6752613639
AMG setup messages level=0 phase=strength sends=0 bytes=0 collective_rank_calls=56
AMG setup messages level=0 phase=strength-transpose sends=318 bytes=15536200 collective_rank_calls=56
AMG setup messages level=0 phase=PMIS sends=6184 bytes=46670432 collective_rank_calls=504
AMG setup messages level=0 phase=numbering sends=0 bytes=0 collective_rank_calls=56
AMG setup messages level=0 phase=interpolation sends=1908 bytes=19547624 collective_rank_calls=56
AMG setup messages level=0 phase=interpolation-transpose sends=669 bytes=8092752 collective_rank_calls=56
AMG setup messages level=0 phase=A*P sends=1092 bytes=41597216 collective_rank_calls=56
AMG setup messages level=0 phase=R*(A*P) sends=2007 bytes=58280960 collective_rank_calls=56
AMG setup messages level=1 phase=strength sends=0 bytes=0 collective_rank_calls=56
AMG setup messages level=1 phase=strength-transpose sends=745 bytes=17549344 collective_rank_calls=56
AMG setup messages level=1 phase=PMIS sends=16426 bytes=34655672 collective_rank_calls=616
AMG setup messages level=1 phase=numbering sends=0 bytes=0 collective_rank_calls=56
AMG setup messages level=1 phase=interpolation sends=4452 bytes=20167696 collective_rank_calls=56
AMG setup messages level=1 phase=interpolation-transpose sends=720 bytes=6824384 collective_rank_calls=56
AMG setup messages level=1 phase=A*P sends=2376 bytes=39927232 collective_rank_calls=56
AMG setup messages level=1 phase=R*(A*P) sends=2160 bytes=102096624 collective_rank_calls=56
AMG setup messages level=2 phase=strength sends=0 bytes=0 collective_rank_calls=56
AMG setup messages level=2 phase=strength-transpose sends=781 bytes=7284928 collective_rank_calls=56
AMG setup messages level=2 phase=PMIS sends=18913 bytes=12650556 collective_rank_calls=672
AMG setup messages level=2 phase=numbering sends=0 bytes=0 collective_rank_calls=56
AMG setup messages level=2 phase=interpolation sends=4650 bytes=7831532 collective_rank_calls=56
AMG setup messages level=2 phase=interpolation-transpose sends=710 bytes=2052272 collective_rank_calls=56
AMG setup messages level=2 phase=A*P sends=2562 bytes=16418112 collective_rank_calls=56
AMG setup messages level=2 phase=R*(A*P) sends=2130 bytes=46752640 collective_rank_calls=56
AMG setup messages level=3 phase=strength sends=0 bytes=0 collective_rank_calls=56
AMG setup messages level=3 phase=strength-transpose sends=761 bytes=1683992 collective_rank_calls=56
AMG setup messages level=3 phase=PMIS sends=13948 bytes=2506704 collective_rank_calls=504
AMG setup messages level=3 phase=numbering sends=0 bytes=0 collective_rank_calls=56
AMG setup messages level=3 phase=interpolation sends=4524 bytes=1931384 collective_rank_calls=56
AMG setup messages level=3 phase=interpolation-transpose sends=642 bytes=524368 collective_rank_calls=56
AMG setup messages level=3 phase=A*P sends=2658 bytes=5744096 collective_rank_calls=56
AMG setup messages level=3 phase=R*(A*P) sends=1926 bytes=13840448 collective_rank_calls=56
AMG setup messages level=4 phase=strength sends=0 bytes=0 collective_rank_calls=56
AMG setup messages level=4 phase=strength-transpose sends=627 bytes=304776 collective_rank_calls=56
AMG setup messages level=4 phase=PMIS sends=10653 bytes=538032 collective_rank_calls=448
AMG setup messages level=4 phase=numbering sends=0 bytes=0 collective_rank_calls=56
AMG setup messages level=4 phase=interpolation sends=3642 bytes=344128 collective_rank_calls=56
AMG setup messages level=4 phase=interpolation-transpose sends=503 bytes=154480 collective_rank_calls=56
AMG setup messages level=4 phase=A*P sends=3948 bytes=2328768 collective_rank_calls=56
AMG setup messages level=4 phase=R*(A*P) sends=1509 bytes=3943824 collective_rank_calls=56
AMG setup messages level=5 phase=strength sends=0 bytes=0 collective_rank_calls=56
AMG setup messages level=5 phase=strength-transpose sends=466 bytes=75308 collective_rank_calls=56
AMG setup messages level=5 phase=PMIS sends=5380 bytes=116112 collective_rank_calls=280
AMG setup messages level=5 phase=numbering sends=0 bytes=0 collective_rank_calls=56
AMG setup messages level=5 phase=interpolation sends=2520 bytes=60588 collective_rank_calls=56
AMG setup messages level=5 phase=interpolation-transpose sends=271 bytes=49504 collective_rank_calls=56
AMG setup messages level=5 phase=A*P sends=5112 bytes=904016 collective_rank_calls=56
AMG setup messages level=5 phase=R*(A*P) sends=813 bytes=951728 collective_rank_calls=56
AMG setup messages level=6 phase=strength sends=0 bytes=0 collective_rank_calls=56
AMG setup messages level=6 phase=strength-transpose sends=172 bytes=23628 collective_rank_calls=56
AMG setup messages level=6 phase=PMIS sends=1060 bytes=29260 collective_rank_calls=112
AMG setup messages level=6 phase=numbering sends=0 bytes=0 collective_rank_calls=56
AMG setup messages level=6 phase=interpolation sends=900 bytes=8940 collective_rank_calls=56
AMG setup messages level=6 phase=interpolation-transpose sends=66 bytes=11408 collective_rank_calls=56
AMG setup messages level=6 phase=A*P sends=3210 bytes=216624 collective_rank_calls=56
AMG setup messages level=6 phase=R*(A*P) sends=198 bytes=27744 collective_rank_calls=56
GMRES: iter = 0, residual = 0.1923298732, 1 (rel.)
GMRES: iter = 1, residual = 0.1401910285, 0.7289092754 (rel.)
GMRES: iter = 2, residual = 0.1191055082, 0.619277215 (rel.)
GMRES: Solve Time = 0.356294315
The cloud-layer FLD system Newton 12: residual=0.1177078487, GMRES rtol=0.4103801186
AMG setup messages level=0 phase=strength sends=0 bytes=0 collective_rank_calls=56
AMG setup messages level=0 phase=strength-transpose sends=318 bytes=15537504 collective_rank_calls=56
AMG setup messages level=0 phase=PMIS sends=5502 bytes=42113932 collective_rank_calls=448
AMG setup messages level=0 phase=numbering sends=0 bytes=0 collective_rank_calls=56
AMG setup messages level=0 phase=interpolation sends=1908 bytes=19559188 collective_rank_calls=56
AMG setup messages level=0 phase=interpolation-transpose sends=662 bytes=8102448 collective_rank_calls=56
AMG setup messages level=0 phase=A*P sends=1092 bytes=41600960 collective_rank_calls=56
AMG setup messages level=0 phase=R*(A*P) sends=1986 bytes=58350736 collective_rank_calls=56
AMG setup messages level=1 phase=strength sends=0 bytes=0 collective_rank_calls=56
AMG setup messages level=1 phase=strength-transpose sends=752 bytes=17571088 collective_rank_calls=56
AMG setup messages level=1 phase=PMIS sends=18126 bytes=37533868 collective_rank_calls=672
AMG setup messages level=1 phase=numbering sends=0 bytes=0 collective_rank_calls=56
AMG setup messages level=1 phase=interpolation sends=4485 bytes=20224108 collective_rank_calls=56
AMG setup messages level=1 phase=interpolation-transpose sends=728 bytes=6790320 collective_rank_calls=56
AMG setup messages level=1 phase=A*P sends=2388 bytes=39905920 collective_rank_calls=56
AMG setup messages level=1 phase=R*(A*P) sends=2184 bytes=101831472 collective_rank_calls=56
AMG setup messages level=2 phase=strength sends=0 bytes=0 collective_rank_calls=56
AMG setup messages level=2 phase=strength-transpose sends=774 bytes=7308504 collective_rank_calls=56
AMG setup messages level=2 phase=PMIS sends=17172 bytes=11691536 collective_rank_calls=616
AMG setup messages level=2 phase=numbering sends=0 bytes=0 collective_rank_calls=56
AMG setup messages level=2 phase=interpolation sends=4608 bytes=7879232 collective_rank_calls=56
AMG setup messages level=2 phase=interpolation-transpose sends=711 bytes=2051696 collective_rank_calls=56
AMG setup messages level=2 phase=A*P sends=2580 bytes=16395136 collective_rank_calls=56
AMG setup messages level=2 phase=R*(A*P) sends=2133 bytes=47116528 collective_rank_calls=56
AMG setup messages level=3 phase=strength sends=0 bytes=0 collective_rank_calls=56
AMG setup messages level=3 phase=strength-transpose sends=757 bytes=1684388 collective_rank_calls=56
AMG setup messages level=3 phase=PMIS sends=15415 bytes=2755044 collective_rank_calls=560
AMG setup messages level=3 phase=numbering sends=0 bytes=0 collective_rank_calls=56
AMG setup messages level=3 phase=interpolation sends=4497 bytes=1922728 collective_rank_calls=56
AMG setup messages level=3 phase=interpolation-transpose sends=644 bytes=534240 collective_rank_calls=56
AMG setup messages level=3 phase=A*P sends=2676 bytes=5829344 collective_rank_calls=56
AMG setup messages level=3 phase=R*(A*P) sends=1932 bytes=14006848 collective_rank_calls=56
AMG setup messages level=4 phase=strength sends=0 bytes=0 collective_rank_calls=56
AMG setup messages level=4 phase=strength-transpose sends=625 bytes=306876 collective_rank_calls=56
AMG setup messages level=4 phase=PMIS sends=9430 bytes=488448 collective_rank_calls=392
AMG setup messages level=4 phase=numbering sends=0 bytes=0 collective_rank_calls=56
AMG setup messages level=4 phase=interpolation sends=3633 bytes=327488 collective_rank_calls=56
AMG setup messages level=4 phase=interpolation-transpose sends=476 bytes=155184 collective_rank_calls=56
AMG setup messages level=4 phase=A*P sends=3900 bytes=2283616 collective_rank_calls=56
AMG setup messages level=4 phase=R*(A*P) sends=1428 bytes=3946512 collective_rank_calls=56
AMG setup messages level=5 phase=strength sends=0 bytes=0 collective_rank_calls=56
AMG setup messages level=5 phase=strength-transpose sends=394 bytes=73688 collective_rank_calls=56
AMG setup messages level=5 phase=PMIS sends=4744 bytes=116800 collective_rank_calls=280
AMG setup messages level=5 phase=numbering sends=0 bytes=0 collective_rank_calls=56
AMG setup messages level=5 phase=interpolation sends=2061 bytes=52032 collective_rank_calls=56
AMG setup messages level=5 phase=interpolation-transpose sends=213 bytes=50224 collective_rank_calls=56
AMG setup messages level=5 phase=A*P sends=4926 bytes=930000 collective_rank_calls=56
AMG setup messages level=5 phase=R*(A*P) sends=639 bytes=806512 collective_rank_calls=56
AMG setup messages level=6 phase=strength sends=0 bytes=0 collective_rank_calls=56
AMG setup messages level=6 phase=strength-transpose sends=176 bytes=34800 collective_rank_calls=56
AMG setup messages level=6 phase=PMIS sends=1112 bytes=33880 collective_rank_calls=112
AMG setup messages level=6 phase=numbering sends=0 bytes=0 collective_rank_calls=56
AMG setup messages level=6 phase=interpolation sends=1026 bytes=11412 collective_rank_calls=56
AMG setup messages level=6 phase=interpolation-transpose sends=75 bytes=13872 collective_rank_calls=56
AMG setup messages level=6 phase=A*P sends=3210 bytes=226992 collective_rank_calls=56
AMG setup messages level=6 phase=R*(A*P) sends=225 bytes=34144 collective_rank_calls=56
GMRES: iter = 0, residual = 0.1179788477, 1 (rel.)
GMRES: iter = 1, residual = 0.1047188311, 0.8876068304 (rel.)
GMRES: iter = 2, residual = 0.09066451429, 0.7684810969 (rel.)
GMRES: iter = 3, residual = 0.07331367165, 0.6214136947 (rel.)
GMRES: iter = 4, residual = 0.0614085748, 0.5205049549 (rel.)
GMRES: iter = 5, residual = 0.05086952189, 0.4311749342 (rel.)
GMRES: iter = 6, residual = 0.04001279029, 0.3391522385 (rel.)
GMRES: Solve Time = 0.895140966
The cloud-layer FLD system Newton 13: residual=0.0785602475, GMRES rtol=0.3990615594
AMG setup messages level=0 phase=strength sends=0 bytes=0 collective_rank_calls=56
AMG setup messages level=0 phase=strength-transpose sends=318 bytes=15542108 collective_rank_calls=56
AMG setup messages level=0 phase=PMIS sends=6184 bytes=46685968 collective_rank_calls=504
AMG setup messages level=0 phase=numbering sends=0 bytes=0 collective_rank_calls=56
AMG setup messages level=0 phase=interpolation sends=1908 bytes=19535172 collective_rank_calls=56
AMG setup messages level=0 phase=interpolation-transpose sends=658 bytes=8069232 collective_rank_calls=56
AMG setup messages level=0 phase=A*P sends=1092 bytes=41587856 collective_rank_calls=56
AMG setup messages level=0 phase=R*(A*P) sends=1974 bytes=58203728 collective_rank_calls=56
AMG setup messages level=1 phase=strength sends=0 bytes=0 collective_rank_calls=56
AMG setup messages level=1 phase=strength-transpose sends=747 bytes=17579988 collective_rank_calls=56
AMG setup messages level=1 phase=PMIS sends=17941 bytes=37602132 collective_rank_calls=672
AMG setup messages level=1 phase=numbering sends=0 bytes=0 collective_rank_calls=56
AMG setup messages level=1 phase=interpolation sends=4467 bytes=20211500 collective_rank_calls=56
AMG setup messages level=1 phase=interpolation-transpose sends=720 bytes=6816896 collective_rank_calls=56
AMG setup messages level=1 phase=A*P sends=2364 bytes=39941872 collective_rank_calls=56
AMG setup messages level=1 phase=R*(A*P) sends=2160 bytes=102090208 collective_rank_calls=56
AMG setup messages level=2 phase=strength sends=0 bytes=0 collective_rank_calls=56
AMG setup messages level=2 phase=strength-transpose sends=770 bytes=7317936 collective_rank_calls=56
AMG setup messages level=2 phase=PMIS sends=17060 bytes=11729408 collective_rank_calls=616
AMG setup messages level=2 phase=numbering sends=0 bytes=0 collective_rank_calls=56
AMG setup messages level=2 phase=interpolation sends=4590 bytes=7867384 collective_rank_calls=56
AMG setup messages level=2 phase=interpolation-transpose sends=714 bytes=2059584 collective_rank_calls=56
AMG setup messages level=2 phase=A*P sends=2580 bytes=16425488 collective_rank_calls=56
AMG setup messages level=2 phase=R*(A*P) sends=2142 bytes=47095008 collective_rank_calls=56
AMG setup messages level=3 phase=strength sends=0 bytes=0 collective_rank_calls=56
AMG setup messages level=3 phase=strength-transpose sends=762 bytes=1681156 collective_rank_calls=56
AMG setup messages level=3 phase=PMIS sends=15548 bytes=2756860 collective_rank_calls=560
AMG setup messages level=3 phase=numbering sends=0 bytes=0 collective_rank_calls=56
AMG setup messages level=3 phase=interpolation sends=4548 bytes=1939204 collective_rank_calls=56
AMG setup messages level=3 phase=interpolation-transpose sends=634 bytes=520576 collective_rank_calls=56
AMG setup messages level=3 phase=A*P sends=2676 bytes=5765440 collective_rank_calls=56
AMG setup messages level=3 phase=R*(A*P) sends=1902 bytes=13912048 collective_rank_calls=56
AMG setup messages level=4 phase=strength sends=0 bytes=0 collective_rank_calls=56
AMG setup messages level=4 phase=strength-transpose sends=614 bytes=305620 collective_rank_calls=56
AMG setup messages level=4 phase=PMIS sends=9076 bytes=486976 collective_rank_calls=392
AMG setup messages level=4 phase=numbering sends=0 bytes=0 collective_rank_calls=56
AMG setup messages level=4 phase=interpolation sends=3561 bytes=335924 collective_rank_calls=56
AMG setup messages level=4 phase=interpolation-transpose sends=466 bytes=147104 collective_rank_calls=56
AMG setup messages level=4 phase=A*P sends=3870 bytes=2316256 collective_rank_calls=56
AMG setup messages level=4 phase=R*(A*P) sends=1398 bytes=3901456 collective_rank_calls=56
AMG setup messages level=5 phase=strength sends=0 bytes=0 collective_rank_calls=56
AMG setup messages level=5 phase=strength-transpose sends=438 bytes=79332 collective_rank_calls=56
AMG setup messages level=5 phase=PMIS sends=6124 bytes=139632 collective_rank_calls=336
AMG setup messages level=5 phase=numbering sends=0 bytes=0 collective_rank_calls=56
AMG setup messages level=5 phase=interpolation sends=2367 bytes=61384 collective_rank_calls=56
AMG setup messages level=5 phase=interpolation-transpose sends=274 bytes=60304 collective_rank_calls=56
AMG setup messages level=5 phase=A*P sends=5208 bytes=1035680 collective_rank_calls=56
AMG setup messages level=5 phase=R*(A*P) sends=822 bytes=980688 collective_rank_calls=56
AMG setup messages level=6 phase=strength sends=0 bytes=0 collective_rank_calls=56
AMG setup messages level=6 phase=strength-transpose sends=194 bytes=24608 collective_rank_calls=56
AMG setup messages level=6 phase=PMIS sends=1748 bytes=39480 collective_rank_calls=168
AMG setup messages level=6 phase=numbering sends=0 bytes=0 collective_rank_calls=56
AMG setup messages level=6 phase=interpolation sends=1035 bytes=9344 collective_rank_calls=56
AMG setup messages level=6 phase=interpolation-transpose sends=62 bytes=9920 collective_rank_calls=56
AMG setup messages level=6 phase=A*P sends=2544 bytes=169040 collective_rank_calls=56
AMG setup messages level=6 phase=R*(A*P) sends=186 bytes=26480 collective_rank_calls=56
AMG setup messages level=7 phase=strength sends=0 bytes=0 collective_rank_calls=56
AMG setup messages level=7 phase=strength-transpose sends=6 bytes=372 collective_rank_calls=56
AMG setup messages level=7 phase=PMIS sends=36 bytes=404 collective_rank_calls=112
AMG setup messages level=7 phase=numbering sends=0 bytes=0 collective_rank_calls=56
AMG setup messages level=7 phase=interpolation sends=21 bytes=152 collective_rank_calls=56
AMG setup messages level=7 phase=interpolation-transpose sends=4 bytes=320 collective_rank_calls=56
AMG setup messages level=7 phase=A*P sends=48 bytes=1024 collective_rank_calls=56
AMG setup messages level=7 phase=R*(A*P) sends=12 bytes=384 collective_rank_calls=56
GMRES: iter = 0, residual = 0.07880381417, 1 (rel.)
GMRES: iter = 1, residual = 0.03882850579, 0.492723686 (rel.)
GMRES: iter = 2, residual = 0.02682234095, 0.3403685625 (rel.)
GMRES: Solve Time = 0.355515931
The cloud-layer FLD system Newton 14: residual=0.02702900818, GMRES rtol=0.1433251153
AMG setup messages level=0 phase=strength sends=0 bytes=0 collective_rank_calls=56
AMG setup messages level=0 phase=strength-transpose sends=318 bytes=15541940 collective_rank_calls=56
AMG setup messages level=0 phase=PMIS sends=6184 bytes=46685392 collective_rank_calls=504
AMG setup messages level=0 phase=numbering sends=0 bytes=0 collective_rank_calls=56
AMG setup messages level=0 phase=interpolation sends=1908 bytes=19534588 collective_rank_calls=56
AMG setup messages level=0 phase=interpolation-transpose sends=657 bytes=8065920 collective_rank_calls=56
AMG setup messages level=0 phase=A*P sends=1092 bytes=41595296 collective_rank_calls=56
AMG setup messages level=0 phase=R*(A*P) sends=1971 bytes=58157760 collective_rank_calls=56
AMG setup messages level=1 phase=strength sends=0 bytes=0 collective_rank_calls=56
AMG setup messages level=1 phase=strength-transpose sends=747 bytes=17572496 collective_rank_calls=56
AMG setup messages level=1 phase=PMIS sends=16470 bytes=34735880 collective_rank_calls=616
AMG setup messages level=1 phase=numbering sends=0 bytes=0 collective_rank_calls=56
AMG setup messages level=1 phase=interpolation sends=4455 bytes=20224452 collective_rank_calls=56
AMG setup messages level=1 phase=interpolation-transpose sends=725 bytes=6814496 collective_rank_calls=56
AMG setup messages level=1 phase=A*P sends=2370 bytes=39960736 collective_rank_calls=56
AMG setup messages level=1 phase=R*(A*P) sends=2175 bytes=102258368 collective_rank_calls=56
AMG setup messages level=2 phase=strength sends=0 bytes=0 collective_rank_calls=56
AMG setup messages level=2 phase=strength-transpose sends=775 bytes=7314480 collective_rank_calls=56
AMG setup messages level=2 phase=PMIS sends=18743 bytes=12706648 collective_rank_calls=672
AMG setup messages level=2 phase=numbering sends=0 bytes=0 collective_rank_calls=56
AMG setup messages level=2 phase=interpolation sends=4593 bytes=7873212 collective_rank_calls=56
AMG setup messages level=2 phase=interpolation-transpose sends=716 bytes=2048688 collective_rank_calls=56
AMG setup messages level=2 phase=A*P sends=2580 bytes=16405536 collective_rank_calls=56
AMG setup messages level=2 phase=R*(A*P) sends=2148 bytes=46770400 collective_rank_calls=56
AMG setup messages level=3 phase=strength sends=0 bytes=0 collective_rank_calls=56
AMG setup messages level=3 phase=strength-transpose sends=764 bytes=1670504 collective_rank_calls=56
AMG setup messages level=3 phase=PMIS sends=17096 bytes=2984960 collective_rank_calls=616
AMG setup messages level=3 phase=numbering sends=0 bytes=0 collective_rank_calls=56
AMG setup messages level=3 phase=interpolation sends=4557 bytes=1917908 collective_rank_calls=56
AMG setup messages level=3 phase=interpolation-transpose sends=649 bytes=523936 collective_rank_calls=56
AMG setup messages level=3 phase=A*P sends=2670 bytes=5763552 collective_rank_calls=56
AMG setup messages level=3 phase=R*(A*P) sends=1947 bytes=13755728 collective_rank_calls=56
AMG setup messages level=4 phase=strength sends=0 bytes=0 collective_rank_calls=56
AMG setup messages level=4 phase=strength-transpose sends=624 bytes=309316 collective_rank_calls=56
AMG setup messages level=4 phase=PMIS sends=10578 bytes=542788 collective_rank_calls=448
AMG setup messages level=4 phase=numbering sends=0 bytes=0 collective_rank_calls=56
AMG setup messages level=4 phase=interpolation sends=3618 bytes=342288 collective_rank_calls=56
AMG setup messages level=4 phase=interpolation-transpose sends=500 bytes=154400 collective_rank_calls=56
AMG setup messages level=4 phase=A*P sends=3942 bytes=2340816 collective_rank_calls=56
AMG setup messages level=4 phase=R*(A*P) sends=1500 bytes=3891344 collective_rank_calls=56
AMG setup messages level=5 phase=strength sends=0 bytes=0 collective_rank_calls=56
AMG setup messages level=5 phase=strength-transpose sends=465 bytes=73848 collective_rank_calls=56
AMG setup messages level=5 phase=PMIS sends=6413 bytes=134832 collective_rank_calls=336
AMG setup messages level=5 phase=numbering sends=0 bytes=0 collective_rank_calls=56
AMG setup messages level=5 phase=interpolation sends=2505 bytes=56476 collective_rank_calls=56
AMG setup messages level=5 phase=interpolation-transpose sends=240 bytes=40512 collective_rank_calls=56
AMG setup messages level=5 phase=A*P sends=5106 bytes=823776 collective_rank_calls=56
AMG setup messages level=5 phase=R*(A*P) sends=720 bytes=845920 collective_rank_calls=56
AMG setup messages level=6 phase=strength sends=0 bytes=0 collective_rank_calls=56
AMG setup messages level=6 phase=strength-transpose sends=192 bytes=26864 collective_rank_calls=56
AMG setup messages level=6 phase=PMIS sends=1816 bytes=43336 collective_rank_calls=168
AMG setup messages level=6 phase=numbering sends=0 bytes=0 collective_rank_calls=56
AMG setup messages level=6 phase=interpolation sends=942 bytes=8876 collective_rank_calls=56
AMG setup messages level=6 phase=interpolation-transpose sends=76 bytes=12384 collective_rank_calls=56
AMG setup messages level=6 phase=A*P sends=2712 bytes=199120 collective_rank_calls=56
AMG setup messages level=6 phase=R*(A*P) sends=228 bytes=39648 collective_rank_calls=56
GMRES: iter = 0, residual = 0.02701939782, 1 (rel.)
GMRES: iter = 1, residual = 0.02022799626, 0.7486471899 (rel.)
GMRES: iter = 2, residual = 0.01624782196, 0.601339159 (rel.)
GMRES: iter = 3, residual = 0.01243777392, 0.4603275765 (rel.)
GMRES: iter = 4, residual = 0.00903066092, 0.3342288003 (rel.)
GMRES: iter = 5, residual = 0.006986946715, 0.2585900234 (rel.)
GMRES: iter = 6, residual = 0.005826682673, 0.2156481322 (rel.)
GMRES: iter = 7, residual = 0.005193167424, 0.1922014494 (rel.)
GMRES: iter = 8, residual = 0.004717769828, 0.1746067717 (rel.)
GMRES: iter = 9, residual = 0.004163176507, 0.1540810248 (rel.)
GMRES: iter = 10, residual = 0.003501437566, 0.1295897706 (rel.)
GMRES: Solve Time = 1.459923654
The cloud-layer FLD system Newton 15: residual=0.003833519588, GMRES rtol=0.01811701113
AMG setup messages level=0 phase=strength sends=0 bytes=0 collective_rank_calls=56
AMG setup messages level=0 phase=strength-transpose sends=318 bytes=15541604 collective_rank_calls=56
AMG setup messages level=0 phase=PMIS sends=6184 bytes=46684624 collective_rank_calls=504
AMG setup messages level=0 phase=numbering sends=0 bytes=0 collective_rank_calls=56
AMG setup messages level=0 phase=interpolation sends=1908 bytes=19533820 collective_rank_calls=56
AMG setup messages level=0 phase=interpolation-transpose sends=656 bytes=8078208 collective_rank_calls=56
AMG setup messages level=0 phase=A*P sends=1092 bytes=41579440 collective_rank_calls=56
AMG setup messages level=0 phase=R*(A*P) sends=1968 bytes=58159664 collective_rank_calls=56
AMG setup messages level=1 phase=strength sends=0 bytes=0 collective_rank_calls=56
AMG setup messages level=1 phase=strength-transpose sends=749 bytes=17567804 collective_rank_calls=56
AMG setup messages level=1 phase=PMIS sends=16538 bytes=34719616 collective_rank_calls=616
AMG setup messages level=1 phase=numbering sends=0 bytes=0 collective_rank_calls=56
AMG setup messages level=1 phase=interpolation sends=4467 bytes=20204728 collective_rank_calls=56
AMG setup messages level=1 phase=interpolation-transpose sends=726 bytes=6817584 collective_rank_calls=56
AMG setup messages level=1 phase=A*P sends=2400 bytes=39950208 collective_rank_calls=56
AMG setup messages level=1 phase=R*(A*P) sends=2178 bytes=102076688 collective_rank_calls=56
AMG setup messages level=2 phase=strength sends=0 bytes=0 collective_rank_calls=56
AMG setup messages level=2 phase=strength-transpose sends=769 bytes=7275904 collective_rank_calls=56
AMG setup messages level=2 phase=PMIS sends=17050 bytes=11666072 collective_rank_calls=616
AMG setup messages level=2 phase=numbering sends=0 bytes=0 collective_rank_calls=56
AMG setup messages level=2 phase=interpolation sends=4602 bytes=7847440 collective_rank_calls=56
AMG setup messages level=2 phase=interpolation-transpose sends=711 bytes=2049040 collective_rank_calls=56
AMG setup messages level=2 phase=A*P sends=2592 bytes=16400304 collective_rank_calls=56
AMG setup messages level=2 phase=R*(A*P) sends=2133 bytes=46836928 collective_rank_calls=56
AMG setup messages level=3 phase=strength sends=0 bytes=0 collective_rank_calls=56
AMG setup messages level=3 phase=strength-transpose sends=760 bytes=1683592 collective_rank_calls=56
AMG setup messages level=3 phase=PMIS sends=17008 bytes=2990304 collective_rank_calls=616
AMG setup messages level=3 phase=numbering sends=0 bytes=0 collective_rank_calls=56
AMG setup messages level=3 phase=interpolation sends=4536 bytes=1946048 collective_rank_calls=56
AMG setup messages level=3 phase=interpolation-transpose sends=637 bytes=513968 collective_rank_calls=56
AMG setup messages level=3 phase=A*P sends=2670 bytes=5748576 collective_rank_calls=56
AMG setup messages level=3 phase=R*(A*P) sends=1911 bytes=13736976 collective_rank_calls=56
AMG setup messages level=4 phase=strength sends=0 bytes=0 collective_rank_calls=56
AMG setup messages level=4 phase=strength-transpose sends=625 bytes=311896 collective_rank_calls=56
AMG setup messages level=4 phase=PMIS sends=10513 bytes=550508 collective_rank_calls=448
AMG setup messages level=4 phase=numbering sends=0 bytes=0 collective_rank_calls=56
AMG setup messages level=4 phase=interpolation sends=3627 bytes=341496 collective_rank_calls=56
AMG setup messages level=4 phase=interpolation-transpose sends=483 bytes=157120 collective_rank_calls=56
AMG setup messages level=4 phase=A*P sends=3876 bytes=2325024 collective_rank_calls=56
AMG setup messages level=4 phase=R*(A*P) sends=1449 bytes=3855760 collective_rank_calls=56
AMG setup messages level=5 phase=strength sends=0 bytes=0 collective_rank_calls=56
AMG setup messages level=5 phase=strength-transpose sends=408 bytes=74956 collective_rank_calls=56
AMG setup messages level=5 phase=PMIS sends=4896 bytes=114432 collective_rank_calls=280
AMG setup messages level=5 phase=numbering sends=0 bytes=0 collective_rank_calls=56
AMG setup messages level=5 phase=interpolation sends=2160 bytes=51528 collective_rank_calls=56
AMG setup messages level=5 phase=interpolation-transpose sends=208 bytes=44096 collective_rank_calls=56
AMG setup messages level=5 phase=A*P sends=5004 bytes=838848 collective_rank_calls=56
AMG setup messages level=5 phase=R*(A*P) sends=624 bytes=801888 collective_rank_calls=56
AMG setup messages level=6 phase=strength sends=0 bytes=0 collective_rank_calls=56
AMG setup messages level=6 phase=strength-transpose sends=153 bytes=28736 collective_rank_calls=56
AMG setup messages level=6 phase=PMIS sends=1498 bytes=43768 collective_rank_calls=168
AMG setup messages level=6 phase=numbering sends=0 bytes=0 collective_rank_calls=56
AMG setup messages level=6 phase=interpolation sends=717 bytes=7848 collective_rank_calls=56
AMG setup messages level=6 phase=interpolation-transpose sends=72 bytes=13936 collective_rank_calls=56
AMG setup messages level=6 phase=A*P sends=2394 bytes=193760 collective_rank_calls=56
AMG setup messages level=6 phase=R*(A*P) sends=216 bytes=35008 collective_rank_calls=56
GMRES: iter = 0, residual = 0.003833109249, 1 (rel.)
GMRES: iter = 1, residual = 0.00311946391, 0.8138207673 (rel.)
GMRES: iter = 2, residual = 0.002584481416, 0.6742519578 (rel.)
GMRES: iter = 3, residual = 0.00208565709, 0.5441162654 (rel.)
GMRES: iter = 4, residual = 0.001743366993, 0.4548179767 (rel.)
GMRES: iter = 5, residual = 0.001446496481, 0.3773689677 (rel.)
GMRES: iter = 6, residual = 0.001192902676, 0.3112101947 (rel.)
GMRES: iter = 7, residual = 0.0009876981617, 0.2576754529 (rel.)
GMRES: iter = 8, residual = 0.0007861003071, 0.2050816337 (rel.)
GMRES: iter = 9, residual = 0.0006038204431, 0.157527585 (rel.)
GMRES: iter = 10, residual = 0.0004697260009, 0.1225443812 (rel.)
GMRES: iter = 11, residual = 0.0003578598425, 0.09336019906 (rel.)
GMRES: iter = 12, residual = 0.0002634564701, 0.06873179264 (rel.)
GMRES: iter = 13, residual = 0.0001925932985, 0.05024466717 (rel.)
GMRES: iter = 14, residual = 0.0001418128991, 0.03699683205 (rel.)
GMRES: iter = 15, residual = 0.0001074182132, 0.02802378076 (rel.)
GMRES: iter = 16, residual = 8.160168837e-05, 0.02128864143 (rel.)
GMRES: iter = 17, residual = 5.999105953e-05, 0.01565075651 (rel.)
GMRES: Solve Time = 2.480523788
The cloud-layer FLD system Newton 16: residual=0.000201446436, GMRES rtol=0.002485760547
AMG setup messages level=0 phase=strength sends=0 bytes=0 collective_rank_calls=56
AMG setup messages level=0 phase=strength-transpose sends=318 bytes=15541480 collective_rank_calls=56
AMG setup messages level=0 phase=PMIS sends=6184 bytes=46684400 collective_rank_calls=504
AMG setup messages level=0 phase=numbering sends=0 bytes=0 collective_rank_calls=56
AMG setup messages level=0 phase=interpolation sends=1908 bytes=19560044 collective_rank_calls=56
AMG setup messages level=0 phase=interpolation-transpose sends=671 bytes=8087200 collective_rank_calls=56
AMG setup messages level=0 phase=A*P sends=1092 bytes=41604912 collective_rank_calls=56
AMG setup messages level=0 phase=R*(A*P) sends=2013 bytes=58282992 collective_rank_calls=56
AMG setup messages level=1 phase=strength sends=0 bytes=0 collective_rank_calls=56
AMG setup messages level=1 phase=strength-transpose sends=748 bytes=17581892 collective_rank_calls=56
AMG setup messages level=1 phase=PMIS sends=16480 bytes=34727040 collective_rank_calls=616
AMG setup messages level=1 phase=numbering sends=0 bytes=0 collective_rank_calls=56
AMG setup messages level=1 phase=interpolation sends=4455 bytes=20232960 collective_rank_calls=56
AMG setup messages level=1 phase=interpolation-transpose sends=728 bytes=6815568 collective_rank_calls=56
AMG setup messages level=1 phase=A*P sends=2364 bytes=39943792 collective_rank_calls=56
AMG setup messages level=1 phase=R*(A*P) sends=2184 bytes=102056064 collective_rank_calls=56
AMG setup messages level=2 phase=strength sends=0 bytes=0 collective_rank_calls=56
AMG setup messages level=2 phase=strength-transpose sends=775 bytes=7327172 collective_rank_calls=56
AMG setup messages level=2 phase=PMIS sends=17182 bytes=11729552 collective_rank_calls=616
AMG setup messages level=2 phase=numbering sends=0 bytes=0 collective_rank_calls=56
AMG setup messages level=2 phase=interpolation sends=4596 bytes=7871448 collective_rank_calls=56
AMG setup messages level=2 phase=interpolation-transpose sends=705 bytes=2054096 collective_rank_calls=56
AMG setup messages level=2 phase=A*P sends=2574 bytes=16431808 collective_rank_calls=56
AMG setup messages level=2 phase=R*(A*P) sends=2115 bytes=46789280 collective_rank_calls=56
AMG setup messages level=3 phase=strength sends=0 bytes=0 collective_rank_calls=56
AMG setup messages level=3 phase=strength-transpose sends=766 bytes=1662848 collective_rank_calls=56
AMG setup messages level=3 phase=PMIS sends=15606 bytes=2717036 collective_rank_calls=560
AMG setup messages level=3 phase=numbering sends=0 bytes=0 collective_rank_calls=56
AMG setup messages level=3 phase=interpolation sends=4563 bytes=1897140 collective_rank_calls=56
AMG setup messages level=3 phase=interpolation-transpose sends=644 bytes=519840 collective_rank_calls=56
AMG setup messages level=3 phase=A*P sends=2658 bytes=5719264 collective_rank_calls=56
AMG setup messages level=3 phase=R*(A*P) sends=1932 bytes=13901904 collective_rank_calls=56
AMG setup messages level=4 phase=strength sends=0 bytes=0 collective_rank_calls=56
AMG setup messages level=4 phase=strength-transpose sends=628 bytes=303364 collective_rank_calls=56
AMG setup messages level=4 phase=PMIS sends=10660 bytes=541288 collective_rank_calls=448
AMG setup messages level=4 phase=numbering sends=0 bytes=0 collective_rank_calls=56
AMG setup messages level=4 phase=interpolation sends=3657 bytes=338208 collective_rank_calls=56
AMG setup messages level=4 phase=interpolation-transpose sends=486 bytes=154320 collective_rank_calls=56
AMG setup messages level=4 phase=A*P sends=3954 bytes=2318928 collective_rank_calls=56
AMG setup messages level=4 phase=R*(A*P) sends=1458 bytes=3839024 collective_rank_calls=56
AMG setup messages level=5 phase=strength sends=0 bytes=0 collective_rank_calls=56
AMG setup messages level=5 phase=strength-transpose sends=444 bytes=72932 collective_rank_calls=56
AMG setup messages level=5 phase=PMIS sends=5280 bytes=117488 collective_rank_calls=280
AMG setup messages level=5 phase=numbering sends=0 bytes=0 collective_rank_calls=56
AMG setup messages level=5 phase=interpolation sends=2277 bytes=55972 collective_rank_calls=56
AMG setup messages level=5 phase=interpolation-transpose sends=264 bytes=37152 collective_rank_calls=56
AMG setup messages level=5 phase=A*P sends=5022 bytes=785536 collective_rank_calls=56
AMG setup messages level=5 phase=R*(A*P) sends=792 bytes=932976 collective_rank_calls=56
AMG setup messages level=6 phase=strength sends=0 bytes=0 collective_rank_calls=56
AMG setup messages level=6 phase=strength-transpose sends=212 bytes=25796 collective_rank_calls=56
AMG setup messages level=6 phase=PMIS sends=1202 bytes=34048 collective_rank_calls=112
AMG setup messages level=6 phase=numbering sends=0 bytes=0 collective_rank_calls=56
AMG setup messages level=6 phase=interpolation sends=1032 bytes=9636 collective_rank_calls=56
AMG setup messages level=6 phase=interpolation-transpose sends=72 bytes=12816 collective_rank_calls=56
AMG setup messages level=6 phase=A*P sends=3606 bytes=254336 collective_rank_calls=56
AMG setup messages level=6 phase=R*(A*P) sends=216 bytes=31296 collective_rank_calls=56
GMRES: iter = 0, residual = 0.0002014403929, 1 (rel.)
GMRES: iter = 1, residual = 6.350892328e-05, 0.3152740241 (rel.)
GMRES: iter = 2, residual = 4.562160022e-05, 0.2264769223 (rel.)
GMRES: iter = 3, residual = 3.722135528e-05, 0.184776026 (rel.)
GMRES: iter = 4, residual = 3.135110272e-05, 0.1556346385 (rel.)
GMRES: iter = 5, residual = 2.602446145e-05, 0.129191872 (rel.)
GMRES: iter = 6, residual = 2.097599834e-05, 0.1041300507 (rel.)
GMRES: iter = 7, residual = 1.661954769e-05, 0.08250355083 (rel.)
GMRES: iter = 8, residual = 1.311450029e-05, 0.06510362743 (rel.)
GMRES: iter = 9, residual = 1.039114259e-05, 0.05158420532 (rel.)
GMRES: iter = 10, residual = 8.239197887e-06, 0.04090141887 (rel.)
GMRES: iter = 11, residual = 6.527627842e-06, 0.03240476127 (rel.)
GMRES: iter = 12, residual = 5.147711459e-06, 0.02555451459 (rel.)
GMRES: iter = 13, residual = 3.979681366e-06, 0.01975612393 (rel.)
GMRES: iter = 14, residual = 2.983122444e-06, 0.01480895862 (rel.)
GMRES: iter = 15, residual = 2.254555831e-06, 0.01119217352 (rel.)
GMRES: iter = 16, residual = 1.737186784e-06, 0.008623825433 (rel.)
GMRES: iter = 17, residual = 1.340739703e-06, 0.006655763939 (rel.)
GMRES: iter = 18, residual = 1.032752096e-06, 0.005126837183 (rel.)
GMRES: iter = 19, residual = 7.926869979e-07, 0.003935094578 (rel.)
GMRES: iter = 20, residual = 6.177146454e-07, 0.003066488486 (rel.)
GMRES: iter = 21, residual = 4.921171418e-07, 0.002442991372 (rel.)
GMRES: Solve Time = 3.063510538
FLD cloud AMR Newton-Krylov iterations=17/130, change=1.073459557e-06, residual=4.922162349e-07, transmission=0.792297019
FLD 3-D Penrose cloud: case=amr, fine_n=256, opacity contrast=100000, cells=4390912, limiter=on, mixed cells=260568, cloudy volume relative error=1.4638438e-16, transmission=0.792297019, balance error=1.186280498e-09, Newton/Krylov iterations=17/130, nonlinear residual=4.922162349e-07, E range=[1.980725605,2.031579743], whole-case wall=64.37199869 s, preconditioner=amg, AMG backend=native, linear iterations=301, max true relative residual=2.467209491e-10, aggregate setup=26.06216363 s, aggregate solve=15.16150745 s


TinyProfiler total time across processes [min...avg...max]: 64.37 ... 64.37 ... 64.37

-------------------------------------------------------------------------------------------
Name                                        NCalls  Excl. Min  Excl. Avg  Excl. Max   Max %
-------------------------------------------------------------------------------------------
SpMV                                         29179       10.1      12.32      16.81  26.11%
SpGEMM                                         654       6.24      8.444      13.38  20.78%
SpMatrix::finishComm_mv                      29179      3.665      9.324      12.13  18.85%
AMG::setup                                      30     0.2435      3.438      4.893   7.60%
SpMatrix::prepare_comm_mv                    31085     0.3019      3.119      4.747   7.37%
FabArray::ParallelCopy_finish()               4195      1.418      3.878      4.631   7.19%
SpMatrix::define_split                        1526      1.664      2.649      3.393   5.27%
FLD::composite_residual_without_assembly       162      2.301      2.541      3.089   4.80%
ChebyshevSmoother                             5137      1.638      2.013      2.701   4.20%
SpMatrix::startComm_tr                         436     0.2341      1.651      2.366   3.67%
GMRES::GramSchmidt                             301       1.48      1.806      1.979   3.08%
FabArray::setVal()                            4486     0.3821     0.6067      1.861   2.89%
AMG::build_interp_mm                           218      0.898      1.084      1.682   2.61%
SpMatrix::startComm_mv                       29179     0.5185     0.8808      1.526   2.37%
FLD::composite_assembly                         30     0.7735     0.9417      1.339   2.08%
FLD::cloud_setup                                 1     0.4411      0.698        1.2   1.86%
AMG::create_soc                                218     0.6786     0.8235      1.173   1.82%
FabArray::ParallelCopy_nowait()               4195     0.1582     0.3588     0.9658   1.50%
FLD::composite_topology                          1     0.1173     0.6315     0.9337   1.45%
FLD::MLABecLapAMG::precondition                147     0.4985     0.6427     0.8922   1.39%
AMG::truncate_interp                           218     0.4456      0.547     0.8506   1.32%
SpMatrix::finishComm_tr                        436     0.1502     0.3216     0.7789   1.21%
SpMatrix::preparePairHalo                      218     0.1952     0.6101      0.762   1.18%
FillBoundary_finish()                         2632     0.1015     0.4378     0.6806   1.06%
AMG::pmis                                      218     0.4686     0.5203     0.6427   1.00%
FLD::cloud_linearized_residual                 130     0.2594     0.3193     0.5382   0.84%
FLD::compute_diffusion                         193     0.2573     0.3168     0.5244   0.81%
SpMatrix::split_csr                          33188     0.2634     0.4028     0.4777   0.74%
SpMatrix::transpose                            436     0.3131     0.3626     0.4678   0.73%
amrex::Copy()                                 2570     0.2683     0.3195     0.4355   0.68%
FabArray::Saxpy()                             4114     0.2512     0.2993     0.4344   0.67%
SpMatrix::gatherRemote                        2137    0.09428     0.3121     0.3952   0.61%
AMG::vcycle                                    331     0.1401     0.2122     0.3749   0.58%
FLD::MLABecLapAMG::assemble                     30     0.1207     0.2194      0.335   0.52%
FillBoundary_nowait()                         2632    0.08453      0.145      0.228   0.35%
FLD::MLABecLapAMG::residualWithoutAssembly     162     0.1318     0.1746      0.209   0.32%
GMRES::cycle()                                  30    0.09167     0.1714     0.2044   0.32%
FLD::cloud_residual                             32    0.06413    0.07901     0.1336   0.21%
FLD::MLABecLapAMG::solve                        13    0.08762      0.103     0.1168   0.18%
FLD::NewtonKrylov::Jacobian_action             130    0.07769    0.09189     0.1168   0.18%
SpMatrix::gather_pair_plan                    1701    0.06705    0.08443      0.108   0.17%
SpMatrix::trim_remote_rows                    1444    0.06966     0.0793     0.1062   0.16%
GMRES:build_solution()                          30    0.02669    0.04194     0.0772   0.12%
FLD::cloud_newton_prepare                       17    0.04044    0.04832    0.07607   0.12%
FLD::NewtonKrylov::line_search                  17    0.02095    0.04896    0.06292   0.10%
amrex::average_down                            369    0.03754    0.04617    0.06078   0.09%
FLD::cloud_predictor                            13     0.0314     0.0389    0.05993   0.09%
FLD::cloud_field_initialization                  1    0.01561    0.02126    0.03774   0.06%
FabArray::LinComb()                            122    0.02234    0.02632    0.03477   0.05%
FLD::NewtonKrylov::solve                         1    0.01557    0.02368     0.0309   0.05%
CellConservativeLinear::interp()               440          0    0.01582    0.02787   0.04%
DistributionMapping::LeastUsedCPUs()             3  0.0002841   0.007128    0.02441   0.04%
FabArray::mult()                               554    0.01088    0.01326    0.02079   0.03%
SpMatrix::gatherRemotePair                    1701   0.003904   0.007262    0.01445   0.02%
FLD::run_cloud                                   1   0.003382   0.004866   0.009198   0.01%
FillPatchTwoLevels                             770   0.004148   0.005633   0.006744   0.01%
GMRES::solve()                                  30   0.002996   0.005085   0.006176   0.01%
FabArray::ParallelCopy()                      4195   0.002684   0.003837   0.005022   0.01%
FLD::MLABecLapAMG::preconditioner_cycle        331   0.001668   0.002215   0.003207   0.00%
FabArray::FillBoundary()                      2632   0.001322   0.001442   0.001583   0.00%
amrex::average_down_w_geom                     369  0.0003508   0.000783   0.001568   0.00%
FLD::cloud_precondition                        147   0.000609  0.0008434   0.001411   0.00%
FillPatchSingleLevel                          1540  0.0005392  0.0006145  0.0007232   0.00%
FillPatchInterp(Fab)                           770  0.0002766  0.0005151  0.0007152   0.00%
FabArrayBase::TheFPinfo()                      770  0.0003172  0.0003618  0.0004352   0.00%
FLD::NewtonKrylov::prepare                      17  2.813e-05  4.276e-05  5.553e-05   0.00%
FLD::NewtonKrylov::linear_solve                 17  2.107e-05  3.124e-05   4.13e-05   0.00%
FPinfo::FPinfo()                                 1  1.486e-05  1.842e-05  2.899e-05   0.00%
FLD::cloud_predictors                            1  6.531e-06  9.285e-06  1.414e-05   0.00%
Other                                         9027   0.009877    0.01689    0.02321   0.04%
-------------------------------------------------------------------------------------------

-------------------------------------------------------------------------------------------
Name                                        NCalls  Incl. Min  Incl. Avg  Incl. Max   Max %
-------------------------------------------------------------------------------------------
FLD::run_cloud                                   1      64.37      64.37      64.37 100.00%
FLD::NewtonKrylov::solve                         1      36.13      36.13      36.13  56.12%
GMRES::solve()                                  30      34.66      34.68       34.7  53.90%
GMRES::cycle()                                  30      34.65      34.67      34.68  53.88%
FLD::cloud_predictors                            1      26.79      26.83      26.86  41.72%
FLD::cloud_predictor                            13      26.79      26.83      26.86  41.72%
FLD::MLABecLapAMG::assemble                     30      26.06      26.13      26.15  40.63%
FLD::MLABecLapAMG::preconditioner_cycle        331      23.85      24.33      24.79  38.51%
AMG::vcycle                                    331      23.85      24.32      24.79  38.50%
AMG::setup                                      30      23.88      24.38      24.63  38.26%
SpMV                                         29179      21.56       22.6      23.22  36.07%
ChebyshevSmoother                             5137      18.98      19.58      20.24  31.45%
FLD::NewtonKrylov::linear_solve                 17      19.51      19.52      19.53  30.33%
SpGEMM                                         654      11.68       13.2       16.1  25.01%
FLD::MLABecLapAMG::solve                        13      15.34      15.34      15.35  23.84%
FLD::NewtonKrylov::prepare                      17      14.97      14.97      14.98  23.26%
FLD::cloud_newton_prepare                       17      14.97      14.97      14.98  23.26%
FLD::cloud_precondition                        147      12.08      12.12      12.14  18.86%
SpMatrix::finishComm_mv                      29179      3.665      9.324      12.13  18.85%
FLD::MLABecLapAMG::precondition                147      12.02      12.08      12.11  18.81%
FLD::NewtonKrylov::Jacobian_action             130      6.344      6.427      6.554  10.18%
FLD::MLABecLapAMG::residualWithoutAssembly     162      6.126      6.329      6.489  10.08%
FLD::cloud_linearized_residual                 130      6.143      6.237      6.331   9.83%
FLD::composite_residual_without_assembly       162      4.684      5.121      5.999   9.32%
FabArray::ParallelCopy()                      4195      2.604      4.394      4.972   7.72%
SpMatrix::prepare_comm_mv                    31085     0.3021      3.119      4.747   7.37%
FabArray::ParallelCopy_finish()               4195      1.418      3.878      4.631   7.19%
AMG::build_interp_mm                           218      3.285      3.765       4.56   7.08%
SpMatrix::define_split                        1526      1.725      2.719      3.488   5.42%
SpMatrix::transpose                            436      1.455      2.336      2.878   4.47%
GMRES:build_solution()                          30      2.396      2.411      2.434   3.78%
SpMatrix::startComm_tr                         436     0.2342      1.651      2.366   3.68%
GMRES::GramSchmidt                             301      1.807      2.044      2.229   3.46%
FabArray::setVal()                            4486     0.3821     0.6067      1.861   2.89%
amrex::average_down_w_geom                     369     0.1441      1.314       1.84   2.86%
amrex::average_down                            369     0.1437      1.313      1.838   2.86%
FLD::composite_assembly                         30      1.178      1.375      1.815   2.82%
AMG::create_soc                                218      1.155       1.33      1.672   2.60%
SpMatrix::startComm_mv                       29179     0.5861     0.9351      1.552   2.41%
AMG::pmis                                      218     0.9961      1.399      1.548   2.40%
FLD::cloud_residual                             32      1.489      1.502      1.528   2.37%
FLD::NewtonKrylov::line_search                  17      1.518      1.523      1.525   2.37%
FLD::cloud_setup                                 1      1.375      1.396      1.441   2.24%
FabArray::ParallelCopy_nowait()               4195     0.3112     0.5128      1.221   1.90%
AMG::truncate_interp                           218     0.5535     0.6559     0.9788   1.52%
FLD::composite_topology                          1     0.1427      0.657     0.9566   1.49%
FabArray::FillBoundary()                      2632     0.2415     0.5853     0.8328   1.29%
SpMatrix::finishComm_tr                        436     0.1502     0.3216     0.7789   1.21%
SpMatrix::preparePairHalo                      218     0.1952     0.6101      0.762   1.18%
FLD::compute_diffusion                         193      0.655     0.6827     0.7492   1.16%
FillBoundary_finish()                         2632     0.1015     0.4378     0.6806   1.06%
FillPatchTwoLevels                             770     0.2257     0.3289      0.513   0.80%
SpMatrix::split_csr                          33188     0.2713     0.4118     0.4868   0.76%
amrex::Copy()                                 2570     0.2683     0.3195     0.4355   0.68%
FabArray::Saxpy()                             4114     0.2512     0.2993     0.4344   0.67%
FillPatchSingleLevel                          1540    0.09463      0.172     0.4051   0.63%
SpMatrix::gatherRemote                        2137    0.09467     0.3126     0.3956   0.61%
FillBoundary_nowait()                         2632     0.0856     0.1461      0.229   0.36%
SpMatrix::gatherRemotePair                    1701    0.07199    0.09169     0.1224   0.19%
SpMatrix::gather_pair_plan                    1701    0.06705    0.08443      0.108   0.17%
SpMatrix::trim_remote_rows                    1444    0.06966     0.0793     0.1062   0.16%
FLD::cloud_field_initialization                  1    0.03889    0.03905    0.03921   0.06%
FabArray::LinComb()                            122    0.02234    0.02632    0.03477   0.05%
FillPatchInterp(Fab)                           770  0.0002766    0.01634    0.02855   0.04%
CellConservativeLinear::interp()               440          0    0.01582    0.02787   0.04%
DistributionMapping::LeastUsedCPUs()             3  0.0002841   0.007128    0.02441   0.04%
FabArrayBase::TheFPinfo()                      770  0.0003815   0.006893      0.024   0.04%
FPinfo::FPinfo()                                 1  3.656e-05   0.006531    0.02363   0.04%
FabArray::mult()                               554    0.01088    0.01326    0.02079   0.03%
Other                                         9027    0.02641    0.03811     0.0502   0.08%
-------------------------------------------------------------------------------------------

Async Memory Usage:
---------------------------------------------------------------------------------------------------
Name                 Nalloc  AvgMem min  AvgMem avg  AvgMem max  MaxMem min  MaxMem avg  MaxMem max
---------------------------------------------------------------------------------------------------
amrex::average_down   47232      26   B     176   B     232   B    8192   B    9362   B      12 KiB
---------------------------------------------------------------------------------------------------

Pinned Memory Usage:
------------------------------------------------------------------------------------------------------------------------
Name                                      Nalloc  AvgMem min  AvgMem avg  AvgMem max  MaxMem min  MaxMem avg  MaxMem max
------------------------------------------------------------------------------------------------------------------------
FLD::composite_residual_without_assembly     296     359 KiB    5782 KiB      37 MiB     641 KiB      10 MiB      66 MiB
FLD::composite_assembly                      720       0   B     167 KiB    1206 KiB       0   B    7076 KiB      48 MiB
FLD::composite_topology                      408    1517   B      11 KiB      51 KiB    1120 KiB    3810 KiB      18 MiB
The_Pinned_Arena::Initialize()                56       0   B       0   B       1   B    8192 KiB    8192 KiB    8192 KiB
FLD::MLABecLapAMG::assemble                28560    1471 KiB    1784 KiB    2928 KiB    3632 KiB    4410 KiB    7264 KiB
SpGEMM                                     32077    5975   B      24 KiB      90 KiB     397 KiB     898 KiB    2554 KiB
FLD::MLABecLapAMG::precondition            39984     191 KiB     232 KiB     380 KiB    1024 KiB    1243 KiB    2048 KiB
FLD::MLABecLapAMG::solve                    3536     243 KiB     296 KiB     487 KiB    1024 KiB    1243 KiB    2048 KiB
SpMatrix::finishComm_tr                    77552     252   B    1364   B    5699   B     167 KiB     319 KiB     692 KiB
SpMatrix::startComm_tr                     69402    3663   B    5269   B    6635   B     160 KiB     272 KiB     460 KiB
------------------------------------------------------------------------------------------------------------------------

Cpu Memory Usage:
-------------------------------------------------------------------------------------------------------------------
Name                                 Nalloc  AvgMem min  AvgMem avg  AvgMem max  MaxMem min  MaxMem avg  MaxMem max
-------------------------------------------------------------------------------------------------------------------
FLD::cloud_setup                       2856      10 MiB      12 MiB      21 MiB      10 MiB      13 MiB      21 MiB
GMRES::cycle()                        15368     862 KiB    1047 KiB    1725 KiB      10 MiB      12 MiB      20 MiB
FLD::NewtonKrylov::solve               7208     958 KiB    1163 KiB    1917 KiB    2765 KiB    3357 KiB    5530 KiB
SpGEMM                                98799      10 KiB      34 KiB     110 KiB    1508 KiB    2653 KiB    5263 KiB
FabArray::ParallelCopy_nowait()      200079      17 KiB      40 KiB     171 KiB     544 KiB    1215 KiB    5168 KiB
GMRES::solve()                         9248     651 KiB     791 KiB    1304 KiB    2150 KiB    2611 KiB    4301 KiB
FLD::NewtonKrylov::Jacobian_action    17680      59 KiB      73 KiB     123 KiB     614 KiB     746 KiB    1229 KiB
FLD::cloud_linearized_residual        17680      10 KiB      13 KiB      23 KiB     614 KiB     746 KiB    1229 KiB
FLD::cloud_newton_prepare              2312    1329   B    1826   B    3651   B     614 KiB     746 KiB    1229 KiB
FLD::cloud_predictor                   3536     148 KiB     179 KiB     296 KiB     614 KiB     746 KiB    1229 KiB
FLD::cloud_residual                    4352    2500   B    3265   B    5936   B     614 KiB     746 KiB    1229 KiB
FillBoundary_nowait()                205408     446   B    1250   B    2155   B     176 KiB     303 KiB     427 KiB
SpMatrix::startComm_mv              2547290      26 KiB      48 KiB     100 KiB      97 KiB     178 KiB     377 KiB
SpMatrix::gather_pair_plan           187608      39   B      86   B     208   B      97 KiB     177 KiB     376 KiB
SpMatrix::gatherRemote               228084     111   B     286   B     435   B      80 KiB     141 KiB     223 KiB
FillPatchTwoLevels                    49280       0   B      40   B     101   B       0   B      23 KiB      41 KiB
amrex::average_down                   47232      26   B     176   B     232   B    8192   B    9362   B      12 KiB
CellConservativeLinear::interp()      24640       0   B       1   B       2   B       0   B    3510   B    6144   B
-------------------------------------------------------------------------------------------------------------------

AMReX (26.09-214-gfe5bcbff5c13) finalized
