Initializing AMReX (26.09-214-gfe5bcbff5c13)...
MPI initialized with 3584 MPI processes
MPI initialized with thread support level 0
AMReX (26.09-214-gfe5bcbff5c13) initialized
AMG setup messages level=0 phase=strength sends=0 bytes=0 collective_rank_calls=3584
AMG setup messages level=0 phase=strength-transpose sends=28852 bytes=1220689940 collective_rank_calls=3584
AMG setup messages level=0 phase=PMIS sends=533296 bytes=3524933696 collective_rank_calls=32256
AMG setup messages level=0 phase=numbering sends=0 bytes=0 collective_rank_calls=3584
AMG setup messages level=0 phase=interpolation sends=173112 bytes=1668000088 collective_rank_calls=3584
AMG setup messages level=0 phase=interpolation-transpose sends=68891 bytes=585228016 collective_rank_calls=3584
AMG setup messages level=0 phase=A*P sends=90744 bytes=2937502208 collective_rank_calls=3584
AMG setup messages level=0 phase=R*(A*P) sends=206673 bytes=4211466464 collective_rank_calls=3584
AMG setup messages level=1 phase=strength sends=0 bytes=0 collective_rank_calls=3584
AMG setup messages level=1 phase=strength-transpose sends=76339 bytes=1436367832 collective_rank_calls=3584
AMG setup messages level=1 phase=PMIS sends=1838519 bytes=2901616788 collective_rank_calls=43008
AMG setup messages level=1 phase=numbering sends=0 bytes=0 collective_rank_calls=3584
AMG setup messages level=1 phase=interpolation sends=453828 bytes=1714652160 collective_rank_calls=3584
AMG setup messages level=1 phase=interpolation-transpose sends=74803 bytes=494284880 collective_rank_calls=3584
AMG setup messages level=1 phase=A*P sends=257100 bytes=2857722096 collective_rank_calls=3584
AMG setup messages level=1 phase=R*(A*P) sends=224409 bytes=7305442592 collective_rank_calls=3584
AMG setup messages level=2 phase=strength sends=0 bytes=0 collective_rank_calls=3584
AMG setup messages level=2 phase=strength-transpose sends=86910 bytes=640185996 collective_rank_calls=3584
AMG setup messages level=2 phase=PMIS sends=1922844 bytes=894918368 collective_rank_calls=39424
AMG setup messages level=2 phase=numbering sends=0 bytes=0 collective_rank_calls=3584
AMG setup messages level=2 phase=interpolation sends=513723 bytes=668325448 collective_rank_calls=3584
AMG setup messages level=2 phase=interpolation-transpose sends=73579 bytes=141896928 collective_rank_calls=3584
AMG setup messages level=2 phase=A*P sends=300222 bytes=1162324912 collective_rank_calls=3584
AMG setup messages level=2 phase=R*(A*P) sends=220737 bytes=3198669200 collective_rank_calls=3584
AMG setup messages level=3 phase=strength sends=0 bytes=0 collective_rank_calls=3584
AMG setup messages level=3 phase=strength-transpose sends=88752 bytes=162679708 collective_rank_calls=3584
AMG setup messages level=3 phase=PMIS sends=1966344 bytes=237788856 collective_rank_calls=39424
AMG setup messages level=3 phase=numbering sends=0 bytes=0 collective_rank_calls=3584
AMG setup messages level=3 phase=interpolation sends=524004 bytes=183508796 collective_rank_calls=3584
AMG setup messages level=3 phase=interpolation-transpose sends=64590 bytes=33062800 collective_rank_calls=3584
AMG setup messages level=3 phase=A*P sends=307098 bytes=369771968 collective_rank_calls=3584
AMG setup messages level=3 phase=R*(A*P) sends=193770 bytes=869014432 collective_rank_calls=3584
AMG setup messages level=4 phase=strength sends=0 bytes=0 collective_rank_calls=3584
AMG setup messages level=4 phase=strength-transpose sends=86836 bytes=33220688 collective_rank_calls=3584
AMG setup messages level=4 phase=PMIS sends=1772998 bytes=57766784 collective_rank_calls=35840
AMG setup messages level=4 phase=numbering sends=0 bytes=0 collective_rank_calls=3584
AMG setup messages level=4 phase=interpolation sends=508128 bytes=46945296 collective_rank_calls=3584
AMG setup messages level=4 phase=interpolation-transpose sends=46967 bytes=7264912 collective_rank_calls=3584
AMG setup messages level=4 phase=A*P sends=461142 bytes=126995104 collective_rank_calls=3584
AMG setup messages level=4 phase=R*(A*P) sends=140901 bytes=190005904 collective_rank_calls=3584
AMG setup messages level=5 phase=strength sends=0 bytes=0 collective_rank_calls=3584
AMG setup messages level=5 phase=strength-transpose sends=79849 bytes=6227072 collective_rank_calls=3584
AMG setup messages level=5 phase=PMIS sends=1579032 bytes=13466576 collective_rank_calls=32256
AMG setup messages level=5 phase=numbering sends=0 bytes=0 collective_rank_calls=3584
AMG setup messages level=5 phase=interpolation sends=438558 bytes=10120608 collective_rank_calls=3584
AMG setup messages level=5 phase=interpolation-transpose sends=21411 bytes=1611600 collective_rank_calls=3584
AMG setup messages level=5 phase=A*P sends=846180 bytes=49830288 collective_rank_calls=3584
AMG setup messages level=5 phase=R*(A*P) sends=64233 bytes=30484976 collective_rank_calls=3584
AMG setup messages level=6 phase=strength sends=0 bytes=0 collective_rank_calls=3584
AMG setup messages level=6 phase=strength-transpose sends=17175 bytes=907948 collective_rank_calls=3584
AMG setup messages level=6 phase=PMIS sends=402260 bytes=2297840 collective_rank_calls=32256
AMG setup messages level=6 phase=numbering sends=0 bytes=0 collective_rank_calls=3584
AMG setup messages level=6 phase=interpolation sends=85224 bytes=1229328 collective_rank_calls=3584
AMG setup messages level=6 phase=interpolation-transpose sends=5975 bytes=349008 collective_rank_calls=3584
AMG setup messages level=6 phase=A*P sends=331650 bytes=10263200 collective_rank_calls=3584
AMG setup messages level=6 phase=R*(A*P) sends=17925 bytes=4189824 collective_rank_calls=3584
AMG setup messages level=7 phase=strength sends=0 bytes=0 collective_rank_calls=3584
AMG setup messages level=7 phase=strength-transpose sends=2882 bytes=148556 collective_rank_calls=3584
AMG setup messages level=7 phase=PMIS sends=51818 bytes=308172 collective_rank_calls=21504
AMG setup messages level=7 phase=numbering sends=0 bytes=0 collective_rank_calls=3584
AMG setup messages level=7 phase=interpolation sends=13479 bytes=153700 collective_rank_calls=3584
AMG setup messages level=7 phase=interpolation-transpose sends=1445 bytes=80800 collective_rank_calls=3584
AMG setup messages level=7 phase=A*P sends=64266 bytes=1680832 collective_rank_calls=3584
AMG setup messages level=7 phase=R*(A*P) sends=4335 bytes=594288 collective_rank_calls=3584
AMG setup messages level=8 phase=strength sends=0 bytes=0 collective_rank_calls=3584
AMG setup messages level=8 phase=strength-transpose sends=627 bytes=33084 collective_rank_calls=3584
AMG setup messages level=8 phase=PMIS sends=4371 bytes=36628 collective_rank_calls=7168
AMG setup messages level=8 phase=numbering sends=0 bytes=0 collective_rank_calls=3584
AMG setup messages level=8 phase=interpolation sends=3102 bytes=25564 collective_rank_calls=3584
AMG setup messages level=8 phase=interpolation-transpose sends=220 bytes=13264 collective_rank_calls=3584
AMG setup messages level=8 phase=A*P sends=10998 bytes=161120 collective_rank_calls=3584
AMG setup messages level=8 phase=R*(A*P) sends=660 bytes=12448 collective_rank_calls=3584
AMG setup messages level=0 phase=strength sends=0 bytes=0 collective_rank_calls=3584
AMG setup messages level=0 phase=strength-transpose sends=28852 bytes=1220430456 collective_rank_calls=3584
AMG setup messages level=0 phase=PMIS sends=533296 bytes=3524637472 collective_rank_calls=32256
AMG setup messages level=0 phase=numbering sends=0 bytes=0 collective_rank_calls=3584
AMG setup messages level=0 phase=interpolation sends=173112 bytes=1667735060 collective_rank_calls=3584
AMG setup messages level=0 phase=interpolation-transpose sends=68955 bytes=625433376 collective_rank_calls=3584
AMG setup messages level=0 phase=A*P sends=90744 bytes=2937414624 collective_rank_calls=3584
AMG setup messages level=0 phase=R*(A*P) sends=206865 bytes=4416743232 collective_rank_calls=3584
AMG setup messages level=1 phase=strength sends=0 bytes=0 collective_rank_calls=3584
AMG setup messages level=1 phase=strength-transpose sends=76399 bytes=1431577456 collective_rank_calls=3584
AMG setup messages level=1 phase=PMIS sends=1839621 bytes=2918378748 collective_rank_calls=43008
AMG setup messages level=1 phase=numbering sends=0 bytes=0 collective_rank_calls=3584
AMG setup messages level=1 phase=interpolation sends=454596 bytes=1724101020 collective_rank_calls=3584
AMG setup messages level=1 phase=interpolation-transpose sends=74772 bytes=488088512 collective_rank_calls=3584
AMG setup messages level=1 phase=A*P sends=258156 bytes=2886236864 collective_rank_calls=3584
AMG setup messages level=1 phase=R*(A*P) sends=224316 bytes=7268486720 collective_rank_calls=3584
AMG setup messages level=2 phase=strength sends=0 bytes=0 collective_rank_calls=3584
AMG setup messages level=2 phase=strength-transpose sends=86778 bytes=639485656 collective_rank_calls=3584
AMG setup messages level=2 phase=PMIS sends=1920060 bytes=895364984 collective_rank_calls=39424
AMG setup messages level=2 phase=numbering sends=0 bytes=0 collective_rank_calls=3584
AMG setup messages level=2 phase=interpolation sends=513024 bytes=668313916 collective_rank_calls=3584
AMG setup messages level=2 phase=interpolation-transpose sends=73726 bytes=142064672 collective_rank_calls=3584
AMG setup messages level=2 phase=A*P sends=300420 bytes=1163930352 collective_rank_calls=3584
AMG setup messages level=2 phase=R*(A*P) sends=221178 bytes=3210603376 collective_rank_calls=3584
AMG setup messages level=3 phase=strength sends=0 bytes=0 collective_rank_calls=3584
AMG setup messages level=3 phase=strength-transpose sends=88910 bytes=162969992 collective_rank_calls=3584
AMG setup messages level=3 phase=PMIS sends=1970492 bytes=238506608 collective_rank_calls=39424
AMG setup messages level=3 phase=numbering sends=0 bytes=0 collective_rank_calls=3584
AMG setup messages level=3 phase=interpolation sends=525318 bytes=183958648 collective_rank_calls=3584
AMG setup messages level=3 phase=interpolation-transpose sends=64707 bytes=33160928 collective_rank_calls=3584
AMG setup messages level=3 phase=A*P sends=307092 bytes=371656544 collective_rank_calls=3584
AMG setup messages level=3 phase=R*(A*P) sends=194121 bytes=874564688 collective_rank_calls=3584
AMG setup messages level=4 phase=strength sends=0 bytes=0 collective_rank_calls=3584
AMG setup messages level=4 phase=strength-transpose sends=86943 bytes=33321800 collective_rank_calls=3584
AMG setup messages level=4 phase=PMIS sends=1775105 bytes=58022768 collective_rank_calls=35840
AMG setup messages level=4 phase=numbering sends=0 bytes=0 collective_rank_calls=3584
AMG setup messages level=4 phase=interpolation sends=508905 bytes=46929676 collective_rank_calls=3584
AMG setup messages level=4 phase=interpolation-transpose sends=46828 bytes=7393744 collective_rank_calls=3584
AMG setup messages level=4 phase=A*P sends=458616 bytes=128191072 collective_rank_calls=3584
AMG setup messages level=4 phase=R*(A*P) sends=140484 bytes=192432880 collective_rank_calls=3584
AMG setup messages level=5 phase=strength sends=0 bytes=0 collective_rank_calls=3584
AMG setup messages level=5 phase=strength-transpose sends=79302 bytes=6189172 collective_rank_calls=3584
AMG setup messages level=5 phase=PMIS sends=1572136 bytes=13431200 collective_rank_calls=32256
AMG setup messages level=5 phase=numbering sends=0 bytes=0 collective_rank_calls=3584
AMG setup messages level=5 phase=interpolation sends=435408 bytes=9995192 collective_rank_calls=3584
AMG setup messages level=5 phase=interpolation-transpose sends=21425 bytes=1618928 collective_rank_calls=3584
AMG setup messages level=5 phase=A*P sends=839676 bytes=49689232 collective_rank_calls=3584
AMG setup messages level=5 phase=R*(A*P) sends=64275 bytes=31017200 collective_rank_calls=3584
AMG setup messages level=6 phase=strength sends=0 bytes=0 collective_rank_calls=3584
AMG setup messages level=6 phase=strength-transpose sends=15947 bytes=853848 collective_rank_calls=3584
AMG setup messages level=6 phase=PMIS sends=257227 bytes=1582316 collective_rank_calls=21504
AMG setup messages level=6 phase=numbering sends=0 bytes=0 collective_rank_calls=3584
AMG setup messages level=6 phase=interpolation sends=78531 bytes=1137336 collective_rank_calls=3584
AMG setup messages level=6 phase=interpolation-transpose sends=5592 bytes=334800 collective_rank_calls=3584
AMG setup messages level=6 phase=A*P sends=347694 bytes=10669616 collective_rank_calls=3584
AMG setup messages level=6 phase=R*(A*P) sends=16776 bytes=4182528 collective_rank_calls=3584
AMG setup messages level=7 phase=strength sends=0 bytes=0 collective_rank_calls=3584
AMG setup messages level=7 phase=strength-transpose sends=3046 bytes=164740 collective_rank_calls=3584
AMG setup messages level=7 phase=PMIS sends=37128 bytes=251208 collective_rank_calls=14336
AMG setup messages level=7 phase=numbering sends=0 bytes=0 collective_rank_calls=3584
AMG setup messages level=7 phase=interpolation sends=14058 bytes=170600 collective_rank_calls=3584
AMG setup messages level=7 phase=interpolation-transpose sends=1649 bytes=95920 collective_rank_calls=3584
AMG setup messages level=7 phase=A*P sends=70812 bytes=1973920 collective_rank_calls=3584
AMG setup messages level=7 phase=R*(A*P) sends=4947 bytes=695600 collective_rank_calls=3584
AMG setup messages level=8 phase=strength sends=0 bytes=0 collective_rank_calls=3584
AMG setup messages level=8 phase=strength-transpose sends=821 bytes=41884 collective_rank_calls=3584
AMG setup messages level=8 phase=PMIS sends=5699 bytes=45404 collective_rank_calls=7168
AMG setup messages level=8 phase=numbering sends=0 bytes=0 collective_rank_calls=3584
AMG setup messages level=8 phase=interpolation sends=4113 bytes=34020 collective_rank_calls=3584
AMG setup messages level=8 phase=interpolation-transpose sends=267 bytes=15376 collective_rank_calls=3584
AMG setup messages level=8 phase=A*P sends=13716 bytes=187136 collective_rank_calls=3584
AMG setup messages level=8 phase=R*(A*P) sends=801 bytes=13664 collective_rank_calls=3584
AMG setup messages level=0 phase=strength sends=0 bytes=0 collective_rank_calls=3584
AMG setup messages level=0 phase=strength-transpose sends=28852 bytes=1220305604 collective_rank_calls=3584
AMG setup messages level=0 phase=PMIS sends=592396 bytes=3875139952 collective_rank_calls=35840
AMG setup messages level=0 phase=numbering sends=0 bytes=0 collective_rank_calls=3584
AMG setup messages level=0 phase=interpolation sends=173112 bytes=1667351760 collective_rank_calls=3584
AMG setup messages level=0 phase=interpolation-transpose sends=68992 bytes=626227344 collective_rank_calls=3584
AMG setup messages level=0 phase=A*P sends=90744 bytes=2937185632 collective_rank_calls=3584
AMG setup messages level=0 phase=R*(A*P) sends=206976 bytes=4420692112 collective_rank_calls=3584
AMG setup messages level=1 phase=strength sends=0 bytes=0 collective_rank_calls=3584
AMG setup messages level=1 phase=strength-transpose sends=76357 bytes=1431594212 collective_rank_calls=3584
AMG setup messages level=1 phase=PMIS sends=1838119 bytes=2919633824 collective_rank_calls=43008
AMG setup messages level=1 phase=numbering sends=0 bytes=0 collective_rank_calls=3584
AMG setup messages level=1 phase=interpolation sends=454155 bytes=1724431556 collective_rank_calls=3584
AMG setup messages level=1 phase=interpolation-transpose sends=74712 bytes=488068416 collective_rank_calls=3584
AMG setup messages level=1 phase=A*P sends=257694 bytes=2887224864 collective_rank_calls=3584
AMG setup messages level=1 phase=R*(A*P) sends=224136 bytes=7269996208 collective_rank_calls=3584
AMG setup messages level=2 phase=strength sends=0 bytes=0 collective_rank_calls=3584
AMG setup messages level=2 phase=strength-transpose sends=86694 bytes=639036696 collective_rank_calls=3584
AMG setup messages level=2 phase=PMIS sends=1918260 bytes=895155312 collective_rank_calls=39424
AMG setup messages level=2 phase=numbering sends=0 bytes=0 collective_rank_calls=3584
AMG setup messages level=2 phase=interpolation sends=512196 bytes=667737768 collective_rank_calls=3584
AMG setup messages level=2 phase=interpolation-transpose sends=73612 bytes=142160176 collective_rank_calls=3584
AMG setup messages level=2 phase=A*P sends=300222 bytes=1164266240 collective_rank_calls=3584
AMG setup messages level=2 phase=R*(A*P) sends=220836 bytes=3212405968 collective_rank_calls=3584
AMG setup messages level=3 phase=strength sends=0 bytes=0 collective_rank_calls=3584
AMG setup messages level=3 phase=strength-transpose sends=88680 bytes=162570968 collective_rank_calls=3584
AMG setup messages level=3 phase=PMIS sends=1965000 bytes=238516224 collective_rank_calls=39424
AMG setup messages level=3 phase=numbering sends=0 bytes=0 collective_rank_calls=3584
AMG setup messages level=3 phase=interpolation sends=523986 bytes=183657948 collective_rank_calls=3584
AMG setup messages level=3 phase=interpolation-transpose sends=64590 bytes=33268912 collective_rank_calls=3584
AMG setup messages level=3 phase=A*P sends=306912 bytes=371812608 collective_rank_calls=3584
AMG setup messages level=3 phase=R*(A*P) sends=193770 bytes=876224864 collective_rank_calls=3584
AMG setup messages level=4 phase=strength sends=0 bytes=0 collective_rank_calls=3584
AMG setup messages level=4 phase=strength-transpose sends=86520 bytes=33042488 collective_rank_calls=3584
AMG setup messages level=4 phase=PMIS sends=1769406 bytes=57946116 collective_rank_calls=35840
AMG setup messages level=4 phase=numbering sends=0 bytes=0 collective_rank_calls=3584
AMG setup messages level=4 phase=interpolation sends=506181 bytes=46714528 collective_rank_calls=3584
AMG setup messages level=4 phase=interpolation-transpose sends=47192 bytes=7406544 collective_rank_calls=3584
AMG setup messages level=4 phase=A*P sends=459534 bytes=128219136 collective_rank_calls=3584
AMG setup messages level=4 phase=R*(A*P) sends=141576 bytes=194771008 collective_rank_calls=3584
AMG setup messages level=5 phase=strength sends=0 bytes=0 collective_rank_calls=3584
AMG setup messages level=5 phase=strength-transpose sends=77965 bytes=6076052 collective_rank_calls=3584
AMG setup messages level=5 phase=PMIS sends=1387831 bytes=12113328 collective_rank_calls=28672
AMG setup messages level=5 phase=numbering sends=0 bytes=0 collective_rank_calls=3584
AMG setup messages level=5 phase=interpolation sends=426270 bytes=9616084 collective_rank_calls=3584
AMG setup messages level=5 phase=interpolation-transpose sends=21525 bytes=1651536 collective_rank_calls=3584
AMG setup messages level=5 phase=A*P sends=851106 bytes=50972144 collective_rank_calls=3584
AMG setup messages level=5 phase=R*(A*P) sends=64575 bytes=31955456 collective_rank_calls=3584
AMG setup messages level=6 phase=strength sends=0 bytes=0 collective_rank_calls=3584
AMG setup messages level=6 phase=strength-transpose sends=15767 bytes=849100 collective_rank_calls=3584
AMG setup messages level=6 phase=PMIS sends=255977 bytes=1590592 collective_rank_calls=21504
AMG setup messages level=6 phase=numbering sends=0 bytes=0 collective_rank_calls=3584
AMG setup messages level=6 phase=interpolation sends=76755 bytes=1043332 collective_rank_calls=3584
AMG setup messages level=6 phase=interpolation-transpose sends=5539 bytes=330064 collective_rank_calls=3584
AMG setup messages level=6 phase=A*P sends=351756 bytes=10822976 collective_rank_calls=3584
AMG setup messages level=6 phase=R*(A*P) sends=16617 bytes=4284928 collective_rank_calls=3584
AMG setup messages level=7 phase=strength sends=0 bytes=0 collective_rank_calls=3584
AMG setup messages level=7 phase=strength-transpose sends=3012 bytes=163208 collective_rank_calls=3584
AMG setup messages level=7 phase=PMIS sends=46200 bytes=302560 collective_rank_calls=17920
AMG setup messages level=7 phase=numbering sends=0 bytes=0 collective_rank_calls=3584
AMG setup messages level=7 phase=interpolation sends=13002 bytes=135632 collective_rank_calls=3584
AMG setup messages level=7 phase=interpolation-transpose sends=1291 bytes=74320 collective_rank_calls=3584
AMG setup messages level=7 phase=A*P sends=73590 bytes=1869936 collective_rank_calls=3584
AMG setup messages level=7 phase=R*(A*P) sends=3873 bytes=745504 collective_rank_calls=3584
AMG setup messages level=8 phase=strength sends=0 bytes=0 collective_rank_calls=3584
AMG setup messages level=8 phase=strength-transpose sends=998 bytes=53980 collective_rank_calls=3584
AMG setup messages level=8 phase=PMIS sends=6950 bytes=60452 collective_rank_calls=7168
AMG setup messages level=8 phase=numbering sends=0 bytes=0 collective_rank_calls=3584
AMG setup messages level=8 phase=interpolation sends=4878 bytes=40056 collective_rank_calls=3584
AMG setup messages level=8 phase=interpolation-transpose sends=367 bytes=22544 collective_rank_calls=3584
AMG setup messages level=8 phase=A*P sends=16428 bytes=245184 collective_rank_calls=3584
AMG setup messages level=8 phase=R*(A*P) sends=1101 bytes=21600 collective_rank_calls=3584
AMG setup messages level=0 phase=strength sends=0 bytes=0 collective_rank_calls=3584
AMG setup messages level=0 phase=strength-transpose sends=28852 bytes=1220219296 collective_rank_calls=3584
AMG setup messages level=0 phase=PMIS sends=533296 bytes=3524396448 collective_rank_calls=32256
AMG setup messages level=0 phase=numbering sends=0 bytes=0 collective_rank_calls=3584
AMG setup messages level=0 phase=interpolation sends=173112 bytes=1667566852 collective_rank_calls=3584
AMG setup messages level=0 phase=interpolation-transpose sends=69044 bytes=626646576 collective_rank_calls=3584
AMG setup messages level=0 phase=A*P sends=90744 bytes=2937282336 collective_rank_calls=3584
AMG setup messages level=0 phase=R*(A*P) sends=207132 bytes=4423483920 collective_rank_calls=3584
AMG setup messages level=1 phase=strength sends=0 bytes=0 collective_rank_calls=3584
AMG setup messages level=1 phase=strength-transpose sends=76402 bytes=1431274080 collective_rank_calls=3584
AMG setup messages level=1 phase=PMIS sends=1686460 bytes=2696473680 collective_rank_calls=39424
AMG setup messages level=1 phase=numbering sends=0 bytes=0 collective_rank_calls=3584
AMG setup messages level=1 phase=interpolation sends=454350 bytes=1724352896 collective_rank_calls=3584
AMG setup messages level=1 phase=interpolation-transpose sends=74655 bytes=488037712 collective_rank_calls=3584
AMG setup messages level=1 phase=A*P sends=257538 bytes=2887179712 collective_rank_calls=3584
AMG setup messages level=1 phase=R*(A*P) sends=223965 bytes=7270893344 collective_rank_calls=3584
AMG setup messages level=2 phase=strength sends=0 bytes=0 collective_rank_calls=3584
AMG setup messages level=2 phase=strength-transpose sends=86710 bytes=638769828 collective_rank_calls=3584
AMG setup messages level=2 phase=PMIS sends=2093442 bytes=969882868 collective_rank_calls=43008
AMG setup messages level=2 phase=numbering sends=0 bytes=0 collective_rank_calls=3584
AMG setup messages level=2 phase=interpolation sends=512481 bytes=667949716 collective_rank_calls=3584
AMG setup messages level=2 phase=interpolation-transpose sends=73591 bytes=142211136 collective_rank_calls=3584
AMG setup messages level=2 phase=A*P sends=300156 bytes=1164861936 collective_rank_calls=3584
AMG setup messages level=2 phase=R*(A*P) sends=220773 bytes=3214520272 collective_rank_calls=3584
AMG setup messages level=3 phase=strength sends=0 bytes=0 collective_rank_calls=3584
AMG setup messages level=3 phase=strength-transpose sends=88771 bytes=162225688 collective_rank_calls=3584
AMG setup messages level=3 phase=PMIS sends=1967710 bytes=238613168 collective_rank_calls=39424
AMG setup messages level=3 phase=numbering sends=0 bytes=0 collective_rank_calls=3584
AMG setup messages level=3 phase=interpolation sends=524841 bytes=183236180 collective_rank_calls=3584
AMG setup messages level=3 phase=interpolation-transpose sends=64606 bytes=33345104 collective_rank_calls=3584
AMG setup messages level=3 phase=A*P sends=306924 bytes=372362832 collective_rank_calls=3584
AMG setup messages level=3 phase=R*(A*P) sends=193818 bytes=879091344 collective_rank_calls=3584
AMG setup messages level=4 phase=strength sends=0 bytes=0 collective_rank_calls=3584
AMG setup messages level=4 phase=strength-transpose sends=86538 bytes=32745112 collective_rank_calls=3584
AMG setup messages level=4 phase=PMIS sends=2124778 bytes=68312492 collective_rank_calls=43008
AMG setup messages level=4 phase=numbering sends=0 bytes=0 collective_rank_calls=3584
AMG setup messages level=4 phase=interpolation sends=506562 bytes=46075460 collective_rank_calls=3584
AMG setup messages level=4 phase=interpolation-transpose sends=47448 bytes=7501920 collective_rank_calls=3584
AMG setup messages level=4 phase=A*P sends=458232 bytes=128694960 collective_rank_calls=3584
AMG setup messages level=4 phase=R*(A*P) sends=142344 bytes=197805680 collective_rank_calls=3584
AMG setup messages level=5 phase=strength sends=0 bytes=0 collective_rank_calls=3584
AMG setup messages level=5 phase=strength-transpose sends=74702 bytes=5742296 collective_rank_calls=3584
AMG setup messages level=5 phase=PMIS sends=1348646 bytes=11656080 collective_rank_calls=28672
AMG setup messages level=5 phase=numbering sends=0 bytes=0 collective_rank_calls=3584
AMG setup messages level=5 phase=interpolation sends=406947 bytes=8867272 collective_rank_calls=3584
AMG setup messages level=5 phase=interpolation-transpose sends=20825 bytes=1631168 collective_rank_calls=3584
AMG setup messages level=5 phase=A*P sends=860478 bytes=51131856 collective_rank_calls=3584
AMG setup messages level=5 phase=R*(A*P) sends=62475 bytes=31121552 collective_rank_calls=3584
AMG setup messages level=6 phase=strength sends=0 bytes=0 collective_rank_calls=3584
AMG setup messages level=6 phase=strength-transpose sends=14209 bytes=788196 collective_rank_calls=3584
AMG setup messages level=6 phase=PMIS sends=307453 bytes=1871452 collective_rank_calls=28672
AMG setup messages level=6 phase=numbering sends=0 bytes=0 collective_rank_calls=3584
AMG setup messages level=6 phase=interpolation sends=68088 bytes=950896 collective_rank_calls=3584
AMG setup messages level=6 phase=interpolation-transpose sends=5299 bytes=318048 collective_rank_calls=3584
AMG setup messages level=6 phase=A*P sends=343752 bytes=10513056 collective_rank_calls=3584
AMG setup messages level=6 phase=R*(A*P) sends=15897 bytes=4436112 collective_rank_calls=3584
AMG setup messages level=7 phase=strength sends=0 bytes=0 collective_rank_calls=3584
AMG setup messages level=7 phase=strength-transpose sends=3293 bytes=174348 collective_rank_calls=3584
AMG setup messages level=7 phase=PMIS sends=50852 bytes=327328 collective_rank_calls=17920
AMG setup messages level=7 phase=numbering sends=0 bytes=0 collective_rank_calls=3584
AMG setup messages level=7 phase=interpolation sends=14124 bytes=155536 collective_rank_calls=3584
AMG setup messages level=7 phase=interpolation-transpose sends=1710 bytes=99024 collective_rank_calls=3584
AMG setup messages level=7 phase=A*P sends=82662 bytes=2189440 collective_rank_calls=3584
AMG setup messages level=7 phase=R*(A*P) sends=5130 bytes=864384 collective_rank_calls=3584
AMG setup messages level=8 phase=strength sends=0 bytes=0 collective_rank_calls=3584
AMG setup messages level=8 phase=strength-transpose sends=1272 bytes=66792 collective_rank_calls=3584
AMG setup messages level=8 phase=PMIS sends=12656 bytes=92496 collective_rank_calls=10752
AMG setup messages level=8 phase=numbering sends=0 bytes=0 collective_rank_calls=3584
AMG setup messages level=8 phase=interpolation sends=6240 bytes=51296 collective_rank_calls=3584
AMG setup messages level=8 phase=interpolation-transpose sends=335 bytes=20016 collective_rank_calls=3584
AMG setup messages level=8 phase=A*P sends=21534 bytes=317024 collective_rank_calls=3584
AMG setup messages level=8 phase=R*(A*P) sends=1005 bytes=41792 collective_rank_calls=3584
AMG setup messages level=9 phase=strength sends=0 bytes=0 collective_rank_calls=3584
AMG setup messages level=9 phase=strength-transpose sends=41 bytes=2104 collective_rank_calls=3584
AMG setup messages level=9 phase=PMIS sends=275 bytes=2224 collective_rank_calls=7168
AMG setup messages level=9 phase=numbering sends=0 bytes=0 collective_rank_calls=3584
AMG setup messages level=9 phase=interpolation sends=123 bytes=820 collective_rank_calls=3584
AMG setup messages level=9 phase=interpolation-transpose sends=39 bytes=2272 collective_rank_calls=3584
AMG setup messages level=9 phase=A*P sends=666 bytes=9376 collective_rank_calls=3584
AMG setup messages level=9 phase=R*(A*P) sends=117 bytes=2048 collective_rank_calls=3584
AMG setup messages level=0 phase=strength sends=0 bytes=0 collective_rank_calls=3584
AMG setup messages level=0 phase=strength-transpose sends=28852 bytes=1220146624 collective_rank_calls=3584
AMG setup messages level=0 phase=PMIS sends=533296 bytes=3524305152 collective_rank_calls=32256
AMG setup messages level=0 phase=numbering sends=0 bytes=0 collective_rank_calls=3584
AMG setup messages level=0 phase=interpolation sends=173112 bytes=1667290564 collective_rank_calls=3584
AMG setup messages level=0 phase=interpolation-transpose sends=68954 bytes=626884144 collective_rank_calls=3584
AMG setup messages level=0 phase=A*P sends=90744 bytes=2937144144 collective_rank_calls=3584
AMG setup messages level=0 phase=R*(A*P) sends=206862 bytes=4423898496 collective_rank_calls=3584
AMG setup messages level=1 phase=strength sends=0 bytes=0 collective_rank_calls=3584
AMG setup messages level=1 phase=strength-transpose sends=76222 bytes=1431199484 collective_rank_calls=3584
AMG setup messages level=1 phase=PMIS sends=1835308 bytes=2920632164 collective_rank_calls=43008
AMG setup messages level=1 phase=numbering sends=0 bytes=0 collective_rank_calls=3584
AMG setup messages level=1 phase=interpolation sends=453450 bytes=1724358456 collective_rank_calls=3584
AMG setup messages level=1 phase=interpolation-transpose sends=74715 bytes=487919888 collective_rank_calls=3584
AMG setup messages level=1 phase=A*P sends=257892 bytes=2887283360 collective_rank_calls=3584
AMG setup messages level=1 phase=R*(A*P) sends=224145 bytes=7270253152 collective_rank_calls=3584
AMG setup messages level=2 phase=strength sends=0 bytes=0 collective_rank_calls=3584
AMG setup messages level=2 phase=strength-transpose sends=86841 bytes=638249128 collective_rank_calls=3584
AMG setup messages level=2 phase=PMIS sends=2096651 bytes=969892292 collective_rank_calls=43008
AMG setup messages level=2 phase=numbering sends=0 bytes=0 collective_rank_calls=3584
AMG setup messages level=2 phase=interpolation sends=512652 bytes=667753188 collective_rank_calls=3584
AMG setup messages level=2 phase=interpolation-transpose sends=73624 bytes=142232768 collective_rank_calls=3584
AMG setup messages level=2 phase=A*P sends=300300 bytes=1164607472 collective_rank_calls=3584
AMG setup messages level=2 phase=R*(A*P) sends=220872 bytes=3217707744 collective_rank_calls=3584
AMG setup messages level=3 phase=strength sends=0 bytes=0 collective_rank_calls=3584
AMG setup messages level=3 phase=strength-transpose sends=88753 bytes=161856216 collective_rank_calls=3584
AMG setup messages level=3 phase=PMIS sends=1967722 bytes=238814096 collective_rank_calls=39424
AMG setup messages level=3 phase=numbering sends=0 bytes=0 collective_rank_calls=3584
AMG setup messages level=3 phase=interpolation sends=524508 bytes=183249812 collective_rank_calls=3584
AMG setup messages level=3 phase=interpolation-transpose sends=64737 bytes=33510880 collective_rank_calls=3584
AMG setup messages level=3 phase=A*P sends=307032 bytes=373010976 collective_rank_calls=3584
AMG setup messages level=3 phase=R*(A*P) sends=194211 bytes=885488352 collective_rank_calls=3584
AMG setup messages level=4 phase=strength sends=0 bytes=0 collective_rank_calls=3584
AMG setup messages level=4 phase=strength-transpose sends=86359 bytes=32346188 collective_rank_calls=3584
AMG setup messages level=4 phase=PMIS sends=1770927 bytes=57945668 collective_rank_calls=35840
AMG setup messages level=4 phase=numbering sends=0 bytes=0 collective_rank_calls=3584
AMG setup messages level=4 phase=interpolation sends=504450 bytes=45670008 collective_rank_calls=3584
AMG setup messages level=4 phase=interpolation-transpose sends=47666 bytes=7559648 collective_rank_calls=3584
AMG setup messages level=4 phase=A*P sends=459498 bytes=129473328 collective_rank_calls=3584
AMG setup messages level=4 phase=R*(A*P) sends=142998 bytes=200818624 collective_rank_calls=3584
AMG setup messages level=5 phase=strength sends=0 bytes=0 collective_rank_calls=3584
AMG setup messages level=5 phase=strength-transpose sends=72581 bytes=5538624 collective_rank_calls=3584
AMG setup messages level=5 phase=PMIS sends=1161726 bytes=10198568 collective_rank_calls=25088
AMG setup messages level=5 phase=numbering sends=0 bytes=0 collective_rank_calls=3584
AMG setup messages level=5 phase=interpolation sends=392691 bytes=8426356 collective_rank_calls=3584
AMG setup messages level=5 phase=interpolation-transpose sends=19741 bytes=1606944 collective_rank_calls=3584
AMG setup messages level=5 phase=A*P sends=868038 bytes=51692704 collective_rank_calls=3584
AMG setup messages level=5 phase=R*(A*P) sends=59223 bytes=29973840 collective_rank_calls=3584
AMG setup messages level=6 phase=strength sends=0 bytes=0 collective_rank_calls=3584
AMG setup messages level=6 phase=strength-transpose sends=12389 bytes=742616 collective_rank_calls=3584
AMG setup messages level=6 phase=PMIS sends=271925 bytes=1765068 collective_rank_calls=28672
AMG setup messages level=6 phase=numbering sends=0 bytes=0 collective_rank_calls=3584
AMG setup messages level=6 phase=interpolation sends=59082 bytes=903792 collective_rank_calls=3584
AMG setup messages level=6 phase=interpolation-transpose sends=4861 bytes=302448 collective_rank_calls=3584
AMG setup messages level=6 phase=A*P sends=332196 bytes=10478912 collective_rank_calls=3584
AMG setup messages level=6 phase=R*(A*P) sends=14583 bytes=4497312 collective_rank_calls=3584
AMG setup messages level=7 phase=strength sends=0 bytes=0 collective_rank_calls=3584
AMG setup messages level=7 phase=strength-transpose sends=3448 bytes=198832 collective_rank_calls=3584
AMG setup messages level=7 phase=PMIS sends=43174 bytes=320428 collective_rank_calls=14336
AMG setup messages level=7 phase=numbering sends=0 bytes=0 collective_rank_calls=3584
AMG setup messages level=7 phase=interpolation sends=15270 bytes=165804 collective_rank_calls=3584
AMG setup messages level=7 phase=interpolation-transpose sends=1724 bytes=110048 collective_rank_calls=3584
AMG setup messages level=7 phase=A*P sends=87360 bytes=2311936 collective_rank_calls=3584
AMG setup messages level=7 phase=R*(A*P) sends=5172 bytes=724688 collective_rank_calls=3584
AMG setup messages level=8 phase=strength sends=0 bytes=0 collective_rank_calls=3584
AMG setup messages level=8 phase=strength-transpose sends=564 bytes=32372 collective_rank_calls=3584
AMG setup messages level=8 phase=PMIS sends=5616 bytes=45016 collective_rank_calls=10752
AMG setup messages level=8 phase=numbering sends=0 bytes=0 collective_rank_calls=3584
AMG setup messages level=8 phase=interpolation sends=2055 bytes=15828 collective_rank_calls=3584
AMG setup messages level=8 phase=interpolation-transpose sends=263 bytes=18464 collective_rank_calls=3584
AMG setup messages level=8 phase=A*P sends=13278 bytes=254976 collective_rank_calls=3584
AMG setup messages level=8 phase=R*(A*P) sends=789 bytes=55616 collective_rank_calls=3584
AMG setup messages level=9 phase=strength sends=0 bytes=0 collective_rank_calls=3584
AMG setup messages level=9 phase=strength-transpose sends=109 bytes=6228 collective_rank_calls=3584
AMG setup messages level=9 phase=PMIS sends=757 bytes=7100 collective_rank_calls=7168
AMG setup messages level=9 phase=numbering sends=0 bytes=0 collective_rank_calls=3584
AMG setup messages level=9 phase=interpolation sends=327 bytes=2200 collective_rank_calls=3584
AMG setup messages level=9 phase=interpolation-transpose sends=108 bytes=7056 collective_rank_calls=3584
AMG setup messages level=9 phase=A*P sends=2040 bytes=36128 collective_rank_calls=3584
AMG setup messages level=9 phase=R*(A*P) sends=324 bytes=7200 collective_rank_calls=3584
AMG setup messages level=0 phase=strength sends=0 bytes=0 collective_rank_calls=3584
AMG setup messages level=0 phase=strength-transpose sends=28852 bytes=1220044224 collective_rank_calls=3584
AMG setup messages level=0 phase=PMIS sends=592396 bytes=3874714984 collective_rank_calls=35840
AMG setup messages level=0 phase=numbering sends=0 bytes=0 collective_rank_calls=3584
AMG setup messages level=0 phase=interpolation sends=173112 bytes=1666919144 collective_rank_calls=3584
AMG setup messages level=0 phase=interpolation-transpose sends=69021 bytes=626472032 collective_rank_calls=3584
AMG setup messages level=0 phase=A*P sends=90744 bytes=2936830336 collective_rank_calls=3584
AMG setup messages level=0 phase=R*(A*P) sends=207063 bytes=4420792624 collective_rank_calls=3584
AMG setup messages level=1 phase=strength sends=0 bytes=0 collective_rank_calls=3584
AMG setup messages level=1 phase=strength-transpose sends=76448 bytes=1431217776 collective_rank_calls=3584
AMG setup messages level=1 phase=PMIS sends=1840784 bytes=2921405204 collective_rank_calls=43008
AMG setup messages level=1 phase=numbering sends=0 bytes=0 collective_rank_calls=3584
AMG setup messages level=1 phase=interpolation sends=454782 bytes=1724543064 collective_rank_calls=3584
AMG setup messages level=1 phase=interpolation-transpose sends=74751 bytes=488117248 collective_rank_calls=3584
AMG setup messages level=1 phase=A*P sends=258882 bytes=2887334880 collective_rank_calls=3584
AMG setup messages level=1 phase=R*(A*P) sends=224253 bytes=7271867072 collective_rank_calls=3584
AMG setup messages level=2 phase=strength sends=0 bytes=0 collective_rank_calls=3584
AMG setup messages level=2 phase=strength-transpose sends=86815 bytes=637796436 collective_rank_calls=3584
AMG setup messages level=2 phase=PMIS sends=2096287 bytes=970032244 collective_rank_calls=43008
AMG setup messages level=2 phase=numbering sends=0 bytes=0 collective_rank_calls=3584
AMG setup messages level=2 phase=interpolation sends=512799 bytes=667337848 collective_rank_calls=3584
AMG setup messages level=2 phase=interpolation-transpose sends=73738 bytes=142410528 collective_rank_calls=3584
AMG setup messages level=2 phase=A*P sends=300432 bytes=1165270576 collective_rank_calls=3584
AMG setup messages level=2 phase=R*(A*P) sends=221214 bytes=3219920400 collective_rank_calls=3584
AMG setup messages level=3 phase=strength sends=0 bytes=0 collective_rank_calls=3584
AMG setup messages level=3 phase=strength-transpose sends=88655 bytes=161230388 collective_rank_calls=3584
AMG setup messages level=3 phase=PMIS sends=1966934 bytes=238748928 collective_rank_calls=39424
AMG setup messages level=3 phase=numbering sends=0 bytes=0 collective_rank_calls=3584
AMG setup messages level=3 phase=interpolation sends=523821 bytes=182422384 collective_rank_calls=3584
AMG setup messages level=3 phase=interpolation-transpose sends=64648 bytes=33674576 collective_rank_calls=3584
AMG setup messages level=3 phase=A*P sends=306966 bytes=373447792 collective_rank_calls=3584
AMG setup messages level=3 phase=R*(A*P) sends=193944 bytes=891109280 collective_rank_calls=3584
AMG setup messages level=4 phase=strength sends=0 bytes=0 collective_rank_calls=3584
AMG setup messages level=4 phase=strength-transpose sends=85978 bytes=31834880 collective_rank_calls=3584
AMG setup messages level=4 phase=PMIS sends=1765826 bytes=57704732 collective_rank_calls=35840
AMG setup messages level=4 phase=numbering sends=0 bytes=0 collective_rank_calls=3584
AMG setup messages level=4 phase=interpolation sends=502356 bytes=44843092 collective_rank_calls=3584
AMG setup messages level=4 phase=interpolation-transpose sends=47722 bytes=7646640 collective_rank_calls=3584
AMG setup messages level=4 phase=A*P sends=460518 bytes=130051424 collective_rank_calls=3584
AMG setup messages level=4 phase=R*(A*P) sends=143166 bytes=205625328 collective_rank_calls=3584
AMG setup messages level=5 phase=strength sends=0 bytes=0 collective_rank_calls=3584
AMG setup messages level=5 phase=strength-transpose sends=69420 bytes=5259888 collective_rank_calls=3584
AMG setup messages level=5 phase=PMIS sends=1281072 bytes=10992800 collective_rank_calls=28672
AMG setup messages level=5 phase=numbering sends=0 bytes=0 collective_rank_calls=3584
AMG setup messages level=5 phase=interpolation sends=373215 bytes=7791516 collective_rank_calls=3584
AMG setup messages level=5 phase=interpolation-transpose sends=19401 bytes=1595936 collective_rank_calls=3584
AMG setup messages level=5 phase=A*P sends=879906 bytes=52385792 collective_rank_calls=3584
AMG setup messages level=5 phase=R*(A*P) sends=58203 bytes=29892432 collective_rank_calls=3584
AMG setup messages level=6 phase=strength sends=0 bytes=0 collective_rank_calls=3584
AMG setup messages level=6 phase=strength-transpose sends=11631 bytes=701840 collective_rank_calls=3584
AMG setup messages level=6 phase=PMIS sends=255513 bytes=1681168 collective_rank_calls=28672
AMG setup messages level=6 phase=numbering sends=0 bytes=0 collective_rank_calls=3584
AMG setup messages level=6 phase=interpolation sends=55017 bytes=835496 collective_rank_calls=3584
AMG setup messages level=6 phase=interpolation-transpose sends=4448 bytes=304416 collective_rank_calls=3584
AMG setup messages level=6 phase=A*P sends=334524 bytes=10695792 collective_rank_calls=3584
AMG setup messages level=6 phase=R*(A*P) sends=13344 bytes=4269072 collective_rank_calls=3584
AMG setup messages level=7 phase=strength sends=0 bytes=0 collective_rank_calls=3584
AMG setup messages level=7 phase=strength-transpose sends=3239 bytes=202436 collective_rank_calls=3584
AMG setup messages level=7 phase=PMIS sends=40347 bytes=314012 collective_rank_calls=14336
AMG setup messages level=7 phase=numbering sends=0 bytes=0 collective_rank_calls=3584
AMG setup messages level=7 phase=interpolation sends=14724 bytes=198736 collective_rank_calls=3584
AMG setup messages level=7 phase=interpolation-transpose sends=2006 bytes=138016 collective_rank_calls=3584
AMG setup messages level=7 phase=A*P sends=87624 bytes=2724304 collective_rank_calls=3584
AMG setup messages level=7 phase=R*(A*P) sends=6018 bytes=1047712 collective_rank_calls=3584
AMG setup messages level=8 phase=strength sends=0 bytes=0 collective_rank_calls=3584
AMG setup messages level=8 phase=strength-transpose sends=690 bytes=45576 collective_rank_calls=3584
AMG setup messages level=8 phase=PMIS sends=6732 bytes=59664 collective_rank_calls=10752
AMG setup messages level=8 phase=numbering sends=0 bytes=0 collective_rank_calls=3584
AMG setup messages level=8 phase=interpolation sends=2475 bytes=23976 collective_rank_calls=3584
AMG setup messages level=8 phase=interpolation-transpose sends=190 bytes=20160 collective_rank_calls=3584
AMG setup messages level=8 phase=A*P sends=19272 bytes=425040 collective_rank_calls=3584
AMG setup messages level=8 phase=R*(A*P) sends=570 bytes=68320 collective_rank_calls=3584
AMG setup messages level=9 phase=strength sends=0 bytes=0 collective_rank_calls=3584
AMG setup messages level=9 phase=strength-transpose sends=121 bytes=11832 collective_rank_calls=3584
AMG setup messages level=9 phase=PMIS sends=847 bytes=10828 collective_rank_calls=7168
AMG setup messages level=9 phase=numbering sends=0 bytes=0 collective_rank_calls=3584
AMG setup messages level=9 phase=interpolation sends=726 bytes=8712 collective_rank_calls=3584
AMG setup messages level=9 phase=interpolation-transpose sends=121 bytes=7888 collective_rank_calls=3584
AMG setup messages level=9 phase=A*P sends=3306 bytes=55648 collective_rank_calls=3584
AMG setup messages level=9 phase=R*(A*P) sends=363 bytes=8032 collective_rank_calls=3584
AMG setup messages level=0 phase=strength sends=0 bytes=0 collective_rank_calls=3584
AMG setup messages level=0 phase=strength-transpose sends=28852 bytes=1219937336 collective_rank_calls=3584
AMG setup messages level=0 phase=PMIS sends=592396 bytes=3874476176 collective_rank_calls=35840
AMG setup messages level=0 phase=numbering sends=0 bytes=0 collective_rank_calls=3584
AMG setup messages level=0 phase=interpolation sends=173112 bytes=1666790960 collective_rank_calls=3584
AMG setup messages level=0 phase=interpolation-transpose sends=69030 bytes=626602016 collective_rank_calls=3584
AMG setup messages level=0 phase=A*P sends=90744 bytes=2936801360 collective_rank_calls=3584
AMG setup messages level=0 phase=R*(A*P) sends=207090 bytes=4420945872 collective_rank_calls=3584
AMG setup messages level=1 phase=strength sends=0 bytes=0 collective_rank_calls=3584
AMG setup messages level=1 phase=strength-transpose sends=76269 bytes=1431217416 collective_rank_calls=3584
AMG setup messages level=1 phase=PMIS sends=1989812 bytes=3145281600 collective_rank_calls=46592
AMG setup messages level=1 phase=numbering sends=0 bytes=0 collective_rank_calls=3584
AMG setup messages level=1 phase=interpolation sends=453717 bytes=1724319840 collective_rank_calls=3584
AMG setup messages level=1 phase=interpolation-transpose sends=74654 bytes=488183184 collective_rank_calls=3584
AMG setup messages level=1 phase=A*P sends=257490 bytes=2886970896 collective_rank_calls=3584
AMG setup messages level=1 phase=R*(A*P) sends=223962 bytes=7270893536 collective_rank_calls=3584
AMG setup messages level=2 phase=strength sends=0 bytes=0 collective_rank_calls=3584
AMG setup messages level=2 phase=strength-transpose sends=86710 bytes=637191936 collective_rank_calls=3584
AMG setup messages level=2 phase=PMIS sends=2093416 bytes=970109812 collective_rank_calls=43008
AMG setup messages level=2 phase=numbering sends=0 bytes=0 collective_rank_calls=3584
AMG setup messages level=2 phase=interpolation sends=512193 bytes=667022404 collective_rank_calls=3584
AMG setup messages level=2 phase=interpolation-transpose sends=73469 bytes=142488256 collective_rank_calls=3584
AMG setup messages level=2 phase=A*P sends=300366 bytes=1165139424 collective_rank_calls=3584
AMG setup messages level=2 phase=R*(A*P) sends=220407 bytes=3223418576 collective_rank_calls=3584
AMG setup messages level=3 phase=strength sends=0 bytes=0 collective_rank_calls=3584
AMG setup messages level=3 phase=strength-transpose sends=88596 bytes=160564964 collective_rank_calls=3584
AMG setup messages level=3 phase=PMIS sends=1788508 bytes=218936496 collective_rank_calls=35840
AMG setup messages level=3 phase=numbering sends=0 bytes=0 collective_rank_calls=3584
AMG setup messages level=3 phase=interpolation sends=523200 bytes=182023232 collective_rank_calls=3584
AMG setup messages level=3 phase=interpolation-transpose sends=64596 bytes=33811648 collective_rank_calls=3584
AMG setup messages level=3 phase=A*P sends=306918 bytes=373997936 collective_rank_calls=3584
AMG setup messages level=3 phase=R*(A*P) sends=193788 bytes=896029344 collective_rank_calls=3584
AMG setup messages level=4 phase=strength sends=0 bytes=0 collective_rank_calls=3584
AMG setup messages level=4 phase=strength-transpose sends=85530 bytes=31368520 collective_rank_calls=3584
AMG setup messages level=4 phase=PMIS sends=1761926 bytes=57470312 collective_rank_calls=35840
AMG setup messages level=4 phase=numbering sends=0 bytes=0 collective_rank_calls=3584
AMG setup messages level=4 phase=interpolation sends=499587 bytes=44135224 collective_rank_calls=3584
AMG setup messages level=4 phase=interpolation-transpose sends=48035 bytes=7708608 collective_rank_calls=3584
AMG setup messages level=4 phase=A*P sends=461784 bytes=130707840 collective_rank_calls=3584
AMG setup messages level=4 phase=R*(A*P) sends=144105 bytes=208677936 collective_rank_calls=3584
AMG setup messages level=5 phase=strength sends=0 bytes=0 collective_rank_calls=3584
AMG setup messages level=5 phase=strength-transpose sends=66945 bytes=5090400 collective_rank_calls=3584
AMG setup messages level=5 phase=PMIS sends=1092486 bytes=9573064 collective_rank_calls=25088
AMG setup messages level=5 phase=numbering sends=0 bytes=0 collective_rank_calls=3584
AMG setup messages level=5 phase=interpolation sends=358995 bytes=7433284 collective_rank_calls=3584
AMG setup messages level=5 phase=interpolation-transpose sends=19047 bytes=1578704 collective_rank_calls=3584
AMG setup messages level=5 phase=A*P sends=884712 bytes=53160368 collective_rank_calls=3584
AMG setup messages level=5 phase=R*(A*P) sends=57141 bytes=30548256 collective_rank_calls=3584
AMG setup messages level=6 phase=strength sends=0 bytes=0 collective_rank_calls=3584
AMG setup messages level=6 phase=strength-transpose sends=11646 bytes=707700 collective_rank_calls=3584
AMG setup messages level=6 phase=PMIS sends=225124 bytes=1515976 collective_rank_calls=25088
AMG setup messages level=6 phase=numbering sends=0 bytes=0 collective_rank_calls=3584
AMG setup messages level=6 phase=interpolation sends=55146 bytes=802520 collective_rank_calls=3584
AMG setup messages level=6 phase=interpolation-transpose sends=4666 bytes=297760 collective_rank_calls=3584
AMG setup messages level=6 phase=A*P sends=345504 bytes=10866128 collective_rank_calls=3584
AMG setup messages level=6 phase=R*(A*P) sends=13998 bytes=4991232 collective_rank_calls=3584
AMG setup messages level=7 phase=strength sends=0 bytes=0 collective_rank_calls=3584
AMG setup messages level=7 phase=strength-transpose sends=3482 bytes=200980 collective_rank_calls=3584
AMG setup messages level=7 phase=PMIS sends=43696 bytes=328540 collective_rank_calls=14336
AMG setup messages level=7 phase=numbering sends=0 bytes=0 collective_rank_calls=3584
AMG setup messages level=7 phase=interpolation sends=15285 bytes=154316 collective_rank_calls=3584
AMG setup messages level=7 phase=interpolation-transpose sends=1591 bytes=102672 collective_rank_calls=3584
AMG setup messages level=7 phase=A*P sends=104058 bytes=2581664 collective_rank_calls=3584
AMG setup messages level=7 phase=R*(A*P) sends=4773 bytes=739392 collective_rank_calls=3584
AMG setup messages level=8 phase=strength sends=0 bytes=0 collective_rank_calls=3584
AMG setup messages level=8 phase=strength-transpose sends=667 bytes=36536 collective_rank_calls=3584
AMG setup messages level=8 phase=PMIS sends=6614 bytes=51392 collective_rank_calls=10752
AMG setup messages level=8 phase=numbering sends=0 bytes=0 collective_rank_calls=3584
AMG setup messages level=8 phase=interpolation sends=2682 bytes=20604 collective_rank_calls=3584
AMG setup messages level=8 phase=interpolation-transpose sends=174 bytes=11120 collective_rank_calls=3584
AMG setup messages level=8 phase=A*P sends=15150 bytes=241280 collective_rank_calls=3584
AMG setup messages level=8 phase=R*(A*P) sends=522 bytes=36448 collective_rank_calls=3584
AMG setup messages level=9 phase=strength sends=0 bytes=0 collective_rank_calls=3584
AMG setup messages level=9 phase=strength-transpose sends=152 bytes=8192 collective_rank_calls=3584
AMG setup messages level=9 phase=PMIS sends=968 bytes=8384 collective_rank_calls=7168
AMG setup messages level=9 phase=numbering sends=0 bytes=0 collective_rank_calls=3584
AMG setup messages level=9 phase=interpolation sends=456 bytes=3120 collective_rank_calls=3584
AMG setup messages level=9 phase=interpolation-transpose sends=136 bytes=8384 collective_rank_calls=3584
AMG setup messages level=9 phase=A*P sends=2574 bytes=40384 collective_rank_calls=3584
AMG setup messages level=9 phase=R*(A*P) sends=408 bytes=8064 collective_rank_calls=3584
AMG setup messages level=0 phase=strength sends=0 bytes=0 collective_rank_calls=3584
AMG setup messages level=0 phase=strength-transpose sends=28852 bytes=1219832844 collective_rank_calls=3584
AMG setup messages level=0 phase=PMIS sends=533296 bytes=3523680256 collective_rank_calls=32256
AMG setup messages level=0 phase=numbering sends=0 bytes=0 collective_rank_calls=3584
AMG setup messages level=0 phase=interpolation sends=173112 bytes=1666529456 collective_rank_calls=3584
AMG setup messages level=0 phase=interpolation-transpose sends=68970 bytes=627210192 collective_rank_calls=3584
AMG setup messages level=0 phase=A*P sends=90744 bytes=2936630432 collective_rank_calls=3584
AMG setup messages level=0 phase=R*(A*P) sends=206910 bytes=4423483760 collective_rank_calls=3584
AMG setup messages level=1 phase=strength sends=0 bytes=0 collective_rank_calls=3584
AMG setup messages level=1 phase=strength-transpose sends=76430 bytes=1430900540 collective_rank_calls=3584
AMG setup messages level=1 phase=PMIS sends=1840846 bytes=2922053880 collective_rank_calls=43008
AMG setup messages level=1 phase=numbering sends=0 bytes=0 collective_rank_calls=3584
AMG setup messages level=1 phase=interpolation sends=454605 bytes=1724091604 collective_rank_calls=3584
AMG setup messages level=1 phase=interpolation-transpose sends=74667 bytes=488231040 collective_rank_calls=3584
AMG setup messages level=1 phase=A*P sends=257880 bytes=2887760144 collective_rank_calls=3584
AMG setup messages level=1 phase=R*(A*P) sends=224001 bytes=7272271232 collective_rank_calls=3584
AMG setup messages level=2 phase=strength sends=0 bytes=0 collective_rank_calls=3584
AMG setup messages level=2 phase=strength-transpose sends=86737 bytes=636520112 collective_rank_calls=3584
AMG setup messages level=2 phase=PMIS sends=1920082 bytes=895639648 collective_rank_calls=39424
AMG setup messages level=2 phase=numbering sends=0 bytes=0 collective_rank_calls=3584
AMG setup messages level=2 phase=interpolation sends=512676 bytes=666881048 collective_rank_calls=3584
AMG setup messages level=2 phase=interpolation-transpose sends=73527 bytes=142558144 collective_rank_calls=3584
AMG setup messages level=2 phase=A*P sends=300282 bytes=1165217904 collective_rank_calls=3584
AMG setup messages level=2 phase=R*(A*P) sends=220581 bytes=3226310448 collective_rank_calls=3584
AMG setup messages level=3 phase=strength sends=0 bytes=0 collective_rank_calls=3584
AMG setup messages level=3 phase=strength-transpose sends=88308 bytes=160029444 collective_rank_calls=3584
AMG setup messages level=3 phase=PMIS sends=1960776 bytes=238784464 collective_rank_calls=39424
AMG setup messages level=3 phase=numbering sends=0 bytes=0 collective_rank_calls=3584
AMG setup messages level=3 phase=interpolation sends=522177 bytes=181633952 collective_rank_calls=3584
AMG setup messages level=3 phase=interpolation-transpose sends=64541 bytes=33929168 collective_rank_calls=3584
AMG setup messages level=3 phase=A*P sends=306942 bytes=374553344 collective_rank_calls=3584
AMG setup messages level=3 phase=R*(A*P) sends=193623 bytes=898762416 collective_rank_calls=3584
AMG setup messages level=4 phase=strength sends=0 bytes=0 collective_rank_calls=3584
AMG setup messages level=4 phase=strength-transpose sends=85009 bytes=31064944 collective_rank_calls=3584
AMG setup messages level=4 phase=PMIS sends=2279548 bytes=72717024 collective_rank_calls=46592
AMG setup messages level=4 phase=numbering sends=0 bytes=0 collective_rank_calls=3584
AMG setup messages level=4 phase=interpolation sends=495801 bytes=43756728 collective_rank_calls=3584
AMG setup messages level=4 phase=interpolation-transpose sends=47728 bytes=7780368 collective_rank_calls=3584
AMG setup messages level=4 phase=A*P sends=460626 bytes=131279616 collective_rank_calls=3584
AMG setup messages level=4 phase=R*(A*P) sends=143184 bytes=212176992 collective_rank_calls=3584
AMG setup messages level=5 phase=strength sends=0 bytes=0 collective_rank_calls=3584
AMG setup messages level=5 phase=strength-transpose sends=65805 bytes=5060088 collective_rank_calls=3584
AMG setup messages level=5 phase=PMIS sends=1076622 bytes=9559536 collective_rank_calls=25088
AMG setup messages level=5 phase=numbering sends=0 bytes=0 collective_rank_calls=3584
AMG setup messages level=5 phase=interpolation sends=352416 bytes=7388580 collective_rank_calls=3584
AMG setup messages level=5 phase=interpolation-transpose sends=18862 bytes=1588208 collective_rank_calls=3584
AMG setup messages level=5 phase=A*P sends=881496 bytes=53817776 collective_rank_calls=3584
AMG setup messages level=5 phase=R*(A*P) sends=56586 bytes=31798352 collective_rank_calls=3584
AMG setup messages level=6 phase=strength sends=0 bytes=0 collective_rank_calls=3584
AMG setup messages level=6 phase=strength-transpose sends=12148 bytes=748572 collective_rank_calls=3584
AMG setup messages level=6 phase=PMIS sends=201972 bytes=1424860 collective_rank_calls=21504
AMG setup messages level=6 phase=numbering sends=0 bytes=0 collective_rank_calls=3584
AMG setup messages level=6 phase=interpolation sends=57267 bytes=866172 collective_rank_calls=3584
AMG setup messages level=6 phase=interpolation-transpose sends=4821 bytes=317600 collective_rank_calls=3584
AMG setup messages level=6 phase=A*P sends=358320 bytes=11616688 collective_rank_calls=3584
AMG setup messages level=6 phase=R*(A*P) sends=14463 bytes=5181904 collective_rank_calls=3584
AMG setup messages level=7 phase=strength sends=0 bytes=0 collective_rank_calls=3584
AMG setup messages level=7 phase=strength-transpose sends=3648 bytes=224428 collective_rank_calls=3584
AMG setup messages level=7 phase=PMIS sends=45894 bytes=364760 collective_rank_calls=14336
AMG setup messages level=7 phase=numbering sends=0 bytes=0 collective_rank_calls=3584
AMG setup messages level=7 phase=interpolation sends=15993 bytes=171888 collective_rank_calls=3584
AMG setup messages level=7 phase=interpolation-transpose sends=1459 bytes=112096 collective_rank_calls=3584
AMG setup messages level=7 phase=A*P sends=105636 bytes=2989600 collective_rank_calls=3584
AMG setup messages level=7 phase=R*(A*P) sends=4377 bytes=1055664 collective_rank_calls=3584
AMG setup messages level=8 phase=strength sends=0 bytes=0 collective_rank_calls=3584
AMG setup messages level=8 phase=strength-transpose sends=793 bytes=52132 collective_rank_calls=3584
AMG setup messages level=8 phase=PMIS sends=7898 bytes=70080 collective_rank_calls=10752
AMG setup messages level=8 phase=numbering sends=0 bytes=0 collective_rank_calls=3584
AMG setup messages level=8 phase=interpolation sends=3333 bytes=31308 collective_rank_calls=3584
AMG setup messages level=8 phase=interpolation-transpose sends=309 bytes=19792 collective_rank_calls=3584
AMG setup messages level=8 phase=A*P sends=26550 bytes=492464 collective_rank_calls=3584
AMG setup messages level=8 phase=R*(A*P) sends=927 bytes=116224 collective_rank_calls=3584
AMG setup messages level=9 phase=strength sends=0 bytes=0 collective_rank_calls=3584
AMG setup messages level=9 phase=strength-transpose sends=177 bytes=9612 collective_rank_calls=3584
AMG setup messages level=9 phase=PMIS sends=1143 bytes=10060 collective_rank_calls=7168
AMG setup messages level=9 phase=numbering sends=0 bytes=0 collective_rank_calls=3584
AMG setup messages level=9 phase=interpolation sends=531 bytes=3600 collective_rank_calls=3584
AMG setup messages level=9 phase=interpolation-transpose sends=161 bytes=10048 collective_rank_calls=3584
AMG setup messages level=9 phase=A*P sends=5646 bytes=89568 collective_rank_calls=3584
AMG setup messages level=9 phase=R*(A*P) sends=483 bytes=9792 collective_rank_calls=3584
AMG setup messages level=0 phase=strength sends=0 bytes=0 collective_rank_calls=3584
AMG setup messages level=0 phase=strength-transpose sends=28852 bytes=1219733440 collective_rank_calls=3584
AMG setup messages level=0 phase=PMIS sends=533296 bytes=3523461600 collective_rank_calls=32256
AMG setup messages level=0 phase=numbering sends=0 bytes=0 collective_rank_calls=3584
AMG setup messages level=0 phase=interpolation sends=173112 bytes=1666443168 collective_rank_calls=3584
AMG setup messages level=0 phase=interpolation-transpose sends=69046 bytes=626757344 collective_rank_calls=3584
AMG setup messages level=0 phase=A*P sends=90744 bytes=2936690240 collective_rank_calls=3584
AMG setup messages level=0 phase=R*(A*P) sends=207138 bytes=4421339232 collective_rank_calls=3584
AMG setup messages level=1 phase=strength sends=0 bytes=0 collective_rank_calls=3584
AMG setup messages level=1 phase=strength-transpose sends=76429 bytes=1430624860 collective_rank_calls=3584
AMG setup messages level=1 phase=PMIS sends=1840549 bytes=2921883432 collective_rank_calls=43008
AMG setup messages level=1 phase=numbering sends=0 bytes=0 collective_rank_calls=3584
AMG setup messages level=1 phase=interpolation sends=454467 bytes=1723866536 collective_rank_calls=3584
AMG setup messages level=1 phase=interpolation-transpose sends=74761 bytes=488128384 collective_rank_calls=3584
AMG setup messages level=1 phase=A*P sends=257940 bytes=2886955024 collective_rank_calls=3584
AMG setup messages level=1 phase=R*(A*P) sends=224283 bytes=7272143744 collective_rank_calls=3584
AMG setup messages level=2 phase=strength sends=0 bytes=0 collective_rank_calls=3584
AMG setup messages level=2 phase=strength-transpose sends=86623 bytes=635915048 collective_rank_calls=3584
AMG setup messages level=2 phase=PMIS sends=1918078 bytes=895645912 collective_rank_calls=39424
AMG setup messages level=2 phase=numbering sends=0 bytes=0 collective_rank_calls=3584
AMG setup messages level=2 phase=interpolation sends=512034 bytes=666283396 collective_rank_calls=3584
AMG setup messages level=2 phase=interpolation-transpose sends=73585 bytes=142612320 collective_rank_calls=3584
AMG setup messages level=2 phase=A*P sends=300156 bytes=1165363232 collective_rank_calls=3584
AMG setup messages level=2 phase=R*(A*P) sends=220755 bytes=3227910688 collective_rank_calls=3584
AMG setup messages level=3 phase=strength sends=0 bytes=0 collective_rank_calls=3584
AMG setup messages level=3 phase=strength-transpose sends=88250 bytes=159453536 collective_rank_calls=3584
AMG setup messages level=3 phase=PMIS sends=1960172 bytes=238729720 collective_rank_calls=39424
AMG setup messages level=3 phase=numbering sends=0 bytes=0 collective_rank_calls=3584
AMG setup messages level=3 phase=interpolation sends=521607 bytes=181207708 collective_rank_calls=3584
AMG setup messages level=3 phase=interpolation-transpose sends=64657 bytes=34034208 collective_rank_calls=3584
AMG setup messages level=3 phase=A*P sends=307158 bytes=375096032 collective_rank_calls=3584
AMG setup messages level=3 phase=R*(A*P) sends=193971 bytes=905002656 collective_rank_calls=3584
AMG setup messages level=4 phase=strength sends=0 bytes=0 collective_rank_calls=3584
AMG setup messages level=4 phase=strength-transpose sends=84956 bytes=30835240 collective_rank_calls=3584
AMG setup messages level=4 phase=PMIS sends=2283644 bytes=72598816 collective_rank_calls=46592
AMG setup messages level=4 phase=numbering sends=0 bytes=0 collective_rank_calls=3584
AMG setup messages level=4 phase=interpolation sends=495756 bytes=43511592 collective_rank_calls=3584
AMG setup messages level=4 phase=interpolation-transpose sends=47986 bytes=7806208 collective_rank_calls=3584
AMG setup messages level=4 phase=A*P sends=461508 bytes=132043472 collective_rank_calls=3584
AMG setup messages level=4 phase=R*(A*P) sends=143958 bytes=215632320 collective_rank_calls=3584
AMG setup messages level=5 phase=strength sends=0 bytes=0 collective_rank_calls=3584
AMG setup messages level=5 phase=strength-transpose sends=66128 bytes=5139252 collective_rank_calls=3584
AMG setup messages level=5 phase=PMIS sends=1083680 bytes=9734752 collective_rank_calls=25088
AMG setup messages level=5 phase=numbering sends=0 bytes=0 collective_rank_calls=3584
AMG setup messages level=5 phase=interpolation sends=356502 bytes=7474876 collective_rank_calls=3584
AMG setup messages level=5 phase=interpolation-transpose sends=19325 bytes=1644704 collective_rank_calls=3584
AMG setup messages level=5 phase=A*P sends=891240 bytes=55556288 collective_rank_calls=3584
AMG setup messages level=5 phase=R*(A*P) sends=57975 bytes=33395936 collective_rank_calls=3584
AMG setup messages level=6 phase=strength sends=0 bytes=0 collective_rank_calls=3584
AMG setup messages level=6 phase=strength-transpose sends=12270 bytes=756288 collective_rank_calls=3584
AMG setup messages level=6 phase=PMIS sends=203996 bytes=1443804 collective_rank_calls=21504
AMG setup messages level=6 phase=numbering sends=0 bytes=0 collective_rank_calls=3584
AMG setup messages level=6 phase=interpolation sends=58869 bytes=822172 collective_rank_calls=3584
AMG setup messages level=6 phase=interpolation-transpose sends=4553 bytes=308992 collective_rank_calls=3584
AMG setup messages level=6 phase=A*P sends=371820 bytes=12001760 collective_rank_calls=3584
AMG setup messages level=6 phase=R*(A*P) sends=13659 bytes=4951600 collective_rank_calls=3584
AMG setup messages level=7 phase=strength sends=0 bytes=0 collective_rank_calls=3584
AMG setup messages level=7 phase=strength-transpose sends=3202 bytes=207024 collective_rank_calls=3584
AMG setup messages level=7 phase=PMIS sends=40766 bytes=333180 collective_rank_calls=14336
AMG setup messages level=7 phase=numbering sends=0 bytes=0 collective_rank_calls=3584
AMG setup messages level=7 phase=interpolation sends=14082 bytes=157092 collective_rank_calls=3584
AMG setup messages level=7 phase=interpolation-transpose sends=1457 bytes=110176 collective_rank_calls=3584
AMG setup messages level=7 phase=A*P sends=97134 bytes=2708032 collective_rank_calls=3584
AMG setup messages level=7 phase=R*(A*P) sends=4371 bytes=974608 collective_rank_calls=3584
AMG setup messages level=8 phase=strength sends=0 bytes=0 collective_rank_calls=3584
AMG setup messages level=8 phase=strength-transpose sends=653 bytes=46408 collective_rank_calls=3584
AMG setup messages level=8 phase=PMIS sends=6458 bytes=60304 collective_rank_calls=10752
AMG setup messages level=8 phase=numbering sends=0 bytes=0 collective_rank_calls=3584
AMG setup messages level=8 phase=interpolation sends=3351 bytes=35832 collective_rank_calls=3584
AMG setup messages level=8 phase=interpolation-transpose sends=589 bytes=39376 collective_rank_calls=3584
AMG setup messages level=8 phase=A*P sends=24558 bytes=536592 collective_rank_calls=3584
AMG setup messages level=8 phase=R*(A*P) sends=1767 bytes=60896 collective_rank_calls=3584
AMG setup messages level=0 phase=strength sends=0 bytes=0 collective_rank_calls=3584
AMG setup messages level=0 phase=strength-transpose sends=28852 bytes=1219636768 collective_rank_calls=3584
AMG setup messages level=0 phase=PMIS sends=592396 bytes=3873754744 collective_rank_calls=35840
AMG setup messages level=0 phase=numbering sends=0 bytes=0 collective_rank_calls=3584
AMG setup messages level=0 phase=interpolation sends=173112 bytes=1666103960 collective_rank_calls=3584
AMG setup messages level=0 phase=interpolation-transpose sends=69038 bytes=627024432 collective_rank_calls=3584
AMG setup messages level=0 phase=A*P sends=90744 bytes=2936373376 collective_rank_calls=3584
AMG setup messages level=0 phase=R*(A*P) sends=207114 bytes=4421666368 collective_rank_calls=3584
AMG setup messages level=1 phase=strength sends=0 bytes=0 collective_rank_calls=3584
AMG setup messages level=1 phase=strength-transpose sends=76403 bytes=1430824852 collective_rank_calls=3584
AMG setup messages level=1 phase=PMIS sends=1839847 bytes=2922683476 collective_rank_calls=43008
AMG setup messages level=1 phase=numbering sends=0 bytes=0 collective_rank_calls=3584
AMG setup messages level=1 phase=interpolation sends=454440 bytes=1724009000 collective_rank_calls=3584
AMG setup messages level=1 phase=interpolation-transpose sends=74679 bytes=488327520 collective_rank_calls=3584
AMG setup messages level=1 phase=A*P sends=258276 bytes=2887556144 collective_rank_calls=3584
AMG setup messages level=1 phase=R*(A*P) sends=224037 bytes=7273547520 collective_rank_calls=3584
AMG setup messages level=2 phase=strength sends=0 bytes=0 collective_rank_calls=3584
AMG setup messages level=2 phase=strength-transpose sends=86754 bytes=635479956 collective_rank_calls=3584
AMG setup messages level=2 phase=PMIS sends=1920900 bytes=895887016 collective_rank_calls=39424
AMG setup messages level=2 phase=numbering sends=0 bytes=0 collective_rank_calls=3584
AMG setup messages level=2 phase=interpolation sends=512385 bytes=666490932 collective_rank_calls=3584
AMG setup messages level=2 phase=interpolation-transpose sends=73690 bytes=142614416 collective_rank_calls=3584
AMG setup messages level=2 phase=A*P sends=300276 bytes=1165723600 collective_rank_calls=3584
AMG setup messages level=2 phase=R*(A*P) sends=221070 bytes=3229985072 collective_rank_calls=3584
AMG setup messages level=3 phase=strength sends=0 bytes=0 collective_rank_calls=3584
AMG setup messages level=3 phase=strength-transpose sends=88503 bytes=159097896 collective_rank_calls=3584
AMG setup messages level=3 phase=PMIS sends=1965462 bytes=238847624 collective_rank_calls=39424
AMG setup messages level=3 phase=numbering sends=0 bytes=0 collective_rank_calls=3584
AMG setup messages level=3 phase=interpolation sends=523083 bytes=181207916 collective_rank_calls=3584
AMG setup messages level=3 phase=interpolation-transpose sends=64667 bytes=34172816 collective_rank_calls=3584
AMG setup messages level=3 phase=A*P sends=307098 bytes=375804592 collective_rank_calls=3584
AMG setup messages level=3 phase=R*(A*P) sends=194001 bytes=908592832 collective_rank_calls=3584
AMG setup messages level=4 phase=strength sends=0 bytes=0 collective_rank_calls=3584
AMG setup messages level=4 phase=strength-transpose sends=84393 bytes=30697416 collective_rank_calls=3584
AMG setup messages level=4 phase=PMIS sends=2271904 bytes=72462944 collective_rank_calls=46592
AMG setup messages level=4 phase=numbering sends=0 bytes=0 collective_rank_calls=3584
AMG setup messages level=4 phase=interpolation sends=491772 bytes=43288120 collective_rank_calls=3584
AMG setup messages level=4 phase=interpolation-transpose sends=48040 bytes=7856528 collective_rank_calls=3584
AMG setup messages level=4 phase=A*P sends=460638 bytes=132718544 collective_rank_calls=3584
AMG setup messages level=4 phase=R*(A*P) sends=144120 bytes=218469824 collective_rank_calls=3584
AMG setup messages level=5 phase=strength sends=0 bytes=0 collective_rank_calls=3584
AMG setup messages level=5 phase=strength-transpose sends=66167 bytes=5200488 collective_rank_calls=3584
AMG setup messages level=5 phase=PMIS sends=1233137 bytes=10952712 collective_rank_calls=28672
AMG setup messages level=5 phase=numbering sends=0 bytes=0 collective_rank_calls=3584
AMG setup messages level=5 phase=interpolation sends=358662 bytes=7651976 collective_rank_calls=3584
AMG setup messages level=5 phase=interpolation-transpose sends=19838 bytes=1678592 collective_rank_calls=3584
AMG setup messages level=5 phase=A*P sends=893088 bytes=56680736 collective_rank_calls=3584
AMG setup messages level=5 phase=R*(A*P) sends=59514 bytes=35902336 collective_rank_calls=3584
AMG setup messages level=6 phase=strength sends=0 bytes=0 collective_rank_calls=3584
AMG setup messages level=6 phase=strength-transpose sends=13194 bytes=795700 collective_rank_calls=3584
AMG setup messages level=6 phase=PMIS sends=287226 bytes=1915460 collective_rank_calls=28672
AMG setup messages level=6 phase=numbering sends=0 bytes=0 collective_rank_calls=3584
AMG setup messages level=6 phase=interpolation sends=62943 bytes=932584 collective_rank_calls=3584
AMG setup messages level=6 phase=interpolation-transpose sends=5273 bytes=342080 collective_rank_calls=3584
AMG setup messages level=6 phase=A*P sends=393792 bytes=12975072 collective_rank_calls=3584
AMG setup messages level=6 phase=R*(A*P) sends=15819 bytes=5888816 collective_rank_calls=3584
AMG setup messages level=7 phase=strength sends=0 bytes=0 collective_rank_calls=3584
AMG setup messages level=7 phase=strength-transpose sends=3464 bytes=206372 collective_rank_calls=3584
AMG setup messages level=7 phase=PMIS sends=33320 bytes=282096 collective_rank_calls=10752
AMG setup messages level=7 phase=numbering sends=0 bytes=0 collective_rank_calls=3584
AMG setup messages level=7 phase=interpolation sends=14805 bytes=154800 collective_rank_calls=3584
AMG setup messages level=7 phase=interpolation-transpose sends=1658 bytes=112576 collective_rank_calls=3584
AMG setup messages level=7 phase=A*P sends=103824 bytes=2893312 collective_rank_calls=3584
AMG setup messages level=7 phase=R*(A*P) sends=4974 bytes=1018032 collective_rank_calls=3584
AMG setup messages level=8 phase=strength sends=0 bytes=0 collective_rank_calls=3584
AMG setup messages level=8 phase=strength-transpose sends=838 bytes=48440 collective_rank_calls=3584
AMG setup messages level=8 phase=PMIS sends=5842 bytes=55992 collective_rank_calls=7168
AMG setup messages level=8 phase=numbering sends=0 bytes=0 collective_rank_calls=3584
AMG setup messages level=8 phase=interpolation sends=3927 bytes=31832 collective_rank_calls=3584
AMG setup messages level=8 phase=interpolation-transpose sends=365 bytes=24144 collective_rank_calls=3584
AMG setup messages level=8 phase=A*P sends=20142 bytes=346304 collective_rank_calls=3584
AMG setup messages level=8 phase=R*(A*P) sends=1095 bytes=36464 collective_rank_calls=3584
AMG setup messages level=0 phase=strength sends=0 bytes=0 collective_rank_calls=3584
AMG setup messages level=0 phase=strength-transpose sends=28852 bytes=1219549928 collective_rank_calls=3584
AMG setup messages level=0 phase=PMIS sends=651496 bytes=4224027088 collective_rank_calls=39424
AMG setup messages level=0 phase=numbering sends=0 bytes=0 collective_rank_calls=3584
AMG setup messages level=0 phase=interpolation sends=173112 bytes=1666078208 collective_rank_calls=3584
AMG setup messages level=0 phase=interpolation-transpose sends=69082 bytes=626807696 collective_rank_calls=3584
AMG setup messages level=0 phase=A*P sends=90744 bytes=2936312336 collective_rank_calls=3584
AMG setup messages level=0 phase=R*(A*P) sends=207246 bytes=4420284768 collective_rank_calls=3584
AMG setup messages level=1 phase=strength sends=0 bytes=0 collective_rank_calls=3584
AMG setup messages level=1 phase=strength-transpose sends=76354 bytes=1430576224 collective_rank_calls=3584
AMG setup messages level=1 phase=PMIS sends=1838944 bytes=2922651564 collective_rank_calls=43008
AMG setup messages level=1 phase=numbering sends=0 bytes=0 collective_rank_calls=3584
AMG setup messages level=1 phase=interpolation sends=454071 bytes=1723840740 collective_rank_calls=3584
AMG setup messages level=1 phase=interpolation-transpose sends=74554 bytes=488389936 collective_rank_calls=3584
AMG setup messages level=1 phase=A*P sends=257706 bytes=2887129712 collective_rank_calls=3584
AMG setup messages level=1 phase=R*(A*P) sends=223662 bytes=7273846384 collective_rank_calls=3584
AMG setup messages level=2 phase=strength sends=0 bytes=0 collective_rank_calls=3584
AMG setup messages level=2 phase=strength-transpose sends=86754 bytes=634946520 collective_rank_calls=3584
AMG setup messages level=2 phase=PMIS sends=2095720 bytes=970237248 collective_rank_calls=43008
AMG setup messages level=2 phase=numbering sends=0 bytes=0 collective_rank_calls=3584
AMG setup messages level=2 phase=interpolation sends=512379 bytes=666001224 collective_rank_calls=3584
AMG setup messages level=2 phase=interpolation-transpose sends=73585 bytes=142795648 collective_rank_calls=3584
AMG setup messages level=2 phase=A*P sends=300306 bytes=1166180640 collective_rank_calls=3584
AMG setup messages level=2 phase=R*(A*P) sends=220755 bytes=3233231984 collective_rank_calls=3584
AMG setup messages level=3 phase=strength sends=0 bytes=0 collective_rank_calls=3584
AMG setup messages level=3 phase=strength-transpose sends=88450 bytes=158677332 collective_rank_calls=3584
AMG setup messages level=3 phase=PMIS sends=2143236 bytes=258504784 collective_rank_calls=43008
AMG setup messages level=3 phase=numbering sends=0 bytes=0 collective_rank_calls=3584
AMG setup messages level=3 phase=interpolation sends=522339 bytes=180627520 collective_rank_calls=3584
AMG setup messages level=3 phase=interpolation-transpose sends=64604 bytes=34319216 collective_rank_calls=3584
AMG setup messages level=3 phase=A*P sends=307128 bytes=376177008 collective_rank_calls=3584
AMG setup messages level=3 phase=R*(A*P) sends=193812 bytes=913751472 collective_rank_calls=3584
AMG setup messages level=4 phase=strength sends=0 bytes=0 collective_rank_calls=3584
AMG setup messages level=4 phase=strength-transpose sends=84035 bytes=30545380 collective_rank_calls=3584
AMG setup messages level=4 phase=PMIS sends=2264416 bytes=72182880 collective_rank_calls=46592
AMG setup messages level=4 phase=numbering sends=0 bytes=0 collective_rank_calls=3584
AMG setup messages level=4 phase=interpolation sends=489990 bytes=43104136 collective_rank_calls=3584
AMG setup messages level=4 phase=interpolation-transpose sends=48096 bytes=7872048 collective_rank_calls=3584
AMG setup messages level=4 phase=A*P sends=460572 bytes=133249408 collective_rank_calls=3584
AMG setup messages level=4 phase=R*(A*P) sends=144288 bytes=220812096 collective_rank_calls=3584
AMG setup messages level=5 phase=strength sends=0 bytes=0 collective_rank_calls=3584
AMG setup messages level=5 phase=strength-transpose sends=67579 bytes=5303872 collective_rank_calls=3584
AMG setup messages level=5 phase=PMIS sends=1406152 bytes=12297648 collective_rank_calls=32256
AMG setup messages level=5 phase=numbering sends=0 bytes=0 collective_rank_calls=3584
AMG setup messages level=5 phase=interpolation sends=364764 bytes=7918076 collective_rank_calls=3584
AMG setup messages level=5 phase=interpolation-transpose sends=20540 bytes=1709504 collective_rank_calls=3584
AMG setup messages level=5 phase=A*P sends=897534 bytes=57451696 collective_rank_calls=3584
AMG setup messages level=5 phase=R*(A*P) sends=61620 bytes=38469616 collective_rank_calls=3584
AMG setup messages level=6 phase=strength sends=0 bytes=0 collective_rank_calls=3584
AMG setup messages level=6 phase=strength-transpose sends=14425 bytes=841736 collective_rank_calls=3584
AMG setup messages level=6 phase=PMIS sends=276118 bytes=1834096 collective_rank_calls=25088
AMG setup messages level=6 phase=numbering sends=0 bytes=0 collective_rank_calls=3584
AMG setup messages level=6 phase=interpolation sends=69960 bytes=1020696 collective_rank_calls=3584
AMG setup messages level=6 phase=interpolation-transpose sends=5949 bytes=382800 collective_rank_calls=3584
AMG setup messages level=6 phase=A*P sends=418488 bytes=14068816 collective_rank_calls=3584
AMG setup messages level=6 phase=R*(A*P) sends=17847 bytes=6291392 collective_rank_calls=3584
AMG setup messages level=7 phase=strength sends=0 bytes=0 collective_rank_calls=3584
AMG setup messages level=7 phase=strength-transpose sends=3601 bytes=203544 collective_rank_calls=3584
AMG setup messages level=7 phase=PMIS sends=45103 bytes=337680 collective_rank_calls=14336
AMG setup messages level=7 phase=numbering sends=0 bytes=0 collective_rank_calls=3584
AMG setup messages level=7 phase=interpolation sends=16125 bytes=164768 collective_rank_calls=3584
AMG setup messages level=7 phase=interpolation-transpose sends=1732 bytes=112384 collective_rank_calls=3584
AMG setup messages level=7 phase=A*P sends=98286 bytes=2796400 collective_rank_calls=3584
AMG setup messages level=7 phase=R*(A*P) sends=5196 bytes=1084576 collective_rank_calls=3584
AMG setup messages level=8 phase=strength sends=0 bytes=0 collective_rank_calls=3584
AMG setup messages level=8 phase=strength-transpose sends=632 bytes=36092 collective_rank_calls=3584
AMG setup messages level=8 phase=PMIS sends=4352 bytes=41112 collective_rank_calls=7168
AMG setup messages level=8 phase=numbering sends=0 bytes=0 collective_rank_calls=3584
AMG setup messages level=8 phase=interpolation sends=2883 bytes=23188 collective_rank_calls=3584
AMG setup messages level=8 phase=interpolation-transpose sends=294 bytes=19136 collective_rank_calls=3584
AMG setup messages level=8 phase=A*P sends=20046 bytes=337872 collective_rank_calls=3584
AMG setup messages level=8 phase=R*(A*P) sends=882 bytes=27952 collective_rank_calls=3584
AMG setup messages level=0 phase=strength sends=0 bytes=0 collective_rank_calls=3584
AMG setup messages level=0 phase=strength-transpose sends=28852 bytes=1219468628 collective_rank_calls=3584
AMG setup messages level=0 phase=PMIS sends=592396 bytes=3873334420 collective_rank_calls=35840
AMG setup messages level=0 phase=numbering sends=0 bytes=0 collective_rank_calls=3584
AMG setup messages level=0 phase=interpolation sends=173112 bytes=1666200652 collective_rank_calls=3584
AMG setup messages level=0 phase=interpolation-transpose sends=69008 bytes=626676976 collective_rank_calls=3584
AMG setup messages level=0 phase=A*P sends=90744 bytes=2936324016 collective_rank_calls=3584
AMG setup messages level=0 phase=R*(A*P) sends=207024 bytes=4419253248 collective_rank_calls=3584
AMG setup messages level=1 phase=strength sends=0 bytes=0 collective_rank_calls=3584
AMG setup messages level=1 phase=strength-transpose sends=76311 bytes=1430565656 collective_rank_calls=3584
AMG setup messages level=1 phase=PMIS sends=1838029 bytes=2922758668 collective_rank_calls=43008
AMG setup messages level=1 phase=numbering sends=0 bytes=0 collective_rank_calls=3584
AMG setup messages level=1 phase=interpolation sends=454128 bytes=1723800556 collective_rank_calls=3584
AMG setup messages level=1 phase=interpolation-transpose sends=74687 bytes=488397424 collective_rank_calls=3584
AMG setup messages level=1 phase=A*P sends=258000 bytes=2886728576 collective_rank_calls=3584
AMG setup messages level=1 phase=R*(A*P) sends=224061 bytes=7272610416 collective_rank_calls=3584
AMG setup messages level=2 phase=strength sends=0 bytes=0 collective_rank_calls=3584
AMG setup messages level=2 phase=strength-transpose sends=86792 bytes=634600868 collective_rank_calls=3584
AMG setup messages level=2 phase=PMIS sends=1921400 bytes=896045976 collective_rank_calls=39424
AMG setup messages level=2 phase=numbering sends=0 bytes=0 collective_rank_calls=3584
AMG setup messages level=2 phase=interpolation sends=513171 bytes=665923456 collective_rank_calls=3584
AMG setup messages level=2 phase=interpolation-transpose sends=73577 bytes=142842016 collective_rank_calls=3584
AMG setup messages level=2 phase=A*P sends=300288 bytes=1166118800 collective_rank_calls=3584
AMG setup messages level=2 phase=R*(A*P) sends=220731 bytes=3235743024 collective_rank_calls=3584
AMG setup messages level=3 phase=strength sends=0 bytes=0 collective_rank_calls=3584
AMG setup messages level=3 phase=strength-transpose sends=88334 bytes=158307276 collective_rank_calls=3584
AMG setup messages level=3 phase=PMIS sends=2141102 bytes=258506324 collective_rank_calls=43008
AMG setup messages level=3 phase=numbering sends=0 bytes=0 collective_rank_calls=3584
AMG setup messages level=3 phase=interpolation sends=521526 bytes=180514764 collective_rank_calls=3584
AMG setup messages level=3 phase=interpolation-transpose sends=64642 bytes=34371200 collective_rank_calls=3584
AMG setup messages level=3 phase=A*P sends=307062 bytes=376806080 collective_rank_calls=3584
AMG setup messages level=3 phase=R*(A*P) sends=193926 bytes=915764032 collective_rank_calls=3584
AMG setup messages level=4 phase=strength sends=0 bytes=0 collective_rank_calls=3584
AMG setup messages level=4 phase=strength-transpose sends=84272 bytes=30615764 collective_rank_calls=3584
AMG setup messages level=4 phase=PMIS sends=2097902 bytes=67222908 collective_rank_calls=43008
AMG setup messages level=4 phase=numbering sends=0 bytes=0 collective_rank_calls=3584
AMG setup messages level=4 phase=interpolation sends=491271 bytes=43237924 collective_rank_calls=3584
AMG setup messages level=4 phase=interpolation-transpose sends=47303 bytes=7862752 collective_rank_calls=3584
AMG setup messages level=4 phase=A*P sends=460776 bytes=133681728 collective_rank_calls=3584
AMG setup messages level=4 phase=R*(A*P) sends=141909 bytes=220518240 collective_rank_calls=3584
AMG setup messages level=5 phase=strength sends=0 bytes=0 collective_rank_calls=3584
AMG setup messages level=5 phase=strength-transpose sends=67121 bytes=5357828 collective_rank_calls=3584
AMG setup messages level=5 phase=PMIS sends=1392148 bytes=12379344 collective_rank_calls=32256
AMG setup messages level=5 phase=numbering sends=0 bytes=0 collective_rank_calls=3584
AMG setup messages level=5 phase=interpolation sends=363342 bytes=8011688 collective_rank_calls=3584
AMG setup messages level=5 phase=interpolation-transpose sends=21031 bytes=1748880 collective_rank_calls=3584
AMG setup messages level=5 phase=A*P sends=888150 bytes=57984672 collective_rank_calls=3584
AMG setup messages level=5 phase=R*(A*P) sends=63093 bytes=40134368 collective_rank_calls=3584
AMG setup messages level=6 phase=strength sends=0 bytes=0 collective_rank_calls=3584
AMG setup messages level=6 phase=strength-transpose sends=15087 bytes=877680 collective_rank_calls=3584
AMG setup messages level=6 phase=PMIS sends=248377 bytes=1702056 collective_rank_calls=21504
AMG setup messages level=6 phase=numbering sends=0 bytes=0 collective_rank_calls=3584
AMG setup messages level=6 phase=interpolation sends=73248 bytes=1038988 collective_rank_calls=3584
AMG setup messages level=6 phase=interpolation-transpose sends=6187 bytes=397168 collective_rank_calls=3584
AMG setup messages level=6 phase=A*P sends=435582 bytes=14483456 collective_rank_calls=3584
AMG setup messages level=6 phase=R*(A*P) sends=18561 bytes=6570688 collective_rank_calls=3584
AMG setup messages level=7 phase=strength sends=0 bytes=0 collective_rank_calls=3584
AMG setup messages level=7 phase=strength-transpose sends=2962 bytes=167540 collective_rank_calls=3584
AMG setup messages level=7 phase=PMIS sends=36986 bytes=276620 collective_rank_calls=14336
AMG setup messages level=7 phase=numbering sends=0 bytes=0 collective_rank_calls=3584
AMG setup messages level=7 phase=interpolation sends=13194 bytes=127512 collective_rank_calls=3584
AMG setup messages level=7 phase=interpolation-transpose sends=1403 bytes=92208 collective_rank_calls=3584
AMG setup messages level=7 phase=A*P sends=103692 bytes=2547008 collective_rank_calls=3584
AMG setup messages level=7 phase=R*(A*P) sends=4209 bytes=750976 collective_rank_calls=3584
AMG setup messages level=8 phase=strength sends=0 bytes=0 collective_rank_calls=3584
AMG setup messages level=8 phase=strength-transpose sends=562 bytes=32132 collective_rank_calls=3584
AMG setup messages level=8 phase=PMIS sends=3886 bytes=36748 collective_rank_calls=7168
AMG setup messages level=8 phase=numbering sends=0 bytes=0 collective_rank_calls=3584
AMG setup messages level=8 phase=interpolation sends=2484 bytes=19752 collective_rank_calls=3584
AMG setup messages level=8 phase=interpolation-transpose sends=288 bytes=18896 collective_rank_calls=3584
AMG setup messages level=8 phase=A*P sends=14916 bytes=255552 collective_rank_calls=3584
AMG setup messages level=8 phase=R*(A*P) sends=864 bytes=28128 collective_rank_calls=3584
MLABecLapAMG true-residual restart: solve=12, restarts=1, iterations=19, initial true residual=7.7817109852297468e-12, final true residual=4.8010539863975996e-12, check target=7.6417098242264872e-12
AMG setup messages level=0 phase=strength sends=0 bytes=0 collective_rank_calls=3584
AMG setup messages level=0 phase=strength-transpose sends=28852 bytes=1219397880 collective_rank_calls=3584
AMG setup messages level=0 phase=PMIS sends=592396 bytes=3873154288 collective_rank_calls=35840
AMG setup messages level=0 phase=numbering sends=0 bytes=0 collective_rank_calls=3584
AMG setup messages level=0 phase=interpolation sends=173112 bytes=1665918904 collective_rank_calls=3584
AMG setup messages level=0 phase=interpolation-transpose sends=68958 bytes=627263424 collective_rank_calls=3584
AMG setup messages level=0 phase=A*P sends=90744 bytes=2936170800 collective_rank_calls=3584
AMG setup messages level=0 phase=R*(A*P) sends=206874 bytes=4421585488 collective_rank_calls=3584
AMG setup messages level=1 phase=strength sends=0 bytes=0 collective_rank_calls=3584
AMG setup messages level=1 phase=strength-transpose sends=76375 bytes=1430518504 collective_rank_calls=3584
AMG setup messages level=1 phase=PMIS sends=1839591 bytes=2923164180 collective_rank_calls=43008
AMG setup messages level=1 phase=numbering sends=0 bytes=0 collective_rank_calls=3584
AMG setup messages level=1 phase=interpolation sends=454155 bytes=1723804000 collective_rank_calls=3584
AMG setup messages level=1 phase=interpolation-transpose sends=74653 bytes=488329824 collective_rank_calls=3584
AMG setup messages level=1 phase=A*P sends=258156 bytes=2887023936 collective_rank_calls=3584
AMG setup messages level=1 phase=R*(A*P) sends=223959 bytes=7273068080 collective_rank_calls=3584
AMG setup messages level=2 phase=strength sends=0 bytes=0 collective_rank_calls=3584
AMG setup messages level=2 phase=strength-transpose sends=86625 bytes=634009668 collective_rank_calls=3584
AMG setup messages level=2 phase=PMIS sends=1917978 bytes=895793808 collective_rank_calls=39424
AMG setup messages level=2 phase=numbering sends=0 bytes=0 collective_rank_calls=3584
AMG setup messages level=2 phase=interpolation sends=511821 bytes=665593856 collective_rank_calls=3584
AMG setup messages level=2 phase=interpolation-transpose sends=73577 bytes=142799744 collective_rank_calls=3584
AMG setup messages level=2 phase=A*P sends=300072 bytes=1166282384 collective_rank_calls=3584
AMG setup messages level=2 phase=R*(A*P) sends=220731 bytes=3234917104 collective_rank_calls=3584
AMG setup messages level=3 phase=strength sends=0 bytes=0 collective_rank_calls=3584
AMG setup messages level=3 phase=strength-transpose sends=88408 bytes=157979276 collective_rank_calls=3584
AMG setup messages level=3 phase=PMIS sends=2320952 bytes=277982160 collective_rank_calls=46592
AMG setup messages level=3 phase=numbering sends=0 bytes=0 collective_rank_calls=3584
AMG setup messages level=3 phase=interpolation sends=522339 bytes=180128380 collective_rank_calls=3584
AMG setup messages level=3 phase=interpolation-transpose sends=64551 bytes=34471824 collective_rank_calls=3584
AMG setup messages level=3 phase=A*P sends=307008 bytes=377057664 collective_rank_calls=3584
AMG setup messages level=3 phase=R*(A*P) sends=193653 bytes=917696800 collective_rank_calls=3584
AMG setup messages level=4 phase=strength sends=0 bytes=0 collective_rank_calls=3584
AMG setup messages level=4 phase=strength-transpose sends=83692 bytes=30618744 collective_rank_calls=3584
AMG setup messages level=4 phase=PMIS sends=2256464 bytes=72139760 collective_rank_calls=46592
AMG setup messages level=4 phase=numbering sends=0 bytes=0 collective_rank_calls=3584
AMG setup messages level=4 phase=interpolation sends=488076 bytes=43164180 collective_rank_calls=3584
AMG setup messages level=4 phase=interpolation-transpose sends=47316 bytes=7893280 collective_rank_calls=3584
AMG setup messages level=4 phase=A*P sends=460368 bytes=134154736 collective_rank_calls=3584
AMG setup messages level=4 phase=R*(A*P) sends=141948 bytes=221921520 collective_rank_calls=3584
AMG setup messages level=5 phase=strength sends=0 bytes=0 collective_rank_calls=3584
AMG setup messages level=5 phase=strength-transpose sends=67824 bytes=5422068 collective_rank_calls=3584
AMG setup messages level=5 phase=PMIS sends=1245528 bytes=11280632 collective_rank_calls=28672
AMG setup messages level=5 phase=numbering sends=0 bytes=0 collective_rank_calls=3584
AMG setup messages level=5 phase=interpolation sends=368514 bytes=8010508 collective_rank_calls=3584
AMG setup messages level=5 phase=interpolation-transpose sends=21243 bytes=1787632 collective_rank_calls=3584
AMG setup messages level=5 phase=A*P sends=884820 bytes=58719120 collective_rank_calls=3584
AMG setup messages level=5 phase=R*(A*P) sends=63729 bytes=40135632 collective_rank_calls=3584
AMG setup messages level=6 phase=strength sends=0 bytes=0 collective_rank_calls=3584
AMG setup messages level=6 phase=strength-transpose sends=14349 bytes=834944 collective_rank_calls=3584
AMG setup messages level=6 phase=PMIS sends=237155 bytes=1620040 collective_rank_calls=21504
AMG setup messages level=6 phase=numbering sends=0 bytes=0 collective_rank_calls=3584
AMG setup messages level=6 phase=interpolation sends=69780 bytes=1000192 collective_rank_calls=3584
AMG setup messages level=6 phase=interpolation-transpose sends=5761 bytes=384288 collective_rank_calls=3584
AMG setup messages level=6 phase=A*P sends=416718 bytes=13860992 collective_rank_calls=3584
AMG setup messages level=6 phase=R*(A*P) sends=17283 bytes=6009280 collective_rank_calls=3584
AMG setup messages level=7 phase=strength sends=0 bytes=0 collective_rank_calls=3584
AMG setup messages level=7 phase=strength-transpose sends=2876 bytes=170472 collective_rank_calls=3584
AMG setup messages level=7 phase=PMIS sends=35558 bytes=270760 collective_rank_calls=14336
AMG setup messages level=7 phase=numbering sends=0 bytes=0 collective_rank_calls=3584
AMG setup messages level=7 phase=interpolation sends=12000 bytes=125388 collective_rank_calls=3584
AMG setup messages level=7 phase=interpolation-transpose sends=1305 bytes=83728 collective_rank_calls=3584
AMG setup messages level=7 phase=A*P sends=92832 bytes=2407952 collective_rank_calls=3584
AMG setup messages level=7 phase=R*(A*P) sends=3915 bytes=887280 collective_rank_calls=3584
AMG setup messages level=8 phase=strength sends=0 bytes=0 collective_rank_calls=3584
AMG setup messages level=8 phase=strength-transpose sends=836 bytes=48460 collective_rank_calls=3584
AMG setup messages level=8 phase=PMIS sends=5822 bytes=56044 collective_rank_calls=7168
AMG setup messages level=8 phase=numbering sends=0 bytes=0 collective_rank_calls=3584
AMG setup messages level=8 phase=interpolation sends=3993 bytes=32560 collective_rank_calls=3584
AMG setup messages level=8 phase=interpolation-transpose sends=342 bytes=22592 collective_rank_calls=3584
AMG setup messages level=8 phase=A*P sends=21042 bytes=360592 collective_rank_calls=3584
AMG setup messages level=8 phase=R*(A*P) sends=1026 bytes=33904 collective_rank_calls=3584
MLABecLapAMG true-residual restart: solve=13, restarts=1, iterations=18, initial true residual=8.8488310527644176e-12, final true residual=5.528667771812483e-12, check target=7.6434427259685364e-12
AMG setup messages level=0 phase=strength sends=0 bytes=0 collective_rank_calls=3584
AMG setup messages level=0 phase=strength-transpose sends=28852 bytes=1219332464 collective_rank_calls=3584
AMG setup messages level=0 phase=PMIS sends=592396 bytes=3872991708 collective_rank_calls=35840
AMG setup messages level=0 phase=numbering sends=0 bytes=0 collective_rank_calls=3584
AMG setup messages level=0 phase=interpolation sends=173112 bytes=1665722748 collective_rank_calls=3584
AMG setup messages level=0 phase=interpolation-transpose sends=69005 bytes=627152496 collective_rank_calls=3584
AMG setup messages level=0 phase=A*P sends=90744 bytes=2935942560 collective_rank_calls=3584
AMG setup messages level=0 phase=R*(A*P) sends=207015 bytes=4419970720 collective_rank_calls=3584
AMG setup messages level=1 phase=strength sends=0 bytes=0 collective_rank_calls=3584
AMG setup messages level=1 phase=strength-transpose sends=76393 bytes=1430538604 collective_rank_calls=3584
AMG setup messages level=1 phase=PMIS sends=1839945 bytes=2923642956 collective_rank_calls=43008
AMG setup messages level=1 phase=numbering sends=0 bytes=0 collective_rank_calls=3584
AMG setup messages level=1 phase=interpolation sends=454320 bytes=1723737764 collective_rank_calls=3584
AMG setup messages level=1 phase=interpolation-transpose sends=74657 bytes=488493104 collective_rank_calls=3584
AMG setup messages level=1 phase=A*P sends=257826 bytes=2887249280 collective_rank_calls=3584
AMG setup messages level=1 phase=R*(A*P) sends=223971 bytes=7275289504 collective_rank_calls=3584
AMG setup messages level=2 phase=strength sends=0 bytes=0 collective_rank_calls=3584
AMG setup messages level=2 phase=strength-transpose sends=86576 bytes=633693380 collective_rank_calls=3584
AMG setup messages level=2 phase=PMIS sends=2091578 bytes=970060716 collective_rank_calls=43008
AMG setup messages level=2 phase=numbering sends=0 bytes=0 collective_rank_calls=3584
AMG setup messages level=2 phase=interpolation sends=511458 bytes=665333020 collective_rank_calls=3584
AMG setup messages level=2 phase=interpolation-transpose sends=73515 bytes=142905584 collective_rank_calls=3584
AMG setup messages level=2 phase=A*P sends=300180 bytes=1166872736 collective_rank_calls=3584
AMG setup messages level=2 phase=R*(A*P) sends=220545 bytes=3237025248 collective_rank_calls=3584
AMG setup messages level=3 phase=strength sends=0 bytes=0 collective_rank_calls=3584
AMG setup messages level=3 phase=strength-transpose sends=88020 bytes=157827052 collective_rank_calls=3584
AMG setup messages level=3 phase=PMIS sends=2133748 bytes=258174932 collective_rank_calls=43008
AMG setup messages level=3 phase=numbering sends=0 bytes=0 collective_rank_calls=3584
AMG setup messages level=3 phase=interpolation sends=520194 bytes=179879896 collective_rank_calls=3584
AMG setup messages level=3 phase=interpolation-transpose sends=64269 bytes=34476400 collective_rank_calls=3584
AMG setup messages level=3 phase=A*P sends=307254 bytes=377392064 collective_rank_calls=3584
AMG setup messages level=3 phase=R*(A*P) sends=192807 bytes=918392064 collective_rank_calls=3584
AMG setup messages level=4 phase=strength sends=0 bytes=0 collective_rank_calls=3584
AMG setup messages level=4 phase=strength-transpose sends=83708 bytes=30676148 collective_rank_calls=3584
AMG setup messages level=4 phase=PMIS sends=2257356 bytes=72017760 collective_rank_calls=46592
AMG setup messages level=4 phase=numbering sends=0 bytes=0 collective_rank_calls=3584
AMG setup messages level=4 phase=interpolation sends=488004 bytes=43274968 collective_rank_calls=3584
AMG setup messages level=4 phase=interpolation-transpose sends=47173 bytes=7846480 collective_rank_calls=3584
AMG setup messages level=4 phase=A*P sends=459132 bytes=133859808 collective_rank_calls=3584
AMG setup messages level=4 phase=R*(A*P) sends=141519 bytes=220861936 collective_rank_calls=3584
AMG setup messages level=5 phase=strength sends=0 bytes=0 collective_rank_calls=3584
AMG setup messages level=5 phase=strength-transpose sends=68189 bytes=5503416 collective_rank_calls=3584
AMG setup messages level=5 phase=PMIS sends=1247777 bytes=11379580 collective_rank_calls=28672
AMG setup messages level=5 phase=numbering sends=0 bytes=0 collective_rank_calls=3584
AMG setup messages level=5 phase=interpolation sends=371001 bytes=8255380 collective_rank_calls=3584
AMG setup messages level=5 phase=interpolation-transpose sends=21031 bytes=1794272 collective_rank_calls=3584
AMG setup messages level=5 phase=A*P sends=882414 bytes=58868912 collective_rank_calls=3584
AMG setup messages level=5 phase=R*(A*P) sends=63093 bytes=40850640 collective_rank_calls=3584
AMG setup messages level=6 phase=strength sends=0 bytes=0 collective_rank_calls=3584
AMG setup messages level=6 phase=strength-transpose sends=15181 bytes=889596 collective_rank_calls=3584
AMG setup messages level=6 phase=PMIS sends=289070 bytes=1949792 collective_rank_calls=25088
AMG setup messages level=6 phase=numbering sends=0 bytes=0 collective_rank_calls=3584
AMG setup messages level=6 phase=interpolation sends=73965 bytes=1044376 collective_rank_calls=3584
AMG setup messages level=6 phase=interpolation-transpose sends=5941 bytes=394240 collective_rank_calls=3584
AMG setup messages level=6 phase=A*P sends=423462 bytes=14385920 collective_rank_calls=3584
AMG setup messages level=6 phase=R*(A*P) sends=17823 bytes=6464784 collective_rank_calls=3584
AMG setup messages level=7 phase=strength sends=0 bytes=0 collective_rank_calls=3584
AMG setup messages level=7 phase=strength-transpose sends=2953 bytes=174708 collective_rank_calls=3584
AMG setup messages level=7 phase=PMIS sends=45652 bytes=332080 collective_rank_calls=17920
AMG setup messages level=7 phase=numbering sends=0 bytes=0 collective_rank_calls=3584
AMG setup messages level=7 phase=interpolation sends=12678 bytes=137476 collective_rank_calls=3584
AMG setup messages level=7 phase=interpolation-transpose sends=1344 bytes=97184 collective_rank_calls=3584
AMG setup messages level=7 phase=A*P sends=103116 bytes=2819888 collective_rank_calls=3584
AMG setup messages level=7 phase=R*(A*P) sends=4032 bytes=935904 collective_rank_calls=3584
AMG setup messages level=8 phase=strength sends=0 bytes=0 collective_rank_calls=3584
AMG setup messages level=8 phase=strength-transpose sends=950 bytes=55560 collective_rank_calls=3584
AMG setup messages level=8 phase=PMIS sends=6572 bytes=64128 collective_rank_calls=7168
AMG setup messages level=8 phase=numbering sends=0 bytes=0 collective_rank_calls=3584
AMG setup messages level=8 phase=interpolation sends=4518 bytes=36864 collective_rank_calls=3584
AMG setup messages level=8 phase=interpolation-transpose sends=391 bytes=26000 collective_rank_calls=3584
AMG setup messages level=8 phase=A*P sends=22662 bytes=404608 collective_rank_calls=3584
AMG setup messages level=8 phase=R*(A*P) sends=1173 bytes=38608 collective_rank_calls=3584
MLABecLapAMG true-residual restart: solve=14, restarts=1, iterations=19, initial true residual=9.541026546158502e-12, final true residual=5.859393447421893e-12, check target=7.6470873649555753e-12
AMG setup messages level=0 phase=strength sends=0 bytes=0 collective_rank_calls=3584
AMG setup messages level=0 phase=strength-transpose sends=28852 bytes=1219279336 collective_rank_calls=3584
AMG setup messages level=0 phase=PMIS sends=592396 bytes=3872858316 collective_rank_calls=35840
AMG setup messages level=0 phase=numbering sends=0 bytes=0 collective_rank_calls=3584
AMG setup messages level=0 phase=interpolation sends=173112 bytes=1665571940 collective_rank_calls=3584
AMG setup messages level=0 phase=interpolation-transpose sends=68998 bytes=627290496 collective_rank_calls=3584
AMG setup messages level=0 phase=A*P sends=90744 bytes=2935918848 collective_rank_calls=3584
AMG setup messages level=0 phase=R*(A*P) sends=206994 bytes=4420510288 collective_rank_calls=3584
AMG setup messages level=1 phase=strength sends=0 bytes=0 collective_rank_calls=3584
AMG setup messages level=1 phase=strength-transpose sends=76320 bytes=1430177748 collective_rank_calls=3584
AMG setup messages level=1 phase=PMIS sends=1838102 bytes=2923394544 collective_rank_calls=43008
AMG setup messages level=1 phase=numbering sends=0 bytes=0 collective_rank_calls=3584
AMG setup messages level=1 phase=interpolation sends=454071 bytes=1723781948 collective_rank_calls=3584
AMG setup messages level=1 phase=interpolation-transpose sends=74628 bytes=488321440 collective_rank_calls=3584
AMG setup messages level=1 phase=A*P sends=257646 bytes=2886456096 collective_rank_calls=3584
AMG setup messages level=1 phase=R*(A*P) sends=223884 bytes=7272261648 collective_rank_calls=3584
AMG setup messages level=2 phase=strength sends=0 bytes=0 collective_rank_calls=3584
AMG setup messages level=2 phase=strength-transpose sends=86725 bytes=633529916 collective_rank_calls=3584
AMG setup messages level=2 phase=PMIS sends=1920778 bytes=896234112 collective_rank_calls=39424
AMG setup messages level=2 phase=numbering sends=0 bytes=0 collective_rank_calls=3584
AMG setup messages level=2 phase=interpolation sends=512529 bytes=665379552 collective_rank_calls=3584
AMG setup messages level=2 phase=interpolation-transpose sends=73610 bytes=143076640 collective_rank_calls=3584
AMG setup messages level=2 phase=A*P sends=300582 bytes=1167184688 collective_rank_calls=3584
AMG setup messages level=2 phase=R*(A*P) sends=220830 bytes=3242288352 collective_rank_calls=3584
AMG setup messages level=3 phase=strength sends=0 bytes=0 collective_rank_calls=3584
AMG setup messages level=3 phase=strength-transpose sends=88388 bytes=157669644 collective_rank_calls=3584
AMG setup messages level=3 phase=PMIS sends=2322784 bytes=278011264 collective_rank_calls=46592
AMG setup messages level=3 phase=numbering sends=0 bytes=0 collective_rank_calls=3584
AMG setup messages level=3 phase=interpolation sends=522189 bytes=179792960 collective_rank_calls=3584
AMG setup messages level=3 phase=interpolation-transpose sends=64413 bytes=34571472 collective_rank_calls=3584
AMG setup messages level=3 phase=A*P sends=306918 bytes=378068544 collective_rank_calls=3584
AMG setup messages level=3 phase=R*(A*P) sends=193239 bytes=920962816 collective_rank_calls=3584
AMG setup messages level=4 phase=strength sends=0 bytes=0 collective_rank_calls=3584
AMG setup messages level=4 phase=strength-transpose sends=83659 bytes=30779616 collective_rank_calls=3584
AMG setup messages level=4 phase=PMIS sends=2256376 bytes=72118688 collective_rank_calls=46592
AMG setup messages level=4 phase=numbering sends=0 bytes=0 collective_rank_calls=3584
AMG setup messages level=4 phase=interpolation sends=487581 bytes=43186312 collective_rank_calls=3584
AMG setup messages level=4 phase=interpolation-transpose sends=46955 bytes=7891968 collective_rank_calls=3584
AMG setup messages level=4 phase=A*P sends=459420 bytes=134872688 collective_rank_calls=3584
AMG setup messages level=4 phase=R*(A*P) sends=140865 bytes=221124192 collective_rank_calls=3584
AMG setup messages level=5 phase=strength sends=0 bytes=0 collective_rank_calls=3584
AMG setup messages level=5 phase=strength-transpose sends=68567 bytes=5530720 collective_rank_calls=3584
AMG setup messages level=5 phase=PMIS sends=1402756 bytes=12620128 collective_rank_calls=32256
AMG setup messages level=5 phase=numbering sends=0 bytes=0 collective_rank_calls=3584
AMG setup messages level=5 phase=interpolation sends=374349 bytes=8198280 collective_rank_calls=3584
AMG setup messages level=5 phase=interpolation-transpose sends=21625 bytes=1833408 collective_rank_calls=3584
AMG setup messages level=5 phase=A*P sends=867558 bytes=58642320 collective_rank_calls=3584
AMG setup messages level=5 phase=R*(A*P) sends=64875 bytes=41333616 collective_rank_calls=3584
AMG setup messages level=6 phase=strength sends=0 bytes=0 collective_rank_calls=3584
AMG setup messages level=6 phase=strength-transpose sends=14725 bytes=840716 collective_rank_calls=3584
AMG setup messages level=6 phase=PMIS sends=320173 bytes=2075940 collective_rank_calls=28672
AMG setup messages level=6 phase=numbering sends=0 bytes=0 collective_rank_calls=3584
AMG setup messages level=6 phase=interpolation sends=72162 bytes=956272 collective_rank_calls=3584
AMG setup messages level=6 phase=interpolation-transpose sends=6033 bytes=389488 collective_rank_calls=3584
AMG setup messages level=6 phase=A*P sends=414366 bytes=13835264 collective_rank_calls=3584
AMG setup messages level=6 phase=R*(A*P) sends=18099 bytes=6172592 collective_rank_calls=3584
AMG setup messages level=7 phase=strength sends=0 bytes=0 collective_rank_calls=3584
AMG setup messages level=7 phase=strength-transpose sends=2811 bytes=161624 collective_rank_calls=3584
AMG setup messages level=7 phase=PMIS sends=43104 bytes=309968 collective_rank_calls=17920
AMG setup messages level=7 phase=numbering sends=0 bytes=0 collective_rank_calls=3584
AMG setup messages level=7 phase=interpolation sends=12609 bytes=135868 collective_rank_calls=3584
AMG setup messages level=7 phase=interpolation-transpose sends=1508 bytes=97648 collective_rank_calls=3584
AMG setup messages level=7 phase=A*P sends=88560 bytes=2354336 collective_rank_calls=3584
AMG setup messages level=7 phase=R*(A*P) sends=4524 bytes=689664 collective_rank_calls=3584
AMG setup messages level=8 phase=strength sends=0 bytes=0 collective_rank_calls=3584
AMG setup messages level=8 phase=strength-transpose sends=625 bytes=37868 collective_rank_calls=3584
AMG setup messages level=8 phase=PMIS sends=4321 bytes=44420 collective_rank_calls=7168
AMG setup messages level=8 phase=numbering sends=0 bytes=0 collective_rank_calls=3584
AMG setup messages level=8 phase=interpolation sends=3087 bytes=25428 collective_rank_calls=3584
AMG setup messages level=8 phase=interpolation-transpose sends=218 bytes=15360 collective_rank_calls=3584
AMG setup messages level=8 phase=A*P sends=11256 bytes=207760 collective_rank_calls=3584
AMG setup messages level=8 phase=R*(A*P) sends=654 bytes=24272 collective_rank_calls=3584
MLABecLapAMG true-residual restart: solve=15, restarts=1, iterations=18, initial true residual=1.0029729102675081e-11, final true residual=6.0989570521830104e-12, check target=7.6519034987676892e-12
AMG setup messages level=0 phase=strength sends=0 bytes=0 collective_rank_calls=3584
AMG setup messages level=0 phase=strength-transpose sends=28852 bytes=1219230208 collective_rank_calls=3584
AMG setup messages level=0 phase=PMIS sends=592396 bytes=3872733572 collective_rank_calls=35840
AMG setup messages level=0 phase=numbering sends=0 bytes=0 collective_rank_calls=3584
AMG setup messages level=0 phase=interpolation sends=173112 bytes=1665335012 collective_rank_calls=3584
AMG setup messages level=0 phase=interpolation-transpose sends=69028 bytes=627219456 collective_rank_calls=3584
AMG setup messages level=0 phase=A*P sends=90744 bytes=2935755168 collective_rank_calls=3584
AMG setup messages level=0 phase=R*(A*P) sends=207084 bytes=4420266880 collective_rank_calls=3584
AMG setup messages level=1 phase=strength sends=0 bytes=0 collective_rank_calls=3584
AMG setup messages level=1 phase=strength-transpose sends=76344 bytes=1430122368 collective_rank_calls=3584
AMG setup messages level=1 phase=PMIS sends=1991804 bytes=3147313952 collective_rank_calls=46592
AMG setup messages level=1 phase=numbering sends=0 bytes=0 collective_rank_calls=3584
AMG setup messages level=1 phase=interpolation sends=454104 bytes=1723742408 collective_rank_calls=3584
AMG setup messages level=1 phase=interpolation-transpose sends=74683 bytes=488479728 collective_rank_calls=3584
AMG setup messages level=1 phase=A*P sends=257892 bytes=2886627488 collective_rank_calls=3584
AMG setup messages level=1 phase=R*(A*P) sends=224049 bytes=7273649616 collective_rank_calls=3584
AMG setup messages level=2 phase=strength sends=0 bytes=0 collective_rank_calls=3584
AMG setup messages level=2 phase=strength-transpose sends=86544 bytes=633466004 collective_rank_calls=3584
AMG setup messages level=2 phase=PMIS sends=2091174 bytes=970496332 collective_rank_calls=43008
AMG setup messages level=2 phase=numbering sends=0 bytes=0 collective_rank_calls=3584
AMG setup messages level=2 phase=interpolation sends=511542 bytes=665361720 collective_rank_calls=3584
AMG setup messages level=2 phase=interpolation-transpose sends=73561 bytes=143104800 collective_rank_calls=3584
AMG setup messages level=2 phase=A*P sends=300312 bytes=1167368496 collective_rank_calls=3584
AMG setup messages level=2 phase=R*(A*P) sends=220683 bytes=3240990208 collective_rank_calls=3584
AMG setup messages level=3 phase=strength sends=0 bytes=0 collective_rank_calls=3584
AMG setup messages level=3 phase=strength-transpose sends=88162 bytes=157554344 collective_rank_calls=3584
AMG setup messages level=3 phase=PMIS sends=2316404 bytes=277810912 collective_rank_calls=46592
AMG setup messages level=3 phase=numbering sends=0 bytes=0 collective_rank_calls=3584
AMG setup messages level=3 phase=interpolation sends=520710 bytes=179806600 collective_rank_calls=3584
AMG setup messages level=3 phase=interpolation-transpose sends=64463 bytes=34520000 collective_rank_calls=3584
AMG setup messages level=3 phase=A*P sends=307008 bytes=378003232 collective_rank_calls=3584
AMG setup messages level=3 phase=R*(A*P) sends=193389 bytes=922531504 collective_rank_calls=3584
AMG setup messages level=4 phase=strength sends=0 bytes=0 collective_rank_calls=3584
AMG setup messages level=4 phase=strength-transpose sends=83584 bytes=30930048 collective_rank_calls=3584
AMG setup messages level=4 phase=PMIS sends=2081182 bytes=67198684 collective_rank_calls=43008
AMG setup messages level=4 phase=numbering sends=0 bytes=0 collective_rank_calls=3584
AMG setup messages level=4 phase=interpolation sends=487470 bytes=43403640 collective_rank_calls=3584
AMG setup messages level=4 phase=interpolation-transpose sends=46904 bytes=7924672 collective_rank_calls=3584
AMG setup messages level=4 phase=A*P sends=461184 bytes=135491760 collective_rank_calls=3584
AMG setup messages level=4 phase=R*(A*P) sends=140712 bytes=221888576 collective_rank_calls=3584
AMG setup messages level=5 phase=strength sends=0 bytes=0 collective_rank_calls=3584
AMG setup messages level=5 phase=strength-transpose sends=70142 bytes=5683692 collective_rank_calls=3584
AMG setup messages level=5 phase=PMIS sends=1273580 bytes=11702980 collective_rank_calls=28672
AMG setup messages level=5 phase=numbering sends=0 bytes=0 collective_rank_calls=3584
AMG setup messages level=5 phase=interpolation sends=381882 bytes=8520036 collective_rank_calls=3584
AMG setup messages level=5 phase=interpolation-transpose sends=21813 bytes=1844896 collective_rank_calls=3584
AMG setup messages level=5 phase=A*P sends=876774 bytes=59019968 collective_rank_calls=3584
AMG setup messages level=5 phase=R*(A*P) sends=65439 bytes=41817312 collective_rank_calls=3584
AMG setup messages level=6 phase=strength sends=0 bytes=0 collective_rank_calls=3584
AMG setup messages level=6 phase=strength-transpose sends=15543 bytes=892984 collective_rank_calls=3584
AMG setup messages level=6 phase=PMIS sends=296106 bytes=1979016 collective_rank_calls=25088
AMG setup messages level=6 phase=numbering sends=0 bytes=0 collective_rank_calls=3584
AMG setup messages level=6 phase=interpolation sends=75396 bytes=1023440 collective_rank_calls=3584
AMG setup messages level=6 phase=interpolation-transpose sends=6094 bytes=398688 collective_rank_calls=3584
AMG setup messages level=6 phase=A*P sends=425190 bytes=14280160 collective_rank_calls=3584
AMG setup messages level=6 phase=R*(A*P) sends=18282 bytes=6486112 collective_rank_calls=3584
AMG setup messages level=7 phase=strength sends=0 bytes=0 collective_rank_calls=3584
AMG setup messages level=7 phase=strength-transpose sends=2972 bytes=177024 collective_rank_calls=3584
AMG setup messages level=7 phase=PMIS sends=36976 bytes=293688 collective_rank_calls=14336
AMG setup messages level=7 phase=numbering sends=0 bytes=0 collective_rank_calls=3584
AMG setup messages level=7 phase=interpolation sends=12960 bytes=133740 collective_rank_calls=3584
AMG setup messages level=7 phase=interpolation-transpose sends=1281 bytes=86512 collective_rank_calls=3584
AMG setup messages level=7 phase=A*P sends=93132 bytes=2484400 collective_rank_calls=3584
AMG setup messages level=7 phase=R*(A*P) sends=3843 bytes=952192 collective_rank_calls=3584
AMG setup messages level=8 phase=strength sends=0 bytes=0 collective_rank_calls=3584
AMG setup messages level=8 phase=strength-transpose sends=646 bytes=37760 collective_rank_calls=3584
AMG setup messages level=8 phase=PMIS sends=4468 bytes=43624 collective_rank_calls=7168
AMG setup messages level=8 phase=numbering sends=0 bytes=0 collective_rank_calls=3584
AMG setup messages level=8 phase=interpolation sends=2787 bytes=21976 collective_rank_calls=3584
AMG setup messages level=8 phase=interpolation-transpose sends=356 bytes=24080 collective_rank_calls=3584
AMG setup messages level=8 phase=A*P sends=20784 bytes=372512 collective_rank_calls=3584
AMG setup messages level=8 phase=R*(A*P) sends=1068 bytes=36752 collective_rank_calls=3584
MLABecLapAMG true-residual restart: solve=16, restarts=1, iterations=18, initial true residual=1.033001759288951e-11, final true residual=6.2401141287565266e-12, check target=7.6574194761364008e-12
AMG setup messages level=0 phase=strength sends=0 bytes=0 collective_rank_calls=3584
AMG setup messages level=0 phase=strength-transpose sends=28852 bytes=1219186372 collective_rank_calls=3584
AMG setup messages level=0 phase=PMIS sends=592396 bytes=3872620000 collective_rank_calls=35840
AMG setup messages level=0 phase=numbering sends=0 bytes=0 collective_rank_calls=3584
AMG setup messages level=0 phase=interpolation sends=173112 bytes=1665339592 collective_rank_calls=3584
AMG setup messages level=0 phase=interpolation-transpose sends=69002 bytes=627174064 collective_rank_calls=3584
AMG setup messages level=0 phase=A*P sends=90744 bytes=2935659184 collective_rank_calls=3584
AMG setup messages level=0 phase=R*(A*P) sends=207006 bytes=4419548832 collective_rank_calls=3584
AMG setup messages level=1 phase=strength sends=0 bytes=0 collective_rank_calls=3584
AMG setup messages level=1 phase=strength-transpose sends=76378 bytes=1430093508 collective_rank_calls=3584
AMG setup messages level=1 phase=PMIS sends=1839624 bytes=2923736620 collective_rank_calls=43008
AMG setup messages level=1 phase=numbering sends=0 bytes=0 collective_rank_calls=3584
AMG setup messages level=1 phase=interpolation sends=454179 bytes=1723895320 collective_rank_calls=3584
AMG setup messages level=1 phase=interpolation-transpose sends=74746 bytes=488627360 collective_rank_calls=3584
AMG setup messages level=1 phase=A*P sends=258150 bytes=2886915520 collective_rank_calls=3584
AMG setup messages level=1 phase=R*(A*P) sends=224238 bytes=7275859760 collective_rank_calls=3584
AMG setup messages level=2 phase=strength sends=0 bytes=0 collective_rank_calls=3584
AMG setup messages level=2 phase=strength-transpose sends=86521 bytes=633242384 collective_rank_calls=3584
AMG setup messages level=2 phase=PMIS sends=2091077 bytes=970533860 collective_rank_calls=43008
AMG setup messages level=2 phase=numbering sends=0 bytes=0 collective_rank_calls=3584
AMG setup messages level=2 phase=interpolation sends=511332 bytes=665122308 collective_rank_calls=3584
AMG setup messages level=2 phase=interpolation-transpose sends=73575 bytes=143247264 collective_rank_calls=3584
AMG setup messages level=2 phase=A*P sends=300492 bytes=1167524112 collective_rank_calls=3584
AMG setup messages level=2 phase=R*(A*P) sends=220725 bytes=3245967024 collective_rank_calls=3584
AMG setup messages level=3 phase=strength sends=0 bytes=0 collective_rank_calls=3584
AMG setup messages level=3 phase=strength-transpose sends=88196 bytes=157499732 collective_rank_calls=3584
AMG setup messages level=3 phase=PMIS sends=2317624 bytes=277903216 collective_rank_calls=46592
AMG setup messages level=3 phase=numbering sends=0 bytes=0 collective_rank_calls=3584
AMG setup messages level=3 phase=interpolation sends=521082 bytes=179719492 collective_rank_calls=3584
AMG setup messages level=3 phase=interpolation-transpose sends=64302 bytes=34544288 collective_rank_calls=3584
AMG setup messages level=3 phase=A*P sends=307074 bytes=378021488 collective_rank_calls=3584
AMG setup messages level=3 phase=R*(A*P) sends=192906 bytes=922084240 collective_rank_calls=3584
AMG setup messages level=4 phase=strength sends=0 bytes=0 collective_rank_calls=3584
AMG setup messages level=4 phase=strength-transpose sends=83518 bytes=31051432 collective_rank_calls=3584
AMG setup messages level=4 phase=PMIS sends=2249952 bytes=72325376 collective_rank_calls=46592
AMG setup messages level=4 phase=numbering sends=0 bytes=0 collective_rank_calls=3584
AMG setup messages level=4 phase=interpolation sends=487059 bytes=43430144 collective_rank_calls=3584
AMG setup messages level=4 phase=interpolation-transpose sends=46959 bytes=7932064 collective_rank_calls=3584
AMG setup messages level=4 phase=A*P sends=460032 bytes=135713920 collective_rank_calls=3584
AMG setup messages level=4 phase=R*(A*P) sends=140877 bytes=222017744 collective_rank_calls=3584
AMG setup messages level=5 phase=strength sends=0 bytes=0 collective_rank_calls=3584
AMG setup messages level=5 phase=strength-transpose sends=69731 bytes=5676116 collective_rank_calls=3584
AMG setup messages level=5 phase=PMIS sends=1263917 bytes=11644300 collective_rank_calls=28672
AMG setup messages level=5 phase=numbering sends=0 bytes=0 collective_rank_calls=3584
AMG setup messages level=5 phase=interpolation sends=379641 bytes=8560336 collective_rank_calls=3584
AMG setup messages level=5 phase=interpolation-transpose sends=21475 bytes=1856224 collective_rank_calls=3584
AMG setup messages level=5 phase=A*P sends=870354 bytes=59008224 collective_rank_calls=3584
AMG setup messages level=5 phase=R*(A*P) sends=64425 bytes=41383680 collective_rank_calls=3584
AMG setup messages level=6 phase=strength sends=0 bytes=0 collective_rank_calls=3584
AMG setup messages level=6 phase=strength-transpose sends=15401 bytes=900716 collective_rank_calls=3584
AMG setup messages level=6 phase=PMIS sends=290134 bytes=1958192 collective_rank_calls=25088
AMG setup messages level=6 phase=numbering sends=0 bytes=0 collective_rank_calls=3584
AMG setup messages level=6 phase=interpolation sends=75165 bytes=1097656 collective_rank_calls=3584
AMG setup messages level=6 phase=interpolation-transpose sends=5917 bytes=395840 collective_rank_calls=3584
AMG setup messages level=6 phase=A*P sends=403872 bytes=13857280 collective_rank_calls=3584
AMG setup messages level=6 phase=R*(A*P) sends=17751 bytes=6383056 collective_rank_calls=3584
AMG setup messages level=7 phase=strength sends=0 bytes=0 collective_rank_calls=3584
AMG setup messages level=7 phase=strength-transpose sends=3012 bytes=180024 collective_rank_calls=3584
AMG setup messages level=7 phase=PMIS sends=37096 bytes=284244 collective_rank_calls=14336
AMG setup messages level=7 phase=numbering sends=0 bytes=0 collective_rank_calls=3584
AMG setup messages level=7 phase=interpolation sends=14217 bytes=167220 collective_rank_calls=3584
AMG setup messages level=7 phase=interpolation-transpose sends=1639 bytes=123600 collective_rank_calls=3584
AMG setup messages level=7 phase=A*P sends=98790 bytes=2985984 collective_rank_calls=3584
AMG setup messages level=7 phase=R*(A*P) sends=4917 bytes=882064 collective_rank_calls=3584
AMG setup messages level=8 phase=strength sends=0 bytes=0 collective_rank_calls=3584
AMG setup messages level=8 phase=strength-transpose sends=516 bytes=34584 collective_rank_calls=3584
AMG setup messages level=8 phase=PMIS sends=3600 bytes=37712 collective_rank_calls=7168
AMG setup messages level=8 phase=numbering sends=0 bytes=0 collective_rank_calls=3584
AMG setup messages level=8 phase=interpolation sends=2676 bytes=24692 collective_rank_calls=3584
AMG setup messages level=8 phase=interpolation-transpose sends=257 bytes=17184 collective_rank_calls=3584
AMG setup messages level=8 phase=A*P sends=12954 bytes=237616 collective_rank_calls=3584
AMG setup messages level=8 phase=R*(A*P) sends=771 bytes=26080 collective_rank_calls=3584
MLABecLapAMG true-residual restart: solve=17, restarts=1, iterations=18, initial true residual=1.0595049199809095e-11, final true residual=6.3918624233453334e-12, check target=7.6633289412258142e-12
AMG setup messages level=0 phase=strength sends=0 bytes=0 collective_rank_calls=3584
AMG setup messages level=0 phase=strength-transpose sends=28852 bytes=1219147268 collective_rank_calls=3584
AMG setup messages level=0 phase=PMIS sends=592396 bytes=3872518492 collective_rank_calls=35840
AMG setup messages level=0 phase=numbering sends=0 bytes=0 collective_rank_calls=3584
AMG setup messages level=0 phase=interpolation sends=173112 bytes=1665434912 collective_rank_calls=3584
AMG setup messages level=0 phase=interpolation-transpose sends=68942 bytes=627145776 collective_rank_calls=3584
AMG setup messages level=0 phase=A*P sends=90744 bytes=2935672592 collective_rank_calls=3584
AMG setup messages level=0 phase=R*(A*P) sends=206826 bytes=4419860864 collective_rank_calls=3584
AMG setup messages level=1 phase=strength sends=0 bytes=0 collective_rank_calls=3584
AMG setup messages level=1 phase=strength-transpose sends=76480 bytes=1430138900 collective_rank_calls=3584
AMG setup messages level=1 phase=PMIS sends=1842436 bytes=2923995632 collective_rank_calls=43008
AMG setup messages level=1 phase=numbering sends=0 bytes=0 collective_rank_calls=3584
AMG setup messages level=1 phase=interpolation sends=454767 bytes=1723754584 collective_rank_calls=3584
AMG setup messages level=1 phase=interpolation-transpose sends=74706 bytes=488514368 collective_rank_calls=3584
AMG setup messages level=1 phase=A*P sends=258300 bytes=2886605168 collective_rank_calls=3584
AMG setup messages level=1 phase=R*(A*P) sends=224118 bytes=7274501216 collective_rank_calls=3584
AMG setup messages level=2 phase=strength sends=0 bytes=0 collective_rank_calls=3584
AMG setup messages level=2 phase=strength-transpose sends=86752 bytes=633053020 collective_rank_calls=3584
AMG setup messages level=2 phase=PMIS sends=2095620 bytes=970465848 collective_rank_calls=43008
AMG setup messages level=2 phase=numbering sends=0 bytes=0 collective_rank_calls=3584
AMG setup messages level=2 phase=interpolation sends=512529 bytes=665038152 collective_rank_calls=3584
AMG setup messages level=2 phase=interpolation-transpose sends=73535 bytes=143239072 collective_rank_calls=3584
AMG setup messages level=2 phase=A*P sends=300240 bytes=1167481504 collective_rank_calls=3584
AMG setup messages level=2 phase=R*(A*P) sends=220605 bytes=3246136544 collective_rank_calls=3584
AMG setup messages level=3 phase=strength sends=0 bytes=0 collective_rank_calls=3584
AMG setup messages level=3 phase=strength-transpose sends=88120 bytes=157407688 collective_rank_calls=3584
AMG setup messages level=3 phase=PMIS sends=2314556 bytes=277773872 collective_rank_calls=46592
AMG setup messages level=3 phase=numbering sends=0 bytes=0 collective_rank_calls=3584
AMG setup messages level=3 phase=interpolation sends=520629 bytes=179760100 collective_rank_calls=3584
AMG setup messages level=3 phase=interpolation-transpose sends=64340 bytes=34545184 collective_rank_calls=3584
AMG setup messages level=3 phase=A*P sends=307092 bytes=378373888 collective_rank_calls=3584
AMG setup messages level=3 phase=R*(A*P) sends=193020 bytes=924400656 collective_rank_calls=3584
AMG setup messages level=4 phase=strength sends=0 bytes=0 collective_rank_calls=3584
AMG setup messages level=4 phase=strength-transpose sends=83535 bytes=31157496 collective_rank_calls=3584
AMG setup messages level=4 phase=PMIS sends=2078147 bytes=67395888 collective_rank_calls=43008
AMG setup messages level=4 phase=numbering sends=0 bytes=0 collective_rank_calls=3584
AMG setup messages level=4 phase=interpolation sends=487059 bytes=43558228 collective_rank_calls=3584
AMG setup messages level=4 phase=interpolation-transpose sends=47057 bytes=7968736 collective_rank_calls=3584
AMG setup messages level=4 phase=A*P sends=459738 bytes=136301504 collective_rank_calls=3584
AMG setup messages level=4 phase=R*(A*P) sends=141171 bytes=223947920 collective_rank_calls=3584
AMG setup messages level=5 phase=strength sends=0 bytes=0 collective_rank_calls=3584
AMG setup messages level=5 phase=strength-transpose sends=70659 bytes=5726732 collective_rank_calls=3584
AMG setup messages level=5 phase=PMIS sends=1435232 bytes=12987472 collective_rank_calls=32256
AMG setup messages level=5 phase=numbering sends=0 bytes=0 collective_rank_calls=3584
AMG setup messages level=5 phase=interpolation sends=385203 bytes=8605372 collective_rank_calls=3584
AMG setup messages level=5 phase=interpolation-transpose sends=21520 bytes=1850368 collective_rank_calls=3584
AMG setup messages level=5 phase=A*P sends=870600 bytes=58879040 collective_rank_calls=3584
AMG setup messages level=5 phase=R*(A*P) sends=64560 bytes=41607984 collective_rank_calls=3584
AMG setup messages level=6 phase=strength sends=0 bytes=0 collective_rank_calls=3584
AMG setup messages level=6 phase=strength-transpose sends=15007 bytes=875748 collective_rank_calls=3584
AMG setup messages level=6 phase=PMIS sends=284586 bytes=1922888 collective_rank_calls=25088
AMG setup messages level=6 phase=numbering sends=0 bytes=0 collective_rank_calls=3584
AMG setup messages level=6 phase=interpolation sends=73641 bytes=974660 collective_rank_calls=3584
AMG setup messages level=6 phase=interpolation-transpose sends=5977 bytes=387808 collective_rank_calls=3584
AMG setup messages level=6 phase=A*P sends=407592 bytes=13913328 collective_rank_calls=3584
AMG setup messages level=6 phase=R*(A*P) sends=17931 bytes=6266656 collective_rank_calls=3584
AMG setup messages level=7 phase=strength sends=0 bytes=0 collective_rank_calls=3584
AMG setup messages level=7 phase=strength-transpose sends=3101 bytes=181980 collective_rank_calls=3584
AMG setup messages level=7 phase=PMIS sends=38773 bytes=302620 collective_rank_calls=14336
AMG setup messages level=7 phase=numbering sends=0 bytes=0 collective_rank_calls=3584
AMG setup messages level=7 phase=interpolation sends=13398 bytes=140588 collective_rank_calls=3584
AMG setup messages level=7 phase=interpolation-transpose sends=1579 bytes=101440 collective_rank_calls=3584
AMG setup messages level=7 phase=A*P sends=87612 bytes=2556848 collective_rank_calls=3584
AMG setup messages level=7 phase=R*(A*P) sends=4737 bytes=1190240 collective_rank_calls=3584
AMG setup messages level=8 phase=strength sends=0 bytes=0 collective_rank_calls=3584
AMG setup messages level=8 phase=strength-transpose sends=692 bytes=41912 collective_rank_calls=3584
AMG setup messages level=8 phase=PMIS sends=4778 bytes=49072 collective_rank_calls=7168
AMG setup messages level=8 phase=numbering sends=0 bytes=0 collective_rank_calls=3584
AMG setup messages level=8 phase=interpolation sends=3021 bytes=23940 collective_rank_calls=3584
AMG setup messages level=8 phase=interpolation-transpose sends=369 bytes=26000 collective_rank_calls=3584
AMG setup messages level=8 phase=A*P sends=26148 bytes=479312 collective_rank_calls=3584
AMG setup messages level=8 phase=R*(A*P) sends=1107 bytes=40128 collective_rank_calls=3584
MLABecLapAMG true-residual restart: solve=18, restarts=1, iterations=18, initial true residual=1.0714571118611751e-11, final true residual=6.4824505510486647e-12, check target=7.6694270891559755e-12
AMG setup messages level=0 phase=strength sends=0 bytes=0 collective_rank_calls=3584
AMG setup messages level=0 phase=strength-transpose sends=28852 bytes=1219111320 collective_rank_calls=3584
AMG setup messages level=0 phase=PMIS sends=592396 bytes=3872422800 collective_rank_calls=35840
AMG setup messages level=0 phase=numbering sends=0 bytes=0 collective_rank_calls=3584
AMG setup messages level=0 phase=interpolation sends=173112 bytes=1664985460 collective_rank_calls=3584
AMG setup messages level=0 phase=interpolation-transpose sends=68994 bytes=627220096 collective_rank_calls=3584
AMG setup messages level=0 phase=A*P sends=90744 bytes=2935403616 collective_rank_calls=3584
AMG setup messages level=0 phase=R*(A*P) sends=206982 bytes=4419383104 collective_rank_calls=3584
AMG setup messages level=1 phase=strength sends=0 bytes=0 collective_rank_calls=3584
AMG setup messages level=1 phase=strength-transpose sends=76336 bytes=1430145540 collective_rank_calls=3584
AMG setup messages level=1 phase=PMIS sends=1838408 bytes=2923877656 collective_rank_calls=43008
AMG setup messages level=1 phase=numbering sends=0 bytes=0 collective_rank_calls=3584
AMG setup messages level=1 phase=interpolation sends=454062 bytes=1723485212 collective_rank_calls=3584
AMG setup messages level=1 phase=interpolation-transpose sends=74695 bytes=488651584 collective_rank_calls=3584
AMG setup messages level=1 phase=A*P sends=257352 bytes=2886688544 collective_rank_calls=3584
AMG setup messages level=1 phase=R*(A*P) sends=224085 bytes=7275876272 collective_rank_calls=3584
AMG setup messages level=2 phase=strength sends=0 bytes=0 collective_rank_calls=3584
AMG setup messages level=2 phase=strength-transpose sends=86789 bytes=633093156 collective_rank_calls=3584
AMG setup messages level=2 phase=PMIS sends=1922282 bytes=896330032 collective_rank_calls=39424
AMG setup messages level=2 phase=numbering sends=0 bytes=0 collective_rank_calls=3584
AMG setup messages level=2 phase=interpolation sends=512853 bytes=665184236 collective_rank_calls=3584
AMG setup messages level=2 phase=interpolation-transpose sends=73526 bytes=143204240 collective_rank_calls=3584
AMG setup messages level=2 phase=A*P sends=300102 bytes=1167704240 collective_rank_calls=3584
AMG setup messages level=2 phase=R*(A*P) sends=220578 bytes=3246617520 collective_rank_calls=3584
AMG setup messages level=3 phase=strength sends=0 bytes=0 collective_rank_calls=3584
AMG setup messages level=3 phase=strength-transpose sends=88188 bytes=157494880 collective_rank_calls=3584
AMG setup messages level=3 phase=PMIS sends=2316016 bytes=277781584 collective_rank_calls=46592
AMG setup messages level=3 phase=numbering sends=0 bytes=0 collective_rank_calls=3584
AMG setup messages level=3 phase=interpolation sends=520770 bytes=179845980 collective_rank_calls=3584
AMG setup messages level=3 phase=interpolation-transpose sends=64353 bytes=34591760 collective_rank_calls=3584
AMG setup messages level=3 phase=A*P sends=306978 bytes=378625936 collective_rank_calls=3584
AMG setup messages level=3 phase=R*(A*P) sends=193059 bytes=925939888 collective_rank_calls=3584
AMG setup messages level=4 phase=strength sends=0 bytes=0 collective_rank_calls=3584
AMG setup messages level=4 phase=strength-transpose sends=83624 bytes=31351428 collective_rank_calls=3584
AMG setup messages level=4 phase=PMIS sends=1904480 bytes=62498856 collective_rank_calls=39424
AMG setup messages level=4 phase=numbering sends=0 bytes=0 collective_rank_calls=3584
AMG setup messages level=4 phase=interpolation sends=488001 bytes=43854340 collective_rank_calls=3584
AMG setup messages level=4 phase=interpolation-transpose sends=46652 bytes=7989568 collective_rank_calls=3584
AMG setup messages level=4 phase=A*P sends=460536 bytes=137144352 collective_rank_calls=3584
AMG setup messages level=4 phase=R*(A*P) sends=139956 bytes=221840928 collective_rank_calls=3584
AMG setup messages level=5 phase=strength sends=0 bytes=0 collective_rank_calls=3584
AMG setup messages level=5 phase=strength-transpose sends=69855 bytes=5777040 collective_rank_calls=3584
AMG setup messages level=5 phase=PMIS sends=1415100 bytes=13024704 collective_rank_calls=32256
AMG setup messages level=5 phase=numbering sends=0 bytes=0 collective_rank_calls=3584
AMG setup messages level=5 phase=interpolation sends=380064 bytes=8673148 collective_rank_calls=3584
AMG setup messages level=5 phase=interpolation-transpose sends=21619 bytes=1888912 collective_rank_calls=3584
AMG setup messages level=5 phase=A*P sends=856524 bytes=58610560 collective_rank_calls=3584
AMG setup messages level=5 phase=R*(A*P) sends=64857 bytes=41993856 collective_rank_calls=3584
AMG setup messages level=6 phase=strength sends=0 bytes=0 collective_rank_calls=3584
AMG setup messages level=6 phase=strength-transpose sends=15932 bytes=922628 collective_rank_calls=3584
AMG setup messages level=6 phase=PMIS sends=344318 bytes=2261632 collective_rank_calls=28672
AMG setup messages level=6 phase=numbering sends=0 bytes=0 collective_rank_calls=3584
AMG setup messages level=6 phase=interpolation sends=78498 bytes=1113988 collective_rank_calls=3584
AMG setup messages level=6 phase=interpolation-transpose sends=6383 bytes=418768 collective_rank_calls=3584
AMG setup messages level=6 phase=A*P sends=420876 bytes=14374240 collective_rank_calls=3584
AMG setup messages level=6 phase=R*(A*P) sends=19149 bytes=6644000 collective_rank_calls=3584
AMG setup messages level=7 phase=strength sends=0 bytes=0 collective_rank_calls=3584
AMG setup messages level=7 phase=strength-transpose sends=3159 bytes=178752 collective_rank_calls=3584
AMG setup messages level=7 phase=PMIS sends=48132 bytes=339568 collective_rank_calls=17920
AMG setup messages level=7 phase=numbering sends=0 bytes=0 collective_rank_calls=3584
AMG setup messages level=7 phase=interpolation sends=13368 bytes=141684 collective_rank_calls=3584
AMG setup messages level=7 phase=interpolation-transpose sends=1591 bytes=102928 collective_rank_calls=3584
AMG setup messages level=7 phase=A*P sends=91956 bytes=2586928 collective_rank_calls=3584
AMG setup messages level=7 phase=R*(A*P) sends=4773 bytes=1069952 collective_rank_calls=3584
AMG setup messages level=8 phase=strength sends=0 bytes=0 collective_rank_calls=3584
AMG setup messages level=8 phase=strength-transpose sends=710 bytes=40968 collective_rank_calls=3584
AMG setup messages level=8 phase=PMIS sends=4718 bytes=45688 collective_rank_calls=7168
AMG setup messages level=8 phase=numbering sends=0 bytes=0 collective_rank_calls=3584
AMG setup messages level=8 phase=interpolation sends=2787 bytes=22480 collective_rank_calls=3584
AMG setup messages level=8 phase=interpolation-transpose sends=490 bytes=32992 collective_rank_calls=3584
AMG setup messages level=8 phase=A*P sends=23022 bytes=509632 collective_rank_calls=3584
AMG setup messages level=8 phase=R*(A*P) sends=1470 bytes=66944 collective_rank_calls=3584
MLABecLapAMG true-residual restart: solve=19, restarts=1, iterations=21, initial true residual=1.0124175224861788e-11, final true residual=6.5286832211249648e-12, check target=7.6755713706538054e-12
AMG setup messages level=0 phase=strength sends=0 bytes=0 collective_rank_calls=3584
AMG setup messages level=0 phase=strength-transpose sends=28852 bytes=1219080728 collective_rank_calls=3584
AMG setup messages level=0 phase=PMIS sends=592396 bytes=3872339464 collective_rank_calls=35840
AMG setup messages level=0 phase=numbering sends=0 bytes=0 collective_rank_calls=3584
AMG setup messages level=0 phase=interpolation sends=173112 bytes=1665122540 collective_rank_calls=3584
AMG setup messages level=0 phase=interpolation-transpose sends=68862 bytes=627170656 collective_rank_calls=3584
AMG setup messages level=0 phase=A*P sends=90744 bytes=2935405280 collective_rank_calls=3584
AMG setup messages level=0 phase=R*(A*P) sends=206586 bytes=4419249984 collective_rank_calls=3584
AMG setup messages level=1 phase=strength sends=0 bytes=0 collective_rank_calls=3584
AMG setup messages level=1 phase=strength-transpose sends=76347 bytes=1429948480 collective_rank_calls=3584
AMG setup messages level=1 phase=PMIS sends=1838425 bytes=2923613564 collective_rank_calls=43008
AMG setup messages level=1 phase=numbering sends=0 bytes=0 collective_rank_calls=3584
AMG setup messages level=1 phase=interpolation sends=454014 bytes=1723382420 collective_rank_calls=3584
AMG setup messages level=1 phase=interpolation-transpose sends=74741 bytes=488646352 collective_rank_calls=3584
AMG setup messages level=1 phase=A*P sends=257520 bytes=2886870544 collective_rank_calls=3584
AMG setup messages level=1 phase=R*(A*P) sends=224223 bytes=7275688272 collective_rank_calls=3584
AMG setup messages level=2 phase=strength sends=0 bytes=0 collective_rank_calls=3584
AMG setup messages level=2 phase=strength-transpose sends=86637 bytes=632966684 collective_rank_calls=3584
AMG setup messages level=2 phase=PMIS sends=2093731 bytes=970580812 collective_rank_calls=43008
AMG setup messages level=2 phase=numbering sends=0 bytes=0 collective_rank_calls=3584
AMG setup messages level=2 phase=interpolation sends=512040 bytes=665057980 collective_rank_calls=3584
AMG setup messages level=2 phase=interpolation-transpose sends=73548 bytes=143291344 collective_rank_calls=3584
AMG setup messages level=2 phase=A*P sends=300420 bytes=1167715664 collective_rank_calls=3584
AMG setup messages level=2 phase=R*(A*P) sends=220644 bytes=3249319600 collective_rank_calls=3584
AMG setup messages level=3 phase=strength sends=0 bytes=0 collective_rank_calls=3584
AMG setup messages level=3 phase=strength-transpose sends=88272 bytes=157534688 collective_rank_calls=3584
AMG setup messages level=3 phase=PMIS sends=2317920 bytes=277762352 collective_rank_calls=46592
AMG setup messages level=3 phase=numbering sends=0 bytes=0 collective_rank_calls=3584
AMG setup messages level=3 phase=interpolation sends=521421 bytes=179857076 collective_rank_calls=3584
AMG setup messages level=3 phase=interpolation-transpose sends=64352 bytes=34617312 collective_rank_calls=3584
AMG setup messages level=3 phase=A*P sends=307074 bytes=378805920 collective_rank_calls=3584
AMG setup messages level=3 phase=R*(A*P) sends=193056 bytes=927913328 collective_rank_calls=3584
AMG setup messages level=4 phase=strength sends=0 bytes=0 collective_rank_calls=3584
AMG setup messages level=4 phase=strength-transpose sends=83406 bytes=31272856 collective_rank_calls=3584
AMG setup messages level=4 phase=PMIS sends=1899660 bytes=62305680 collective_rank_calls=39424
AMG setup messages level=4 phase=numbering sends=0 bytes=0 collective_rank_calls=3584
AMG setup messages level=4 phase=interpolation sends=486309 bytes=43560092 collective_rank_calls=3584
AMG setup messages level=4 phase=interpolation-transpose sends=46732 bytes=7981840 collective_rank_calls=3584
AMG setup messages level=4 phase=A*P sends=460206 bytes=137315152 collective_rank_calls=3584
AMG setup messages level=4 phase=R*(A*P) sends=140196 bytes=222262304 collective_rank_calls=3584
AMG setup messages level=5 phase=strength sends=0 bytes=0 collective_rank_calls=3584
AMG setup messages level=5 phase=strength-transpose sends=70658 bytes=5792588 collective_rank_calls=3584
AMG setup messages level=5 phase=PMIS sends=1430544 bytes=13089408 collective_rank_calls=32256
AMG setup messages level=5 phase=numbering sends=0 bytes=0 collective_rank_calls=3584
AMG setup messages level=5 phase=interpolation sends=384579 bytes=8692140 collective_rank_calls=3584
AMG setup messages level=5 phase=interpolation-transpose sends=21527 bytes=1876528 collective_rank_calls=3584
AMG setup messages level=5 phase=A*P sends=865896 bytes=58505952 collective_rank_calls=3584
AMG setup messages level=5 phase=R*(A*P) sends=64581 bytes=41213504 collective_rank_calls=3584
AMG setup messages level=6 phase=strength sends=0 bytes=0 collective_rank_calls=3584
AMG setup messages level=6 phase=strength-transpose sends=15547 bytes=922556 collective_rank_calls=3584
AMG setup messages level=6 phase=PMIS sends=293282 bytes=2020784 collective_rank_calls=25088
AMG setup messages level=6 phase=numbering sends=0 bytes=0 collective_rank_calls=3584
AMG setup messages level=6 phase=interpolation sends=76452 bytes=1074544 collective_rank_calls=3584
AMG setup messages level=6 phase=interpolation-transpose sends=6150 bytes=417760 collective_rank_calls=3584
AMG setup messages level=6 phase=A*P sends=406638 bytes=14169008 collective_rank_calls=3584
AMG setup messages level=6 phase=R*(A*P) sends=18450 bytes=6701984 collective_rank_calls=3584
AMG setup messages level=7 phase=strength sends=0 bytes=0 collective_rank_calls=3584
AMG setup messages level=7 phase=strength-transpose sends=3047 bytes=178676 collective_rank_calls=3584
AMG setup messages level=7 phase=PMIS sends=37931 bytes=293092 collective_rank_calls=14336
AMG setup messages level=7 phase=numbering sends=0 bytes=0 collective_rank_calls=3584
AMG setup messages level=7 phase=interpolation sends=13536 bytes=146140 collective_rank_calls=3584
AMG setup messages level=7 phase=interpolation-transpose sends=1812 bytes=121216 collective_rank_calls=3584
AMG setup messages level=7 phase=A*P sends=97254 bytes=2811824 collective_rank_calls=3584
AMG setup messages level=7 phase=R*(A*P) sends=5436 bytes=1006368 collective_rank_calls=3584
AMG setup messages level=8 phase=strength sends=0 bytes=0 collective_rank_calls=3584
AMG setup messages level=8 phase=strength-transpose sends=566 bytes=33028 collective_rank_calls=3584
AMG setup messages level=8 phase=PMIS sends=3938 bytes=38284 collective_rank_calls=7168
AMG setup messages level=8 phase=numbering sends=0 bytes=0 collective_rank_calls=3584
AMG setup messages level=8 phase=interpolation sends=2598 bytes=20920 collective_rank_calls=3584
AMG setup messages level=8 phase=interpolation-transpose sends=263 bytes=17456 collective_rank_calls=3584
AMG setup messages level=8 phase=A*P sends=15264 bytes=273680 collective_rank_calls=3584
AMG setup messages level=8 phase=R*(A*P) sends=789 bytes=26400 collective_rank_calls=3584
MLABecLapAMG true-residual restart: solve=20, restarts=1, iterations=19, initial true residual=1.0813640707278911e-11, final true residual=6.5476489609541728e-12, check target=7.6816575044804528e-12
AMG setup messages level=0 phase=strength sends=0 bytes=0 collective_rank_calls=3584
AMG setup messages level=0 phase=strength-transpose sends=28852 bytes=1219051624 collective_rank_calls=3584
AMG setup messages level=0 phase=PMIS sends=651496 bytes=4222628424 collective_rank_calls=39424
AMG setup messages level=0 phase=numbering sends=0 bytes=0 collective_rank_calls=3584
AMG setup messages level=0 phase=interpolation sends=173112 bytes=1665058880 collective_rank_calls=3584
AMG setup messages level=0 phase=interpolation-transpose sends=68949 bytes=627157920 collective_rank_calls=3584
AMG setup messages level=0 phase=A*P sends=90744 bytes=2935421536 collective_rank_calls=3584
AMG setup messages level=0 phase=R*(A*P) sends=206847 bytes=4419320032 collective_rank_calls=3584
AMG setup messages level=1 phase=strength sends=0 bytes=0 collective_rank_calls=3584
AMG setup messages level=1 phase=strength-transpose sends=76374 bytes=1429751376 collective_rank_calls=3584
AMG setup messages level=1 phase=PMIS sends=1839372 bytes=2923399968 collective_rank_calls=43008
AMG setup messages level=1 phase=numbering sends=0 bytes=0 collective_rank_calls=3584
AMG setup messages level=1 phase=interpolation sends=454329 bytes=1723716712 collective_rank_calls=3584
AMG setup messages level=1 phase=interpolation-transpose sends=74673 bytes=488485312 collective_rank_calls=3584
AMG setup messages level=1 phase=A*P sends=257802 bytes=2886233712 collective_rank_calls=3584
AMG setup messages level=1 phase=R*(A*P) sends=224019 bytes=7275258688 collective_rank_calls=3584
AMG setup messages level=2 phase=strength sends=0 bytes=0 collective_rank_calls=3584
AMG setup messages level=2 phase=strength-transpose sends=86754 bytes=633125232 collective_rank_calls=3584
AMG setup messages level=2 phase=PMIS sends=1921524 bytes=896474048 collective_rank_calls=39424
AMG setup messages level=2 phase=numbering sends=0 bytes=0 collective_rank_calls=3584
AMG setup messages level=2 phase=interpolation sends=512736 bytes=665218428 collective_rank_calls=3584
AMG setup messages level=2 phase=interpolation-transpose sends=73592 bytes=143407792 collective_rank_calls=3584
AMG setup messages level=2 phase=A*P sends=300342 bytes=1168210096 collective_rank_calls=3584
AMG setup messages level=2 phase=R*(A*P) sends=220776 bytes=3253602960 collective_rank_calls=3584
AMG setup messages level=3 phase=strength sends=0 bytes=0 collective_rank_calls=3584
AMG setup messages level=3 phase=strength-transpose sends=88300 bytes=157484988 collective_rank_calls=3584
AMG setup messages level=3 phase=PMIS sends=2319292 bytes=277841824 collective_rank_calls=46592
AMG setup messages level=3 phase=numbering sends=0 bytes=0 collective_rank_calls=3584
AMG setup messages level=3 phase=interpolation sends=521316 bytes=179994760 collective_rank_calls=3584
AMG setup messages level=3 phase=interpolation-transpose sends=64289 bytes=34577488 collective_rank_calls=3584
AMG setup messages level=3 phase=A*P sends=306918 bytes=379196400 collective_rank_calls=3584
AMG setup messages level=3 phase=R*(A*P) sends=192867 bytes=928247712 collective_rank_calls=3584
AMG setup messages level=4 phase=strength sends=0 bytes=0 collective_rank_calls=3584
AMG setup messages level=4 phase=strength-transpose sends=83510 bytes=31396632 collective_rank_calls=3584
AMG setup messages level=4 phase=PMIS sends=1899980 bytes=62491992 collective_rank_calls=39424
AMG setup messages level=4 phase=numbering sends=0 bytes=0 collective_rank_calls=3584
AMG setup messages level=4 phase=interpolation sends=486789 bytes=43650096 collective_rank_calls=3584
AMG setup messages level=4 phase=interpolation-transpose sends=46857 bytes=8059552 collective_rank_calls=3584
AMG setup messages level=4 phase=A*P sends=460182 bytes=137999296 collective_rank_calls=3584
AMG setup messages level=4 phase=R*(A*P) sends=140571 bytes=224145104 collective_rank_calls=3584
AMG setup messages level=5 phase=strength sends=0 bytes=0 collective_rank_calls=3584
AMG setup messages level=5 phase=strength-transpose sends=71906 bytes=5880384 collective_rank_calls=3584
AMG setup messages level=5 phase=PMIS sends=1453748 bytes=13286576 collective_rank_calls=32256
AMG setup messages level=5 phase=numbering sends=0 bytes=0 collective_rank_calls=3584
AMG setup messages level=5 phase=interpolation sends=391458 bytes=8885616 collective_rank_calls=3584
AMG setup messages level=5 phase=interpolation-transpose sends=21618 bytes=1909536 collective_rank_calls=3584
AMG setup messages level=5 phase=A*P sends=867318 bytes=59073600 collective_rank_calls=3584
AMG setup messages level=5 phase=R*(A*P) sends=64854 bytes=41817936 collective_rank_calls=3584
AMG setup messages level=6 phase=strength sends=0 bytes=0 collective_rank_calls=3584
AMG setup messages level=6 phase=strength-transpose sends=15980 bytes=935280 collective_rank_calls=3584
AMG setup messages level=6 phase=PMIS sends=302008 bytes=2051776 collective_rank_calls=25088
AMG setup messages level=6 phase=numbering sends=0 bytes=0 collective_rank_calls=3584
AMG setup messages level=6 phase=interpolation sends=78153 bytes=1097816 collective_rank_calls=3584
AMG setup messages level=6 phase=interpolation-transpose sends=6004 bytes=404928 collective_rank_calls=3584
AMG setup messages level=6 phase=A*P sends=406020 bytes=13952096 collective_rank_calls=3584
AMG setup messages level=6 phase=R*(A*P) sends=18012 bytes=6528272 collective_rank_calls=3584
AMG setup messages level=7 phase=strength sends=0 bytes=0 collective_rank_calls=3584
AMG setup messages level=7 phase=strength-transpose sends=3015 bytes=176084 collective_rank_calls=3584
AMG setup messages level=7 phase=PMIS sends=36985 bytes=286552 collective_rank_calls=14336
AMG setup messages level=7 phase=numbering sends=0 bytes=0 collective_rank_calls=3584
AMG setup messages level=7 phase=interpolation sends=13710 bytes=147468 collective_rank_calls=3584
AMG setup messages level=7 phase=interpolation-transpose sends=1424 bytes=91712 collective_rank_calls=3584
AMG setup messages level=7 phase=A*P sends=94446 bytes=2430544 collective_rank_calls=3584
AMG setup messages level=7 phase=R*(A*P) sends=4272 bytes=823648 collective_rank_calls=3584
AMG setup messages level=8 phase=strength sends=0 bytes=0 collective_rank_calls=3584
AMG setup messages level=8 phase=strength-transpose sends=668 bytes=40896 collective_rank_calls=3584
AMG setup messages level=8 phase=PMIS sends=6632 bytes=60080 collective_rank_calls=10752
AMG setup messages level=8 phase=numbering sends=0 bytes=0 collective_rank_calls=3584
AMG setup messages level=8 phase=interpolation sends=2976 bytes=23960 collective_rank_calls=3584
AMG setup messages level=8 phase=interpolation-transpose sends=339 bytes=24016 collective_rank_calls=3584
AMG setup messages level=8 phase=A*P sends=16314 bytes=330128 collective_rank_calls=3584
AMG setup messages level=8 phase=R*(A*P) sends=1017 bytes=50704 collective_rank_calls=3584
GMRES: iter = 0, residual = 3.079761694, 1 (rel.)
GMRES: iter = 1, residual = 2.987104061, 0.9699140249 (rel.)
GMRES: iter = 2, residual = 2.771545506, 0.8999220657 (rel.)
GMRES: iter = 3, residual = 2.598603575, 0.8437677433 (rel.)
GMRES: iter = 4, residual = 2.411890242, 0.7831418407 (rel.)
GMRES: iter = 5, residual = 2.260906927, 0.7341174907 (rel.)
GMRES: iter = 6, residual = 2.149904959, 0.6980751019 (rel.)
GMRES: iter = 7, residual = 2.054536249, 0.6671088391 (rel.)
GMRES: iter = 8, residual = 1.942728063, 0.6308046712 (rel.)
GMRES: iter = 9, residual = 1.850867236, 0.6009774197 (rel.)
GMRES: iter = 10, residual = 1.75803017, 0.5708331826 (rel.)
GMRES: iter = 11, residual = 1.675809907, 0.5441362264 (rel.)
GMRES: iter = 12, residual = 1.592689323, 0.5171469356 (rel.)
GMRES: iter = 13, residual = 1.51400303, 0.4915974611 (rel.)
GMRES: iter = 14, residual = 1.437175469, 0.4666515177 (rel.)
GMRES: iter = 15, residual = 1.362412767, 0.4423760351 (rel.)
GMRES: iter = 16, residual = 1.290108642, 0.4188988532 (rel.)
GMRES: iter = 17, residual = 1.218779691, 0.3957383108 (rel.)
GMRES: iter = 18, residual = 1.150364246, 0.3735237854 (rel.)
GMRES: iter = 19, residual = 1.082291022, 0.3514203791 (rel.)
GMRES: iter = 20, residual = 1.016942291, 0.3302016168 (rel.)
GMRES: iter = 21, residual = 0.9532160349, 0.309509673 (rel.)
GMRES: iter = 22, residual = 0.892340927, 0.2897434982 (rel.)
GMRES: iter = 23, residual = 0.8335742293, 0.2706619252 (rel.)
GMRES: iter = 24, residual = 0.7786075991, 0.2528142358 (rel.)
GMRES: iter = 25, residual = 0.7280504626, 0.2363983109 (rel.)
GMRES: iter = 26, residual = 0.6828259697, 0.2217138978 (rel.)
GMRES: iter = 27, residual = 0.6441262135, 0.2091480697 (rel.)
GMRES: iter = 28, residual = 0.6117393119, 0.1986320283 (rel.)
GMRES: iter = 29, residual = 0.5850932847, 0.1899800513 (rel.)
GMRES: iter = 30, residual = 0.5635351215, 0.1829801061 (rel.)
GMRES: iter = 31, residual = 0.5463408579, 0.177397121 (rel.)
GMRES: iter = 32, residual = 0.532882891, 0.1730273131 (rel.)
GMRES: iter = 33, residual = 0.5226431751, 0.1697024728 (rel.)
GMRES: iter = 34, residual = 0.5149037662, 0.1671894832 (rel.)
GMRES: iter = 35, residual = 0.5087085179, 0.1651778833 (rel.)
GMRES: iter = 36, residual = 0.503208017, 0.1633918682 (rel.)
GMRES: iter = 37, residual = 0.4979185343, 0.1616743708 (rel.)
GMRES: iter = 38, residual = 0.4925200398, 0.1599214773 (rel.)
GMRES: iter = 39, residual = 0.4859956596, 0.1578030081 (rel.)
GMRES: iter = 40, residual = 0.4767947955, 0.1548154834 (rel.)
GMRES: iter = 41, residual = 0.4632073573, 0.1504036362 (rel.)
GMRES: iter = 42, residual = 0.4452880047, 0.1445852143 (rel.)
GMRES: iter = 43, residual = 0.4271757824, 0.1387041677 (rel.)
GMRES: iter = 44, residual = 0.4106249039, 0.13333009 (rel.)
GMRES: iter = 45, residual = 0.3946794623, 0.128152598 (rel.)
GMRES: iter = 46, residual = 0.3805420684, 0.1235621799 (rel.)
GMRES: iter = 47, residual = 0.3691530249, 0.1198641523 (rel.)
GMRES: iter = 48, residual = 0.3599237609, 0.1168674062 (rel.)
GMRES: iter = 49, residual = 0.3521796903, 0.114352903 (rel.)
GMRES: iter = 50, residual = 0.3452882518, 0.1121152498 (rel.)
GMRES: iter = 51, residual = 0.3390482187, 0.1100891083 (rel.)
GMRES: iter = 52, residual = 0.3329477267, 0.1081082758 (rel.)
GMRES: iter = 53, residual = 0.3268948265, 0.1061428964 (rel.)
GMRES: iter = 54, residual = 0.3212106208, 0.1042972323 (rel.)
GMRES: iter = 55, residual = 0.315331194, 0.1023881798 (rel.)
GMRES: iter = 56, residual = 0.3092863308, 0.10042541 (rel.)
GMRES: iter = 57, residual = 0.3035317113, 0.09855688246 (rel.)
GMRES: iter = 58, residual = 0.2977451273, 0.09667797604 (rel.)
GMRES: iter = 59, residual = 0.2909843806, 0.09448275857 (rel.)
GMRES: iter = 60, residual = 0.2833100404, 0.09199089687 (rel.)
GMRES: iter = 61, residual = 0.2745586301, 0.08914931003 (rel.)
GMRES: iter = 62, residual = 0.2658201221, 0.08631191256 (rel.)
GMRES: iter = 63, residual = 0.2564520068, 0.08327008135 (rel.)
GMRES: iter = 64, residual = 0.2450814639, 0.07957806097 (rel.)
GMRES: iter = 65, residual = 0.230746177, 0.0749233869 (rel.)
GMRES: iter = 66, residual = 0.2125887151, 0.06902765089 (rel.)
GMRES: iter = 67, residual = 0.1948660502, 0.06327309366 (rel.)
GMRES: iter = 68, residual = 0.1815503452, 0.05894947829 (rel.)
GMRES: iter = 69, residual = 0.1701962461, 0.05526279725 (rel.)
GMRES: iter = 70, residual = 0.1607990209, 0.05221151402 (rel.)
GMRES: iter = 71, residual = 0.1469006947, 0.04769872129 (rel.)
GMRES: iter = 72, residual = 0.1228151888, 0.03987814674 (rel.)
GMRES: iter = 73, residual = 0.1045768531, 0.033956151 (rel.)
GMRES: iter = 74, residual = 0.09531560243, 0.03094901875 (rel.)
GMRES: iter = 75, residual = 0.08837407631, 0.02869510211 (rel.)
GMRES: iter = 76, residual = 0.0821649183, 0.02667898573 (rel.)
GMRES: iter = 77, residual = 0.07438245826, 0.02415201747 (rel.)
GMRES: iter = 78, residual = 0.06531767995, 0.0212086799 (rel.)
GMRES: iter = 79, residual = 0.0573345179, 0.01861654361 (rel.)
GMRES: iter = 80, residual = 0.05186895268, 0.01684187214 (rel.)
GMRES: iter = 81, residual = 0.0478017932, 0.01552126364 (rel.)
GMRES: iter = 82, residual = 0.04407347431, 0.01431067682 (rel.)
GMRES: iter = 83, residual = 0.0408656282, 0.01326908776 (rel.)
GMRES: iter = 84, residual = 0.03759957047, 0.01220859735 (rel.)
GMRES: iter = 85, residual = 0.03464937307, 0.01125066694 (rel.)
GMRES: iter = 86, residual = 0.03245323756, 0.01053758076 (rel.)
GMRES: iter = 87, residual = 0.02957252916, 0.009602213449 (rel.)
GMRES: iter = 88, residual = 0.0268414285, 0.008715423842 (rel.)
GMRES: iter = 89, residual = 0.02468152236, 0.008014101352 (rel.)
GMRES: iter = 90, residual = 0.02274032487, 0.007383793657 (rel.)
GMRES: iter = 91, residual = 0.02052678933, 0.006665057679 (rel.)
GMRES: iter = 92, residual = 0.01890251597, 0.006137655392 (rel.)
GMRES: iter = 93, residual = 0.01722686229, 0.005593569893 (rel.)
GMRES: iter = 94, residual = 0.01584259765, 0.005144098546 (rel.)
GMRES: iter = 95, residual = 0.01459239827, 0.004738158247 (rel.)
GMRES: iter = 96, residual = 0.01342572035, 0.004359337405 (rel.)
GMRES: iter = 97, residual = 0.01255827893, 0.004077678788 (rel.)
GMRES: iter = 98, residual = 0.01174623838, 0.003814008857 (rel.)
GMRES: iter = 99, residual = 0.01099377293, 0.003569682989 (rel.)
GMRES: iter = 100, residual = 0.01023787937, 0.003324244011 (rel.)
GMRES: iter = 100, residual = 0.2134151028, 0.06929597937 (rel.)
GMRES: iter = 101, residual = 0.0266485859, 0.008652807764 (rel.)
GMRES: iter = 102, residual = 0.01048598052, 0.003404802567 (rel.)
GMRES: iter = 103, residual = 0.00923425535, 0.002998366843 (rel.)
GMRES: iter = 104, residual = 0.008948291337, 0.0029055142 (rel.)
GMRES: iter = 105, residual = 0.008761167362, 0.002844754962 (rel.)
GMRES: iter = 106, residual = 0.008572966221, 0.002783645967 (rel.)
GMRES: iter = 107, residual = 0.008441173529, 0.002740852821 (rel.)
GMRES: iter = 108, residual = 0.008363245122, 0.002715549432 (rel.)
GMRES: iter = 109, residual = 0.008264605045, 0.002683520956 (rel.)
GMRES: iter = 110, residual = 0.008145618609, 0.002644886007 (rel.)
GMRES: iter = 111, residual = 0.008062105543, 0.002617769277 (rel.)
GMRES: iter = 112, residual = 0.00800189429, 0.002598218656 (rel.)
GMRES: iter = 113, residual = 0.007956725601, 0.002583552362 (rel.)
GMRES: iter = 114, residual = 0.007913980528, 0.002569673018 (rel.)
GMRES: iter = 115, residual = 0.007850987957, 0.002549219302 (rel.)
GMRES: iter = 116, residual = 0.007749603091, 0.002516299591 (rel.)
GMRES: iter = 117, residual = 0.007615707032, 0.00247282348 (rel.)
GMRES: iter = 118, residual = 0.007453541654, 0.002420168309 (rel.)
GMRES: iter = 119, residual = 0.00725857862, 0.002356863725 (rel.)
GMRES: iter = 120, residual = 0.006996640597, 0.002271812332 (rel.)
GMRES: iter = 121, residual = 0.006713950862, 0.002180022849 (rel.)
GMRES: iter = 122, residual = 0.006468348201, 0.002100275555 (rel.)
GMRES: iter = 123, residual = 0.006253990327, 0.002030673457 (rel.)
GMRES: iter = 124, residual = 0.006060735264, 0.001967923452 (rel.)
GMRES: iter = 125, residual = 0.005872415097, 0.001906775809 (rel.)
GMRES: iter = 126, residual = 0.005676349783, 0.001843113314 (rel.)
GMRES: iter = 127, residual = 0.005429555481, 0.001762979094 (rel.)
GMRES: iter = 128, residual = 0.005057373416, 0.001642131411 (rel.)
GMRES: iter = 129, residual = 0.004567709858, 0.001483137434 (rel.)
GMRES: iter = 130, residual = 0.004170558762, 0.001354182296 (rel.)
GMRES: iter = 131, residual = 0.003933198799, 0.00127711141 (rel.)
GMRES: iter = 132, residual = 0.003730891218, 0.001211422048 (rel.)
GMRES: iter = 133, residual = 0.003504709745, 0.001137980822 (rel.)
GMRES: iter = 134, residual = 0.003226373776, 0.001047605008 (rel.)
GMRES: iter = 135, residual = 0.002919690272, 0.0009480247375 (rel.)
GMRES: iter = 136, residual = 0.002652279424, 0.0008611963155 (rel.)
GMRES: iter = 137, residual = 0.002436559247, 0.0007911518776 (rel.)
GMRES: iter = 138, residual = 0.002245896896, 0.0007292437268 (rel.)
GMRES: iter = 139, residual = 0.002075058709, 0.0006737724912 (rel.)
GMRES: iter = 140, residual = 0.00192706088, 0.0006257175299 (rel.)
GMRES: iter = 141, residual = 0.001774425623, 0.0005761567935 (rel.)
GMRES: iter = 142, residual = 0.001634583849, 0.0005307501069 (rel.)
GMRES: iter = 143, residual = 0.001515766188, 0.0004921699593 (rel.)
GMRES: iter = 144, residual = 0.001415622631, 0.0004596533017 (rel.)
GMRES: iter = 145, residual = 0.001339650887, 0.0004349852424 (rel.)
GMRES: iter = 146, residual = 0.001266014978, 0.0004110756298 (rel.)
GMRES: iter = 147, residual = 0.001186860521, 0.0003853741421 (rel.)
GMRES: iter = 148, residual = 0.00112573147, 0.000365525512 (rel.)
GMRES: iter = 149, residual = 0.001081155565, 0.0003510516957 (rel.)
GMRES: iter = 150, residual = 0.001041104525, 0.0003380471052 (rel.)
GMRES: iter = 151, residual = 0.0009989782121, 0.0003243686724 (rel.)
GMRES: iter = 152, residual = 0.0009511828419, 0.0003088494943 (rel.)
GMRES: iter = 153, residual = 0.0009012191582, 0.0002926262638 (rel.)
GMRES: iter = 154, residual = 0.0008445647571, 0.0002742305545 (rel.)
GMRES: iter = 155, residual = 0.0007783080418, 0.0002527169694 (rel.)
GMRES: iter = 156, residual = 0.0007066867065, 0.0002294614898 (rel.)
GMRES: iter = 157, residual = 0.0006436020506, 0.0002089778738 (rel.)
GMRES: iter = 158, residual = 0.0005887894146, 0.0001911801863 (rel.)
GMRES: iter = 159, residual = 0.0005380231131, 0.0001746963455 (rel.)
GMRES: iter = 160, residual = 0.0004912112306, 0.0001594965063 (rel.)
GMRES: iter = 161, residual = 0.0004471368958, 0.0001451855501 (rel.)
GMRES: iter = 162, residual = 0.0004065426549, 0.0001320045819 (rel.)
GMRES: iter = 163, residual = 0.0003654663354, 0.0001186670826 (rel.)
GMRES: iter = 164, residual = 0.0003261915768, 0.0001059145509 (rel.)
GMRES: iter = 165, residual = 0.0002971611626, 9.648836243e-05 (rel.)
GMRES: Solve Time = 80.6351658
AMG setup messages level=0 phase=strength sends=0 bytes=0 collective_rank_calls=3584
AMG setup messages level=0 phase=strength-transpose sends=28852 bytes=1219055560 collective_rank_calls=3584
AMG setup messages level=0 phase=PMIS sends=592396 bytes=3872308904 collective_rank_calls=35840
AMG setup messages level=0 phase=numbering sends=0 bytes=0 collective_rank_calls=3584
AMG setup messages level=0 phase=interpolation sends=173112 bytes=1665152244 collective_rank_calls=3584
AMG setup messages level=0 phase=interpolation-transpose sends=68870 bytes=627051184 collective_rank_calls=3584
AMG setup messages level=0 phase=A*P sends=90744 bytes=2935457040 collective_rank_calls=3584
AMG setup messages level=0 phase=R*(A*P) sends=206610 bytes=4419274480 collective_rank_calls=3584
AMG setup messages level=1 phase=strength sends=0 bytes=0 collective_rank_calls=3584
AMG setup messages level=1 phase=strength-transpose sends=76425 bytes=1430094188 collective_rank_calls=3584
AMG setup messages level=1 phase=PMIS sends=1840427 bytes=2923477576 collective_rank_calls=43008
AMG setup messages level=1 phase=numbering sends=0 bytes=0 collective_rank_calls=3584
AMG setup messages level=1 phase=interpolation sends=454533 bytes=1723694612 collective_rank_calls=3584
AMG setup messages level=1 phase=interpolation-transpose sends=74676 bytes=488463744 collective_rank_calls=3584
AMG setup messages level=1 phase=A*P sends=258048 bytes=2886641136 collective_rank_calls=3584
AMG setup messages level=1 phase=R*(A*P) sends=224028 bytes=7275019456 collective_rank_calls=3584
AMG setup messages level=2 phase=strength sends=0 bytes=0 collective_rank_calls=3584
AMG setup messages level=2 phase=strength-transpose sends=86624 bytes=633189628 collective_rank_calls=3584
AMG setup messages level=2 phase=PMIS sends=2091794 bytes=970673344 collective_rank_calls=43008
AMG setup messages level=2 phase=numbering sends=0 bytes=0 collective_rank_calls=3584
AMG setup messages level=2 phase=interpolation sends=512076 bytes=665574464 collective_rank_calls=3584
AMG setup messages level=2 phase=interpolation-transpose sends=73508 bytes=143084672 collective_rank_calls=3584
AMG setup messages level=2 phase=A*P sends=300042 bytes=1167690336 collective_rank_calls=3584
AMG setup messages level=2 phase=R*(A*P) sends=220524 bytes=3247440144 collective_rank_calls=3584
AMG setup messages level=3 phase=strength sends=0 bytes=0 collective_rank_calls=3584
AMG setup messages level=3 phase=strength-transpose sends=88127 bytes=157539720 collective_rank_calls=3584
AMG setup messages level=3 phase=PMIS sends=2669810 bytes=317087000 collective_rank_calls=53760
AMG setup messages level=3 phase=numbering sends=0 bytes=0 collective_rank_calls=3584
AMG setup messages level=3 phase=interpolation sends=520785 bytes=179774556 collective_rank_calls=3584
AMG setup messages level=3 phase=interpolation-transpose sends=64280 bytes=34476464 collective_rank_calls=3584
AMG setup messages level=3 phase=A*P sends=306966 bytes=379246608 collective_rank_calls=3584
AMG setup messages level=3 phase=R*(A*P) sends=192840 bytes=924736704 collective_rank_calls=3584
AMG setup messages level=4 phase=strength sends=0 bytes=0 collective_rank_calls=3584
AMG setup messages level=4 phase=strength-transpose sends=83242 bytes=31268356 collective_rank_calls=3584
AMG setup messages level=4 phase=PMIS sends=2065746 bytes=67228068 collective_rank_calls=43008
AMG setup messages level=4 phase=numbering sends=0 bytes=0 collective_rank_calls=3584
AMG setup messages level=4 phase=interpolation sends=485628 bytes=43629920 collective_rank_calls=3584
AMG setup messages level=4 phase=interpolation-transpose sends=46697 bytes=7968800 collective_rank_calls=3584
AMG setup messages level=4 phase=A*P sends=459828 bytes=137178432 collective_rank_calls=3584
AMG setup messages level=4 phase=R*(A*P) sends=140091 bytes=222520272 collective_rank_calls=3584
AMG setup messages level=5 phase=strength sends=0 bytes=0 collective_rank_calls=3584
AMG setup messages level=5 phase=strength-transpose sends=71459 bytes=5881640 collective_rank_calls=3584
AMG setup messages level=5 phase=PMIS sends=1285787 bytes=11989728 collective_rank_calls=28672
AMG setup messages level=5 phase=numbering sends=0 bytes=0 collective_rank_calls=3584
AMG setup messages level=5 phase=interpolation sends=391080 bytes=8819592 collective_rank_calls=3584
AMG setup messages level=5 phase=interpolation-transpose sends=21951 bytes=1923456 collective_rank_calls=3584
AMG setup messages level=5 phase=A*P sends=869094 bytes=59269648 collective_rank_calls=3584
AMG setup messages level=5 phase=R*(A*P) sends=65853 bytes=42583456 collective_rank_calls=3584
AMG setup messages level=6 phase=strength sends=0 bytes=0 collective_rank_calls=3584
AMG setup messages level=6 phase=strength-transpose sends=15967 bytes=929920 collective_rank_calls=3584
AMG setup messages level=6 phase=PMIS sends=385056 bytes=2515680 collective_rank_calls=32256
AMG setup messages level=6 phase=numbering sends=0 bytes=0 collective_rank_calls=3584
AMG setup messages level=6 phase=interpolation sends=78549 bytes=1090264 collective_rank_calls=3584
AMG setup messages level=6 phase=interpolation-transpose sends=6223 bytes=414560 collective_rank_calls=3584
AMG setup messages level=6 phase=A*P sends=414126 bytes=14228080 collective_rank_calls=3584
AMG setup messages level=6 phase=R*(A*P) sends=18669 bytes=6716768 collective_rank_calls=3584
AMG setup messages level=7 phase=strength sends=0 bytes=0 collective_rank_calls=3584
AMG setup messages level=7 phase=strength-transpose sends=3187 bytes=188608 collective_rank_calls=3584
AMG setup messages level=7 phase=PMIS sends=39731 bytes=315368 collective_rank_calls=14336
AMG setup messages level=7 phase=numbering sends=0 bytes=0 collective_rank_calls=3584
AMG setup messages level=7 phase=interpolation sends=14424 bytes=151232 collective_rank_calls=3584
AMG setup messages level=7 phase=interpolation-transpose sends=1673 bytes=114032 collective_rank_calls=3584
AMG setup messages level=7 phase=A*P sends=92844 bytes=2610688 collective_rank_calls=3584
AMG setup messages level=7 phase=R*(A*P) sends=5019 bytes=770240 collective_rank_calls=3584
AMG setup messages level=8 phase=strength sends=0 bytes=0 collective_rank_calls=3584
AMG setup messages level=8 phase=strength-transpose sends=478 bytes=28904 collective_rank_calls=3584
AMG setup messages level=8 phase=PMIS sends=3322 bytes=33992 collective_rank_calls=7168
AMG setup messages level=8 phase=numbering sends=0 bytes=0 collective_rank_calls=3584
AMG setup messages level=8 phase=interpolation sends=2211 bytes=17848 collective_rank_calls=3584
AMG setup messages level=8 phase=interpolation-transpose sends=216 bytes=15152 collective_rank_calls=3584
AMG setup messages level=8 phase=A*P sends=10920 bytes=206944 collective_rank_calls=3584
AMG setup messages level=8 phase=R*(A*P) sends=648 bytes=24064 collective_rank_calls=3584
GMRES: iter = 0, residual = 2.878511149, 1 (rel.)
GMRES: iter = 1, residual = 2.773044495, 0.963360693 (rel.)
GMRES: iter = 2, residual = 2.565787321, 0.8913591743 (rel.)
GMRES: iter = 3, residual = 2.384955161, 0.8285377534 (rel.)
GMRES: iter = 4, residual = 2.203138542, 0.76537433 (rel.)
GMRES: iter = 5, residual = 2.060134278, 0.7156943889 (rel.)
GMRES: iter = 6, residual = 1.964303604, 0.6824026386 (rel.)
GMRES: iter = 7, residual = 1.870781875, 0.6499130204 (rel.)
GMRES: iter = 8, residual = 1.767868736, 0.6141608088 (rel.)
GMRES: iter = 9, residual = 1.684298199, 0.5851282526 (rel.)
GMRES: iter = 10, residual = 1.603338272, 0.5570026269 (rel.)
GMRES: iter = 11, residual = 1.528191242, 0.5308964124 (rel.)
GMRES: iter = 12, residual = 1.45355094, 0.5049662357 (rel.)
GMRES: iter = 13, residual = 1.382753289, 0.4803710033 (rel.)
GMRES: iter = 14, residual = 1.31406852, 0.45650979 (rel.)
GMRES: iter = 15, residual = 1.24583365, 0.4328048722 (rel.)
GMRES: iter = 16, residual = 1.179601537, 0.4097957157 (rel.)
GMRES: iter = 17, residual = 1.113726415, 0.3869105788 (rel.)
GMRES: iter = 18, residual = 1.050385313, 0.3649057649 (rel.)
GMRES: iter = 19, residual = 0.9872975662, 0.3429889672 (rel.)
GMRES: iter = 20, residual = 0.9261080046, 0.3217316024 (rel.)
GMRES: iter = 21, residual = 0.8652267612, 0.3005813479 (rel.)
GMRES: iter = 22, residual = 0.8060386277, 0.2800192829 (rel.)
GMRES: iter = 23, residual = 0.7484840184, 0.2600247071 (rel.)
GMRES: iter = 24, residual = 0.6941514029, 0.2411494578 (rel.)
GMRES: iter = 25, residual = 0.6434893701, 0.2235493756 (rel.)
GMRES: iter = 26, residual = 0.5975292851, 0.2075827586 (rel.)
GMRES: iter = 27, residual = 0.5575569123, 0.1936962837 (rel.)
GMRES: iter = 28, residual = 0.5241538582, 0.1820920021 (rel.)
GMRES: iter = 29, residual = 0.497069931, 0.1726829966 (rel.)
GMRES: iter = 30, residual = 0.4754661213, 0.1651777939 (rel.)
GMRES: iter = 31, residual = 0.4580532306, 0.159128524 (rel.)
GMRES: iter = 32, residual = 0.4438930896, 0.1542092654 (rel.)
GMRES: iter = 33, residual = 0.4327312419, 0.1503316192 (rel.)
GMRES: iter = 34, residual = 0.4238271521, 0.1472383222 (rel.)
GMRES: iter = 35, residual = 0.4161992537, 0.1445883765 (rel.)
GMRES: iter = 36, residual = 0.4095328092, 0.1422724415 (rel.)
GMRES: iter = 37, residual = 0.4035842701, 0.1402059083 (rel.)
GMRES: iter = 38, residual = 0.3976225998, 0.1381348132 (rel.)
GMRES: iter = 39, residual = 0.3905044335, 0.1356619493 (rel.)
GMRES: iter = 40, residual = 0.381751718, 0.13262124 (rel.)
GMRES: iter = 41, residual = 0.3714617675, 0.1290464925 (rel.)
GMRES: iter = 42, residual = 0.3595897277, 0.1249221243 (rel.)
GMRES: iter = 43, residual = 0.3465125562, 0.1203790912 (rel.)
GMRES: iter = 44, residual = 0.3336526718, 0.115911544 (rel.)
GMRES: iter = 45, residual = 0.3221149049, 0.1119033029 (rel.)
GMRES: iter = 46, residual = 0.3123112682, 0.1084975017 (rel.)
GMRES: iter = 47, residual = 0.3039555889, 0.1055947235 (rel.)
GMRES: iter = 48, residual = 0.2970974547, 0.1032121952 (rel.)
GMRES: iter = 49, residual = 0.2914303836, 0.1012434444 (rel.)
GMRES: iter = 50, residual = 0.2864689203, 0.09951982309 (rel.)
GMRES: iter = 51, residual = 0.2822178683, 0.09804299988 (rel.)
GMRES: iter = 52, residual = 0.2782072672, 0.09664970978 (rel.)
GMRES: iter = 53, residual = 0.2740336685, 0.09519979404 (rel.)
GMRES: iter = 54, residual = 0.2695500794, 0.09364218702 (rel.)
GMRES: iter = 55, residual = 0.2650164749, 0.0920672046 (rel.)
GMRES: iter = 56, residual = 0.2606953223, 0.09056602835 (rel.)
GMRES: iter = 57, residual = 0.2561329779, 0.0889810616 (rel.)
GMRES: iter = 58, residual = 0.2502787632, 0.08694729679 (rel.)
GMRES: iter = 59, residual = 0.2432131829, 0.08449270138 (rel.)
GMRES: iter = 60, residual = 0.2356789466, 0.081875294 (rel.)
GMRES: iter = 61, residual = 0.2280011549, 0.07920801523 (rel.)
GMRES: iter = 62, residual = 0.2198950634, 0.07639194431 (rel.)
GMRES: iter = 63, residual = 0.2109271909, 0.07327648913 (rel.)
GMRES: iter = 64, residual = 0.2005535985, 0.06967268428 (rel.)
GMRES: iter = 65, residual = 0.1894440422, 0.06581320427 (rel.)
GMRES: iter = 66, residual = 0.1779818593, 0.06183122111 (rel.)
GMRES: iter = 67, residual = 0.1636199891, 0.0568418813 (rel.)
GMRES: iter = 68, residual = 0.1476731493, 0.0513019202 (rel.)
GMRES: iter = 69, residual = 0.1367098555, 0.04749325203 (rel.)
GMRES: iter = 70, residual = 0.1292391802, 0.04489792588 (rel.)
GMRES: iter = 71, residual = 0.1182937383, 0.04109545948 (rel.)
GMRES: iter = 72, residual = 0.1031036476, 0.0358183944 (rel.)
GMRES: iter = 73, residual = 0.09315131154, 0.03236093477 (rel.)
GMRES: iter = 74, residual = 0.08621333298, 0.02995066842 (rel.)
GMRES: iter = 75, residual = 0.08007953155, 0.02781977467 (rel.)
GMRES: iter = 76, residual = 0.0735032113, 0.02553514907 (rel.)
GMRES: iter = 77, residual = 0.06449386964, 0.02240528742 (rel.)
GMRES: iter = 78, residual = 0.05599300301, 0.01945207092 (rel.)
GMRES: iter = 79, residual = 0.05069449532, 0.01761135973 (rel.)
GMRES: iter = 80, residual = 0.04637098738, 0.01610936522 (rel.)
GMRES: iter = 81, residual = 0.04253445653, 0.01477654743 (rel.)
GMRES: iter = 82, residual = 0.03951486805, 0.01372753691 (rel.)
GMRES: iter = 83, residual = 0.03654637972, 0.01269627868 (rel.)
GMRES: iter = 84, residual = 0.03281065457, 0.01139848097 (rel.)
GMRES: iter = 85, residual = 0.03031544138, 0.01053163938 (rel.)
GMRES: iter = 86, residual = 0.0283819161, 0.00985992919 (rel.)
GMRES: iter = 87, residual = 0.02632666598, 0.009145931564 (rel.)
GMRES: iter = 88, residual = 0.02379340557, 0.008265872299 (rel.)
GMRES: iter = 89, residual = 0.02159365654, 0.007501675492 (rel.)
GMRES: iter = 90, residual = 0.01968095403, 0.006837199167 (rel.)
GMRES: iter = 91, residual = 0.0180931121, 0.006285579996 (rel.)
GMRES: iter = 92, residual = 0.01669615671, 0.005800275158 (rel.)
GMRES: iter = 93, residual = 0.01540065859, 0.005350216758 (rel.)
GMRES: iter = 94, residual = 0.01424489454, 0.004948702229 (rel.)
GMRES: iter = 95, residual = 0.01306351449, 0.004538288654 (rel.)
GMRES: iter = 96, residual = 0.01222100786, 0.004245600322 (rel.)
GMRES: iter = 97, residual = 0.01147872209, 0.003987728898 (rel.)
GMRES: iter = 98, residual = 0.01068027128, 0.003710345636 (rel.)
GMRES: iter = 99, residual = 0.009967210016, 0.003462626858 (rel.)
GMRES: iter = 100, residual = 0.009304984029, 0.003232568348 (rel.)
GMRES: iter = 100, residual = 0.1727613128, 0.06001759376 (rel.)
GMRES: iter = 101, residual = 0.0204005003, 0.007087170848 (rel.)
GMRES: iter = 102, residual = 0.009260469635, 0.003217103966 (rel.)
GMRES: iter = 103, residual = 0.008380941928, 0.002911554444 (rel.)
GMRES: iter = 104, residual = 0.008126770557, 0.002823254848 (rel.)
GMRES: iter = 105, residual = 0.007973933897, 0.002770159115 (rel.)
GMRES: iter = 106, residual = 0.007859458795, 0.002730390257 (rel.)
GMRES: iter = 107, residual = 0.007797084128, 0.002708721184 (rel.)
GMRES: iter = 108, residual = 0.007743269085, 0.00269002574 (rel.)
GMRES: iter = 109, residual = 0.007655256719, 0.002659450085 (rel.)
GMRES: iter = 110, residual = 0.007571897087, 0.002630490797 (rel.)
GMRES: iter = 111, residual = 0.007517239133, 0.002611502524 (rel.)
GMRES: iter = 112, residual = 0.007468338472, 0.002594514346 (rel.)
GMRES: iter = 113, residual = 0.007408676034, 0.002573787507 (rel.)
GMRES: iter = 114, residual = 0.007346944863, 0.002552341986 (rel.)
GMRES: iter = 115, residual = 0.007281492175, 0.002529603603 (rel.)
GMRES: iter = 116, residual = 0.007200536043, 0.002501479296 (rel.)
GMRES: iter = 117, residual = 0.007103690367, 0.002467834932 (rel.)
GMRES: iter = 118, residual = 0.006974103771, 0.002422816314 (rel.)
GMRES: iter = 119, residual = 0.00671918715, 0.002334257817 (rel.)
GMRES: iter = 120, residual = 0.006386654217, 0.002218735272 (rel.)
GMRES: iter = 121, residual = 0.006145172556, 0.002134844104 (rel.)
GMRES: iter = 122, residual = 0.005975362591, 0.002075851814 (rel.)
GMRES: iter = 123, residual = 0.005809743356, 0.002018315391 (rel.)
GMRES: iter = 124, residual = 0.005591477678, 0.001942489498 (rel.)
GMRES: iter = 125, residual = 0.005269147831, 0.001830511524 (rel.)
GMRES: iter = 126, residual = 0.004910317939, 0.001705853368 (rel.)
GMRES: iter = 127, residual = 0.004588232471, 0.001593960292 (rel.)
GMRES: iter = 128, residual = 0.004317421092, 0.001499879927 (rel.)
GMRES: iter = 129, residual = 0.0041051989, 0.001426153552 (rel.)
GMRES: iter = 130, residual = 0.003912878585, 0.001359341126 (rel.)
GMRES: iter = 131, residual = 0.003668331617, 0.001274385065 (rel.)
GMRES: iter = 132, residual = 0.003368528189, 0.001170232809 (rel.)
GMRES: iter = 133, residual = 0.003111788072, 0.001081040827 (rel.)
GMRES: iter = 134, residual = 0.002910523992, 0.00101112132 (rel.)
GMRES: iter = 135, residual = 0.002726138064, 0.0009470653134 (rel.)
GMRES: iter = 136, residual = 0.002543490443, 0.0008836131983 (rel.)
GMRES: iter = 137, residual = 0.002354034963, 0.0008177960206 (rel.)
GMRES: iter = 138, residual = 0.002165944002, 0.0007524528793 (rel.)
GMRES: iter = 139, residual = 0.002016517731, 0.0007005419212 (rel.)
GMRES: iter = 140, residual = 0.001889631086, 0.0006564612705 (rel.)
GMRES: iter = 141, residual = 0.001782860625, 0.0006193690183 (rel.)
GMRES: iter = 142, residual = 0.001695688869, 0.0005890853921 (rel.)
GMRES: iter = 143, residual = 0.001605969298, 0.0005579166502 (rel.)
GMRES: iter = 144, residual = 0.001520158265, 0.0005281057414 (rel.)
GMRES: iter = 145, residual = 0.001449249762, 0.0005034719989 (rel.)
GMRES: iter = 146, residual = 0.001389361662, 0.0004826667643 (rel.)
GMRES: iter = 147, residual = 0.001337475831, 0.0004646415322 (rel.)
GMRES: iter = 148, residual = 0.001287685983, 0.0004473444485 (rel.)
GMRES: iter = 149, residual = 0.001233133103, 0.0004283926791 (rel.)
GMRES: iter = 150, residual = 0.001176108687, 0.0004085822934 (rel.)
GMRES: iter = 151, residual = 0.001111616024, 0.0003861774251 (rel.)
GMRES: iter = 152, residual = 0.001034285436, 0.0003593126385 (rel.)
GMRES: iter = 153, residual = 0.0009648017128, 0.0003351738669 (rel.)
GMRES: iter = 154, residual = 0.0008895781865, 0.0003090410773 (rel.)
GMRES: iter = 155, residual = 0.0008011811438, 0.0002783317841 (rel.)
GMRES: iter = 156, residual = 0.0007164150562, 0.0002488838914 (rel.)
GMRES: iter = 157, residual = 0.0006457469847, 0.000224333675 (rel.)
GMRES: iter = 158, residual = 0.0005866211066, 0.0002037932376 (rel.)
GMRES: iter = 159, residual = 0.000534524873, 0.0001856949115 (rel.)
GMRES: iter = 160, residual = 0.000490242617, 0.0001703111753 (rel.)
GMRES: iter = 161, residual = 0.000454561893, 0.000157915627 (rel.)
GMRES: iter = 162, residual = 0.0004235792203, 0.0001471521903 (rel.)
GMRES: iter = 163, residual = 0.0003916826343, 0.0001360712584 (rel.)
GMRES: iter = 164, residual = 0.0003590877864, 0.000124747749 (rel.)
GMRES: iter = 165, residual = 0.0003300120467, 0.0001146467843 (rel.)
GMRES: iter = 166, residual = 0.0003060539849, 0.0001063237101 (rel.)
GMRES: iter = 167, residual = 0.0002877424345, 9.996224424e-05 (rel.)
GMRES: Solve Time = 81.34575659
AMG setup messages level=0 phase=strength sends=0 bytes=0 collective_rank_calls=3584
AMG setup messages level=0 phase=strength-transpose sends=28852 bytes=1219063200 collective_rank_calls=3584
AMG setup messages level=0 phase=PMIS sends=592396 bytes=3872399400 collective_rank_calls=35840
AMG setup messages level=0 phase=numbering sends=0 bytes=0 collective_rank_calls=3584
AMG setup messages level=0 phase=interpolation sends=173112 bytes=1664738676 collective_rank_calls=3584
AMG setup messages level=0 phase=interpolation-transpose sends=68991 bytes=626759936 collective_rank_calls=3584
AMG setup messages level=0 phase=A*P sends=90744 bytes=2935346912 collective_rank_calls=3584
AMG setup messages level=0 phase=R*(A*P) sends=206973 bytes=4417759664 collective_rank_calls=3584
AMG setup messages level=1 phase=strength sends=0 bytes=0 collective_rank_calls=3584
AMG setup messages level=1 phase=strength-transpose sends=76370 bytes=1429717000 collective_rank_calls=3584
AMG setup messages level=1 phase=PMIS sends=1839640 bytes=2922756652 collective_rank_calls=43008
AMG setup messages level=1 phase=numbering sends=0 bytes=0 collective_rank_calls=3584
AMG setup messages level=1 phase=interpolation sends=454329 bytes=1723373220 collective_rank_calls=3584
AMG setup messages level=1 phase=interpolation-transpose sends=74695 bytes=488144000 collective_rank_calls=3584
AMG setup messages level=1 phase=A*P sends=258276 bytes=2887618112 collective_rank_calls=3584
AMG setup messages level=1 phase=R*(A*P) sends=224085 bytes=7269657008 collective_rank_calls=3584
AMG setup messages level=2 phase=strength sends=0 bytes=0 collective_rank_calls=3584
AMG setup messages level=2 phase=strength-transpose sends=86559 bytes=633182936 collective_rank_calls=3584
AMG setup messages level=2 phase=PMIS sends=2091339 bytes=970650100 collective_rank_calls=43008
AMG setup messages level=2 phase=numbering sends=0 bytes=0 collective_rank_calls=3584
AMG setup messages level=2 phase=interpolation sends=511443 bytes=665832596 collective_rank_calls=3584
AMG setup messages level=2 phase=interpolation-transpose sends=73442 bytes=142690080 collective_rank_calls=3584
AMG setup messages level=2 phase=A*P sends=300624 bytes=1168053664 collective_rank_calls=3584
AMG setup messages level=2 phase=R*(A*P) sends=220326 bytes=3240248128 collective_rank_calls=3584
AMG setup messages level=3 phase=strength sends=0 bytes=0 collective_rank_calls=3584
AMG setup messages level=3 phase=strength-transpose sends=88292 bytes=157502532 collective_rank_calls=3584
AMG setup messages level=3 phase=PMIS sends=2318468 bytes=277490896 collective_rank_calls=46592
AMG setup messages level=3 phase=numbering sends=0 bytes=0 collective_rank_calls=3584
AMG setup messages level=3 phase=interpolation sends=521439 bytes=179424876 collective_rank_calls=3584
AMG setup messages level=3 phase=interpolation-transpose sends=64221 bytes=34386976 collective_rank_calls=3584
AMG setup messages level=3 phase=A*P sends=306978 bytes=379065920 collective_rank_calls=3584
AMG setup messages level=3 phase=R*(A*P) sends=192663 bytes=919053104 collective_rank_calls=3584
AMG setup messages level=4 phase=strength sends=0 bytes=0 collective_rank_calls=3584
AMG setup messages level=4 phase=strength-transpose sends=83130 bytes=31221792 collective_rank_calls=3584
AMG setup messages level=4 phase=PMIS sends=2061524 bytes=66949572 collective_rank_calls=43008
AMG setup messages level=4 phase=numbering sends=0 bytes=0 collective_rank_calls=3584
AMG setup messages level=4 phase=interpolation sends=484815 bytes=43566924 collective_rank_calls=3584
AMG setup messages level=4 phase=interpolation-transpose sends=46315 bytes=7928496 collective_rank_calls=3584
AMG setup messages level=4 phase=A*P sends=460530 bytes=136626960 collective_rank_calls=3584
AMG setup messages level=4 phase=R*(A*P) sends=138945 bytes=218060800 collective_rank_calls=3584
AMG setup messages level=5 phase=strength sends=0 bytes=0 collective_rank_calls=3584
AMG setup messages level=5 phase=strength-transpose sends=70753 bytes=5840724 collective_rank_calls=3584
AMG setup messages level=5 phase=PMIS sends=1272061 bytes=11884192 collective_rank_calls=28672
AMG setup messages level=5 phase=numbering sends=0 bytes=0 collective_rank_calls=3584
AMG setup messages level=5 phase=interpolation sends=385479 bytes=8826224 collective_rank_calls=3584
AMG setup messages level=5 phase=interpolation-transpose sends=21389 bytes=1887344 collective_rank_calls=3584
AMG setup messages level=5 phase=A*P sends=859404 bytes=57808432 collective_rank_calls=3584
AMG setup messages level=5 phase=R*(A*P) sends=64167 bytes=41006416 collective_rank_calls=3584
AMG setup messages level=6 phase=strength sends=0 bytes=0 collective_rank_calls=3584
AMG setup messages level=6 phase=strength-transpose sends=15737 bytes=942524 collective_rank_calls=3584
AMG setup messages level=6 phase=PMIS sends=297286 bytes=2073888 collective_rank_calls=25088
AMG setup messages level=6 phase=numbering sends=0 bytes=0 collective_rank_calls=3584
AMG setup messages level=6 phase=interpolation sends=76971 bytes=1045340 collective_rank_calls=3584
AMG setup messages level=6 phase=interpolation-transpose sends=5777 bytes=387568 collective_rank_calls=3584
AMG setup messages level=6 phase=A*P sends=408750 bytes=14016784 collective_rank_calls=3584
AMG setup messages level=6 phase=R*(A*P) sends=17331 bytes=6647856 collective_rank_calls=3584
AMG setup messages level=7 phase=strength sends=0 bytes=0 collective_rank_calls=3584
AMG setup messages level=7 phase=strength-transpose sends=3056 bytes=187240 collective_rank_calls=3584
AMG setup messages level=7 phase=PMIS sends=29264 bytes=258712 collective_rank_calls=10752
AMG setup messages level=7 phase=numbering sends=0 bytes=0 collective_rank_calls=3584
AMG setup messages level=7 phase=interpolation sends=13215 bytes=136420 collective_rank_calls=3584
AMG setup messages level=7 phase=interpolation-transpose sends=1551 bytes=105552 collective_rank_calls=3584
AMG setup messages level=7 phase=A*P sends=98688 bytes=2793760 collective_rank_calls=3584
AMG setup messages level=7 phase=R*(A*P) sends=4653 bytes=1030896 collective_rank_calls=3584
AMG setup messages level=8 phase=strength sends=0 bytes=0 collective_rank_calls=3584
AMG setup messages level=8 phase=strength-transpose sends=738 bytes=47292 collective_rank_calls=3584
AMG setup messages level=8 phase=PMIS sends=5148 bytes=57052 collective_rank_calls=7168
AMG setup messages level=8 phase=numbering sends=0 bytes=0 collective_rank_calls=3584
AMG setup messages level=8 phase=interpolation sends=3285 bytes=26184 collective_rank_calls=3584
AMG setup messages level=8 phase=interpolation-transpose sends=378 bytes=28048 collective_rank_calls=3584
AMG setup messages level=8 phase=A*P sends=18510 bytes=374128 collective_rank_calls=3584
AMG setup messages level=8 phase=R*(A*P) sends=1134 bytes=46336 collective_rank_calls=3584
GMRES: iter = 0, residual = 2.751271357, 1 (rel.)
GMRES: iter = 1, residual = 2.388894158, 0.8682873655 (rel.)
GMRES: iter = 2, residual = 2.185103325, 0.7942158522 (rel.)
GMRES: iter = 3, residual = 2.008807175, 0.7301377851 (rel.)
GMRES: iter = 4, residual = 1.836803017, 0.6676197214 (rel.)
GMRES: iter = 5, residual = 1.67200715, 0.6077216432 (rel.)
GMRES: iter = 6, residual = 1.586054488, 0.5764805729 (rel.)
GMRES: iter = 7, residual = 1.505132881, 0.5470681318 (rel.)
GMRES: iter = 8, residual = 1.416844636, 0.5149781511 (rel.)
GMRES: iter = 9, residual = 1.342230214, 0.4878581719 (rel.)
GMRES: iter = 10, residual = 1.272884459, 0.4626531862 (rel.)
GMRES: iter = 11, residual = 1.21127295, 0.4402593541 (rel.)
GMRES: iter = 12, residual = 1.150864149, 0.418302668 (rel.)
GMRES: iter = 13, residual = 1.09380291, 0.3975627149 (rel.)
GMRES: iter = 14, residual = 1.039164488, 0.377703379 (rel.)
GMRES: iter = 15, residual = 0.9851409915, 0.3580675491 (rel.)
GMRES: iter = 16, residual = 0.9325007958, 0.3389345052 (rel.)
GMRES: iter = 17, residual = 0.8801138377, 0.3198935051 (rel.)
GMRES: iter = 18, residual = 0.82910024, 0.301351678 (rel.)
GMRES: iter = 19, residual = 0.7777277605, 0.2826794088 (rel.)
GMRES: iter = 20, residual = 0.7265616623, 0.2640821526 (rel.)
GMRES: iter = 21, residual = 0.6754750268, 0.2455137786 (rel.)
GMRES: iter = 22, residual = 0.6253082672, 0.2272797504 (rel.)
GMRES: iter = 23, residual = 0.5761817294, 0.2094238099 (rel.)
GMRES: iter = 24, residual = 0.5286655728, 0.1921531918 (rel.)
GMRES: iter = 25, residual = 0.4840477699, 0.1759360336 (rel.)
GMRES: iter = 26, residual = 0.4430671613, 0.1610408803 (rel.)
GMRES: iter = 27, residual = 0.4064478158, 0.147730908 (rel.)
GMRES: iter = 28, residual = 0.3741650429, 0.1359971426 (rel.)
GMRES: iter = 29, residual = 0.3470105786, 0.1261273548 (rel.)
GMRES: iter = 30, residual = 0.3248175328, 0.1180608856 (rel.)
GMRES: iter = 31, residual = 0.3073214488, 0.1117016132 (rel.)
GMRES: iter = 32, residual = 0.2935194763, 0.1066850333 (rel.)
GMRES: iter = 33, residual = 0.2825758574, 0.1027073745 (rel.)
GMRES: iter = 34, residual = 0.2735675089, 0.09943312508 (rel.)
GMRES: iter = 35, residual = 0.2661480599, 0.09673639034 (rel.)
GMRES: iter = 36, residual = 0.2599023166, 0.09446626049 (rel.)
GMRES: iter = 37, residual = 0.2547228483, 0.09258368781 (rel.)
GMRES: iter = 38, residual = 0.2498864351, 0.09082580478 (rel.)
GMRES: iter = 39, residual = 0.2444452725, 0.08884811449 (rel.)
GMRES: iter = 40, residual = 0.2373905367, 0.08628394146 (rel.)
GMRES: iter = 41, residual = 0.2291730881, 0.08329715918 (rel.)
GMRES: iter = 42, residual = 0.2206776038, 0.0802093197 (rel.)
GMRES: iter = 43, residual = 0.2128801957, 0.0773752088 (rel.)
GMRES: iter = 44, residual = 0.2057714731, 0.07479141329 (rel.)
GMRES: iter = 45, residual = 0.1996226581, 0.07255651378 (rel.)
GMRES: iter = 46, residual = 0.1939214055, 0.07048428903 (rel.)
GMRES: iter = 47, residual = 0.1886576593, 0.068571084 (rel.)
GMRES: iter = 48, residual = 0.1839963879, 0.06687685946 (rel.)
GMRES: iter = 49, residual = 0.1801116854, 0.06546489315 (rel.)
GMRES: iter = 50, residual = 0.1766632849, 0.06421150879 (rel.)
GMRES: iter = 51, residual = 0.1734744534, 0.06305246955 (rel.)
GMRES: iter = 52, residual = 0.1703523333, 0.06191767775 (rel.)
GMRES: iter = 53, residual = 0.167379198, 0.06083703726 (rel.)
GMRES: iter = 54, residual = 0.1643001086, 0.05971788577 (rel.)
GMRES: iter = 55, residual = 0.1611435106, 0.05857056239 (rel.)
GMRES: iter = 56, residual = 0.1576649937, 0.05730623167 (rel.)
GMRES: iter = 57, residual = 0.1538443318, 0.05591754208 (rel.)
GMRES: iter = 58, residual = 0.149349454, 0.05428379635 (rel.)
GMRES: iter = 59, residual = 0.1446914074, 0.05259074395 (rel.)
GMRES: iter = 60, residual = 0.1402660481, 0.05098226598 (rel.)
GMRES: iter = 61, residual = 0.1357913371, 0.04935585026 (rel.)
GMRES: iter = 62, residual = 0.1301869223, 0.04731882299 (rel.)
GMRES: iter = 63, residual = 0.1230889569, 0.04473893736 (rel.)
GMRES: iter = 64, residual = 0.1151608339, 0.04185731576 (rel.)
GMRES: iter = 65, residual = 0.1073713365, 0.03902608015 (rel.)
GMRES: iter = 66, residual = 0.09934154531, 0.03610750538 (rel.)
GMRES: iter = 67, residual = 0.09098469761, 0.03307005592 (rel.)
GMRES: iter = 68, residual = 0.08462945289, 0.03076012575 (rel.)
GMRES: iter = 69, residual = 0.08033870963, 0.02920057647 (rel.)
GMRES: iter = 70, residual = 0.07510473738, 0.02729819333 (rel.)
GMRES: iter = 71, residual = 0.06645401819, 0.02415393089 (rel.)
GMRES: iter = 72, residual = 0.05901700601, 0.0214508125 (rel.)
GMRES: iter = 73, residual = 0.0545352837, 0.01982184839 (rel.)
GMRES: iter = 74, residual = 0.0507222283, 0.01843592352 (rel.)
GMRES: iter = 75, residual = 0.04705418519, 0.01710270602 (rel.)
GMRES: iter = 76, residual = 0.04248942646, 0.0154435608 (rel.)
GMRES: iter = 77, residual = 0.03715699251, 0.01350538995 (rel.)
GMRES: iter = 78, residual = 0.03342516865, 0.01214899016 (rel.)
GMRES: iter = 79, residual = 0.03059736824, 0.01112117428 (rel.)
GMRES: iter = 80, residual = 0.0281586717, 0.01023478532 (rel.)
GMRES: iter = 81, residual = 0.02634326504, 0.009574942499 (rel.)
GMRES: iter = 82, residual = 0.02480282548, 0.009015041509 (rel.)
GMRES: iter = 83, residual = 0.02244822241, 0.008159217866 (rel.)
GMRES: iter = 84, residual = 0.01931939645, 0.007021988727 (rel.)
GMRES: iter = 85, residual = 0.01726725997, 0.006276102111 (rel.)
GMRES: iter = 86, residual = 0.01597514533, 0.005806459365 (rel.)
GMRES: iter = 87, residual = 0.01486507098, 0.005402982497 (rel.)
GMRES: iter = 88, residual = 0.01367960179, 0.004972101989 (rel.)
GMRES: iter = 89, residual = 0.01239296831, 0.004504451471 (rel.)
GMRES: iter = 90, residual = 0.01108820527, 0.00403021143 (rel.)
GMRES: iter = 91, residual = 0.01017024646, 0.003696562476 (rel.)
GMRES: iter = 92, residual = 0.009327380232, 0.003390207298 (rel.)
GMRES: iter = 93, residual = 0.00857734268, 0.003117592403 (rel.)
GMRES: iter = 94, residual = 0.007870856221, 0.002860806951 (rel.)
GMRES: iter = 95, residual = 0.007341468871, 0.002668391416 (rel.)
GMRES: iter = 96, residual = 0.0067741528, 0.002462189992 (rel.)
GMRES: iter = 97, residual = 0.006291611668, 0.002286801574 (rel.)
GMRES: iter = 98, residual = 0.005851980258, 0.00212700948 (rel.)
GMRES: iter = 99, residual = 0.005402921343, 0.001963790787 (rel.)
GMRES: iter = 100, residual = 0.004933268322, 0.001793086789 (rel.)
GMRES: iter = 100, residual = 0.1166015063, 0.04238095456 (rel.)
GMRES: iter = 101, residual = 0.00982565117, 0.003571313003 (rel.)
GMRES: iter = 102, residual = 0.005031716705, 0.001828869658 (rel.)
GMRES: iter = 103, residual = 0.004377541417, 0.00159109766 (rel.)
GMRES: iter = 104, residual = 0.004170869092, 0.001515978815 (rel.)
GMRES: iter = 105, residual = 0.00403273857, 0.001465772745 (rel.)
GMRES: iter = 106, residual = 0.003939923788, 0.001432037512 (rel.)
GMRES: iter = 107, residual = 0.003847862193, 0.001398576038 (rel.)
GMRES: iter = 108, residual = 0.003784653799, 0.001375601789 (rel.)
GMRES: iter = 109, residual = 0.003726473401, 0.001354455056 (rel.)
GMRES: iter = 110, residual = 0.003676357101, 0.001336239369 (rel.)
GMRES: iter = 111, residual = 0.003627708218, 0.001318557041 (rel.)
GMRES: iter = 112, residual = 0.003595732959, 0.001306935047 (rel.)
GMRES: iter = 113, residual = 0.00356502978, 0.001295775414 (rel.)
GMRES: iter = 114, residual = 0.003524368817, 0.001280996442 (rel.)
GMRES: iter = 115, residual = 0.003462332708, 0.001258448281 (rel.)
GMRES: iter = 116, residual = 0.003390104045, 0.001232195449 (rel.)
GMRES: iter = 117, residual = 0.003310528837, 0.001203272381 (rel.)
GMRES: iter = 118, residual = 0.003224275337, 0.001171921966 (rel.)
GMRES: iter = 119, residual = 0.003116225182, 0.001132649157 (rel.)
GMRES: iter = 120, residual = 0.003009522796, 0.001093866219 (rel.)
GMRES: iter = 121, residual = 0.002921693498, 0.001061943051 (rel.)
GMRES: iter = 122, residual = 0.002838924119, 0.001031859003 (rel.)
GMRES: iter = 123, residual = 0.002741447928, 0.000996429495 (rel.)
GMRES: iter = 124, residual = 0.002640701534, 0.0009598113714 (rel.)
GMRES: iter = 125, residual = 0.002565813093, 0.0009325917951 (rel.)
GMRES: iter = 126, residual = 0.002494198049, 0.0009065619947 (rel.)
GMRES: iter = 127, residual = 0.002367129098, 0.0008603764554 (rel.)
GMRES: iter = 128, residual = 0.002188790263, 0.0007955559374 (rel.)
GMRES: iter = 129, residual = 0.002034797334, 0.0007395843848 (rel.)
GMRES: iter = 130, residual = 0.001915088919, 0.0006960741676 (rel.)
GMRES: iter = 131, residual = 0.001809139428, 0.0006575648831 (rel.)
GMRES: iter = 132, residual = 0.001695144152, 0.0006161312107 (rel.)
GMRES: iter = 133, residual = 0.001578138402, 0.0005736033264 (rel.)
GMRES: iter = 134, residual = 0.001473323607, 0.0005355064681 (rel.)
GMRES: iter = 135, residual = 0.00138317498, 0.0005027402973 (rel.)
GMRES: iter = 136, residual = 0.001300310962, 0.0004726218513 (rel.)
GMRES: iter = 137, residual = 0.001217720507, 0.0004426028367 (rel.)
GMRES: iter = 138, residual = 0.001136575981, 0.0004131093717 (rel.)
GMRES: iter = 139, residual = 0.001057496466, 0.0003843664723 (rel.)
GMRES: iter = 140, residual = 0.0009844884839, 0.0003578303833 (rel.)
GMRES: iter = 141, residual = 0.0009236158092, 0.0003357050939 (rel.)
GMRES: iter = 142, residual = 0.0008743121269, 0.000317784767 (rel.)
GMRES: iter = 143, residual = 0.000830978713, 0.0003020344435 (rel.)
GMRES: iter = 144, residual = 0.0007910551212, 0.0002875234823 (rel.)
GMRES: iter = 145, residual = 0.0007483095189, 0.0002719868097 (rel.)
GMRES: iter = 146, residual = 0.0007007380175, 0.0002546960756 (rel.)
GMRES: iter = 147, residual = 0.0006545075731, 0.0002378927733 (rel.)
GMRES: iter = 148, residual = 0.0006094711404, 0.0002215234564 (rel.)
GMRES: iter = 149, residual = 0.0005691406818, 0.0002068646121 (rel.)
GMRES: iter = 150, residual = 0.0005342913176, 0.0001941979719 (rel.)
GMRES: iter = 151, residual = 0.0004993067561, 0.0001814821918 (rel.)
GMRES: iter = 152, residual = 0.0004598450909, 0.0001671391264 (rel.)
GMRES: iter = 153, residual = 0.0004175460221, 0.0001517647545 (rel.)
GMRES: iter = 154, residual = 0.0003755600986, 0.0001365042011 (rel.)
GMRES: iter = 155, residual = 0.0003405622582, 0.0001237835946 (rel.)
GMRES: iter = 156, residual = 0.0003128664297, 0.0001137170381 (rel.)
GMRES: iter = 157, residual = 0.0002876580961, 0.0001045546072 (rel.)
GMRES: iter = 158, residual = 0.0002601944604, 9.457244548e-05 (rel.)
GMRES: Solve Time = 77.32261191
AMG setup messages level=0 phase=strength sends=0 bytes=0 collective_rank_calls=3584
AMG setup messages level=0 phase=strength-transpose sends=28852 bytes=1219072424 collective_rank_calls=3584
AMG setup messages level=0 phase=PMIS sends=592396 bytes=3872477804 collective_rank_calls=35840
AMG setup messages level=0 phase=numbering sends=0 bytes=0 collective_rank_calls=3584
AMG setup messages level=0 phase=interpolation sends=173112 bytes=1665149032 collective_rank_calls=3584
AMG setup messages level=0 phase=interpolation-transpose sends=68982 bytes=626709632 collective_rank_calls=3584
AMG setup messages level=0 phase=A*P sends=90744 bytes=2935583344 collective_rank_calls=3584
AMG setup messages level=0 phase=R*(A*P) sends=206946 bytes=4418540160 collective_rank_calls=3584
AMG setup messages level=1 phase=strength sends=0 bytes=0 collective_rank_calls=3584
AMG setup messages level=1 phase=strength-transpose sends=76312 bytes=1429296820 collective_rank_calls=3584
AMG setup messages level=1 phase=PMIS sends=1991084 bytes=3145173168 collective_rank_calls=46592
AMG setup messages level=1 phase=numbering sends=0 bytes=0 collective_rank_calls=3584
AMG setup messages level=1 phase=interpolation sends=454107 bytes=1723092916 collective_rank_calls=3584
AMG setup messages level=1 phase=interpolation-transpose sends=74694 bytes=487676560 collective_rank_calls=3584
AMG setup messages level=1 phase=A*P sends=257868 bytes=2887306544 collective_rank_calls=3584
AMG setup messages level=1 phase=R*(A*P) sends=224082 bytes=7266735312 collective_rank_calls=3584
AMG setup messages level=2 phase=strength sends=0 bytes=0 collective_rank_calls=3584
AMG setup messages level=2 phase=strength-transpose sends=86682 bytes=633335460 collective_rank_calls=3584
AMG setup messages level=2 phase=PMIS sends=1919100 bytes=896733440 collective_rank_calls=39424
AMG setup messages level=2 phase=numbering sends=0 bytes=0 collective_rank_calls=3584
AMG setup messages level=2 phase=interpolation sends=512412 bytes=666157204 collective_rank_calls=3584
AMG setup messages level=2 phase=interpolation-transpose sends=73361 bytes=142538272 collective_rank_calls=3584
AMG setup messages level=2 phase=A*P sends=300390 bytes=1168685360 collective_rank_calls=3584
AMG setup messages level=2 phase=R*(A*P) sends=220083 bytes=3238234720 collective_rank_calls=3584
AMG setup messages level=3 phase=strength sends=0 bytes=0 collective_rank_calls=3584
AMG setup messages level=3 phase=strength-transpose sends=88008 bytes=157504840 collective_rank_calls=3584
AMG setup messages level=3 phase=PMIS sends=2310244 bytes=277208064 collective_rank_calls=46592
AMG setup messages level=3 phase=numbering sends=0 bytes=0 collective_rank_calls=3584
AMG setup messages level=3 phase=interpolation sends=520119 bytes=179348976 collective_rank_calls=3584
AMG setup messages level=3 phase=interpolation-transpose sends=64162 bytes=34283600 collective_rank_calls=3584
AMG setup messages level=3 phase=A*P sends=306972 bytes=379116832 collective_rank_calls=3584
AMG setup messages level=3 phase=R*(A*P) sends=192486 bytes=915912416 collective_rank_calls=3584
AMG setup messages level=4 phase=strength sends=0 bytes=0 collective_rank_calls=3584
AMG setup messages level=4 phase=strength-transpose sends=83413 bytes=31326920 collective_rank_calls=3584
AMG setup messages level=4 phase=PMIS sends=1893850 bytes=62004296 collective_rank_calls=39424
AMG setup messages level=4 phase=numbering sends=0 bytes=0 collective_rank_calls=3584
AMG setup messages level=4 phase=interpolation sends=486402 bytes=43773584 collective_rank_calls=3584
AMG setup messages level=4 phase=interpolation-transpose sends=46585 bytes=7952736 collective_rank_calls=3584
AMG setup messages level=4 phase=A*P sends=460656 bytes=136679296 collective_rank_calls=3584
AMG setup messages level=4 phase=R*(A*P) sends=139755 bytes=219316528 collective_rank_calls=3584
AMG setup messages level=5 phase=strength sends=0 bytes=0 collective_rank_calls=3584
AMG setup messages level=5 phase=strength-transpose sends=71552 bytes=5896168 collective_rank_calls=3584
AMG setup messages level=5 phase=PMIS sends=1602442 bytes=14550000 collective_rank_calls=35840
AMG setup messages level=5 phase=numbering sends=0 bytes=0 collective_rank_calls=3584
AMG setup messages level=5 phase=interpolation sends=389001 bytes=8887856 collective_rank_calls=3584
AMG setup messages level=5 phase=interpolation-transpose sends=21334 bytes=1899120 collective_rank_calls=3584
AMG setup messages level=5 phase=A*P sends=864600 bytes=58433200 collective_rank_calls=3584
AMG setup messages level=5 phase=R*(A*P) sends=64002 bytes=40957360 collective_rank_calls=3584
AMG setup messages level=6 phase=strength sends=0 bytes=0 collective_rank_calls=3584
AMG setup messages level=6 phase=strength-transpose sends=15711 bytes=939868 collective_rank_calls=3584
AMG setup messages level=6 phase=PMIS sends=296074 bytes=2057728 collective_rank_calls=25088
AMG setup messages level=6 phase=numbering sends=0 bytes=0 collective_rank_calls=3584
AMG setup messages level=6 phase=interpolation sends=76989 bytes=1137960 collective_rank_calls=3584
AMG setup messages level=6 phase=interpolation-transpose sends=6205 bytes=431872 collective_rank_calls=3584
AMG setup messages level=6 phase=A*P sends=402312 bytes=14222368 collective_rank_calls=3584
AMG setup messages level=6 phase=R*(A*P) sends=18615 bytes=6916448 collective_rank_calls=3584
AMG setup messages level=7 phase=strength sends=0 bytes=0 collective_rank_calls=3584
AMG setup messages level=7 phase=strength-transpose sends=3099 bytes=180392 collective_rank_calls=3584
AMG setup messages level=7 phase=PMIS sends=38187 bytes=292320 collective_rank_calls=14336
AMG setup messages level=7 phase=numbering sends=0 bytes=0 collective_rank_calls=3584
AMG setup messages level=7 phase=interpolation sends=14019 bytes=159332 collective_rank_calls=3584
AMG setup messages level=7 phase=interpolation-transpose sends=2040 bytes=133648 collective_rank_calls=3584
AMG setup messages level=7 phase=A*P sends=97260 bytes=3037424 collective_rank_calls=3584
AMG setup messages level=7 phase=R*(A*P) sends=6120 bytes=986768 collective_rank_calls=3584
AMG setup messages level=8 phase=strength sends=0 bytes=0 collective_rank_calls=3584
AMG setup messages level=8 phase=strength-transpose sends=604 bytes=38156 collective_rank_calls=3584
AMG setup messages level=8 phase=PMIS sends=4192 bytes=45636 collective_rank_calls=7168
AMG setup messages level=8 phase=numbering sends=0 bytes=0 collective_rank_calls=3584
AMG setup messages level=8 phase=interpolation sends=3027 bytes=25040 collective_rank_calls=3584
AMG setup messages level=8 phase=interpolation-transpose sends=200 bytes=14560 collective_rank_calls=3584
AMG setup messages level=8 phase=A*P sends=9600 bytes=187600 collective_rank_calls=3584
AMG setup messages level=8 phase=R*(A*P) sends=600 bytes=23184 collective_rank_calls=3584
GMRES: iter = 0, residual = 2.448380984, 1 (rel.)
GMRES: iter = 1, residual = 2.042046636, 0.8340395755 (rel.)
GMRES: iter = 2, residual = 1.833473303, 0.7488513082 (rel.)
GMRES: iter = 3, residual = 1.659120542, 0.6776398581 (rel.)
GMRES: iter = 4, residual = 1.500316058, 0.6127788395 (rel.)
GMRES: iter = 5, residual = 1.354782119, 0.5533379521 (rel.)
GMRES: iter = 6, residual = 1.279394452, 0.5225471282 (rel.)
GMRES: iter = 7, residual = 1.21261625, 0.4952726957 (rel.)
GMRES: iter = 8, residual = 1.140846893, 0.46595971 (rel.)
GMRES: iter = 9, residual = 1.080142122, 0.4411658679 (rel.)
GMRES: iter = 10, residual = 1.023731913, 0.4181260679 (rel.)
GMRES: iter = 11, residual = 0.974164119, 0.3978809366 (rel.)
GMRES: iter = 12, residual = 0.9267226378, 0.3785042622 (rel.)
GMRES: iter = 13, residual = 0.8813132332, 0.3599575552 (rel.)
GMRES: iter = 14, residual = 0.8383102341, 0.3423937041 (rel.)
GMRES: iter = 15, residual = 0.7950438167, 0.3247222642 (rel.)
GMRES: iter = 16, residual = 0.7533111386, 0.3076772543 (rel.)
GMRES: iter = 17, residual = 0.7111845195, 0.2904713458 (rel.)
GMRES: iter = 18, residual = 0.6705419837, 0.2738715862 (rel.)
GMRES: iter = 19, residual = 0.6291265754, 0.2569561598 (rel.)
GMRES: iter = 20, residual = 0.5876961698, 0.240034608 (rel.)
GMRES: iter = 21, residual = 0.5456158744, 0.2228476197 (rel.)
GMRES: iter = 22, residual = 0.5043269098, 0.2059838371 (rel.)
GMRES: iter = 23, residual = 0.4637805235, 0.1894233482 (rel.)
GMRES: iter = 24, residual = 0.4245626453, 0.1734054659 (rel.)
GMRES: iter = 25, residual = 0.3867782565, 0.1579730683 (rel.)
GMRES: iter = 26, residual = 0.3515757142, 0.1435951825 (rel.)
GMRES: iter = 27, residual = 0.3198305549, 0.1306294065 (rel.)
GMRES: iter = 28, residual = 0.2918618658, 0.1192060663 (rel.)
GMRES: iter = 29, residual = 0.2675078522, 0.1092590793 (rel.)
GMRES: iter = 30, residual = 0.246723824, 0.1007701929 (rel.)
GMRES: iter = 31, residual = 0.2293439484, 0.09367167526 (rel.)
GMRES: iter = 32, residual = 0.2151810783, 0.08788708937 (rel.)
GMRES: iter = 33, residual = 0.203758285, 0.08322164172 (rel.)
GMRES: iter = 34, residual = 0.1946769558, 0.07951252566 (rel.)
GMRES: iter = 35, residual = 0.1872935113, 0.07649688202 (rel.)
GMRES: iter = 36, residual = 0.1812422736, 0.07402535586 (rel.)
GMRES: iter = 37, residual = 0.176098843, 0.07192460821 (rel.)
GMRES: iter = 38, residual = 0.1714324713, 0.07001870724 (rel.)
GMRES: iter = 39, residual = 0.1664756862, 0.06799419181 (rel.)
GMRES: iter = 40, residual = 0.1605664772, 0.06558067483 (rel.)
GMRES: iter = 41, residual = 0.153754992, 0.06279863835 (rel.)
GMRES: iter = 42, residual = 0.146793259, 0.0599552357 (rel.)
GMRES: iter = 43, residual = 0.1403534737, 0.0573250138 (rel.)
GMRES: iter = 44, residual = 0.1346308675, 0.05498771163 (rel.)
GMRES: iter = 45, residual = 0.1296546998, 0.0529552797 (rel.)
GMRES: iter = 46, residual = 0.1253515798, 0.05119774275 (rel.)
GMRES: iter = 47, residual = 0.1215631731, 0.04965043184 (rel.)
GMRES: iter = 48, residual = 0.1180240156, 0.04820492251 (rel.)
GMRES: iter = 49, residual = 0.1146642971, 0.04683270205 (rel.)
GMRES: iter = 50, residual = 0.1116712029, 0.04561022308 (rel.)
GMRES: iter = 51, residual = 0.1090846019, 0.04455376947 (rel.)
GMRES: iter = 52, residual = 0.1066317249, 0.04355193315 (rel.)
GMRES: iter = 53, residual = 0.1042095937, 0.04256265443 (rel.)
GMRES: iter = 54, residual = 0.1018193671, 0.04158640659 (rel.)
GMRES: iter = 55, residual = 0.09942349595, 0.04060785336 (rel.)
GMRES: iter = 56, residual = 0.09700725729, 0.03962098135 (rel.)
GMRES: iter = 57, residual = 0.09432362214, 0.03852489574 (rel.)
GMRES: iter = 58, residual = 0.09121722851, 0.03725614155 (rel.)
GMRES: iter = 59, residual = 0.08798986297, 0.03593797843 (rel.)
GMRES: iter = 60, residual = 0.08491195302, 0.03468085791 (rel.)
GMRES: iter = 61, residual = 0.08183072098, 0.03342238056 (rel.)
GMRES: iter = 62, residual = 0.0780304351, 0.03187021775 (rel.)
GMRES: iter = 63, residual = 0.07315794743, 0.02988013218 (rel.)
GMRES: iter = 64, residual = 0.06771116933, 0.02765548735 (rel.)
GMRES: iter = 65, residual = 0.0628013946, 0.02565017251 (rel.)
GMRES: iter = 66, residual = 0.05880101587, 0.02401628515 (rel.)
GMRES: iter = 67, residual = 0.05543039794, 0.022639613 (rel.)
GMRES: iter = 68, residual = 0.05229201082, 0.0213577916 (rel.)
GMRES: iter = 69, residual = 0.04944407256, 0.02019459916 (rel.)
GMRES: iter = 70, residual = 0.04563081716, 0.01863713918 (rel.)
GMRES: iter = 71, residual = 0.04062779649, 0.0165937396 (rel.)
GMRES: iter = 72, residual = 0.03693483715, 0.01508541252 (rel.)
GMRES: iter = 73, residual = 0.03448714603, 0.01408569429 (rel.)
GMRES: iter = 74, residual = 0.03227398862, 0.01318176739 (rel.)
GMRES: iter = 75, residual = 0.0299879436, 0.01224807079 (rel.)
GMRES: iter = 76, residual = 0.02662895358, 0.01087614785 (rel.)
GMRES: iter = 77, residual = 0.02264616368, 0.009249444361 (rel.)
GMRES: iter = 78, residual = 0.02067833249, 0.008445716833 (rel.)
GMRES: iter = 79, residual = 0.01906699999, 0.007787595198 (rel.)
GMRES: iter = 80, residual = 0.01782395401, 0.00727989399 (rel.)
GMRES: iter = 81, residual = 0.01655010283, 0.006759610919 (rel.)
GMRES: iter = 82, residual = 0.01445978571, 0.005905856077 (rel.)
GMRES: iter = 83, residual = 0.01243386341, 0.005078402214 (rel.)
GMRES: iter = 84, residual = 0.01106322669, 0.004518588719 (rel.)
GMRES: iter = 85, residual = 0.01012515679, 0.004135449859 (rel.)
GMRES: iter = 86, residual = 0.00928407256, 0.003791923161 (rel.)
GMRES: iter = 87, residual = 0.008444648769, 0.003449074644 (rel.)
GMRES: iter = 88, residual = 0.007545035048, 0.003081642562 (rel.)
GMRES: iter = 89, residual = 0.006741557681, 0.002753475756 (rel.)
GMRES: iter = 90, residual = 0.00597204393, 0.002439180817 (rel.)
GMRES: iter = 91, residual = 0.005358172835, 0.002188455502 (rel.)
GMRES: iter = 92, residual = 0.004897845312, 0.002000442474 (rel.)
GMRES: iter = 93, residual = 0.004471090026, 0.001826141461 (rel.)
GMRES: iter = 94, residual = 0.004100484759, 0.001674773978 (rel.)
GMRES: iter = 95, residual = 0.003750336066, 0.001531761638 (rel.)
GMRES: iter = 96, residual = 0.003417045452, 0.001395634697 (rel.)
GMRES: iter = 97, residual = 0.003100291572, 0.001266261906 (rel.)
GMRES: iter = 98, residual = 0.002814446737, 0.001149513395 (rel.)
GMRES: iter = 99, residual = 0.002560023319, 0.001045598433 (rel.)
GMRES: iter = 100, residual = 0.002328929482, 0.0009512120446 (rel.)
GMRES: iter = 100, residual = 0.08573770748, 0.03501812343 (rel.)
GMRES: iter = 101, residual = 0.006183724994, 0.002525638385 (rel.)
GMRES: iter = 102, residual = 0.00248657097, 0.001015598057 (rel.)
GMRES: iter = 103, residual = 0.002057767217, 0.0008404603818 (rel.)
GMRES: iter = 104, residual = 0.001903183133, 0.000777323115 (rel.)
GMRES: iter = 105, residual = 0.001806621944, 0.0007378843225 (rel.)
GMRES: iter = 106, residual = 0.001736854487, 0.0007093889792 (rel.)
GMRES: iter = 107, residual = 0.001679450866, 0.0006859434364 (rel.)
GMRES: iter = 108, residual = 0.001630801691, 0.0006660734999 (rel.)
GMRES: iter = 109, residual = 0.001594853637, 0.0006513911226 (rel.)
GMRES: iter = 110, residual = 0.001568039148, 0.0006404391959 (rel.)
GMRES: iter = 111, residual = 0.001543987913, 0.0006306158738 (rel.)
GMRES: iter = 112, residual = 0.001518590062, 0.0006202425491 (rel.)
GMRES: iter = 113, residual = 0.001490956924, 0.0006089562587 (rel.)
GMRES: iter = 114, residual = 0.001462619744, 0.0005973824145 (rel.)
GMRES: iter = 115, residual = 0.001438381426, 0.0005874826815 (rel.)
GMRES: iter = 116, residual = 0.001415287679, 0.0005780504293 (rel.)
GMRES: iter = 117, residual = 0.001388800708, 0.000567232272 (rel.)
GMRES: iter = 118, residual = 0.00135257376, 0.0005524359848 (rel.)
GMRES: iter = 119, residual = 0.001306840315, 0.000533756929 (rel.)
GMRES: iter = 120, residual = 0.001261282226, 0.0005151494946 (rel.)
GMRES: iter = 121, residual = 0.001224634659, 0.0005001814125 (rel.)
GMRES: iter = 122, residual = 0.001196255608, 0.0004885904668 (rel.)
GMRES: iter = 123, residual = 0.001170883428, 0.0004782276271 (rel.)
GMRES: iter = 124, residual = 0.001140136316, 0.0004656694865 (rel.)
GMRES: iter = 125, residual = 0.0010994158, 0.0004490378773 (rel.)
GMRES: iter = 126, residual = 0.001046432509, 0.000427397744 (rel.)
GMRES: iter = 127, residual = 0.0009836321311, 0.0004017479868 (rel.)
GMRES: iter = 128, residual = 0.000923110872, 0.0003770290972 (rel.)
GMRES: iter = 129, residual = 0.0008679960435, 0.0003545183732 (rel.)
GMRES: iter = 130, residual = 0.0008094322465, 0.0003305989762 (rel.)
GMRES: iter = 131, residual = 0.0007507815923, 0.0003066441037 (rel.)
GMRES: iter = 132, residual = 0.000703342231, 0.0002872682951 (rel.)
GMRES: iter = 133, residual = 0.0006654865627, 0.0002718067846 (rel.)
GMRES: iter = 134, residual = 0.0006271117055, 0.0002561332201 (rel.)
GMRES: iter = 135, residual = 0.0005775941228, 0.000235908597 (rel.)
GMRES: iter = 136, residual = 0.0005266160684, 0.0002150874688 (rel.)
GMRES: iter = 137, residual = 0.0004816646134, 0.0001967278036 (rel.)
GMRES: iter = 138, residual = 0.0004451165234, 0.0001818003515 (rel.)
GMRES: iter = 139, residual = 0.0004138920399, 0.0001690472368 (rel.)
GMRES: iter = 140, residual = 0.0003852277105, 0.0001573397739 (rel.)
GMRES: iter = 141, residual = 0.0003592330977, 0.0001467227119 (rel.)
GMRES: iter = 142, residual = 0.0003351171916, 0.000136872976 (rel.)
GMRES: iter = 143, residual = 0.0003122421988, 0.0001275300702 (rel.)
GMRES: iter = 144, residual = 0.0002902094028, 0.0001185311456 (rel.)
GMRES: iter = 145, residual = 0.0002699835444, 0.0001102702342 (rel.)
GMRES: iter = 146, residual = 0.0002512159301, 0.000102604918 (rel.)
GMRES: iter = 147, residual = 0.0002320373463, 9.477174829e-05 (rel.)
GMRES: Solve Time = 71.4183528
AMG setup messages level=0 phase=strength sends=0 bytes=0 collective_rank_calls=3584
AMG setup messages level=0 phase=strength-transpose sends=28852 bytes=1219088512 collective_rank_calls=3584
AMG setup messages level=0 phase=PMIS sends=592396 bytes=3872603128 collective_rank_calls=35840
AMG setup messages level=0 phase=numbering sends=0 bytes=0 collective_rank_calls=3584
AMG setup messages level=0 phase=interpolation sends=173112 bytes=1665107876 collective_rank_calls=3584
AMG setup messages level=0 phase=interpolation-transpose sends=68906 bytes=626132880 collective_rank_calls=3584
AMG setup messages level=0 phase=A*P sends=90744 bytes=2935507600 collective_rank_calls=3584
AMG setup messages level=0 phase=R*(A*P) sends=206718 bytes=4415270928 collective_rank_calls=3584
AMG setup messages level=1 phase=strength sends=0 bytes=0 collective_rank_calls=3584
AMG setup messages level=1 phase=strength-transpose sends=76380 bytes=1428991232 collective_rank_calls=3584
AMG setup messages level=1 phase=PMIS sends=1839646 bytes=2921372776 collective_rank_calls=43008
AMG setup messages level=1 phase=numbering sends=0 bytes=0 collective_rank_calls=3584
AMG setup messages level=1 phase=interpolation sends=454104 bytes=1723051896 collective_rank_calls=3584
AMG setup messages level=1 phase=interpolation-transpose sends=74620 bytes=487703536 collective_rank_calls=3584
AMG setup messages level=1 phase=A*P sends=257928 bytes=2887233344 collective_rank_calls=3584
AMG setup messages level=1 phase=R*(A*P) sends=223860 bytes=7266329584 collective_rank_calls=3584
AMG setup messages level=2 phase=strength sends=0 bytes=0 collective_rank_calls=3584
AMG setup messages level=2 phase=strength-transpose sends=86792 bytes=632956120 collective_rank_calls=3584
AMG setup messages level=2 phase=PMIS sends=2095722 bytes=971053852 collective_rank_calls=43008
AMG setup messages level=2 phase=numbering sends=0 bytes=0 collective_rank_calls=3584
AMG setup messages level=2 phase=interpolation sends=512826 bytes=665965704 collective_rank_calls=3584
AMG setup messages level=2 phase=interpolation-transpose sends=73349 bytes=142370032 collective_rank_calls=3584
AMG setup messages level=2 phase=A*P sends=300210 bytes=1169569888 collective_rank_calls=3584
AMG setup messages level=2 phase=R*(A*P) sends=220047 bytes=3234895872 collective_rank_calls=3584
AMG setup messages level=3 phase=strength sends=0 bytes=0 collective_rank_calls=3584
AMG setup messages level=3 phase=strength-transpose sends=88003 bytes=157709608 collective_rank_calls=3584
AMG setup messages level=3 phase=PMIS sends=2132521 bytes=256927980 collective_rank_calls=43008
AMG setup messages level=3 phase=numbering sends=0 bytes=0 collective_rank_calls=3584
AMG setup messages level=3 phase=interpolation sends=519585 bytes=179050176 collective_rank_calls=3584
AMG setup messages level=3 phase=interpolation-transpose sends=64267 bytes=34125952 collective_rank_calls=3584
AMG setup messages level=3 phase=A*P sends=307146 bytes=379309424 collective_rank_calls=3584
AMG setup messages level=3 phase=R*(A*P) sends=192801 bytes=911637840 collective_rank_calls=3584
AMG setup messages level=4 phase=strength sends=0 bytes=0 collective_rank_calls=3584
AMG setup messages level=4 phase=strength-transpose sends=83916 bytes=31523100 collective_rank_calls=3584
AMG setup messages level=4 phase=PMIS sends=2072926 bytes=67195248 collective_rank_calls=43008
AMG setup messages level=4 phase=numbering sends=0 bytes=0 collective_rank_calls=3584
AMG setup messages level=4 phase=interpolation sends=489156 bytes=43879400 collective_rank_calls=3584
AMG setup messages level=4 phase=interpolation-transpose sends=46626 bytes=7949952 collective_rank_calls=3584
AMG setup messages level=4 phase=A*P sends=458718 bytes=136510208 collective_rank_calls=3584
AMG setup messages level=4 phase=R*(A*P) sends=139878 bytes=217835712 collective_rank_calls=3584
AMG setup messages level=5 phase=strength sends=0 bytes=0 collective_rank_calls=3584
AMG setup messages level=5 phase=strength-transpose sends=72060 bytes=5921284 collective_rank_calls=3584
AMG setup messages level=5 phase=PMIS sends=1296600 bytes=12060808 collective_rank_calls=28672
AMG setup messages level=5 phase=numbering sends=0 bytes=0 collective_rank_calls=3584
AMG setup messages level=5 phase=interpolation sends=392211 bytes=8889216 collective_rank_calls=3584
AMG setup messages level=5 phase=interpolation-transpose sends=21806 bytes=1906336 collective_rank_calls=3584
AMG setup messages level=5 phase=A*P sends=862590 bytes=57874080 collective_rank_calls=3584
AMG setup messages level=5 phase=R*(A*P) sends=65418 bytes=40952896 collective_rank_calls=3584
AMG setup messages level=6 phase=strength sends=0 bytes=0 collective_rank_calls=3584
AMG setup messages level=6 phase=strength-transpose sends=16068 bytes=956748 collective_rank_calls=3584
AMG setup messages level=6 phase=PMIS sends=262452 bytes=1883580 collective_rank_calls=21504
AMG setup messages level=6 phase=numbering sends=0 bytes=0 collective_rank_calls=3584
AMG setup messages level=6 phase=interpolation sends=78222 bytes=1125816 collective_rank_calls=3584
AMG setup messages level=6 phase=interpolation-transpose sends=6564 bytes=446560 collective_rank_calls=3584
AMG setup messages level=6 phase=A*P sends=409812 bytes=14396160 collective_rank_calls=3584
AMG setup messages level=6 phase=R*(A*P) sends=19692 bytes=7190896 collective_rank_calls=3584
AMG setup messages level=7 phase=strength sends=0 bytes=0 collective_rank_calls=3584
AMG setup messages level=7 phase=strength-transpose sends=3114 bytes=181492 collective_rank_calls=3584
AMG setup messages level=7 phase=PMIS sends=47088 bytes=347792 collective_rank_calls=17920
AMG setup messages level=7 phase=numbering sends=0 bytes=0 collective_rank_calls=3584
AMG setup messages level=7 phase=interpolation sends=14181 bytes=141620 collective_rank_calls=3584
AMG setup messages level=7 phase=interpolation-transpose sends=1376 bytes=93040 collective_rank_calls=3584
AMG setup messages level=7 phase=A*P sends=94158 bytes=2409952 collective_rank_calls=3584
AMG setup messages level=7 phase=R*(A*P) sends=4128 bytes=762560 collective_rank_calls=3584
AMG setup messages level=8 phase=strength sends=0 bytes=0 collective_rank_calls=3584
AMG setup messages level=8 phase=strength-transpose sends=516 bytes=32460 collective_rank_calls=3584
AMG setup messages level=8 phase=PMIS sends=3600 bytes=38884 collective_rank_calls=7168
AMG setup messages level=8 phase=numbering sends=0 bytes=0 collective_rank_calls=3584
AMG setup messages level=8 phase=interpolation sends=2388 bytes=19280 collective_rank_calls=3584
AMG setup messages level=8 phase=interpolation-transpose sends=237 bytes=17120 collective_rank_calls=3584
AMG setup messages level=8 phase=A*P sends=11592 bytes=227024 collective_rank_calls=3584
AMG setup messages level=8 phase=R*(A*P) sends=711 bytes=27744 collective_rank_calls=3584
GMRES: iter = 0, residual = 2.316457774, 1 (rel.)
GMRES: iter = 1, residual = 1.464599613, 0.632258282 (rel.)
GMRES: iter = 2, residual = 1.210626415, 0.5226196775 (rel.)
GMRES: iter = 3, residual = 1.060273085, 0.4577131071 (rel.)
GMRES: iter = 4, residual = 0.9299030648, 0.4014332034 (rel.)
GMRES: iter = 5, residual = 0.81588021, 0.3522102665 (rel.)
GMRES: iter = 6, residual = 0.7508870677, 0.3241531428 (rel.)
GMRES: iter = 7, residual = 0.7058245674, 0.3046999497 (rel.)
GMRES: iter = 8, residual = 0.6654862813, 0.2872861697 (rel.)
GMRES: iter = 9, residual = 0.6318050489, 0.2727461972 (rel.)
GMRES: iter = 10, residual = 0.6003187695, 0.2591537719 (rel.)
GMRES: iter = 11, residual = 0.5732374861, 0.2474629551 (rel.)
GMRES: iter = 12, residual = 0.5480120316, 0.2365732877 (rel.)
GMRES: iter = 13, residual = 0.5238789652, 0.2261551974 (rel.)
GMRES: iter = 14, residual = 0.5011618001, 0.2163483426 (rel.)
GMRES: iter = 15, residual = 0.4784557547, 0.2065462881 (rel.)
GMRES: iter = 16, residual = 0.4564533661, 0.1970479977 (rel.)
GMRES: iter = 17, residual = 0.4336746347, 0.1872145651 (rel.)
GMRES: iter = 18, residual = 0.4109279774, 0.1773949787 (rel.)
GMRES: iter = 19, residual = 0.3874083632, 0.1672417117 (rel.)
GMRES: iter = 20, residual = 0.36359641, 0.1569622438 (rel.)
GMRES: iter = 21, residual = 0.3394400548, 0.1465340999 (rel.)
GMRES: iter = 22, residual = 0.3153969302, 0.1361548368 (rel.)
GMRES: iter = 23, residual = 0.2913630489, 0.125779564 (rel.)
GMRES: iter = 24, residual = 0.2676141475, 0.1155273152 (rel.)
GMRES: iter = 25, residual = 0.24439501, 0.1055037621 (rel.)
GMRES: iter = 26, residual = 0.2218646012, 0.09577752879 (rel.)
GMRES: iter = 27, residual = 0.1998546144, 0.08627595833 (rel.)
GMRES: iter = 28, residual = 0.1786504175, 0.0771222422 (rel.)
GMRES: iter = 29, residual = 0.159177322, 0.06871583144 (rel.)
GMRES: iter = 30, residual = 0.1419412179, 0.0612751156 (rel.)
GMRES: iter = 31, residual = 0.1267960497, 0.05473704341 (rel.)
GMRES: iter = 32, residual = 0.1135865796, 0.04903459964 (rel.)
GMRES: iter = 33, residual = 0.1024130795, 0.04421107116 (rel.)
GMRES: iter = 34, residual = 0.09340206111, 0.04032107218 (rel.)
GMRES: iter = 35, residual = 0.08634776583, 0.03727577804 (rel.)
GMRES: iter = 36, residual = 0.08088499078, 0.034917533 (rel.)
GMRES: iter = 37, residual = 0.07656930165, 0.03305447762 (rel.)
GMRES: iter = 38, residual = 0.07277342502, 0.03141582196 (rel.)
GMRES: iter = 39, residual = 0.06881694902, 0.02970783659 (rel.)
GMRES: iter = 40, residual = 0.0643427159, 0.02777633878 (rel.)
GMRES: iter = 41, residual = 0.05953988896, 0.02570298912 (rel.)
GMRES: iter = 42, residual = 0.0550167582, 0.02375038251 (rel.)
GMRES: iter = 43, residual = 0.05110902148, 0.02206343757 (rel.)
GMRES: iter = 44, residual = 0.04774719285, 0.02061215766 (rel.)
GMRES: iter = 45, residual = 0.04480294608, 0.01934114517 (rel.)
GMRES: iter = 46, residual = 0.04217954339, 0.01820863901 (rel.)
GMRES: iter = 47, residual = 0.0399673727, 0.01725365908 (rel.)
GMRES: iter = 48, residual = 0.03809624766, 0.01644590637 (rel.)
GMRES: iter = 49, residual = 0.03644896929, 0.01573478683 (rel.)
GMRES: iter = 50, residual = 0.03497484405, 0.0150984164 (rel.)
GMRES: iter = 51, residual = 0.03364204947, 0.01452305751 (rel.)
GMRES: iter = 52, residual = 0.03247096062, 0.01401750594 (rel.)
GMRES: iter = 53, residual = 0.03146116319, 0.01358158285 (rel.)
GMRES: iter = 54, residual = 0.03048917622, 0.0131619823 (rel.)
GMRES: iter = 55, residual = 0.0295014591, 0.01273559114 (rel.)
GMRES: iter = 56, residual = 0.02849557652, 0.01230135806 (rel.)
GMRES: iter = 57, residual = 0.0273860456, 0.01182238066 (rel.)
GMRES: iter = 58, residual = 0.02619318017, 0.01130742829 (rel.)
GMRES: iter = 59, residual = 0.02501791115, 0.01080007217 (rel.)
GMRES: iter = 60, residual = 0.02382514159, 0.01028516119 (rel.)
GMRES: iter = 61, residual = 0.02254140087, 0.009730978531 (rel.)
GMRES: iter = 62, residual = 0.02116211248, 0.009135548557 (rel.)
GMRES: iter = 63, residual = 0.01984464176, 0.008566804877 (rel.)
GMRES: iter = 64, residual = 0.01871016681, 0.008077059301 (rel.)
GMRES: iter = 65, residual = 0.01760983346, 0.007602052432 (rel.)
GMRES: iter = 66, residual = 0.01651028723, 0.00712738536 (rel.)
GMRES: iter = 67, residual = 0.0152568619, 0.006586289667 (rel.)
GMRES: iter = 68, residual = 0.0138551755, 0.005981190613 (rel.)
GMRES: iter = 69, residual = 0.01285056839, 0.005547508152 (rel.)
GMRES: iter = 70, residual = 0.01189639615, 0.005135598104 (rel.)
GMRES: iter = 71, residual = 0.010915057, 0.004711960269 (rel.)
GMRES: iter = 72, residual = 0.009937002647, 0.004289740464 (rel.)
GMRES: iter = 73, residual = 0.008827723346, 0.003810871687 (rel.)
GMRES: iter = 74, residual = 0.007905625006, 0.003412807734 (rel.)
GMRES: iter = 75, residual = 0.007040164978, 0.003039194177 (rel.)
GMRES: iter = 76, residual = 0.006398071923, 0.002762006713 (rel.)
GMRES: iter = 77, residual = 0.005880848254, 0.002538724564 (rel.)
GMRES: iter = 78, residual = 0.005277569382, 0.002278292935 (rel.)
GMRES: iter = 79, residual = 0.004715150873, 0.002035500464 (rel.)
GMRES: iter = 80, residual = 0.00403324213, 0.001741124822 (rel.)
GMRES: iter = 81, residual = 0.003481316957, 0.001502862256 (rel.)
GMRES: iter = 82, residual = 0.003098635437, 0.001337661093 (rel.)
GMRES: iter = 83, residual = 0.00273570848, 0.001180987847 (rel.)
GMRES: iter = 84, residual = 0.002455562861, 0.001060050776 (rel.)
GMRES: iter = 85, residual = 0.002165391377, 0.0009347856028 (rel.)
GMRES: iter = 86, residual = 0.001897007817, 0.000818926137 (rel.)
GMRES: iter = 87, residual = 0.001696492465, 0.0007323649426 (rel.)
GMRES: iter = 88, residual = 0.00149325753, 0.0006446297217 (rel.)
GMRES: iter = 89, residual = 0.001319218815, 0.0005694983218 (rel.)
GMRES: iter = 90, residual = 0.001187583889, 0.0005126723664 (rel.)
GMRES: iter = 91, residual = 0.001062628024, 0.0004587297189 (rel.)
GMRES: iter = 92, residual = 0.0009553838958, 0.0004124331151 (rel.)
GMRES: iter = 93, residual = 0.000847923507, 0.0003660431528 (rel.)
GMRES: iter = 94, residual = 0.0007594703625, 0.0003278584963 (rel.)
GMRES: iter = 95, residual = 0.0006755214879, 0.0002916183042 (rel.)
GMRES: iter = 96, residual = 0.0005991556215, 0.0002586516483 (rel.)
GMRES: iter = 97, residual = 0.0005387878441, 0.000232591265 (rel.)
GMRES: iter = 98, residual = 0.0004909283876, 0.0002119306439 (rel.)
GMRES: iter = 99, residual = 0.0004418532708, 0.00019074523 (rel.)
GMRES: iter = 100, residual = 0.000395220632, 0.0001706142182 (rel.)
GMRES: iter = 100, residual = 0.04134323621, 0.01784761055 (rel.)
GMRES: iter = 101, residual = 0.002988126817, 0.001289955229 (rel.)
GMRES: iter = 102, residual = 0.0007650957157, 0.0003302869252 (rel.)
GMRES: iter = 103, residual = 0.0004261640485, 0.0001839722931 (rel.)
GMRES: iter = 104, residual = 0.0003502673548, 0.000151208176 (rel.)
GMRES: iter = 105, residual = 0.0003250654037, 0.0001403286549 (rel.)
GMRES: iter = 106, residual = 0.0003114389195, 0.0001344461889 (rel.)
GMRES: iter = 107, residual = 0.000303707086, 0.0001311084059 (rel.)
GMRES: iter = 108, residual = 0.0002974094379, 0.0001283897515 (rel.)
GMRES: iter = 109, residual = 0.0002928347054, 0.0001264148687 (rel.)
GMRES: iter = 110, residual = 0.0002877645633, 0.0001242261208 (rel.)
GMRES: iter = 111, residual = 0.0002822513981, 0.0001218461227 (rel.)
GMRES: iter = 112, residual = 0.0002749177001, 0.0001186802121 (rel.)
GMRES: iter = 113, residual = 0.0002670743873, 0.0001152943042 (rel.)
GMRES: iter = 114, residual = 0.000257933594, 0.0001113482822 (rel.)
GMRES: iter = 115, residual = 0.0002482892131, 0.0001071848647 (rel.)
GMRES: iter = 116, residual = 0.0002381724312, 0.0001028175147 (rel.)
GMRES: iter = 117, residual = 0.0002284435441, 9.861761638e-05 (rel.)
GMRES: Solve Time = 57.04668065
AMG setup messages level=0 phase=strength sends=0 bytes=0 collective_rank_calls=3584
AMG setup messages level=0 phase=strength-transpose sends=28852 bytes=1219097472 collective_rank_calls=3584
AMG setup messages level=0 phase=PMIS sends=592396 bytes=3872666440 collective_rank_calls=35840
AMG setup messages level=0 phase=numbering sends=0 bytes=0 collective_rank_calls=3584
AMG setup messages level=0 phase=interpolation sends=173112 bytes=1665463668 collective_rank_calls=3584
AMG setup messages level=0 phase=interpolation-transpose sends=68962 bytes=626206352 collective_rank_calls=3584
AMG setup messages level=0 phase=A*P sends=90744 bytes=2935772256 collective_rank_calls=3584
AMG setup messages level=0 phase=R*(A*P) sends=206886 bytes=4416008256 collective_rank_calls=3584
AMG setup messages level=1 phase=strength sends=0 bytes=0 collective_rank_calls=3584
AMG setup messages level=1 phase=strength-transpose sends=76339 bytes=1428781200 collective_rank_calls=3584
AMG setup messages level=1 phase=PMIS sends=1838467 bytes=2920887652 collective_rank_calls=43008
AMG setup messages level=1 phase=numbering sends=0 bytes=0 collective_rank_calls=3584
AMG setup messages level=1 phase=interpolation sends=454224 bytes=1722408412 collective_rank_calls=3584
AMG setup messages level=1 phase=interpolation-transpose sends=74700 bytes=487847216 collective_rank_calls=3584
AMG setup messages level=1 phase=A*P sends=257724 bytes=2886407792 collective_rank_calls=3584
AMG setup messages level=1 phase=R*(A*P) sends=224100 bytes=7267880896 collective_rank_calls=3584
AMG setup messages level=2 phase=strength sends=0 bytes=0 collective_rank_calls=3584
AMG setup messages level=2 phase=strength-transpose sends=86602 bytes=632558284 collective_rank_calls=3584
AMG setup messages level=2 phase=PMIS sends=2092176 bytes=970554684 collective_rank_calls=43008
AMG setup messages level=2 phase=numbering sends=0 bytes=0 collective_rank_calls=3584
AMG setup messages level=2 phase=interpolation sends=512016 bytes=665613896 collective_rank_calls=3584
AMG setup messages level=2 phase=interpolation-transpose sends=73224 bytes=142194944 collective_rank_calls=3584
AMG setup messages level=2 phase=A*P sends=300150 bytes=1169624240 collective_rank_calls=3584
AMG setup messages level=2 phase=R*(A*P) sends=219672 bytes=3229343696 collective_rank_calls=3584
AMG setup messages level=3 phase=strength sends=0 bytes=0 collective_rank_calls=3584
AMG setup messages level=3 phase=strength-transpose sends=87798 bytes=157686748 collective_rank_calls=3584
AMG setup messages level=3 phase=PMIS sends=2305568 bytes=275955408 collective_rank_calls=46592
AMG setup messages level=3 phase=numbering sends=0 bytes=0 collective_rank_calls=3584
AMG setup messages level=3 phase=interpolation sends=518136 bytes=178788604 collective_rank_calls=3584
AMG setup messages level=3 phase=interpolation-transpose sends=64082 bytes=34026544 collective_rank_calls=3584
AMG setup messages level=3 phase=A*P sends=307038 bytes=379243280 collective_rank_calls=3584
AMG setup messages level=3 phase=R*(A*P) sends=192246 bytes=907640224 collective_rank_calls=3584
AMG setup messages level=4 phase=strength sends=0 bytes=0 collective_rank_calls=3584
AMG setup messages level=4 phase=strength-transpose sends=83980 bytes=31661632 collective_rank_calls=3584
AMG setup messages level=4 phase=PMIS sends=1727494 bytes=57111008 collective_rank_calls=35840
AMG setup messages level=4 phase=numbering sends=0 bytes=0 collective_rank_calls=3584
AMG setup messages level=4 phase=interpolation sends=489900 bytes=44318428 collective_rank_calls=3584
AMG setup messages level=4 phase=interpolation-transpose sends=46832 bytes=7940832 collective_rank_calls=3584
AMG setup messages level=4 phase=A*P sends=459066 bytes=136359552 collective_rank_calls=3584
AMG setup messages level=4 phase=R*(A*P) sends=140496 bytes=216937328 collective_rank_calls=3584
AMG setup messages level=5 phase=strength sends=0 bytes=0 collective_rank_calls=3584
AMG setup messages level=5 phase=strength-transpose sends=73158 bytes=6001100 collective_rank_calls=3584
AMG setup messages level=5 phase=PMIS sends=1313286 bytes=12216740 collective_rank_calls=28672
AMG setup messages level=5 phase=numbering sends=0 bytes=0 collective_rank_calls=3584
AMG setup messages level=5 phase=interpolation sends=400137 bytes=9022328 collective_rank_calls=3584
AMG setup messages level=5 phase=interpolation-transpose sends=21915 bytes=1935728 collective_rank_calls=3584
AMG setup messages level=5 phase=A*P sends=864612 bytes=58347216 collective_rank_calls=3584
AMG setup messages level=5 phase=R*(A*P) sends=65745 bytes=41311872 collective_rank_calls=3584
AMG setup messages level=6 phase=strength sends=0 bytes=0 collective_rank_calls=3584
AMG setup messages level=6 phase=strength-transpose sends=15515 bytes=931880 collective_rank_calls=3584
AMG setup messages level=6 phase=PMIS sends=251483 bytes=1820448 collective_rank_calls=21504
AMG setup messages level=6 phase=numbering sends=0 bytes=0 collective_rank_calls=3584
AMG setup messages level=6 phase=interpolation sends=75459 bytes=1051708 collective_rank_calls=3584
AMG setup messages level=6 phase=interpolation-transpose sends=6104 bytes=403888 collective_rank_calls=3584
AMG setup messages level=6 phase=A*P sends=390858 bytes=13696512 collective_rank_calls=3584
AMG setup messages level=6 phase=R*(A*P) sends=18312 bytes=6766240 collective_rank_calls=3584
AMG setup messages level=7 phase=strength sends=0 bytes=0 collective_rank_calls=3584
AMG setup messages level=7 phase=strength-transpose sends=2951 bytes=177196 collective_rank_calls=3584
AMG setup messages level=7 phase=PMIS sends=36503 bytes=299996 collective_rank_calls=14336
AMG setup messages level=7 phase=numbering sends=0 bytes=0 collective_rank_calls=3584
AMG setup messages level=7 phase=interpolation sends=12753 bytes=121400 collective_rank_calls=3584
AMG setup messages level=7 phase=interpolation-transpose sends=1393 bytes=100032 collective_rank_calls=3584
AMG setup messages level=7 phase=A*P sends=89742 bytes=2657088 collective_rank_calls=3584
AMG setup messages level=7 phase=R*(A*P) sends=4179 bytes=980000 collective_rank_calls=3584
AMG setup messages level=8 phase=strength sends=0 bytes=0 collective_rank_calls=3584
AMG setup messages level=8 phase=strength-transpose sends=689 bytes=44224 collective_rank_calls=3584
AMG setup messages level=8 phase=PMIS sends=4811 bytes=53416 collective_rank_calls=7168
AMG setup messages level=8 phase=numbering sends=0 bytes=0 collective_rank_calls=3584
AMG setup messages level=8 phase=interpolation sends=3162 bytes=25460 collective_rank_calls=3584
AMG setup messages level=8 phase=interpolation-transpose sends=325 bytes=24384 collective_rank_calls=3584
AMG setup messages level=8 phase=A*P sends=17184 bytes=354832 collective_rank_calls=3584
AMG setup messages level=8 phase=R*(A*P) sends=975 bytes=40912 collective_rank_calls=3584
GMRES: iter = 0, residual = 1.795842391, 1 (rel.)
GMRES: iter = 1, residual = 1.075145137, 0.5986856876 (rel.)
GMRES: iter = 2, residual = 0.8306894217, 0.4625625421 (rel.)
GMRES: iter = 3, residual = 0.7077158879, 0.3940857457 (rel.)
GMRES: iter = 4, residual = 0.6126035463, 0.341123224 (rel.)
GMRES: iter = 5, residual = 0.5411282215, 0.3013227799 (rel.)
GMRES: iter = 6, residual = 0.4958251481, 0.2760961377 (rel.)
GMRES: iter = 7, residual = 0.464356484, 0.2585730721 (rel.)
GMRES: iter = 8, residual = 0.4388665124, 0.2443791919 (rel.)
GMRES: iter = 9, residual = 0.4185450209, 0.2330633373 (rel.)
GMRES: iter = 10, residual = 0.4000280834, 0.2227523336 (rel.)
GMRES: iter = 11, residual = 0.3834245424, 0.213506789 (rel.)
GMRES: iter = 12, residual = 0.3675209967, 0.2046510309 (rel.)
GMRES: iter = 13, residual = 0.3515567634, 0.1957614795 (rel.)
GMRES: iter = 14, residual = 0.3360005277, 0.1870991182 (rel.)
GMRES: iter = 15, residual = 0.3203307616, 0.1783735384 (rel.)
GMRES: iter = 16, residual = 0.3050125386, 0.1698437124 (rel.)
GMRES: iter = 17, residual = 0.2890011597, 0.1609279083 (rel.)
GMRES: iter = 18, residual = 0.2727111227, 0.1518569358 (rel.)
GMRES: iter = 19, residual = 0.2559400291, 0.1425180909 (rel.)
GMRES: iter = 20, residual = 0.2389335014, 0.1330481464 (rel.)
GMRES: iter = 21, residual = 0.2216989474, 0.1234512274 (rel.)
GMRES: iter = 22, residual = 0.204578344, 0.1139177608 (rel.)
GMRES: iter = 23, residual = 0.1875259535, 0.104422278 (rel.)
GMRES: iter = 24, residual = 0.1705304322, 0.09495846239 (rel.)
GMRES: iter = 25, residual = 0.1536908302, 0.08558146917 (rel.)
GMRES: iter = 26, residual = 0.137270335, 0.07643785205 (rel.)
GMRES: iter = 27, residual = 0.1218140318, 0.06783113731 (rel.)
GMRES: iter = 28, residual = 0.1078742265, 0.06006887187 (rel.)
GMRES: iter = 29, residual = 0.09577981179, 0.05333419696 (rel.)
GMRES: iter = 30, residual = 0.08527767837, 0.04748617071 (rel.)
GMRES: iter = 31, residual = 0.07601546304, 0.04232858263 (rel.)
GMRES: iter = 32, residual = 0.06801297502, 0.03787246328 (rel.)
GMRES: iter = 33, residual = 0.06152160813, 0.03425779925 (rel.)
GMRES: iter = 34, residual = 0.05638672343, 0.03139848113 (rel.)
GMRES: iter = 35, residual = 0.05208600627, 0.0290036623 (rel.)
GMRES: iter = 36, residual = 0.04827907176, 0.02688380227 (rel.)
GMRES: iter = 37, residual = 0.04487779943, 0.02498983188 (rel.)
GMRES: iter = 38, residual = 0.04180114663, 0.02327662318 (rel.)
GMRES: iter = 39, residual = 0.03885934312, 0.0216385042 (rel.)
GMRES: iter = 40, residual = 0.03588311323, 0.01998121517 (rel.)
GMRES: iter = 41, residual = 0.03274735269, 0.01823509282 (rel.)
GMRES: iter = 42, residual = 0.02961557137, 0.01649118626 (rel.)
GMRES: iter = 43, residual = 0.02688223752, 0.01496915189 (rel.)
GMRES: iter = 44, residual = 0.02470512641, 0.01375684555 (rel.)
GMRES: iter = 45, residual = 0.02299544037, 0.012804821 (rel.)
GMRES: iter = 46, residual = 0.02164642366, 0.01205363219 (rel.)
GMRES: iter = 47, residual = 0.02054915335, 0.01144262629 (rel.)
GMRES: iter = 48, residual = 0.01963227047, 0.01093206763 (rel.)
GMRES: iter = 49, residual = 0.01885559484, 0.01049958222 (rel.)
GMRES: iter = 50, residual = 0.01812689569, 0.01009381212 (rel.)
GMRES: iter = 51, residual = 0.01740125329, 0.009689744141 (rel.)
GMRES: iter = 52, residual = 0.01673975196, 0.009321392592 (rel.)
GMRES: iter = 53, residual = 0.016154997, 0.00899577662 (rel.)
GMRES: iter = 54, residual = 0.01553819948, 0.008652318021 (rel.)
GMRES: iter = 55, residual = 0.01488633901, 0.0082893349 (rel.)
GMRES: iter = 56, residual = 0.01422592693, 0.007921589889 (rel.)
GMRES: iter = 57, residual = 0.01353428178, 0.007536453 (rel.)
GMRES: iter = 58, residual = 0.01285810427, 0.007159929141 (rel.)
GMRES: iter = 59, residual = 0.01216851127, 0.006775934974 (rel.)
GMRES: iter = 60, residual = 0.01143657312, 0.006368361261 (rel.)
GMRES: iter = 61, residual = 0.01073570435, 0.005978088278 (rel.)
GMRES: iter = 62, residual = 0.01007113908, 0.005608030598 (rel.)
GMRES: iter = 63, residual = 0.009402631406, 0.005235777623 (rel.)
GMRES: iter = 64, residual = 0.008717148783, 0.004854072287 (rel.)
GMRES: iter = 65, residual = 0.00804482799, 0.004479696008 (rel.)
GMRES: iter = 66, residual = 0.00746200928, 0.004155158224 (rel.)
GMRES: iter = 67, residual = 0.006938731143, 0.003863775116 (rel.)
GMRES: iter = 68, residual = 0.00644286146, 0.003587654179 (rel.)
GMRES: iter = 69, residual = 0.005952322516, 0.003314501621 (rel.)
GMRES: iter = 70, residual = 0.00540204997, 0.003008086899 (rel.)
GMRES: iter = 71, residual = 0.004737918877, 0.002638270986 (rel.)
GMRES: iter = 72, residual = 0.004138030083, 0.002304227867 (rel.)
GMRES: iter = 73, residual = 0.003758455894, 0.002092865116 (rel.)
GMRES: iter = 74, residual = 0.003462577782, 0.001928107834 (rel.)
GMRES: iter = 75, residual = 0.003167770517, 0.001763946843 (rel.)
GMRES: iter = 76, residual = 0.002720475219, 0.001514874152 (rel.)
GMRES: iter = 77, residual = 0.002275591005, 0.001267144052 (rel.)
GMRES: iter = 78, residual = 0.002011475821, 0.001120073694 (rel.)
GMRES: iter = 79, residual = 0.001807860852, 0.001006692381 (rel.)
GMRES: iter = 80, residual = 0.001618571179, 0.0009012879898 (rel.)
GMRES: iter = 81, residual = 0.001422516237, 0.0007921164148 (rel.)
GMRES: iter = 82, residual = 0.001229146781, 0.0006844402312 (rel.)
GMRES: iter = 83, residual = 0.001082097521, 0.0006025570653 (rel.)
GMRES: iter = 84, residual = 0.0009498777749, 0.000528931592 (rel.)
GMRES: iter = 85, residual = 0.0008515818582, 0.0004741963228 (rel.)
GMRES: iter = 86, residual = 0.0007593476869, 0.0004228364864 (rel.)
GMRES: iter = 87, residual = 0.0006803060872, 0.0003788228246 (rel.)
GMRES: iter = 88, residual = 0.0006054567912, 0.0003371436125 (rel.)
GMRES: iter = 89, residual = 0.0005362601047, 0.0002986120092 (rel.)
GMRES: iter = 90, residual = 0.0004709926959, 0.0002622683918 (rel.)
GMRES: iter = 91, residual = 0.000417613814, 0.0002325448024 (rel.)
GMRES: iter = 92, residual = 0.0003758144464, 0.0002092691699 (rel.)
GMRES: iter = 93, residual = 0.0003379296533, 0.0001881733358 (rel.)
GMRES: iter = 94, residual = 0.0003022153332, 0.0001682861117 (rel.)
GMRES: iter = 95, residual = 0.0002698236905, 0.000150249093 (rel.)
GMRES: iter = 96, residual = 0.0002429731508, 0.0001352975918 (rel.)
GMRES: iter = 97, residual = 0.0002192724833, 0.0001221000709 (rel.)
GMRES: iter = 98, residual = 0.0001992290299, 0.0001109390394 (rel.)
GMRES: iter = 99, residual = 0.0001816575078, 0.0001011544826 (rel.)
GMRES: Solve Time = 49.5158223
AMG setup messages level=0 phase=strength sends=0 bytes=0 collective_rank_calls=3584
AMG setup messages level=0 phase=strength-transpose sends=28852 bytes=1219102524 collective_rank_calls=3584
AMG setup messages level=0 phase=PMIS sends=592396 bytes=3872725492 collective_rank_calls=35840
AMG setup messages level=0 phase=numbering sends=0 bytes=0 collective_rank_calls=3584
AMG setup messages level=0 phase=interpolation sends=173112 bytes=1665011540 collective_rank_calls=3584
AMG setup messages level=0 phase=interpolation-transpose sends=68982 bytes=625937856 collective_rank_calls=3584
AMG setup messages level=0 phase=A*P sends=90744 bytes=2935506512 collective_rank_calls=3584
AMG setup messages level=0 phase=R*(A*P) sends=206946 bytes=4412837856 collective_rank_calls=3584
AMG setup messages level=1 phase=strength sends=0 bytes=0 collective_rank_calls=3584
AMG setup messages level=1 phase=strength-transpose sends=76274 bytes=1428345072 collective_rank_calls=3584
AMG setup messages level=1 phase=PMIS sends=1837154 bytes=2920766180 collective_rank_calls=43008
AMG setup messages level=1 phase=numbering sends=0 bytes=0 collective_rank_calls=3584
AMG setup messages level=1 phase=interpolation sends=453810 bytes=1722100316 collective_rank_calls=3584
AMG setup messages level=1 phase=interpolation-transpose sends=74691 bytes=488183664 collective_rank_calls=3584
AMG setup messages level=1 phase=A*P sends=257694 bytes=2886125696 collective_rank_calls=3584
AMG setup messages level=1 phase=R*(A*P) sends=224073 bytes=7272461536 collective_rank_calls=3584
AMG setup messages level=2 phase=strength sends=0 bytes=0 collective_rank_calls=3584
AMG setup messages level=2 phase=strength-transpose sends=86619 bytes=632159784 collective_rank_calls=3584
AMG setup messages level=2 phase=PMIS sends=2267788 bytes=1044812192 collective_rank_calls=46592
AMG setup messages level=2 phase=numbering sends=0 bytes=0 collective_rank_calls=3584
AMG setup messages level=2 phase=interpolation sends=511992 bytes=664783352 collective_rank_calls=3584
AMG setup messages level=2 phase=interpolation-transpose sends=73170 bytes=142331216 collective_rank_calls=3584
AMG setup messages level=2 phase=A*P sends=300252 bytes=1170697392 collective_rank_calls=3584
AMG setup messages level=2 phase=R*(A*P) sends=219510 bytes=3232988160 collective_rank_calls=3584
AMG setup messages level=3 phase=strength sends=0 bytes=0 collective_rank_calls=3584
AMG setup messages level=3 phase=strength-transpose sends=87769 bytes=158102368 collective_rank_calls=3584
AMG setup messages level=3 phase=PMIS sends=2127243 bytes=256402800 collective_rank_calls=43008
AMG setup messages level=3 phase=numbering sends=0 bytes=0 collective_rank_calls=3584
AMG setup messages level=3 phase=interpolation sends=518052 bytes=179024344 collective_rank_calls=3584
AMG setup messages level=3 phase=interpolation-transpose sends=64101 bytes=34035920 collective_rank_calls=3584
AMG setup messages level=3 phase=A*P sends=307092 bytes=379653728 collective_rank_calls=3584
AMG setup messages level=3 phase=R*(A*P) sends=192303 bytes=907752928 collective_rank_calls=3584
AMG setup messages level=4 phase=strength sends=0 bytes=0 collective_rank_calls=3584
AMG setup messages level=4 phase=strength-transpose sends=84270 bytes=31843404 collective_rank_calls=3584
AMG setup messages level=4 phase=PMIS sends=1905420 bytes=62368000 collective_rank_calls=39424
AMG setup messages level=4 phase=numbering sends=0 bytes=0 collective_rank_calls=3584
AMG setup messages level=4 phase=interpolation sends=491760 bytes=44319648 collective_rank_calls=3584
AMG setup messages level=4 phase=interpolation-transpose sends=46604 bytes=7959360 collective_rank_calls=3584
AMG setup messages level=4 phase=A*P sends=459018 bytes=136905248 collective_rank_calls=3584
AMG setup messages level=4 phase=R*(A*P) sends=139812 bytes=216544736 collective_rank_calls=3584
AMG setup messages level=5 phase=strength sends=0 bytes=0 collective_rank_calls=3584
AMG setup messages level=5 phase=strength-transpose sends=73741 bytes=6050088 collective_rank_calls=3584
AMG setup messages level=5 phase=PMIS sends=1319185 bytes=12326848 collective_rank_calls=28672
AMG setup messages level=5 phase=numbering sends=0 bytes=0 collective_rank_calls=3584
AMG setup messages level=5 phase=interpolation sends=402633 bytes=9144608 collective_rank_calls=3584
AMG setup messages level=5 phase=interpolation-transpose sends=21588 bytes=1941408 collective_rank_calls=3584
AMG setup messages level=5 phase=A*P sends=865710 bytes=58093616 collective_rank_calls=3584
AMG setup messages level=5 phase=R*(A*P) sends=64764 bytes=41276112 collective_rank_calls=3584
AMG setup messages level=6 phase=strength sends=0 bytes=0 collective_rank_calls=3584
AMG setup messages level=6 phase=strength-transpose sends=16451 bytes=990404 collective_rank_calls=3584
AMG setup messages level=6 phase=PMIS sends=353261 bytes=2436208 collective_rank_calls=28672
AMG setup messages level=6 phase=numbering sends=0 bytes=0 collective_rank_calls=3584
AMG setup messages level=6 phase=interpolation sends=80187 bytes=1123696 collective_rank_calls=3584
AMG setup messages level=6 phase=interpolation-transpose sends=6408 bytes=422464 collective_rank_calls=3584
AMG setup messages level=6 phase=A*P sends=405972 bytes=14323648 collective_rank_calls=3584
AMG setup messages level=6 phase=R*(A*P) sends=19224 bytes=7148464 collective_rank_calls=3584
AMG setup messages level=7 phase=strength sends=0 bytes=0 collective_rank_calls=3584
AMG setup messages level=7 phase=strength-transpose sends=3569 bytes=212396 collective_rank_calls=3584
AMG setup messages level=7 phase=PMIS sends=64997 bytes=478800 collective_rank_calls=21504
AMG setup messages level=7 phase=numbering sends=0 bytes=0 collective_rank_calls=3584
AMG setup messages level=7 phase=interpolation sends=16764 bytes=157660 collective_rank_calls=3584
AMG setup messages level=7 phase=interpolation-transpose sends=1574 bytes=111408 collective_rank_calls=3584
AMG setup messages level=7 phase=A*P sends=97878 bytes=2734208 collective_rank_calls=3584
AMG setup messages level=7 phase=R*(A*P) sends=4722 bytes=884352 collective_rank_calls=3584
AMG setup messages level=8 phase=strength sends=0 bytes=0 collective_rank_calls=3584
AMG setup messages level=8 phase=strength-transpose sends=411 bytes=25056 collective_rank_calls=3584
AMG setup messages level=8 phase=PMIS sends=2793 bytes=29036 collective_rank_calls=7168
AMG setup messages level=8 phase=numbering sends=0 bytes=0 collective_rank_calls=3584
AMG setup messages level=8 phase=interpolation sends=1581 bytes=12024 collective_rank_calls=3584
AMG setup messages level=8 phase=interpolation-transpose sends=286 bytes=20896 collective_rank_calls=3584
AMG setup messages level=8 phase=A*P sends=13452 bytes=267792 collective_rank_calls=3584
AMG setup messages level=8 phase=R*(A*P) sends=858 bytes=33456 collective_rank_calls=3584
GMRES: iter = 0, residual = 1.379898873, 1 (rel.)
GMRES: iter = 1, residual = 0.6606379559, 0.4787582402 (rel.)
GMRES: iter = 2, residual = 0.3555457934, 0.2576607608 (rel.)
GMRES: iter = 3, residual = 0.281104961, 0.2037141754 (rel.)
GMRES: iter = 4, residual = 0.2370807344, 0.171810224 (rel.)
GMRES: iter = 5, residual = 0.2109402397, 0.1528664483 (rel.)
GMRES: iter = 6, residual = 0.1930344915, 0.1398903175 (rel.)
GMRES: iter = 7, residual = 0.1785412128, 0.129387172 (rel.)
GMRES: iter = 8, residual = 0.1659046755, 0.1202295899 (rel.)
GMRES: iter = 9, residual = 0.1542903877, 0.1118128225 (rel.)
GMRES: iter = 10, residual = 0.1434540459, 0.1039598254 (rel.)
GMRES: iter = 11, residual = 0.1328770537, 0.09629477663 (rel.)
GMRES: iter = 12, residual = 0.1226833198, 0.08890747158 (rel.)
GMRES: iter = 13, residual = 0.1127355043, 0.08169838131 (rel.)
GMRES: iter = 14, residual = 0.1032427848, 0.07481909497 (rel.)
GMRES: iter = 15, residual = 0.09431378372, 0.06834833015 (rel.)
GMRES: iter = 16, residual = 0.08607942555, 0.06238096664 (rel.)
GMRES: iter = 17, residual = 0.07859777728, 0.05695908507 (rel.)
GMRES: iter = 18, residual = 0.07170991315, 0.0519675134 (rel.)
GMRES: iter = 19, residual = 0.06537416267, 0.04737605339 (rel.)
GMRES: iter = 20, residual = 0.0595038809, 0.04312191428 (rel.)
GMRES: iter = 21, residual = 0.05395019346, 0.03909720816 (rel.)
GMRES: iter = 22, residual = 0.04867819524, 0.03527663962 (rel.)
GMRES: iter = 23, residual = 0.04378192566, 0.03172835816 (rel.)
GMRES: iter = 24, residual = 0.03928257736, 0.0284677219 (rel.)
GMRES: iter = 25, residual = 0.03518258315, 0.02549649387 (rel.)
GMRES: iter = 26, residual = 0.03146447042, 0.02280201183 (rel.)
GMRES: iter = 27, residual = 0.02822878829, 0.0204571428 (rel.)
GMRES: iter = 28, residual = 0.02555469159, 0.01851924956 (rel.)
GMRES: iter = 29, residual = 0.02332625769, 0.01690432404 (rel.)
GMRES: iter = 30, residual = 0.02131014173, 0.01544326338 (rel.)
GMRES: iter = 31, residual = 0.01942018745, 0.01407363092 (rel.)
GMRES: iter = 32, residual = 0.01777555521, 0.0128817811 (rel.)
GMRES: iter = 33, residual = 0.01649032689, 0.01195038797 (rel.)
GMRES: iter = 34, residual = 0.01549684055, 0.01123041757 (rel.)
GMRES: iter = 35, residual = 0.01459962246, 0.01058021189 (rel.)
GMRES: iter = 36, residual = 0.0135542916, 0.009822670244 (rel.)
GMRES: iter = 37, residual = 0.01217905558, 0.008826049372 (rel.)
GMRES: iter = 38, residual = 0.01068250971, 0.007741516372 (rel.)
GMRES: iter = 39, residual = 0.009429646141, 0.006833577683 (rel.)
GMRES: iter = 40, residual = 0.008457109494, 0.006128789335 (rel.)
GMRES: iter = 41, residual = 0.007636792773, 0.005534313365 (rel.)
GMRES: iter = 42, residual = 0.006951411065, 0.005037623555 (rel.)
GMRES: iter = 43, residual = 0.006414207854, 0.004648317338 (rel.)
GMRES: iter = 44, residual = 0.00598156132, 0.00433478238 (rel.)
GMRES: iter = 45, residual = 0.005622425553, 0.004074519999 (rel.)
GMRES: iter = 46, residual = 0.005323852198, 0.003858146639 (rel.)
GMRES: iter = 47, residual = 0.005072922103, 0.003676299911 (rel.)
GMRES: iter = 48, residual = 0.004862607045, 0.003523886526 (rel.)
GMRES: iter = 49, residual = 0.004675693406, 0.003388431934 (rel.)
GMRES: iter = 50, residual = 0.004490441977, 0.00325418193 (rel.)
GMRES: iter = 51, residual = 0.004298302529, 0.003114940243 (rel.)
GMRES: iter = 52, residual = 0.004101885656, 0.002972598744 (rel.)
GMRES: iter = 53, residual = 0.003899562712, 0.002825977171 (rel.)
GMRES: iter = 54, residual = 0.003685583815, 0.002670908635 (rel.)
GMRES: iter = 55, residual = 0.003472034564, 0.00251615146 (rel.)
GMRES: iter = 56, residual = 0.00324216521, 0.002349567258 (rel.)
GMRES: iter = 57, residual = 0.003016947185, 0.00218635383 (rel.)
GMRES: iter = 58, residual = 0.002814650173, 0.002039751049 (rel.)
GMRES: iter = 59, residual = 0.00262724365, 0.001903939268 (rel.)
GMRES: iter = 60, residual = 0.002440255535, 0.001768430704 (rel.)
GMRES: iter = 61, residual = 0.002246422531, 0.001627961712 (rel.)
GMRES: iter = 62, residual = 0.002063567233, 0.001495448162 (rel.)
GMRES: iter = 63, residual = 0.001902122777, 0.001378450852 (rel.)
GMRES: iter = 64, residual = 0.001742460717, 0.001262745228 (rel.)
GMRES: iter = 65, residual = 0.001590581771, 0.001152679955 (rel.)
GMRES: iter = 66, residual = 0.00144119266, 0.001044419043 (rel.)
GMRES: iter = 67, residual = 0.001296395019, 0.0009394855267 (rel.)
GMRES: iter = 68, residual = 0.001160401387, 0.0008409321946 (rel.)
GMRES: iter = 69, residual = 0.001026147029, 0.0007436392983 (rel.)
GMRES: iter = 70, residual = 0.0009223194503, 0.0006683964083 (rel.)
GMRES: iter = 71, residual = 0.0008249428577, 0.0005978284888 (rel.)
GMRES: iter = 72, residual = 0.0007313531128, 0.0005300048628 (rel.)
GMRES: iter = 73, residual = 0.0006422478105, 0.0004654310712 (rel.)
GMRES: iter = 74, residual = 0.0005575485917, 0.0004040503277 (rel.)
GMRES: iter = 75, residual = 0.000481447542, 0.0003489005981 (rel.)
GMRES: iter = 76, residual = 0.0004237878288, 0.0003071151352 (rel.)
GMRES: iter = 77, residual = 0.0003786282, 0.0002743883682 (rel.)
GMRES: iter = 78, residual = 0.0003305841663, 0.0002395712996 (rel.)
GMRES: iter = 79, residual = 0.0002916478012, 0.0002113544746 (rel.)
GMRES: iter = 80, residual = 0.0002608859718, 0.0001890616602 (rel.)
GMRES: iter = 81, residual = 0.0002302025912, 0.000166825697 (rel.)
GMRES: iter = 82, residual = 0.0002062930606, 0.0001494986804 (rel.)
GMRES: iter = 83, residual = 0.0001828245858, 0.0001324912929 (rel.)
GMRES: iter = 84, residual = 0.0001614515844, 0.0001170024758 (rel.)
GMRES: iter = 85, residual = 0.0001398995699, 0.0001013839294 (rel.)
GMRES: iter = 86, residual = 0.000122753259, 8.895815588e-05 (rel.)
GMRES: Solve Time = 41.90695621
AMG setup messages level=0 phase=strength sends=0 bytes=0 collective_rank_calls=3584
AMG setup messages level=0 phase=strength-transpose sends=28852 bytes=1219103056 collective_rank_calls=3584
AMG setup messages level=0 phase=PMIS sends=592396 bytes=3872751032 collective_rank_calls=35840
AMG setup messages level=0 phase=numbering sends=0 bytes=0 collective_rank_calls=3584
AMG setup messages level=0 phase=interpolation sends=173112 bytes=1665356224 collective_rank_calls=3584
AMG setup messages level=0 phase=interpolation-transpose sends=68885 bytes=626060720 collective_rank_calls=3584
AMG setup messages level=0 phase=A*P sends=90744 bytes=2935795664 collective_rank_calls=3584
AMG setup messages level=0 phase=R*(A*P) sends=206655 bytes=4414476000 collective_rank_calls=3584
AMG setup messages level=1 phase=strength sends=0 bytes=0 collective_rank_calls=3584
AMG setup messages level=1 phase=strength-transpose sends=76284 bytes=1427969264 collective_rank_calls=3584
AMG setup messages level=1 phase=PMIS sends=1990832 bytes=3144004608 collective_rank_calls=46592
AMG setup messages level=1 phase=numbering sends=0 bytes=0 collective_rank_calls=3584
AMG setup messages level=1 phase=interpolation sends=453843 bytes=1721361088 collective_rank_calls=3584
AMG setup messages level=1 phase=interpolation-transpose sends=74615 bytes=488313744 collective_rank_calls=3584
AMG setup messages level=1 phase=A*P sends=258420 bytes=2885576208 collective_rank_calls=3584
AMG setup messages level=1 phase=R*(A*P) sends=223845 bytes=7274673920 collective_rank_calls=3584
AMG setup messages level=2 phase=strength sends=0 bytes=0 collective_rank_calls=3584
AMG setup messages level=2 phase=strength-transpose sends=86482 bytes=631982796 collective_rank_calls=3584
AMG setup messages level=2 phase=PMIS sends=2263344 bytes=1044304288 collective_rank_calls=46592
AMG setup messages level=2 phase=numbering sends=0 bytes=0 collective_rank_calls=3584
AMG setup messages level=2 phase=interpolation sends=510927 bytes=663947944 collective_rank_calls=3584
AMG setup messages level=2 phase=interpolation-transpose sends=73285 bytes=142525296 collective_rank_calls=3584
AMG setup messages level=2 phase=A*P sends=300162 bytes=1171073136 collective_rank_calls=3584
AMG setup messages level=2 phase=R*(A*P) sends=219855 bytes=3233469872 collective_rank_calls=3584
AMG setup messages level=3 phase=strength sends=0 bytes=0 collective_rank_calls=3584
AMG setup messages level=3 phase=strength-transpose sends=87636 bytes=158039932 collective_rank_calls=3584
AMG setup messages level=3 phase=PMIS sends=2301860 bytes=275517504 collective_rank_calls=46592
AMG setup messages level=3 phase=numbering sends=0 bytes=0 collective_rank_calls=3584
AMG setup messages level=3 phase=interpolation sends=517392 bytes=179030400 collective_rank_calls=3584
AMG setup messages level=3 phase=interpolation-transpose sends=63922 bytes=33969504 collective_rank_calls=3584
AMG setup messages level=3 phase=A*P sends=307122 bytes=379746768 collective_rank_calls=3584
AMG setup messages level=3 phase=R*(A*P) sends=191766 bytes=905604352 collective_rank_calls=3584
AMG setup messages level=4 phase=strength sends=0 bytes=0 collective_rank_calls=3584
AMG setup messages level=4 phase=strength-transpose sends=84253 bytes=31987088 collective_rank_calls=3584
AMG setup messages level=4 phase=PMIS sends=1729247 bytes=57347020 collective_rank_calls=35840
AMG setup messages level=4 phase=numbering sends=0 bytes=0 collective_rank_calls=3584
AMG setup messages level=4 phase=interpolation sends=491631 bytes=44580680 collective_rank_calls=3584
AMG setup messages level=4 phase=interpolation-transpose sends=46857 bytes=7983136 collective_rank_calls=3584
AMG setup messages level=4 phase=A*P sends=457440 bytes=136789584 collective_rank_calls=3584
AMG setup messages level=4 phase=R*(A*P) sends=140571 bytes=217466528 collective_rank_calls=3584
AMG setup messages level=5 phase=strength sends=0 bytes=0 collective_rank_calls=3584
AMG setup messages level=5 phase=strength-transpose sends=75257 bytes=6096068 collective_rank_calls=3584
AMG setup messages level=5 phase=PMIS sends=1177078 bytes=11094432 collective_rank_calls=25088
AMG setup messages level=5 phase=numbering sends=0 bytes=0 collective_rank_calls=3584
AMG setup messages level=5 phase=interpolation sends=409020 bytes=9285996 collective_rank_calls=3584
AMG setup messages level=5 phase=interpolation-transpose sends=21682 bytes=1914752 collective_rank_calls=3584
AMG setup messages level=5 phase=A*P sends=869082 bytes=57680208 collective_rank_calls=3584
AMG setup messages level=5 phase=R*(A*P) sends=65046 bytes=40609568 collective_rank_calls=3584
AMG setup messages level=6 phase=strength sends=0 bytes=0 collective_rank_calls=3584
AMG setup messages level=6 phase=strength-transpose sends=16283 bytes=980772 collective_rank_calls=3584
AMG setup messages level=6 phase=PMIS sends=348305 bytes=2392456 collective_rank_calls=28672
AMG setup messages level=6 phase=numbering sends=0 bytes=0 collective_rank_calls=3584
AMG setup messages level=6 phase=interpolation sends=80463 bytes=1175384 collective_rank_calls=3584
AMG setup messages level=6 phase=interpolation-transpose sends=6541 bytes=442544 collective_rank_calls=3584
AMG setup messages level=6 phase=A*P sends=406188 bytes=14448688 collective_rank_calls=3584
AMG setup messages level=6 phase=R*(A*P) sends=19623 bytes=7034560 collective_rank_calls=3584
AMG setup messages level=7 phase=strength sends=0 bytes=0 collective_rank_calls=3584
AMG setup messages level=7 phase=strength-transpose sends=3285 bytes=195264 collective_rank_calls=3584
AMG setup messages level=7 phase=PMIS sends=49440 bytes=375888 collective_rank_calls=17920
AMG setup messages level=7 phase=numbering sends=0 bytes=0 collective_rank_calls=3584
AMG setup messages level=7 phase=interpolation sends=14505 bytes=171452 collective_rank_calls=3584
AMG setup messages level=7 phase=interpolation-transpose sends=1597 bytes=112624 collective_rank_calls=3584
AMG setup messages level=7 phase=A*P sends=89712 bytes=2690816 collective_rank_calls=3584
AMG setup messages level=7 phase=R*(A*P) sends=4791 bytes=1128880 collective_rank_calls=3584
AMG setup messages level=8 phase=strength sends=0 bytes=0 collective_rank_calls=3584
AMG setup messages level=8 phase=strength-transpose sends=914 bytes=55144 collective_rank_calls=3584
AMG setup messages level=8 phase=PMIS sends=6248 bytes=64096 collective_rank_calls=7168
AMG setup messages level=8 phase=numbering sends=0 bytes=0 collective_rank_calls=3584
AMG setup messages level=8 phase=interpolation sends=4065 bytes=37176 collective_rank_calls=3584
AMG setup messages level=8 phase=interpolation-transpose sends=459 bytes=32160 collective_rank_calls=3584
AMG setup messages level=8 phase=A*P sends=20106 bytes=459744 collective_rank_calls=3584
AMG setup messages level=8 phase=R*(A*P) sends=1377 bytes=66752 collective_rank_calls=3584
GMRES: iter = 0, residual = 0.9930609958, 1 (rel.)
GMRES: iter = 1, residual = 0.3063577376, 0.3084984093 (rel.)
GMRES: iter = 2, residual = 0.1114327676, 0.112211403 (rel.)
GMRES: iter = 3, residual = 0.06645417506, 0.06691852297 (rel.)
GMRES: iter = 4, residual = 0.04772411917, 0.048057591 (rel.)
GMRES: iter = 5, residual = 0.03616933719, 0.03642207009 (rel.)
GMRES: iter = 6, residual = 0.02855233088, 0.02875184001 (rel.)
GMRES: iter = 7, residual = 0.023737779, 0.0239036465 (rel.)
GMRES: iter = 8, residual = 0.02041433966, 0.02055698466 (rel.)
GMRES: iter = 9, residual = 0.01804748074, 0.01817358734 (rel.)
GMRES: iter = 10, residual = 0.01627237753, 0.01638608061 (rel.)
GMRES: iter = 11, residual = 0.01487608571, 0.01498003222 (rel.)
GMRES: iter = 12, residual = 0.01365613845, 0.01375156058 (rel.)
GMRES: iter = 13, residual = 0.01258090576, 0.01266881471 (rel.)
GMRES: iter = 14, residual = 0.01160951522, 0.01169063659 (rel.)
GMRES: iter = 15, residual = 0.01072263888, 0.01079756322 (rel.)
GMRES: iter = 16, residual = 0.009894690498, 0.009963829552 (rel.)
GMRES: iter = 17, residual = 0.009094679189, 0.009158228172 (rel.)
GMRES: iter = 18, residual = 0.008309754073, 0.008367818399 (rel.)
GMRES: iter = 19, residual = 0.007528465121, 0.007581070199 (rel.)
GMRES: iter = 20, residual = 0.006787015561, 0.006834439767 (rel.)
GMRES: iter = 21, residual = 0.006099862724, 0.006142485456 (rel.)
GMRES: iter = 22, residual = 0.005489508808, 0.005527866698 (rel.)
GMRES: iter = 23, residual = 0.00494874987, 0.004983329212 (rel.)
GMRES: iter = 24, residual = 0.004477674912, 0.004508962622 (rel.)
GMRES: iter = 25, residual = 0.004070881961, 0.00409932721 (rel.)
GMRES: iter = 26, residual = 0.003729913433, 0.003755976167 (rel.)
GMRES: iter = 27, residual = 0.003448075746, 0.003472169142 (rel.)
GMRES: iter = 28, residual = 0.003204997384, 0.003227392273 (rel.)
GMRES: iter = 29, residual = 0.0029859699, 0.003006834336 (rel.)
GMRES: iter = 30, residual = 0.002796384903, 0.002815924615 (rel.)
GMRES: iter = 31, residual = 0.00263874387, 0.002657182068 (rel.)
GMRES: iter = 32, residual = 0.002498601325, 0.002516060278 (rel.)
GMRES: iter = 33, residual = 0.002357327373, 0.002373799175 (rel.)
GMRES: iter = 34, residual = 0.002201797969, 0.002217183011 (rel.)
GMRES: iter = 35, residual = 0.002013523538, 0.002027593015 (rel.)
GMRES: iter = 36, residual = 0.001788400114, 0.001800896542 (rel.)
GMRES: iter = 37, residual = 0.001569986902, 0.00158095717 (rel.)
GMRES: iter = 38, residual = 0.001402004536, 0.00141180103 (rel.)
GMRES: iter = 39, residual = 0.00127521751, 0.00128412808 (rel.)
GMRES: iter = 40, residual = 0.001170976821, 0.00117915901 (rel.)
GMRES: iter = 41, residual = 0.001081659352, 0.001089217436 (rel.)
GMRES: iter = 42, residual = 0.001007575402, 0.001014615825 (rel.)
GMRES: iter = 43, residual = 0.0009422908217, 0.0009488750697 (rel.)
GMRES: iter = 44, residual = 0.0008832670063, 0.000889438826 (rel.)
GMRES: iter = 45, residual = 0.0008342169047, 0.0008400459873 (rel.)
GMRES: iter = 46, residual = 0.0007946628466, 0.0008002155456 (rel.)
GMRES: iter = 47, residual = 0.0007610732298, 0.0007663912217 (rel.)
GMRES: iter = 48, residual = 0.000729208537, 0.0007343038747 (rel.)
GMRES: iter = 49, residual = 0.0006946863387, 0.0006995404528 (rel.)
GMRES: iter = 50, residual = 0.0006622429331, 0.0006668703492 (rel.)
GMRES: iter = 51, residual = 0.0006302386238, 0.0006346424101 (rel.)
GMRES: iter = 52, residual = 0.0005992722059, 0.0006034596147 (rel.)
GMRES: iter = 53, residual = 0.0005689398086, 0.00057291527 (rel.)
GMRES: iter = 54, residual = 0.0005345816951, 0.0005383170796 (rel.)
GMRES: iter = 55, residual = 0.0005008867571, 0.0005043866985 (rel.)
GMRES: iter = 56, residual = 0.0004698045951, 0.0004730873502 (rel.)
GMRES: iter = 57, residual = 0.0004373795153, 0.0004404357004 (rel.)
GMRES: iter = 58, residual = 0.0004071023595, 0.0004099469833 (rel.)
GMRES: iter = 59, residual = 0.0003828377827, 0.000385512858 (rel.)
GMRES: iter = 60, residual = 0.0003586789096, 0.000361185175 (rel.)
GMRES: iter = 61, residual = 0.0003288660341, 0.0003311639824 (rel.)
GMRES: iter = 62, residual = 0.0002947256555, 0.0002967850482 (rel.)
GMRES: iter = 63, residual = 0.0002623373513, 0.0002641704311 (rel.)
GMRES: iter = 64, residual = 0.0002344138019, 0.0002360517661 (rel.)
GMRES: iter = 65, residual = 0.0002131712988, 0.0002146608312 (rel.)
GMRES: iter = 66, residual = 0.0001922938556, 0.0001936375071 (rel.)
GMRES: iter = 67, residual = 0.000169847298, 0.0001710341044 (rel.)
GMRES: iter = 68, residual = 0.0001465382714, 0.0001475622062 (rel.)
GMRES: iter = 69, residual = 0.0001272828334, 0.0001281722209 (rel.)
GMRES: iter = 70, residual = 0.0001130933694, 0.0001138836082 (rel.)
GMRES: iter = 71, residual = 9.906666602e-05, 9.97588934e-05 (rel.)
GMRES: Solve Time = 33.78491906
AMG setup messages level=0 phase=strength sends=0 bytes=0 collective_rank_calls=3584
AMG setup messages level=0 phase=strength-transpose sends=28852 bytes=1219103252 collective_rank_calls=3584
AMG setup messages level=0 phase=PMIS sends=592396 bytes=3872748372 collective_rank_calls=35840
AMG setup messages level=0 phase=numbering sends=0 bytes=0 collective_rank_calls=3584
AMG setup messages level=0 phase=interpolation sends=173112 bytes=1664888588 collective_rank_calls=3584
AMG setup messages level=0 phase=interpolation-transpose sends=68918 bytes=625843984 collective_rank_calls=3584
AMG setup messages level=0 phase=A*P sends=90744 bytes=2935509216 collective_rank_calls=3584
AMG setup messages level=0 phase=R*(A*P) sends=206754 bytes=4412205680 collective_rank_calls=3584
AMG setup messages level=1 phase=strength sends=0 bytes=0 collective_rank_calls=3584
AMG setup messages level=1 phase=strength-transpose sends=76482 bytes=1428490080 collective_rank_calls=3584
AMG setup messages level=1 phase=PMIS sends=1842380 bytes=2920953840 collective_rank_calls=43008
AMG setup messages level=1 phase=numbering sends=0 bytes=0 collective_rank_calls=3584
AMG setup messages level=1 phase=interpolation sends=454974 bytes=1721856044 collective_rank_calls=3584
AMG setup messages level=1 phase=interpolation-transpose sends=74615 bytes=488474624 collective_rank_calls=3584
AMG setup messages level=1 phase=A*P sends=258228 bytes=2885593376 collective_rank_calls=3584
AMG setup messages level=1 phase=R*(A*P) sends=223845 bytes=7275323824 collective_rank_calls=3584
AMG setup messages level=2 phase=strength sends=0 bytes=0 collective_rank_calls=3584
AMG setup messages level=2 phase=strength-transpose sends=86456 bytes=632039316 collective_rank_calls=3584
AMG setup messages level=2 phase=PMIS sends=2089218 bytes=969889844 collective_rank_calls=43008
AMG setup messages level=2 phase=numbering sends=0 bytes=0 collective_rank_calls=3584
AMG setup messages level=2 phase=interpolation sends=510795 bytes=664125968 collective_rank_calls=3584
AMG setup messages level=2 phase=interpolation-transpose sends=73257 bytes=142618640 collective_rank_calls=3584
AMG setup messages level=2 phase=A*P sends=300342 bytes=1170992672 collective_rank_calls=3584
AMG setup messages level=2 phase=R*(A*P) sends=219771 bytes=3234619232 collective_rank_calls=3584
AMG setup messages level=3 phase=strength sends=0 bytes=0 collective_rank_calls=3584
AMG setup messages level=3 phase=strength-transpose sends=87638 bytes=158122264 collective_rank_calls=3584
AMG setup messages level=3 phase=PMIS sends=2301464 bytes=275617968 collective_rank_calls=46592
AMG setup messages level=3 phase=numbering sends=0 bytes=0 collective_rank_calls=3584
AMG setup messages level=3 phase=interpolation sends=517896 bytes=178998980 collective_rank_calls=3584
AMG setup messages level=3 phase=interpolation-transpose sends=63952 bytes=33996384 collective_rank_calls=3584
AMG setup messages level=3 phase=A*P sends=307092 bytes=379577200 collective_rank_calls=3584
AMG setup messages level=3 phase=R*(A*P) sends=191856 bytes=906538128 collective_rank_calls=3584
AMG setup messages level=4 phase=strength sends=0 bytes=0 collective_rank_calls=3584
AMG setup messages level=4 phase=strength-transpose sends=84316 bytes=31966472 collective_rank_calls=3584
AMG setup messages level=4 phase=PMIS sends=1904032 bytes=62458904 collective_rank_calls=39424
AMG setup messages level=4 phase=numbering sends=0 bytes=0 collective_rank_calls=3584
AMG setup messages level=4 phase=interpolation sends=491841 bytes=44581136 collective_rank_calls=3584
AMG setup messages level=4 phase=interpolation-transpose sends=47060 bytes=7976224 collective_rank_calls=3584
AMG setup messages level=4 phase=A*P sends=458406 bytes=136841648 collective_rank_calls=3584
AMG setup messages level=4 phase=R*(A*P) sends=141180 bytes=218199312 collective_rank_calls=3584
AMG setup messages level=5 phase=strength sends=0 bytes=0 collective_rank_calls=3584
AMG setup messages level=5 phase=strength-transpose sends=74855 bytes=6092840 collective_rank_calls=3584
AMG setup messages level=5 phase=PMIS sends=1174074 bytes=11103424 collective_rank_calls=25088
AMG setup messages level=5 phase=numbering sends=0 bytes=0 collective_rank_calls=3584
AMG setup messages level=5 phase=interpolation sends=407820 bytes=9231372 collective_rank_calls=3584
AMG setup messages level=5 phase=interpolation-transpose sends=21858 bytes=1944112 collective_rank_calls=3584
AMG setup messages level=5 phase=A*P sends=869628 bytes=58264096 collective_rank_calls=3584
AMG setup messages level=5 phase=R*(A*P) sends=65574 bytes=40849008 collective_rank_calls=3584
AMG setup messages level=6 phase=strength sends=0 bytes=0 collective_rank_calls=3584
AMG setup messages level=6 phase=strength-transpose sends=16003 bytes=945816 collective_rank_calls=3584
AMG setup messages level=6 phase=PMIS sends=340333 bytes=2293984 collective_rank_calls=28672
AMG setup messages level=6 phase=numbering sends=0 bytes=0 collective_rank_calls=3584
AMG setup messages level=6 phase=interpolation sends=78810 bytes=1163560 collective_rank_calls=3584
AMG setup messages level=6 phase=interpolation-transpose sends=6308 bytes=432512 collective_rank_calls=3584
AMG setup messages level=6 phase=A*P sends=396066 bytes=13808480 collective_rank_calls=3584
AMG setup messages level=6 phase=R*(A*P) sends=18924 bytes=6723296 collective_rank_calls=3584
AMG setup messages level=7 phase=strength sends=0 bytes=0 collective_rank_calls=3584
AMG setup messages level=7 phase=strength-transpose sends=3140 bytes=190180 collective_rank_calls=3584
AMG setup messages level=7 phase=PMIS sends=38280 bytes=304360 collective_rank_calls=14336
AMG setup messages level=7 phase=numbering sends=0 bytes=0 collective_rank_calls=3584
AMG setup messages level=7 phase=interpolation sends=13773 bytes=158796 collective_rank_calls=3584
AMG setup messages level=7 phase=interpolation-transpose sends=1569 bytes=119216 collective_rank_calls=3584
AMG setup messages level=7 phase=A*P sends=90300 bytes=2926528 collective_rank_calls=3584
AMG setup messages level=7 phase=R*(A*P) sends=4707 bytes=1091888 collective_rank_calls=3584
AMG setup messages level=8 phase=strength sends=0 bytes=0 collective_rank_calls=3584
AMG setup messages level=8 phase=strength-transpose sends=841 bytes=60616 collective_rank_calls=3584
AMG setup messages level=8 phase=PMIS sends=5857 bytes=67800 collective_rank_calls=7168
AMG setup messages level=8 phase=numbering sends=0 bytes=0 collective_rank_calls=3584
AMG setup messages level=8 phase=interpolation sends=4095 bytes=40664 collective_rank_calls=3584
AMG setup messages level=8 phase=interpolation-transpose sends=315 bytes=32080 collective_rank_calls=3584
AMG setup messages level=8 phase=A*P sends=15960 bytes=397008 collective_rank_calls=3584
AMG setup messages level=8 phase=R*(A*P) sends=945 bytes=50432 collective_rank_calls=3584
GMRES: iter = 0, residual = 0.05586719255, 1 (rel.)
GMRES: iter = 1, residual = 0.01306265473, 0.2338162011 (rel.)
GMRES: iter = 2, residual = 0.003985291432, 0.07133509401 (rel.)
GMRES: iter = 3, residual = 0.001997259446, 0.03575013089 (rel.)
GMRES: iter = 4, residual = 0.001349964154, 0.0241638087 (rel.)
GMRES: iter = 5, residual = 0.001117597814, 0.02000454584 (rel.)
GMRES: iter = 6, residual = 0.0009708579237, 0.01737796154 (rel.)
GMRES: iter = 7, residual = 0.000823368109, 0.01473795391 (rel.)
GMRES: iter = 8, residual = 0.0006618255867, 0.01184640853 (rel.)
GMRES: iter = 9, residual = 0.000531151844, 0.009507401746 (rel.)
GMRES: iter = 10, residual = 0.0004439124487, 0.00794585209 (rel.)
GMRES: iter = 11, residual = 0.000386134843, 0.006911656473 (rel.)
GMRES: iter = 12, residual = 0.0003441930604, 0.006160915642 (rel.)
GMRES: iter = 13, residual = 0.0003104442593, 0.005556825843 (rel.)
GMRES: iter = 14, residual = 0.0002815103763, 0.005038921117 (rel.)
GMRES: iter = 15, residual = 0.0002560156528, 0.004582575947 (rel.)
GMRES: iter = 16, residual = 0.0002328876418, 0.004168593967 (rel.)
GMRES: iter = 17, residual = 0.0002115436496, 0.003786545197 (rel.)
GMRES: iter = 18, residual = 0.0001916222608, 0.003429960448 (rel.)
GMRES: iter = 19, residual = 0.0001729372281, 0.00309550597 (rel.)
GMRES: iter = 20, residual = 0.0001554309549, 0.002782150807 (rel.)
GMRES: iter = 21, residual = 0.0001395285851, 0.002497504864 (rel.)
GMRES: iter = 22, residual = 0.0001251570465, 0.002240260174 (rel.)
GMRES: iter = 23, residual = 0.0001123374866, 0.002010795271 (rel.)
GMRES: iter = 24, residual = 0.000101056143, 0.001808863815 (rel.)
GMRES: iter = 25, residual = 9.143335759e-05, 0.001636619873 (rel.)
GMRES: iter = 26, residual = 8.356570951e-05, 0.001495792176 (rel.)
GMRES: iter = 27, residual = 7.700041373e-05, 0.001378276055 (rel.)
GMRES: iter = 28, residual = 7.092281632e-05, 0.001269489536 (rel.)
GMRES: iter = 29, residual = 6.478960999e-05, 0.001159707639 (rel.)
GMRES: iter = 30, residual = 5.880890517e-05, 0.001052655458 (rel.)
GMRES: iter = 31, residual = 5.377120759e-05, 0.0009624827227 (rel.)
GMRES: iter = 32, residual = 5.010344352e-05, 0.000896831239 (rel.)
GMRES: iter = 33, residual = 4.780145231e-05, 0.0008556265336 (rel.)
GMRES: iter = 34, residual = 4.643824362e-05, 0.0008312256533 (rel.)
GMRES: iter = 35, residual = 4.546802219e-05, 0.0008138590846 (rel.)
GMRES: iter = 36, residual = 4.444815994e-05, 0.0007956039656 (rel.)
GMRES: iter = 37, residual = 4.31963038e-05, 0.0007731962504 (rel.)
GMRES: iter = 38, residual = 4.183506393e-05, 0.0007488306109 (rel.)
GMRES: iter = 39, residual = 4.053073522e-05, 0.0007254836581 (rel.)
GMRES: iter = 40, residual = 3.932967004e-05, 0.0007039850804 (rel.)
GMRES: iter = 41, residual = 3.824387656e-05, 0.0006845498192 (rel.)
GMRES: iter = 42, residual = 3.734535377e-05, 0.0006684666271 (rel.)
GMRES: iter = 43, residual = 3.662023946e-05, 0.0006554873762 (rel.)
GMRES: iter = 44, residual = 3.599763312e-05, 0.0006443429762 (rel.)
GMRES: iter = 45, residual = 3.537922289e-05, 0.0006332736848 (rel.)
GMRES: iter = 46, residual = 3.469462227e-05, 0.0006210196125 (rel.)
GMRES: iter = 47, residual = 3.393460106e-05, 0.0006074155422 (rel.)
GMRES: iter = 48, residual = 3.296263375e-05, 0.0005900177233 (rel.)
GMRES: iter = 49, residual = 3.173347291e-05, 0.0005680162446 (rel.)
GMRES: iter = 50, residual = 3.019693464e-05, 0.0005405128352 (rel.)
GMRES: iter = 51, residual = 2.84453911e-05, 0.000509160919 (rel.)
GMRES: iter = 52, residual = 2.690882646e-05, 0.0004816570375 (rel.)
GMRES: iter = 53, residual = 2.546158465e-05, 0.0004557519985 (rel.)
GMRES: iter = 54, residual = 2.405686819e-05, 0.0004306081457 (rel.)
GMRES: iter = 55, residual = 2.252453649e-05, 0.0004031800322 (rel.)
GMRES: iter = 56, residual = 2.065014272e-05, 0.0003696291469 (rel.)
GMRES: iter = 57, residual = 1.878902175e-05, 0.0003363158392 (rel.)
GMRES: iter = 58, residual = 1.721381122e-05, 0.0003081202122 (rel.)
GMRES: iter = 59, residual = 1.586717284e-05, 0.0002840159334 (rel.)
GMRES: iter = 60, residual = 1.437039254e-05, 0.0002572241754 (rel.)
GMRES: iter = 61, residual = 1.28538173e-05, 0.0002300780962 (rel.)
GMRES: iter = 62, residual = 1.129686372e-05, 0.0002022092609 (rel.)
GMRES: iter = 63, residual = 9.937625523e-06, 0.0001778794507 (rel.)
GMRES: iter = 64, residual = 8.950558725e-06, 0.0001602113569 (rel.)
GMRES: iter = 65, residual = 8.029946764e-06, 0.0001437327776 (rel.)
GMRES: iter = 66, residual = 6.913371937e-06, 0.0001237465429 (rel.)
GMRES: iter = 67, residual = 5.896936032e-06, 0.000105552754 (rel.)
GMRES: iter = 68, residual = 5.031215665e-06, 9.005671192e-05 (rel.)
GMRES: Solve Time = 32.27951134
AMG setup messages level=0 phase=strength sends=0 bytes=0 collective_rank_calls=3584
AMG setup messages level=0 phase=strength-transpose sends=28852 bytes=1219103112 collective_rank_calls=3584
AMG setup messages level=0 phase=PMIS sends=592396 bytes=3872747880 collective_rank_calls=35840
AMG setup messages level=0 phase=numbering sends=0 bytes=0 collective_rank_calls=3584
AMG setup messages level=0 phase=interpolation sends=173112 bytes=1665135240 collective_rank_calls=3584
AMG setup messages level=0 phase=interpolation-transpose sends=68985 bytes=625900960 collective_rank_calls=3584
AMG setup messages level=0 phase=A*P sends=90744 bytes=2935590176 collective_rank_calls=3584
AMG setup messages level=0 phase=R*(A*P) sends=206955 bytes=4413013632 collective_rank_calls=3584
AMG setup messages level=1 phase=strength sends=0 bytes=0 collective_rank_calls=3584
AMG setup messages level=1 phase=strength-transpose sends=76481 bytes=1428434068 collective_rank_calls=3584
AMG setup messages level=1 phase=PMIS sends=1842187 bytes=2921006572 collective_rank_calls=43008
AMG setup messages level=1 phase=numbering sends=0 bytes=0 collective_rank_calls=3584
AMG setup messages level=1 phase=interpolation sends=454746 bytes=1721723836 collective_rank_calls=3584
AMG setup messages level=1 phase=interpolation-transpose sends=74642 bytes=488415776 collective_rank_calls=3584
AMG setup messages level=1 phase=A*P sends=258054 bytes=2885987520 collective_rank_calls=3584
AMG setup messages level=1 phase=R*(A*P) sends=223926 bytes=7274289824 collective_rank_calls=3584
AMG setup messages level=2 phase=strength sends=0 bytes=0 collective_rank_calls=3584
AMG setup messages level=2 phase=strength-transpose sends=86539 bytes=631804804 collective_rank_calls=3584
AMG setup messages level=2 phase=PMIS sends=2091717 bytes=969772620 collective_rank_calls=43008
AMG setup messages level=2 phase=numbering sends=0 bytes=0 collective_rank_calls=3584
AMG setup messages level=2 phase=interpolation sends=511221 bytes=664097124 collective_rank_calls=3584
AMG setup messages level=2 phase=interpolation-transpose sends=73268 bytes=142410928 collective_rank_calls=3584
AMG setup messages level=2 phase=A*P sends=300330 bytes=1170968752 collective_rank_calls=3584
AMG setup messages level=2 phase=R*(A*P) sends=219804 bytes=3232264640 collective_rank_calls=3584
AMG setup messages level=3 phase=strength sends=0 bytes=0 collective_rank_calls=3584
AMG setup messages level=3 phase=strength-transpose sends=87764 bytes=158081432 collective_rank_calls=3584
AMG setup messages level=3 phase=PMIS sends=2127682 bytes=256118964 collective_rank_calls=43008
AMG setup messages level=3 phase=numbering sends=0 bytes=0 collective_rank_calls=3584
AMG setup messages level=3 phase=interpolation sends=518391 bytes=179205300 collective_rank_calls=3584
AMG setup messages level=3 phase=interpolation-transpose sends=63872 bytes=33952832 collective_rank_calls=3584
AMG setup messages level=3 phase=A*P sends=307188 bytes=379809504 collective_rank_calls=3584
AMG setup messages level=3 phase=R*(A*P) sends=191616 bytes=905126304 collective_rank_calls=3584
AMG setup messages level=4 phase=strength sends=0 bytes=0 collective_rank_calls=3584
AMG setup messages level=4 phase=strength-transpose sends=84345 bytes=31991840 collective_rank_calls=3584
AMG setup messages level=4 phase=PMIS sends=1904826 bytes=62474544 collective_rank_calls=39424
AMG setup messages level=4 phase=numbering sends=0 bytes=0 collective_rank_calls=3584
AMG setup messages level=4 phase=interpolation sends=491817 bytes=44519472 collective_rank_calls=3584
AMG setup messages level=4 phase=interpolation-transpose sends=46808 bytes=7982304 collective_rank_calls=3584
AMG setup messages level=4 phase=A*P sends=457740 bytes=136860784 collective_rank_calls=3584
AMG setup messages level=4 phase=R*(A*P) sends=140424 bytes=217742256 collective_rank_calls=3584
AMG setup messages level=5 phase=strength sends=0 bytes=0 collective_rank_calls=3584
AMG setup messages level=5 phase=strength-transpose sends=74532 bytes=6083012 collective_rank_calls=3584
AMG setup messages level=5 phase=PMIS sends=1333812 bytes=12399304 collective_rank_calls=28672
AMG setup messages level=5 phase=numbering sends=0 bytes=0 collective_rank_calls=3584
AMG setup messages level=5 phase=interpolation sends=407742 bytes=9245892 collective_rank_calls=3584
AMG setup messages level=5 phase=interpolation-transpose sends=21502 bytes=1942768 collective_rank_calls=3584
AMG setup messages level=5 phase=A*P sends=867672 bytes=58415152 collective_rank_calls=3584
AMG setup messages level=5 phase=R*(A*P) sends=64506 bytes=40730896 collective_rank_calls=3584
AMG setup messages level=6 phase=strength sends=0 bytes=0 collective_rank_calls=3584
AMG setup messages level=6 phase=strength-transpose sends=15519 bytes=945816 collective_rank_calls=3584
AMG setup messages level=6 phase=PMIS sends=291914 bytes=2065632 collective_rank_calls=25088
AMG setup messages level=6 phase=numbering sends=0 bytes=0 collective_rank_calls=3584
AMG setup messages level=6 phase=interpolation sends=76032 bytes=1117804 collective_rank_calls=3584
AMG setup messages level=6 phase=interpolation-transpose sends=5847 bytes=410720 collective_rank_calls=3584
AMG setup messages level=6 phase=A*P sends=394926 bytes=13880352 collective_rank_calls=3584
AMG setup messages level=6 phase=R*(A*P) sends=17541 bytes=6630752 collective_rank_calls=3584
AMG setup messages level=7 phase=strength sends=0 bytes=0 collective_rank_calls=3584
AMG setup messages level=7 phase=strength-transpose sends=3389 bytes=209624 collective_rank_calls=3584
AMG setup messages level=7 phase=PMIS sends=50960 bytes=392128 collective_rank_calls=17920
AMG setup messages level=7 phase=numbering sends=0 bytes=0 collective_rank_calls=3584
AMG setup messages level=7 phase=interpolation sends=14457 bytes=179928 collective_rank_calls=3584
AMG setup messages level=7 phase=interpolation-transpose sends=1762 bytes=118304 collective_rank_calls=3584
AMG setup messages level=7 phase=A*P sends=92748 bytes=2908064 collective_rank_calls=3584
AMG setup messages level=7 phase=R*(A*P) sends=5286 bytes=1365904 collective_rank_calls=3584
AMG setup messages level=8 phase=strength sends=0 bytes=0 collective_rank_calls=3584
AMG setup messages level=8 phase=strength-transpose sends=1261 bytes=79448 collective_rank_calls=3584
AMG setup messages level=8 phase=PMIS sends=8677 bytes=94424 collective_rank_calls=7168
AMG setup messages level=8 phase=numbering sends=0 bytes=0 collective_rank_calls=3584
AMG setup messages level=8 phase=interpolation sends=6426 bytes=53412 collective_rank_calls=3584
AMG setup messages level=8 phase=interpolation-transpose sends=375 bytes=27680 collective_rank_calls=3584
AMG setup messages level=8 phase=A*P sends=23802 bytes=479456 collective_rank_calls=3584
AMG setup messages level=8 phase=R*(A*P) sends=1125 bytes=45584 collective_rank_calls=3584
GMRES: iter = 0, residual = 0.0004036992286, 1 (rel.)
GMRES: iter = 1, residual = 8.124086717e-05, 0.2012410761 (rel.)
GMRES: iter = 2, residual = 2.162986496e-05, 0.05357915852 (rel.)
GMRES: iter = 3, residual = 1.022167692e-05, 0.02532003084 (rel.)
GMRES: iter = 4, residual = 6.098900952e-06, 0.0151075368 (rel.)
GMRES: iter = 5, residual = 4.492611889e-06, 0.01112861153 (rel.)
GMRES: iter = 6, residual = 3.658103117e-06, 0.009061456793 (rel.)
GMRES: iter = 7, residual = 3.162888307e-06, 0.007834764307 (rel.)
GMRES: iter = 8, residual = 2.84384854e-06, 0.007044473556 (rel.)
GMRES: iter = 9, residual = 2.61964094e-06, 0.006489090774 (rel.)
GMRES: iter = 10, residual = 2.430112503e-06, 0.00601961146 (rel.)
GMRES: iter = 11, residual = 2.260052667e-06, 0.005598357657 (rel.)
GMRES: iter = 12, residual = 2.112685155e-06, 0.00523331482 (rel.)
GMRES: iter = 13, residual = 1.983055103e-06, 0.004912209294 (rel.)
GMRES: iter = 14, residual = 1.864380916e-06, 0.004618242455 (rel.)
GMRES: iter = 15, residual = 1.763527091e-06, 0.004368418282 (rel.)
GMRES: iter = 16, residual = 1.679888567e-06, 0.004161237992 (rel.)
GMRES: iter = 17, residual = 1.605314458e-06, 0.003976511087 (rel.)
GMRES: iter = 18, residual = 1.531624297e-06, 0.003793973801 (rel.)
GMRES: iter = 19, residual = 1.456129313e-06, 0.003606965805 (rel.)
GMRES: iter = 20, residual = 1.383011961e-06, 0.003425847422 (rel.)
GMRES: iter = 21, residual = 1.316155097e-06, 0.00326023684 (rel.)
GMRES: iter = 22, residual = 1.255687415e-06, 0.003110452848 (rel.)
GMRES: iter = 23, residual = 1.198526897e-06, 0.002968861004 (rel.)
GMRES: iter = 24, residual = 1.14084373e-06, 0.002825974511 (rel.)
GMRES: iter = 25, residual = 1.079439e-06, 0.002673869365 (rel.)
GMRES: iter = 26, residual = 1.015498936e-06, 0.002515483964 (rel.)
GMRES: iter = 27, residual = 9.555977234e-07, 0.002367103169 (rel.)
GMRES: iter = 28, residual = 9.003257445e-07, 0.00223018941 (rel.)
GMRES: iter = 29, residual = 8.449931489e-07, 0.002093125498 (rel.)
GMRES: iter = 30, residual = 7.863010053e-07, 0.001947739678 (rel.)
GMRES: iter = 31, residual = 7.259013469e-07, 0.001798124186 (rel.)
GMRES: iter = 32, residual = 6.606879384e-07, 0.001636584595 (rel.)
GMRES: iter = 33, residual = 5.92468873e-07, 0.001467599716 (rel.)
GMRES: iter = 34, residual = 5.276975243e-07, 0.001307155147 (rel.)
GMRES: iter = 35, residual = 4.671921482e-07, 0.001157277783 (rel.)
GMRES: iter = 36, residual = 4.102071656e-07, 0.001016120757 (rel.)
GMRES: iter = 37, residual = 3.559420639e-07, 0.0008817011249 (rel.)
GMRES: iter = 38, residual = 3.090025511e-07, 0.0007654276481 (rel.)
GMRES: iter = 39, residual = 2.716658277e-07, 0.0006729411612 (rel.)
GMRES: iter = 40, residual = 2.406659218e-07, 0.0005961515523 (rel.)
GMRES: iter = 41, residual = 2.148216811e-07, 0.0005321329987 (rel.)
GMRES: iter = 42, residual = 1.915906417e-07, 0.0004745875845 (rel.)
GMRES: iter = 43, residual = 1.694707313e-07, 0.0004197945385 (rel.)
GMRES: iter = 44, residual = 1.494782957e-07, 0.0003702714425 (rel.)
GMRES: iter = 45, residual = 1.316171063e-07, 0.0003260276389 (rel.)
GMRES: iter = 46, residual = 1.165478013e-07, 0.0002886995888 (rel.)
GMRES: iter = 47, residual = 1.025558688e-07, 0.0002540402894 (rel.)
GMRES: iter = 48, residual = 8.837991513e-08, 0.0002189251524 (rel.)
GMRES: iter = 49, residual = 7.644830491e-08, 0.00018936946 (rel.)
GMRES: iter = 50, residual = 6.664760523e-08, 0.0001650922284 (rel.)
GMRES: iter = 51, residual = 5.819429766e-08, 0.0001441526105 (rel.)
GMRES: iter = 52, residual = 5.049119519e-08, 0.0001250713195 (rel.)
GMRES: iter = 53, residual = 4.322099247e-08, 0.0001070623608 (rel.)
GMRES: iter = 54, residual = 3.777685911e-08, 9.357674337e-05 (rel.)
GMRES: Solve Time = 25.10652272
FLD cloud AMR Newton-Krylov iterations=10/1133, change=9.1545405e-07, residual=2.534455028e-07, transmission=0.7836392929
FLD 3-D Penrose cloud: case=amr, fine_n=1024, opacity contrast=100000, cells=281018368, limiter=on, mixed cells=4167992, cloudy volume relative error=1.4638438e-16, transmission=0.7836392929, balance error=3.305779736e-11, Newton/Krylov iterations=10/1133, nonlinear residual=2.534455028e-07, E range=[1.959079634,2.065915604], whole-case wall=672.8617225 s, preconditioner=amg, AMG backend=native, linear iterations=1488, max true relative residual=1.022849398e-09, aggregate setup=43.12547873 s, aggregate solve=70.92771532 s


TinyProfiler total time across processes [min...avg...max]: 672.9 ... 672.9 ... 672.9

-------------------------------------------------------------------------------------------
Name                                        NCalls  Excl. Min  Excl. Avg  Excl. Max   Max %
-------------------------------------------------------------------------------------------
SpMatrix::finishComm_mv                     163317      63.59      183.3      224.1  33.30%
SpMV                                        163317      26.25      50.02      149.2  22.17%
FabArray::ParallelCopy_finish()              47386      14.19         92      130.8  19.44%
FLD::MLABecLapAMG::assemble                   1194      7.493      61.08      95.44  14.18%
FLD::composite_assembly                       1194      15.34      31.43      82.47  12.26%
GMRES::GramSchmidt                            1488       41.9      60.03      70.22  10.44%
FabArray::setVal()                           46163      3.833      11.21      60.39   8.98%
SpMatrix::prepare_comm_mv                   164948      2.357      34.23      43.74   6.50%
SpMatrix::split_csr                         169513      14.48      21.47      43.64   6.49%
FillBoundary_finish()                        16674     0.6224      16.52      35.86   5.33%
FabArray::Saxpy()                           198220      15.14      19.14      33.06   4.91%
SpMatrix::startComm_mv                      163317      2.201      6.523      28.68   4.26%
ChebyshevSmoother                            29288       3.86      7.887      27.71   4.12%
FLD::NewtonKrylov::Jacobian_action            1138      1.335      7.365      24.94   3.71%
SpGEMM                                         825      6.439      9.498      18.07   2.69%
amrex::Copy()                                44874      4.387       7.11      13.11   1.95%
FabArray::ParallelCopy_nowait()              47386     0.4046      1.528      11.86   1.76%
FLD::MLABecLapAMG::apply                      1164       4.36      6.164      11.49   1.71%
FLD::MLABecLapAMG::precondition               1148      2.954      4.377       11.4   1.69%
AMG::setup                                      30      1.002      7.585      10.32   1.53%
GMRES::cycle()                                  44      1.044      8.036      10.12   1.50%
SpMatrix::define_split                        1925      1.847      3.824      8.082   1.20%
SpMatrix::startComm_tr                         550     0.6541      4.259      5.512   0.82%
FLD::cloud_linearized_residual                1138      2.204      2.787      4.807   0.71%
FLD::MLABecLapAMG::residual                   1164      1.052      1.872      4.107   0.61%
FLD::compute_diffusion                        1195      1.443      1.951      3.387   0.50%
AMG::vcycle                                   1532     0.1785     0.6007      2.834   0.42%
FillBoundary_nowait()                        16674     0.3823      1.098      2.476   0.37%
AMG::build_interp_mm                           275      0.857      1.112      2.011   0.30%
AMG::create_soc                                275     0.5073     0.8409      1.631   0.24%
SpMatrix::preparePairHalo                      275     0.4779       1.27      1.505   0.22%
AMG::pmis                                      275     0.7449      1.048      1.408   0.21%
SpMatrix::finishComm_tr                        550     0.1668     0.3982      1.174   0.17%
SpMatrix::gatherRemote                        2936     0.3087     0.7828      1.077   0.16%
FLD::MLABecLapAMG::solve                        20     0.3013     0.5434      1.033   0.15%
SpMatrix::trim_remote_rows                    2568     0.3357     0.4944      1.006   0.15%
amrex::average_down                           3544     0.3589     0.4811     0.9948   0.15%
AMG::truncate_interp                           275     0.4167     0.5432     0.9939   0.15%
SpMatrix::transpose                            550     0.2746     0.4096      0.774   0.12%
FabArrayBase::CPC::define()                  13142    0.03809    0.09705     0.7709   0.11%
CellConservativeLinear::interp()               170          0    0.02439     0.6945   0.10%
FLD::composite_topology                          2     0.3113     0.3979     0.5491   0.08%
SpMatrix::gather_pair_plan                    2386     0.1438     0.2767     0.3917   0.06%
FLD::NewtonKrylov::line_search                  10    0.02845     0.2597     0.3217   0.05%
FabArray::mult()                              4572     0.1182     0.1513     0.2638   0.04%
FLD::NewtonKrylov::solve                         1    0.02364     0.0874      0.247   0.04%
GMRES:build_solution()                          44    0.05268    0.08536     0.1929   0.03%
FLD::cloud_predictor                            20    0.05798    0.08539     0.1406   0.02%
FabArray::ParallelCopy()                     47386    0.05374    0.07224     0.1245   0.02%
FLD::cloud_residual                             26    0.05031    0.06343     0.1097   0.02%
FillPatchTwoLevels                            4778    0.02686    0.03494    0.09938   0.01%
FLD::cloud_setup                                 1    0.01261    0.07695      0.092   0.01%
FLD::run_cloud                                   1   0.004199   0.008917    0.06718   0.01%
FabArrayBase::getCPC()                       16686    0.02053    0.03088    0.06649   0.01%
FLD::cloud_newton_prepare                       10      0.031    0.03494    0.05085   0.01%
SpMatrix::gatherRemotePair                    2386   0.005028     0.0125    0.04069   0.01%
FLD::MLABecLapAMG::preconditioner_cycle       1532   0.007591    0.01214    0.02849   0.00%
GMRES::solve()                                  39   0.004517    0.01066    0.02619   0.00%
FabArray::FillBoundary()                     19002   0.009964    0.01246    0.02123   0.00%
GMRES::compute_residual()                       14   0.003701   0.007529    0.01875   0.00%
FLD::cloud_precondition                       1148    0.00509   0.006758    0.01275   0.00%
amrex::average_down_w_geom                    3544   0.003628   0.005126    0.01218   0.00%
FillPatchSingleLevel                          9556   0.003067   0.004265    0.01015   0.00%
FillPatchInterp(Fab)                          4778    0.00156   0.002204   0.006014   0.00%
AMG::bottom_solve                             1532  0.0009157   0.001274    0.00183   0.00%
FLD::NewtonKrylov::linear_solve                 10  1.594e-05  2.763e-05  4.838e-05   0.00%
FLD::NewtonKrylov::prepare                      10  1.439e-05  2.494e-05  4.825e-05   0.00%
FLD::cloud_predictors                            1  8.638e-06  1.743e-05  3.218e-05   0.00%
Other                                        44243     0.0445    0.09629     0.3016   0.04%
-------------------------------------------------------------------------------------------

-------------------------------------------------------------------------------------------
Name                                        NCalls  Incl. Min  Incl. Avg  Incl. Max   Max %
-------------------------------------------------------------------------------------------
FLD::run_cloud                                   1      672.8      672.8      672.9 100.00%
GMRES::solve()                                  39      620.7      621.3      621.6  92.38%
GMRES::cycle()                                  44      619.3        620      620.3  92.19%
FLD::NewtonKrylov::solve                         1      571.3      571.3      571.3  84.91%
FLD::NewtonKrylov::linear_solve                 10      550.2      550.3      550.4  81.80%
SpMV                                        163317      261.2      288.4      305.6  45.42%
FLD::NewtonKrylov::Jacobian_action            1138      264.6      272.9      288.8  42.93%
FLD::cloud_linearized_residual                1138        262      264.3      272.8  40.55%
FLD::MLABecLapAMG::preconditioner_cycle       1532      216.4      241.7      256.7  38.16%
AMG::vcycle                                   1532      216.4      241.7      256.7  38.15%
FLD::MLABecLapAMG::assemble                   1194      231.6      234.6      236.9  35.21%
SpMatrix::finishComm_mv                     163317      63.59      183.3      224.1  33.30%
FLD::cloud_precondition                       1148      181.8      199.5      205.5  30.55%
FLD::MLABecLapAMG::precondition               1148      181.6      199.2      205.3  30.51%
ChebyshevSmoother                            29288      135.8      169.5        205  30.46%
FLD::composite_assembly                       1194      91.53      128.1      176.9  26.29%
FabArray::ParallelCopy()                     47386       27.9      99.05      137.2  20.39%
FabArray::ParallelCopy_finish()              47386      14.19         92      130.8  19.44%
FLD::cloud_predictors                            1      100.7      100.8      100.9  14.99%
FLD::cloud_predictor                            20      100.7      100.8      100.9  14.99%
GMRES::GramSchmidt                            1488      72.54       78.5      85.19  12.66%
FLD::MLABecLapAMG::residual                   1164      61.85      64.52      73.96  10.99%
FLD::MLABecLapAMG::solve                        20      71.63      71.68       71.7  10.66%
FLD::MLABecLapAMG::apply                      1164      59.67      61.46      68.42  10.17%
FabArray::setVal()                           46163      3.833      11.21      60.39   8.98%
SpMatrix::split_csr                         169513      14.86      21.87      44.39   6.60%
SpMatrix::prepare_comm_mv                   164948      2.361      34.24      43.74   6.50%
AMG::setup                                      30      37.85      39.48      40.63   6.04%
SpMatrix::startComm_mv                      163317      17.94      33.68      40.29   5.99%
FabArray::FillBoundary()                     19002      1.361      17.64      36.45   5.42%
FillBoundary_finish()                        16674     0.6224      16.52      35.86   5.33%
FabArray::Saxpy()                           198220      15.14      19.14      33.06   4.91%
SpGEMM                                         825      16.94      19.02      24.14   3.59%
amrex::average_down_w_geom                    3544     0.4663     0.9445      23.36   3.47%
amrex::average_down                           3544     0.4626     0.9394      23.35   3.47%
FabArray::ParallelCopy_nowait()              47386      4.501      6.973      21.62   3.21%
FLD::NewtonKrylov::prepare                      10      14.57      14.58      14.58   2.17%
FLD::cloud_newton_prepare                       10      14.57      14.58      14.58   2.17%
amrex::Copy()                                44874      4.387       7.11      13.11   1.95%
SpMatrix::define_split                        1925      1.912      3.911      8.233   1.22%
GMRES:build_solution()                          44      6.917      7.617      8.037   1.19%
AMG::build_interp_mm                           275      4.959      5.674      7.418   1.10%
FLD::compute_diffusion                        1195       6.07      6.915      7.317   1.09%
FillPatchTwoLevels                            4778      1.046      3.919      6.904   1.03%
FillPatchSingleLevel                          9556      0.296      2.433      6.661   0.99%
FLD::cloud_residual                             26      5.951       6.01      6.218   0.92%
SpMatrix::transpose                            550      2.177      5.067      6.073   0.90%
FLD::NewtonKrylov::line_search                  10      6.049      6.058      6.062   0.90%
SpMatrix::startComm_tr                         550     0.6542      4.259      5.512   0.82%
AMG::pmis                                      275       2.19      3.035      3.285   0.49%
AMG::create_soc                                275      1.053      1.532      2.967   0.44%
FillBoundary_nowait()                        16674     0.3891      1.105      2.487   0.37%
SpMatrix::preparePairHalo                      275     0.4779       1.27      1.505   0.22%
GMRES::compute_residual()                       14      1.196      1.246      1.332   0.20%
AMG::truncate_interp                           275     0.5029     0.6793      1.293   0.19%
SpMatrix::finishComm_tr                        550     0.1668     0.3982      1.174   0.17%
SpMatrix::gatherRemote                        2936     0.3095     0.7835      1.078   0.16%
SpMatrix::trim_remote_rows                    2568     0.3357     0.4944      1.006   0.15%
FabArrayBase::getCPC()                       16686    0.06545     0.1279      0.834   0.12%
FabArrayBase::CPC::define()                  13142    0.03809    0.09705     0.7709   0.11%
FLD::cloud_setup                                 1      0.578     0.6478     0.7596   0.11%
FillPatchInterp(Fab)                          4778    0.00156    0.02659     0.6998   0.10%
CellConservativeLinear::interp()               170          0    0.02439     0.6945   0.10%
FLD::composite_topology                          2     0.4745     0.5456     0.6577   0.10%
SpMatrix::gatherRemotePair                    2386     0.1514     0.2892     0.4224   0.06%
SpMatrix::gather_pair_plan                    2386     0.1438     0.2767     0.3917   0.06%
FabArray::mult()                              4572     0.1182     0.1513     0.2638   0.04%
AMG::bottom_solve                             1532    0.07201     0.1648     0.2268   0.03%
Other                                        44243     0.0581     0.1614     0.6223   0.09%
-------------------------------------------------------------------------------------------

Async Memory Usage:
-----------------------------------------------------------------------------------------------------
Name                   Nalloc  AvgMem min  AvgMem avg  AvgMem max  MaxMem min  MaxMem avg  MaxMem max
-----------------------------------------------------------------------------------------------------
amrex::average_down  29032448       4   B      13   B     424   B    8192   B    9362   B      12 KiB
-----------------------------------------------------------------------------------------------------

Pinned Memory Usage:
-----------------------------------------------------------------------------------------------------------------
Name                               Nalloc  AvgMem min  AvgMem avg  AvgMem max  MaxMem min  MaxMem avg  MaxMem max
-----------------------------------------------------------------------------------------------------------------
FLD::composite_assembly           1833984       0   B    1072 KiB    9454 KiB       0   B    7076 KiB      48 MiB
FLD::composite_topology             52224     417   B    1841   B      10 KiB    1120 KiB    3810 KiB      18 MiB
The_Pinned_Arena::Initialize()       3584       0   B       0   B       0   B    8192 KiB    8192 KiB    8192 KiB
FLD::MLABecLapAMG::assemble      72748032    1253 KiB    1515 KiB    2459 KiB    3632 KiB    4410 KiB    7264 KiB
SpGEMM                            2008338     849   B    3346   B      18 KiB     396 KiB     984 KiB    3225 KiB
FLD::MLABecLapAMG::apply         20262912      90 KiB     113 KiB     204 KiB    1024 KiB    1243 KiB    2048 KiB
FLD::MLABecLapAMG::precondition  19984384     275 KiB     367 KiB     621 KiB    1024 KiB    1243 KiB    2048 KiB
FLD::MLABecLapAMG::residual      20262912    3074   B    5916   B      18 KiB    1024 KiB    1243 KiB    2048 KiB
FLD::MLABecLapAMG::solve           348160     109 KiB     132 KiB     218 KiB    1024 KiB    1243 KiB    2048 KiB
SpMatrix::finishComm_tr           4941460      27   B     179   B    1121   B     175 KiB     394 KiB     944 KiB
SpMatrix::startComm_tr            4329366     813   B    1325   B    1747   B     169 KiB     334 KiB     645 KiB
-----------------------------------------------------------------------------------------------------------------

Cpu Memory Usage:
---------------------------------------------------------------------------------------------------------------------
Name                                   Nalloc  AvgMem min  AvgMem avg  AvgMem max  MaxMem min  MaxMem avg  MaxMem max
---------------------------------------------------------------------------------------------------------------------
GMRES::cycle()                        7563776      23 MiB      29 MiB      47 MiB      49 MiB      60 MiB      99 MiB
FLD::cloud_setup                       182784      10 MiB      13 MiB      21 MiB      10 MiB      13 MiB      21 MiB
FabArray::ParallelCopy_nowait()      35788926      20 KiB     156 KiB    2823 KiB     528 KiB    1234 KiB      17 MiB
SpGEMM                                6211030    1422   B    5043   B      22 KiB    1496 KiB    2894 KiB    6661 KiB
FLD::NewtonKrylov::solve               278528    1806 KiB    2193 KiB    3613 KiB    2765 KiB    3357 KiB    5530 KiB
GMRES::solve()                         348160    1758 KiB    2135 KiB    3518 KiB    2150 KiB    2611 KiB    4301 KiB
FLD::NewtonKrylov::Jacobian_action    9905152     240 KiB     295 KiB     501 KiB     614 KiB     746 KiB    1229 KiB
FLD::cloud_linearized_residual        9905152     183 KiB     222 KiB     366 KiB     614 KiB     746 KiB    1229 KiB
FLD::cloud_newton_prepare               87040      13 KiB      16 KiB      26 KiB     614 KiB     746 KiB    1229 KiB
FLD::cloud_predictor                   348160      92 KiB     111 KiB     184 KiB     614 KiB     746 KiB    1229 KiB
FLD::cloud_residual                    226304    4273   B    5189   B    8545   B     614 KiB     746 KiB    1229 KiB
FillBoundary_nowait()                82974720     224   B    4719   B      13 KiB     176 KiB     405 KiB     587 KiB
SpMatrix::gather_pair_plan           15105516       7   B      22   B      64   B      97 KiB     196 KiB     471 KiB
SpMatrix::startComm_mv              740585120      22 KiB      46 KiB     115 KiB      97 KiB     196 KiB     471 KiB
SpMatrix::gatherRemote               17535281      30   B      82   B     123   B      81 KiB     186 KiB     351 KiB
FillPatchTwoLevels                    1223168       0   B      14   B     467   B       0   B    6016   B     164 KiB
CellConservativeLinear::interp()       611584       0   B       0   B      25   B       0   B     877   B      24 KiB
amrex::average_down                  29032448       5   B      13   B     424   B    8192   B    9362   B      12 KiB
---------------------------------------------------------------------------------------------------------------------


MPICH Slingshot Network Summary: 180 network timeouts

AMReX (26.09-214-gfe5bcbff5c13) finalized
